{"type":"Topology","objects":{"panchayats":{"geometries":[{"properties":{"gpcode":"","gpname":"","dtname":"Mandya","stname":"KARNATAKA","sdtname":"Malavalli","blkname":"MALVALLI"},"type":"MultiPolygon","arcs":[[[-2427,0,-2429,1]],[[-2238,2,-2266,3,-2264,4,-2433,5,-2431,6,-129,7,-2273,8]],[[9,-368,10,-366,11,-236,12,-244,13,-372,14,-370]],[[-2449,15,-2362,16,-2360,17,-2358,-2524,-2334,-2248,18,-2451,19]],[[20,-280,21,-390,-299,-85,22,-282]],[[23,-1807,24,-2063]],[[-1821,25,-1819,-1989]],[[26,-469,-491,27,-1991,-584]],[[28,-1789,-1908]],[[-1207,29,30,-1169,31,-1278,32,-1287,-1321,33,-1172,34]],[[-2621,-2667,-2676,35,36,-2689,37,-2631]],[[38,39,-1687,-1685,-808]],[[40,-1448,-1655,-1458,-1562,-1602,41,-1540,-1505,42,-1608,43,-1661,44,-1454,45,-1452,46,-1450,-1519]],[[-887,47,-848,48,-692,49,-690,-916,50,-922,51,-920,52,-677,53]],[[54,-2205,55,-2203,56,-1724,57,-2186,58,-2184,-2100,59,-2098,60,-2753,-2096,-1981]],[[-1738,-1853,61,-1851,-2169,62,-2167,63,-1937,64,-2009,65,-2007,-1744,66,-1742,67,-1858]],[[68,-1735,69,-1855,-2053,70,-2174]]],"id":0},{"properties":{"gpcode":"215504","gpname":"BANAVASI","dtname":"Mandya","stname":"KARNATAKA","sdtname":"Malavalli","blkname":"MALVALLI"},"type":"Polygon","arcs":[[1053]],"id":1},{"properties":{"gpcode":"215524","gpname":"KADAHALLI","dtname":"Mandya","stname":"KARNATAKA","sdtname":"Malavalli","blkname":"MALVALLI"},"type":"MultiPolygon","arcs":[[[1051]],[[71,-1047]],[[-1055,72]]],"id":2},{"properties":{"gpcode":"219204","gpname":"AGHALAYA","dtname":"Mandya","stname":"KARNATAKA","sdtname":"Krishnarajpet","blkname":"KRISHNARAJPET"},"type":"Polygon","arcs":[[-500,73,-478,74,-476,-188,75,-186,76]],"id":3},{"properties":{"gpcode":"219205","gpname":"AGRAHARABACHAHALLI","dtname":"Mandya","stname":"KARNATAKA","sdtname":"Krishnarajpet","blkname":"KRISHNARAJPET"},"type":"MultiPolygon","arcs":[[[77,-561,78,-259,79,-559,80,-438,81,-460,82,-411,83,84,-298,85,-296,-191,-507,-563]],[[-254,86,-252,87,-555,88]]],"id":4},{"properties":{"gpcode":"219206","gpname":"AIKANAHALLI","dtname":"Mandya","stname":"KARNATAKA","sdtname":"Krishnarajpet","blkname":"KRISHNARAJPET"},"type":"Polygon","arcs":[[89,-110,90,-316,91,-347,-109,92,-354,-112]],"id":5},{"properties":{"gpcode":"219207","gpname":"AKKIHEBBALU","dtname":"Mandya","stname":"KARNATAKA","sdtname":"Krishnarajpet","blkname":"KRISHNARAJPET"},"type":"Polygon","arcs":[[93,-275,94,-273,95,-271,96,-269,97,-267,-104,98,-172,99,-170,100,-168,-150]],"id":6},{"properties":{"gpcode":"219208","gpname":"ALAMBADI KAVAL","dtname":"Mandya","stname":"KARNATAKA","sdtname":"Krishnarajpet","blkname":"KRISHNARAJPET"},"type":"MultiPolygon","arcs":[[[101,-485,102,103,-381,104,-379,-327,-520]],[[-530,105,-532,106]],[[-346,-156,-228,-349,107,108]]],"id":7},{"properties":{"gpcode":"219209","gpname":"ANAGOLA","dtname":"Mandya","stname":"KARNATAKA","sdtname":"Krishnarajpet","blkname":"KRISHNARAJPET"},"type":"Polygon","arcs":[[109,110,111,112,-360,113]],"id":8},{"properties":{"gpcode":"219210","gpname":"BALLEKERE","dtname":"Mandya","stname":"KARNATAKA","sdtname":"Krishnarajpet","blkname":"KRISHNARAJPET"},"type":"MultiPolygon","arcs":[[[114,-2259,115,-592]],[[116,-313,-202,117,-200,118,-198,-616,119,-587,120,-206]],[[-138,121,-208,-589,122,-614,123,-214,124,-449]],[[-402,-220,-543,-320,-225]]],"id":9},{"properties":{"gpcode":"219211","gpname":"BALLENAHALLI","dtname":"Mandya","stname":"KARNATAKA","sdtname":"Krishnarajpet","blkname":"KRISHNARAJPET"},"type":"MultiPolygon","arcs":[[[125,-2277,126,-2275,127,128,129,-364,-242,130,-428,-160,131,-2279]],[[-194,-311,132,-157,133,-239,134,-623,135]],[[-443,-217,-434,136,137,138,-447,139,-445,140]],[[-175,141,-417,142,-415]]],"id":10},{"properties":{"gpcode":"219212","gpname":"BANDIHOLE","dtname":"Mandya","stname":"KARNATAKA","sdtname":"Krishnarajpet","blkname":"KRISHNARAJPET"},"type":"MultiPolygon","arcs":[[[-181,-394,143,-290,-384,144,-265,145,-263,146,-333,147,-331,-277,148,149,-167,150,-165,151,-163,152,-177,-398,-179,153]],[[-324,154,-306,-229,155,-345]]],"id":11},{"properties":{"gpcode":"219213","gpname":"BEERUVALLI","dtname":"Mandya","stname":"KARNATAKA","sdtname":"Krishnarajpet","blkname":"KRISHNARAJPET"},"type":"MultiPolygon","arcs":[[[156,157,-2281,158,159,-431,160]],[[161,162,163,164,165,166,167,168,169,170,171,172,-419,173,174,-414,175,-399,176]],[[177,178,-397,179,-395,180]]],"id":12},{"properties":{"gpcode":"219214","gpname":"BHARATHIPURACROSS","dtname":"Mandya","stname":"KARNATAKA","sdtname":"Krishnarajpet","blkname":"KRISHNARAJPET"},"type":"MultiPolygon","arcs":[[[181,-595,-308,-597]],[[182,-304]],[[-337,183,-339,184,185,186,187,-475,188,-262,189,-508,190,-295,191,-550,-223,-318,192]]],"id":13},{"properties":{"gpcode":"219215","gpname":"BOOKANAKERE","dtname":"Mandya","stname":"KARNATAKA","sdtname":"Krishnarajpet","blkname":"KRISHNARAJPET"},"type":"MultiPolygon","arcs":[[[193,194,-621,195,-619,196,-617,197,198,199,200,201,-312],[202,-487]],[[-601,203,-599,-315,204,205,206,207,208,-432]],[[209,-480,210,-498]]],"id":14},{"properties":{"gpcode":"219216","gpname":"CHOWDENAHALLI","dtname":"Mandya","stname":"KARNATAKA","sdtname":"Krishnarajpet","blkname":"KRISHNARAJPET"},"type":"MultiPolygon","arcs":[[[-536,211]],[[212,213,214,-612,-286,-451]],[[-441,-540,215,-435,216,217]],[[218,219,-401,220,-406,221,-423,-234,-545]],[[222,-549,223,-302,224,-319]],[[-232,225,-321,226]]],"id":15},{"properties":{"gpcode":"219217","gpname":"DABBEGATTA","dtname":"Mandya","stname":"KARNATAKA","sdtname":"Krishnarajpet","blkname":"KRISHNARAJPET"},"type":"Polygon","arcs":[[227,228,229,-336,230,231,232,-546,233,-427,234,-358,-350]],"id":16},{"properties":{"gpcode":"219218","gpname":"GANJIGERE","dtname":"Mandya","stname":"KARNATAKA","sdtname":"Krishnarajpet","blkname":"KRISHNARAJPET"},"type":"MultiPolygon","arcs":[[[235,236]],[[237,238,239,-429,240,241,-363,242,243,244,-572,245,-625]]],"id":17},{"properties":{"gpcode":"219219","gpname":"HARALAHALLI","dtname":"Mandya","stname":"KARNATAKA","sdtname":"Krishnarajpet","blkname":"KRISHNARAJPET"},"type":"MultiPolygon","arcs":[[[-1816,246,-1814,-2226,-608,247,-528,248,-542,-440,249,-557,250,251,252,253,254,-502,-552,255]],[[256,257,258]],[[259,-473,-511,260,261]]],"id":18},{"properties":{"gpcode":"219220","gpname":"HARIHARAPURA","dtname":"Mandya","stname":"KARNATAKA","sdtname":"Krishnarajpet","blkname":"KRISHNARAJPET"},"type":"MultiPolygon","arcs":[[[262,263,264,265,-382,266,267,268,269,270,271,272,273,274,275,276,-330,277]],[[278,279,280,281,282,-409,283,-454,284,-452,285,-611,286,-638,287,-636,288,-634,289,290,-392]]],"id":19},{"properties":{"gpcode":"219221","gpname":"HIRIKALALE","dtname":"Mandya","stname":"KARNATAKA","sdtname":"Krishnarajpet","blkname":"KRISHNARAJPET"},"type":"MultiPolygon","arcs":[[[-483,-569,291]],[[292,-548,293,294,295,296,297,298,-389,-582,299,-387,300,-385,301],[302,303]],[[-322,304,305,306]]],"id":20},{"properties":{"gpcode":"219222","gpname":"ICHANAHALLI","dtname":"Mandya","stname":"KARNATAKA","sdtname":"Krishnarajpet","blkname":"KRISHNARAJPET"},"type":"MultiPolygon","arcs":[[[307,-594,308,-2354,-2257,-2302,-2285,309,-2283,310,311,312,313,314,-598]],[[315,316]]],"id":21},{"properties":{"gpcode":"219223","gpname":"KIKKERI","dtname":"Mandya","stname":"KARNATAKA","sdtname":"Krishnarajpet","blkname":"KRISHNARAJPET"},"type":"Polygon","arcs":[[317,318,319,320,-335,321,322,323,-344,324,-342,325]],"id":22},{"properties":{"gpcode":"219224","gpname":"LAKSHMI PURA","dtname":"Mandya","stname":"KARNATAKA","sdtname":"Krishnarajpet","blkname":"KRISHNARAJPET"},"type":"MultiPolygon","arcs":[[[326,327,-377,-523,328,-521]],[[329,330,331,332]],[[333,334,335]],[[336,337,338,339]],[[340,341,342,343,344,345,346]],[[347,348,349,350,-356,351,-362,352,353]]],"id":23},{"properties":{"gpcode":"219225","gpname":"MADAPURA","dtname":"Mandya","stname":"KARNATAKA","sdtname":"Krishnarajpet","blkname":"KRISHNARAJPET"},"type":"MultiPolygon","arcs":[[[-504,-472]],[[354,355,356,357,358,359,360,361]]],"id":24},{"properties":{"gpcode":"219226","gpname":"MADUVINA KODI","dtname":"Mandya","stname":"KARNATAKA","sdtname":"Krishnarajpet","blkname":"KRISHNARAJPET"},"type":"MultiPolygon","arcs":[[[362,363,364,365,366,367,368,369,370,371,372]],[[-633,373,-631,374,-579,375,376,377,378,379,380,381,382,383]]],"id":25},{"properties":{"gpcode":"219227","gpname":"MAKAVALLI","dtname":"Mandya","stname":"KARNATAKA","sdtname":"Krishnarajpet","blkname":"KRISHNARAJPET"},"type":"MultiPolygon","arcs":[[[384,385,386,387,-580,388,389,390,391,392,393,394,395,396,397,398,399,400,401]],[[402,-422,403,-461,-425,404,405]]],"id":26},{"properties":{"gpcode":"219228","gpname":"MANDAGERE","dtname":"Mandya","stname":"KARNATAKA","sdtname":"Krishnarajpet","blkname":"KRISHNARAJPET"},"type":"MultiPolygon","arcs":[[[-458,406,-456,407,408,409,410,411]],[[412,413,414,415,416,417,418,419,-463,420,421]],[[422,423,424,-465,425,426]]],"id":27},{"properties":{"gpcode":"219229","gpname":"MURUKANAHALLI","dtname":"Mandya","stname":"KARNATAKA","sdtname":"Krishnarajpet","blkname":"KRISHNARAJPET"},"type":"MultiPolygon","arcs":[[[427,428,429,430]],[[431,432,433,434,435,-538]],[[436,437,438,439,-541,440,441,442,443,444,445,446,447,448,449,450,451,452,453,454,455,456,457,458,459]],[[460,461,462,463,464]]],"id":28},{"properties":{"gpcode":"219230","gpname":"RANGANATHAPURA CROSS","dtname":"Mandya","stname":"KARNATAKA","sdtname":"Krishnarajpet","blkname":"KRISHNARAJPET"},"type":"Polygon","arcs":[[465,-496,466,-516,467,-492,468,469,-585,-1817,470,471,-512,472,473,474,475,476,477,478,479]],"id":29},{"properties":{"gpcode":"219231","gpname":"SANTHEBACHAHALLI","dtname":"Mandya","stname":"KARNATAKA","sdtname":"Krishnarajpet","blkname":"KRISHNARAJPET"},"type":"MultiPolygon","arcs":[[[480,-575,481,-570,482,483,484,485,-526]],[[486,487]],[[-1777,488,-1993,489,490,491,492,-514,493,-518,494,495,496,497,498,499,500]]],"id":30},{"properties":{"gpcode":"219232","gpname":"SARANGI","dtname":"Mandya","stname":"KARNATAKA","sdtname":"Krishnarajpet","blkname":"KRISHNARAJPET"},"type":"MultiPolygon","arcs":[[[501,502,-553]],[[503,504,-566,505,-564,506,507,508,509,510,511]],[[512,513,514,515,516,517]]],"id":31},{"properties":{"gpcode":"219233","gpname":"SHILANERE","dtname":"Mandya","stname":"KARNATAKA","sdtname":"Krishnarajpet","blkname":"KRISHNARAJPET"},"type":"MultiPolygon","arcs":[[[518,519,520,521,522,523,-577,524,525]],[[526,527,528,529,530,531,532,-606,533,-604,534,535,536,-602,537,538,539,540,541]],[[542,543,544,545,546]],[[547,548,549,550]]],"id":32},{"properties":{"gpcode":"219234","gpname":"SINDHAGATTA","dtname":"Mandya","stname":"KARNATAKA","sdtname":"Krishnarajpet","blkname":"KRISHNARAJPET"},"type":"Polygon","arcs":[[551,552,553,554,555,556,557,558,559,560,561,562,563,564,565,566]],"id":33},{"properties":{"gpcode":"219235","gpname":"SOMANAHALLI","dtname":"Mandya","stname":"KARNATAKA","sdtname":"Krishnarajpet","blkname":"KRISHNARAJPET"},"type":"MultiPolygon","arcs":[[[567,568,569,-627,570,571]],[[572,-629,573,574,575,576,577,578]],[[579,580,581]],[[582,583,-1818,584]]],"id":34},{"properties":{"gpcode":"219236","gpname":"TENDEKERE","dtname":"Mandya","stname":"KARNATAKA","sdtname":"Krishnarajpet","blkname":"KRISHNARAJPET"},"type":"MultiPolygon","arcs":[[[585,586,587,588]],[[-2492,589,-2261,590,591,-2356,592,593,594,595,596,597,598,599,600,601,602,603,604,605,606,607,-2225,608]]],"id":35},{"properties":{"gpcode":"219237","gpname":"VITALAPURA","dtname":"Mandya","stname":"KARNATAKA","sdtname":"Krishnarajpet","blkname":"KRISHNARAJPET"},"type":"Polygon","arcs":[[609,610,611,612,613,614,615,616,617,618,619,620,621,622,623,624,625,626,627,628,629,630,631,632,633,634,635,636,637]],"id":36},{"properties":{"gpcode":"219238","gpname":"ABALAVADI","dtname":"Mandya","stname":"KARNATAKA","sdtname":"Maddur","blkname":"MADDUR"},"type":"MultiPolygon","arcs":[[[638,-779,639,-674,-1474]],[[640,-905,641,-783,642,-781,643,-1472,-711,-894]]],"id":37},{"properties":{"gpcode":"219239","gpname":"ALURU","dtname":"Mandya","stname":"KARNATAKA","sdtname":"Maddur","blkname":"MADDUR"},"type":"Polygon","arcs":[[-883,-732,-737,-838,644,-885,645]],"id":38},{"properties":{"gpcode":"219240","gpname":"ANNURU","dtname":"Mandya","stname":"KARNATAKA","sdtname":"Maddur","blkname":"MADDUR"},"type":"Polygon","arcs":[[646,-800,647,-835,648,-659,649,-682,-680]],"id":39},{"properties":{"gpcode":"219241","gpname":"ATHAGURU","dtname":"Mandya","stname":"KARNATAKA","sdtname":"Maddur","blkname":"MADDUR"},"type":"Polygon","arcs":[[-753,-704,650,-764,651,-762,652]],"id":40},{"properties":{"gpcode":"219242","gpname":"BEKKALALE","dtname":"Mandya","stname":"KARNATAKA","sdtname":"Maddur","blkname":"MADDUR"},"type":"Polygon","arcs":[[-730,653,-907,654,-892,655,-785,656]],"id":41},{"properties":{"gpcode":"219243","gpname":"BESAGARAHALLI","dtname":"Mandya","stname":"KARNATAKA","sdtname":"Maddur","blkname":"MADDUR"},"type":"MultiPolygon","arcs":[[[-1421,657,-721]],[[-820,-723]]],"id":42},{"properties":{"gpcode":"219244","gpname":"BHARATHINAGAR","dtname":"Mandya","stname":"KARNATAKA","sdtname":"Maddur","blkname":"MADDUR"},"type":"Polygon","arcs":[[658,659,-1195,660,-668,661,-684,662]],"id":43},{"properties":{"gpcode":"219245","gpname":"BIDARAHALLI","dtname":"Mandya","stname":"KARNATAKA","sdtname":"Maddur","blkname":"MADDUR"},"type":"Polygon","arcs":[[663,-1364,664,-755,665,-743,666,667]],"id":44},{"properties":{"gpcode":"219246","gpname":"BIDHARAKOTE","dtname":"Mandya","stname":"KARNATAKA","sdtname":"Maddur","blkname":"MADDUR"},"type":"Polygon","arcs":[[-826,668,-824,-1620,669,-1631,670,-1629,671,-1510,672,-1475,673,674,-777]],"id":45},{"properties":{"gpcode":"219247","gpname":"CHAMANAHALLI","dtname":"Mandya","stname":"KARNATAKA","sdtname":"Maddur","blkname":"MADDUR"},"type":"Polygon","arcs":[[675,676,-923,-719,-701]],"id":46},{"properties":{"gpcode":"219248","gpname":"CHIKKARASINAKERE","dtname":"Mandya","stname":"KARNATAKA","sdtname":"Maddur","blkname":"MADDUR"},"type":"Polygon","arcs":[[677,-842,-802,678,679,-681,-844]],"id":47},{"properties":{"gpcode":"219249","gpname":"DODDARASINAKARE","dtname":"Mandya","stname":"KARNATAKA","sdtname":"Maddur","blkname":"MADDUR"},"type":"Polygon","arcs":[[680,681,682,683,684,-741,685,-804,-1571,-874]],"id":48},{"properties":{"gpcode":"219250","gpname":"GEJJALAGERE","dtname":"Mandya","stname":"KARNATAKA","sdtname":"Maddur","blkname":"MADDUR"},"type":"Polygon","arcs":[[-696,686,-877,687,-1527,-1418,-870,688,-918]],"id":49},{"properties":{"gpcode":"219251","gpname":"GORAVANAHALLI","dtname":"Mandya","stname":"KARNATAKA","sdtname":"Maddur","blkname":"MADDUR"},"type":"Polygon","arcs":[[689,690,691,692,-846,693,-879,694,695,-917]],"id":50},{"properties":{"gpcode":"219252","gpname":"HEMMANAHALLI","dtname":"Mandya","stname":"KARNATAKA","sdtname":"Maddur","blkname":"MADDUR"},"type":"Polygon","arcs":[[-752,696,-750,697,-709,698,-707,699,700,701,-717,702,703]],"id":51},{"properties":{"gpcode":"219253","gpname":"HOSAGAVI","dtname":"Mandya","stname":"KARNATAKA","sdtname":"Maddur","blkname":"MADDUR"},"type":"MultiPolygon","arcs":[[[704,-853,-889,705,706,707,708,709,-748]],[[710,-1471,711,-1479,712,-1675,-1757,713,-787,714,-895]]],"id":52},{"properties":{"gpcode":"219254","gpname":"HOSAKERE","dtname":"Mandya","stname":"KARNATAKA","sdtname":"Maddur","blkname":"MADDUR"},"type":"Polygon","arcs":[[715,716,717,718,-928,719,-926,-1415,720,721,-821,722,-819,723,-862]],"id":53},{"properties":{"gpcode":"219255","gpname":"HUTHAGERE","dtname":"Mandya","stname":"KARNATAKA","sdtname":"Maddur","blkname":"MADDUR"},"type":"Polygon","arcs":[[724,-770,725,-768,726,-829,-900,727,-898,728,729,730,-816]],"id":54},{"properties":{"gpcode":"219256","gpname":"K HONNALAGERE","dtname":"Mandya","stname":"KARNATAKA","sdtname":"Maddur","blkname":"MADDUR"},"type":"Polygon","arcs":[[-738,731,-882,-850,732]],"id":55},{"properties":{"gpcode":"219257","gpname":"K. BELLUR","dtname":"Mandya","stname":"KARNATAKA","sdtname":"Maddur","blkname":"MADDUR"},"type":"Polygon","arcs":[[-774,733,-831,-798,734,-796,735,-794,736,737,738]],"id":56},{"properties":{"gpcode":"219258","gpname":"K. SHETTAHALLI","dtname":"Mandya","stname":"KARNATAKA","sdtname":"Maddur","blkname":"MADDUR"},"type":"Polygon","arcs":[[739,740,741,742,743,-759,744,-806]],"id":57},{"properties":{"gpcode":"219259","gpname":"KADHALUR","dtname":"Mandya","stname":"KARNATAKA","sdtname":"Maddur","blkname":"MADDUR"},"type":"Polygon","arcs":[[745,-855,746,747,748,749,750,751,752]],"id":58},{"properties":{"gpcode":"219260","gpname":"KADUKOTTANAHALLI","dtname":"Mandya","stname":"KARNATAKA","sdtname":"Maddur","blkname":"MADDUR"},"type":"Polygon","arcs":[[753,754,-1362,-1032,755,-1091,756,-980,-930,757,758]],"id":59},{"properties":{"gpcode":"219261","gpname":"KESTHURU","dtname":"Mandya","stname":"KARNATAKA","sdtname":"Maddur","blkname":"MADDUR"},"type":"Polygon","arcs":[[-812,759,-810,760,761,762,763,764,-860,765,-858,766,767,768,769,770,-814,771]],"id":60},{"properties":{"gpcode":"219262","gpname":"KOOLAGERE","dtname":"Mandya","stname":"KARNATAKA","sdtname":"Maddur","blkname":"MADDUR"},"type":"Polygon","arcs":[[-912,772,773,774]],"id":61},{"properties":{"gpcode":"219263","gpname":"KOPPA","dtname":"Mandya","stname":"KARNATAKA","sdtname":"Maddur","blkname":"MADDUR"},"type":"Polygon","arcs":[[775,-827,776,777,778,779,780,781,782,783,-903]],"id":62},{"properties":{"gpcode":"219264","gpname":"KOUDLE","dtname":"Mandya","stname":"KARNATAKA","sdtname":"Maddur","blkname":"MADDUR"},"type":"Polygon","arcs":[[784,785,786,787,-1755,788,-1874,789,-1872,790,-1870,791,-1868,792]],"id":63},{"properties":{"gpcode":"219265","gpname":"KYATHAGHATTA","dtname":"Mandya","stname":"KARNATAKA","sdtname":"Maddur","blkname":"MADDUR"},"type":"Polygon","arcs":[[-839,793,794,795,796,797,-837,798,799,800,801,-841,802]],"id":64},{"properties":{"gpcode":"219266","gpname":"MADHARAHALLI","dtname":"Mandya","stname":"KARNATAKA","sdtname":"Maddur","blkname":"MADDUR"},"type":"Polygon","arcs":[[803,804,805,-933,806,807,-1684,808,-1572]],"id":65},{"properties":{"gpcode":"219267","gpname":"MALLANA KUPPE","dtname":"Mandya","stname":"KARNATAKA","sdtname":"Maddur","blkname":"MADDUR"},"type":"Polygon","arcs":[[809,810,811,812,813,814,815,816]],"id":66},{"properties":{"gpcode":"219268","gpname":"MARALIGA","dtname":"Mandya","stname":"KARNATAKA","sdtname":"Maddur","blkname":"MADDUR"},"type":"Polygon","arcs":[[-864,817,818,819,820,821,-1622,822,823,824,825,826,827,-901,828,829]],"id":67},{"properties":{"gpcode":"219269","gpname":"MENASAGERE","dtname":"Mandya","stname":"KARNATAKA","sdtname":"Maddur","blkname":"MADDUR"},"type":"Polygon","arcs":[[830,831,-910,832,-1125,-1187,833,834,835,836]],"id":68},{"properties":{"gpcode":"219270","gpname":"NAGARAKERE","dtname":"Mandya","stname":"KARNATAKA","sdtname":"Maddur","blkname":"MADDUR"},"type":"Polygon","arcs":[[837,838,839,840,841,842,843,-873,844,845,846,847,848]],"id":69},{"properties":{"gpcode":"219271","gpname":"NIDAGHATTA","dtname":"Mandya","stname":"KARNATAKA","sdtname":"Maddur","blkname":"MADDUR"},"type":"Polygon","arcs":[[849,-881,850,-891,851,852,853,854,855]],"id":70},{"properties":{"gpcode":"219272","gpname":"NILUVAGILU","dtname":"Mandya","stname":"KARNATAKA","sdtname":"Maddur","blkname":"MADDUR"},"type":"Polygon","arcs":[[856,857,858,859,860,861,862,863]],"id":71},{"properties":{"gpcode":"219273","gpname":"S I HONNALAGERE","dtname":"Mandya","stname":"KARNATAKA","sdtname":"Maddur","blkname":"MADDUR"},"type":"MultiPolygon","arcs":[[[-1112,864,-1110,865,-941,866,-914,867]],[[868,869,870,-925]]],"id":72},{"properties":{"gpcode":"219274","gpname":"SADOLALU","dtname":"Mandya","stname":"KARNATAKA","sdtname":"Maddur","blkname":"MADDUR"},"type":"Polygon","arcs":[[871,872,873,-1577,874,-1423,875,876,877,878]],"id":73},{"properties":{"gpcode":"219275","gpname":"SOMANAHALLI","dtname":"Mandya","stname":"KARNATAKA","sdtname":"Maddur","blkname":"MADDUR"},"type":"MultiPolygon","arcs":[[[879,880,881,882,883,884,885,886,887,888,889,890]],[[891,892,893,894,895]]],"id":74},{"properties":{"gpcode":"219276","gpname":"THAGGAHALLI","dtname":"Mandya","stname":"KARNATAKA","sdtname":"Maddur","blkname":"MADDUR"},"type":"Polygon","arcs":[[896,897,898,899,900,901,902,903,904,905,906]],"id":75},{"properties":{"gpcode":"219277","gpname":"TOREBOMMANAHALLI","dtname":"Mandya","stname":"KARNATAKA","sdtname":"Maddur","blkname":"MADDUR"},"type":"Polygon","arcs":[[907,-1121,908,909,910,911,912,913]],"id":76},{"properties":{"gpcode":"219278","gpname":"VALAGEREHALLI","dtname":"Mandya","stname":"KARNATAKA","sdtname":"Maddur","blkname":"MADDUR"},"type":"MultiPolygon","arcs":[[[914,915,916,917,918,919,920,921]],[[922,923,924,-1416,925,926,927]]],"id":77},{"properties":{"gpcode":"219279","gpname":"YADAGANAHALLI","dtname":"Mandya","stname":"KARNATAKA","sdtname":"Maddur","blkname":"MADDUR"},"type":"Polygon","arcs":[[928,929,-979,930,-1613,931,932]],"id":78},{"properties":{"gpcode":"219280","gpname":"AGASNAPURA","dtname":"Mandya","stname":"KARNATAKA","sdtname":"Malavalli","blkname":"MALVALLI"},"type":"Polygon","arcs":[[-1108,933,-1407,934,-998,935,-1074,936,-1072,937,-1197,938,-1210,939,940,941,942]],"id":79},{"properties":{"gpcode":"219281","gpname":"B.G.PURA","dtname":"Mandya","stname":"KARNATAKA","sdtname":"Malavalli","blkname":"MALVALLI"},"type":"Polygon","arcs":[[943,-1117,944,-1115,945,-1300,946,-1135,947,-1243,948,-1099]],"id":80},{"properties":{"gpcode":"219282","gpname":"BANDUR","dtname":"Mandya","stname":"KARNATAKA","sdtname":"Malavalli","blkname":"MALVALLI"},"type":"Polygon","arcs":[[949,-1333,950,-973,951,-1328,952,-1326,953,-1318,-1349,954,-1088,955,-1179,-1094,-1030]],"id":81},{"properties":{"gpcode":"219283","gpname":"BELAKAVADI","dtname":"Mandya","stname":"KARNATAKA","sdtname":"Malavalli","blkname":"MALVALLI"},"type":"Polygon","arcs":[[-1119,956,-1097,-1236,957],[958,-1096]],"id":82},{"properties":{"gpcode":"219284","gpname":"BENDARAVADI","dtname":"Mandya","stname":"KARNATAKA","sdtname":"Malavalli","blkname":"MALVALLI"},"type":"Polygon","arcs":[[959]],"id":83},{"properties":{"gpcode":"219285","gpname":"BYDARAHALLI","dtname":"Mandya","stname":"KARNATAKA","sdtname":"Malavalli","blkname":"MALVALLI"},"type":"MultiPolygon","arcs":[[[1052]],[[1050]],[[960,-1050]],[[-1079,961,-1058,962,-1268,-1044,963,-1042,964,-1040,965,-1006,966,-1018,967,-1016,968,-1367,969,-1380]],[[970,-1276,971,-1274]],[[972,973,-1027,-1358,974]],[[-1083,975,-1373,976]]],"id":84},{"properties":{"gpcode":"219286","gpname":"CHIKKAMULAGUDU","dtname":"Mandya","stname":"KARNATAKA","sdtname":"Malavalli","blkname":"MALVALLI"},"type":"Polygon","arcs":[[977,978,979,980,-1186,981,-1184,982,-1615]],"id":85},{"properties":{"gpcode":"219287","gpname":"CHOTTENAHALLI","dtname":"Mandya","stname":"KARNATAKA","sdtname":"Malavalli","blkname":"MALVALLI"},"type":"MultiPolygon","arcs":[[[-1009,983,-1234,984]],[[-1232,985,-1201,986,-1069,987,-1067,-1010]]],"id":86},{"properties":{"gpcode":"219288","gpname":"D.HALASAHALLI","dtname":"Mandya","stname":"KARNATAKA","sdtname":"Malavalli","blkname":"MALVALLI"},"type":"Polygon","arcs":[[-1103,988,-1401,-1384,989,-1024,990,-1022,991,-1020,992,-1004,993,-1002,994,-1013,995,-1062,996,997,998]],"id":87},{"properties":{"gpcode":"219289","gpname":"DALAVAYIKODIHALLI","dtname":"Mandya","stname":"KARNATAKA","sdtname":"Malavalli","blkname":"MALVALLI"},"type":"Polygon","arcs":[[-1271,-1061,999,-1154,1000]],"id":88},{"properties":{"gpcode":"219290","gpname":"DHANAGURU","dtname":"Mandya","stname":"KARNATAKA","sdtname":"Malavalli","blkname":"MALVALLI"},"type":"Polygon","arcs":[[1001,1002,1003,1004,1005,1006,-1038,1007,1008,1009,-1066,1010,-1064,1011,1012,1013]],"id":89},{"properties":{"gpcode":"219291","gpname":"DUGGANAHALLI","dtname":"Mandya","stname":"KARNATAKA","sdtname":"Malavalli","blkname":"MALVALLI"},"type":"MultiPolygon","arcs":[[[1014,1015,1016,1017,1018,1019,1020,1021,1022,1023,-1382,1024,-1369]],[[1025,-1359,1026,1027,-1335,1028,1029,-1093,1030,1031,-1361]]],"id":90},{"properties":{"gpcode":"219292","gpname":"H BASAVAPURA","dtname":"Mandya","stname":"KARNATAKA","sdtname":"Malavalli","blkname":"MALVALLI"},"type":"MultiPolygon","arcs":[[[1032,-1256,1033,-1344]],[[1034,-1273,1035,1036,1037,1038,1039,1040,1041,1042,1043,-1267,1044,-1265,1045,-1263,-1262],[1046,1047],[1048,1049],[1050],[1051],[1052],[1053],[1054,1055]],[[-1270,1056,1057,1058,-1077,1059,1060]]],"id":91},{"properties":{"gpcode":"219293","gpname":"HAADLI","dtname":"Mandya","stname":"KARNATAKA","sdtname":"Malavalli","blkname":"MALVALLI"},"type":"Polygon","arcs":[[1061,1062,1063,1064,1065,1066,1067,1068,1069,-1199,1070,1071,1072,1073,1074]],"id":92},{"properties":{"gpcode":"219294","gpname":"HALAGURU","dtname":"Mandya","stname":"KARNATAKA","sdtname":"Malavalli","blkname":"MALVALLI"},"type":"Polygon","arcs":[[-1156,1075,1076,1077,1078,-1379,1079,-1377,1080,-1375,1081,1082,1083,-1392,1084]],"id":93},{"properties":{"gpcode":"219295","gpname":"HITTANAHALLI","dtname":"Mandya","stname":"KARNATAKA","sdtname":"Malavalli","blkname":"MALVALLI"},"type":"MultiPolygon","arcs":[[[1085,-1347,-1130,-1181,1086,1087]],[[1088,-1177,1089,1090,1091,1092,1093]]],"id":94},{"properties":{"gpcode":"219296","gpname":"HOSAHALLI","dtname":"Mandya","stname":"KARNATAKA","sdtname":"Malavalli","blkname":"MALVALLI"},"type":"MultiPolygon","arcs":[[[1094,1095]],[[-1237,1096,1097,1098,1099,-1241,1100,-1239,1101]]],"id":95},{"properties":{"gpcode":"219297","gpname":"HUSKUR","dtname":"Mandya","stname":"KARNATAKA","sdtname":"Malavalli","blkname":"MALVALLI"},"type":"MultiPolygon","arcs":[[[1102,-1405,1103,-1403,1104]],[[-1411,1105,-1409,1106,1107,1108,1109,1110,1111,1112],[1413]]],"id":96},{"properties":{"gpcode":"219298","gpname":"KAGGALIPURA","dtname":"Mandya","stname":"KARNATAKA","sdtname":"Malavalli","blkname":"MALVALLI"},"type":"Polygon","arcs":[[1113,1114,1115,1116,1117,1118]],"id":97},{"properties":{"gpcode":"219299","gpname":"KALKUNI","dtname":"Mandya","stname":"KARNATAKA","sdtname":"Malavalli","blkname":"MALVALLI"},"type":"Polygon","arcs":[[1119,-1132]],"id":98},{"properties":{"gpcode":"219300","gpname":"KANDEGALA","dtname":"Mandya","stname":"KARNATAKA","sdtname":"Malavalli","blkname":"MALVALLI"},"type":"MultiPolygon","arcs":[[[1120,1121,-1212,1122,-1218,-1174,-1189,1123,1124,1125]],[[1126,-1396,1127,-1227,1128,-1225,-1387]]],"id":99},{"properties":{"gpcode":"219301","gpname":"KIRUGAVALU","dtname":"Mandya","stname":"KARNATAKA","sdtname":"Malavalli","blkname":"MALVALLI"},"type":"Polygon","arcs":[[1129,-1346,1130,1131,1132,-1182]],"id":100},{"properties":{"gpcode":"219302","gpname":"KUNDUR","dtname":"Mandya","stname":"KARNATAKA","sdtname":"Malavalli","blkname":"MALVALLI"},"type":"Polygon","arcs":[[-1245,1133,1134,1135,-1298,1136,-1306,1137,-1142,1138,-1150,1139,-1165,1140]],"id":101},{"properties":{"gpcode":"219303","gpname":"KYATHNAHALLI","dtname":"Mandya","stname":"KARNATAKA","sdtname":"Malavalli","blkname":"MALVALLI"},"type":"Polygon","arcs":[[1141,1142,-1304,1143,-1249,1144,-1258,1145,-1341,1146,-1280,1147,-1167,1148,1149,1150]],"id":102},{"properties":{"gpcode":"219304","gpname":"LINGAPATNA","dtname":"Mandya","stname":"KARNATAKA","sdtname":"Malavalli","blkname":"MALVALLI"},"type":"MultiPolygon","arcs":[[[-1308,1151,-1324,1152]],[[1153,1154,1155,1156,-1390,1157,-1371,-1223,1158,-1221,1159]],[[-1231,1160]]],"id":103},{"properties":{"gpcode":"219305","gpname":"MAREHALLI","dtname":"Mandya","stname":"KARNATAKA","sdtname":"Malavalli","blkname":"MALVALLI"},"type":"MultiPolygon","arcs":[[[1161,-1203,1162,-1247,1163,1164,1165,1166,1167,1168,1169,-1205]],[[1170,1171,1172,-1190,1173,-1217,1174,-1215]]],"id":104},{"properties":{"gpcode":"219306","gpname":"MIKKERE","dtname":"Mandya","stname":"KARNATAKA","sdtname":"Malavalli","blkname":"MALVALLI"},"type":"Polygon","arcs":[[1175,1176,1177,1178,1179,1180,1181,1182,1183,1184,1185]],"id":105},{"properties":{"gpcode":"219307","gpname":"NELAMAKANAHALLI","dtname":"Mandya","stname":"KARNATAKA","sdtname":"Malavalli","blkname":"MALVALLI"},"type":"Polygon","arcs":[[1186,1187,1188,1189,1190,-1319,1191,-1353,1192,-1351,1193,1194,1195]],"id":106},{"properties":{"gpcode":"219308","gpname":"NIDAGHATTA","dtname":"Mandya","stname":"KARNATAKA","sdtname":"Malavalli","blkname":"MALVALLI"},"type":"Polygon","arcs":[[1196,1197,1198,1199,1200,1201,1202,1203,1204,1205,1206,1207,-1214,1208,1209,1210]],"id":107},{"properties":{"gpcode":"219309","gpname":"NITTURU","dtname":"Mandya","stname":"KARNATAKA","sdtname":"Malavalli","blkname":"MALVALLI"},"type":"MultiPolygon","arcs":[[[1211,1212,1213,1214,1215,1216,1217,1218]],[[1219,1220,1221,1222,1223,-1388,1224,1225,1226,1227,-1394,1228,-1413,1229,1230]]],"id":108},{"properties":{"gpcode":"219310","gpname":"PANDITHAHALLI","dtname":"Mandya","stname":"KARNATAKA","sdtname":"Malavalli","blkname":"MALVALLI"},"type":"Polygon","arcs":[[1231,1232,1233,1234,1235,1236,1237,1238,1239,1240,1241,1242,1243,1244,1245,1246,1247]],"id":109},{"properties":{"gpcode":"219311","gpname":"PURIGALI","dtname":"Mandya","stname":"KARNATAKA","sdtname":"Malavalli","blkname":"MALVALLI"},"type":"MultiPolygon","arcs":[[[1248,1249,-1302,1250,-1292,1251,-1290,1252,-1296,1253,-1294,1254,1255,1256,-1343,1257,1258]],[[1259]],[[1260,1261,1262,1263,1264,1265,1266,1267,1268,1269,1270,1271,1272],[1273,1274,1275,1276]]],"id":110},{"properties":{"gpcode":"219312","gpname":"RAGIBOMMANAHALLI","dtname":"Mandya","stname":"KARNATAKA","sdtname":"Malavalli","blkname":"MALVALLI"},"type":"Polygon","arcs":[[1277,1278,1279,1280,-1339,1281,-1315,1282,-1313,1283,-1311,1284,-1309,1285,-1322,1286,1287]],"id":111},{"properties":{"gpcode":"219313","gpname":"SARGURU","dtname":"Mandya","stname":"KARNATAKA","sdtname":"Malavalli","blkname":"MALVALLI"},"type":"MultiPolygon","arcs":[[[1288,1289,1290,1291,1292,1293,1294,1295]],[[1296,1297,1298,1299,1300,1301,1302,1303,1304,1305]]],"id":112},{"properties":{"gpcode":"219314","gpname":"SETTIHALLI","dtname":"Mandya","stname":"KARNATAKA","sdtname":"Malavalli","blkname":"MALVALLI"},"type":"MultiPolygon","arcs":[[[1306,1307,1308,1309,1310,1311,1312,1313,1314,1315,-1337,1316,1317]],[[1318,1319,1320,1321,1322,1323,1324,1325,1326,1327,1328,-1356,1329,-1354,1330]],[[1331,1332,1333,1334,1335]]],"id":113},{"properties":{"gpcode":"219315","gpname":"SUJJALUR","dtname":"Mandya","stname":"KARNATAKA","sdtname":"Malavalli","blkname":"MALVALLI"},"type":"Polygon","arcs":[[1336,1337,1338,1339,1340,1341,1342,1343,1344,1345,1346,1347,1348,1349]],"id":114},{"properties":{"gpcode":"219316","gpname":"TALAGAVADI","dtname":"Mandya","stname":"KARNATAKA","sdtname":"Malavalli","blkname":"MALVALLI"},"type":"Polygon","arcs":[[1350,1351,1352,1353,1354,1355,1356,1357,1358,1359,1360,1361,1362,1363,1364]],"id":115},{"properties":{"gpcode":"219317","gpname":"THOREKADANAHALLI","dtname":"Mandya","stname":"KARNATAKA","sdtname":"Malavalli","blkname":"MALVALLI"},"type":"MultiPolygon","arcs":[[[1365,1366,1367,1368]],[[1369,1370,1371,1372,1373,1374,1375,1376,1377,1378,1379,1380,1381,1382,1383,-1400,1384,-1398,1385,1386,1387]],[[1388,1389,1390,1391]]],"id":116},{"properties":{"gpcode":"219318","gpname":"YATHAMBADI","dtname":"Mandya","stname":"KARNATAKA","sdtname":"Malavalli","blkname":"MALVALLI"},"type":"MultiPolygon","arcs":[[[1392,1393,1394,1395,1396,1397,1398,1399,1400,1401,1402,1403,1404,1405,1406,1407,1408,1409,1410,1411,1412]],[[1413]]],"id":117},{"properties":{"gpcode":"219319","gpname":"ALAKERE","dtname":"Mandya","stname":"KARNATAKA","sdtname":"Mandya","blkname":"MANDYA"},"type":"Polygon","arcs":[[1414,1415,1416,1417,-1526,1418,-1524,-1579,1419,-1533,1420]],"id":118},{"properties":{"gpcode":"219320","gpname":"B.GOWDAGERE","dtname":"Mandya","stname":"KARNATAKA","sdtname":"Mandya","blkname":"MANDYA"},"type":"Polygon","arcs":[[1421,1422,1423,-1575,1424,-1467,1425,-1521]],"id":119},{"properties":{"gpcode":"219321","gpname":"B.HOSUR","dtname":"Mandya","stname":"KARNATAKA","sdtname":"Mandya","blkname":"MANDYA"},"type":"Polygon","arcs":[[-1553,1426,-1551,1427,-1666,-1501,-1502,1428,-1707,1429,-1589]],"id":120},{"properties":{"gpcode":"219322","gpname":"BABY","dtname":"Mandya","stname":"KARNATAKA","sdtname":"Mandya","blkname":"MANDYA"},"type":"Polygon","arcs":[[-1487,1430,-1513,-1485,-1538,-1640,1431,1432,-1441,1433,-1439,1434,-1567,1435,-1565]],"id":121},{"properties":{"gpcode":"219323","gpname":"BASARALU","dtname":"Mandya","stname":"KARNATAKA","sdtname":"Mandya","blkname":"MANDYA"},"type":"Polygon","arcs":[[1436,-1568,1437,1438,1439,1440,1441,-1649,1442,-2127,1443,-2125,1444,-2123,-2087]],"id":122},{"properties":{"gpcode":"219324","gpname":"BELUR","dtname":"Mandya","stname":"KARNATAKA","sdtname":"Mandya","blkname":"MANDYA"},"type":"Polygon","arcs":[[1445,-1573,1446,-1686,-1690,-1517,-1656,1447,1448,-1520,1449,1450,1451,1452,1453,-1659,-1697,-1469]],"id":123},{"properties":{"gpcode":"219325","gpname":"BEVINAHALLI","dtname":"Mandya","stname":"KARNATAKA","sdtname":"Mandya","blkname":"MANDYA"},"type":"MultiPolygon","arcs":[[[-2637,-1560,1454,-1596]],[[-1654,1455,-1598,1456,-1558,1457]]],"id":124},{"properties":{"gpcode":"219326","gpname":"BEVUKAL","dtname":"Mandya","stname":"KARNATAKA","sdtname":"Mandya","blkname":"MANDYA"},"type":"Polygon","arcs":[[1458,-1644,1459,-1637,-1489,-1556,-2503,1460,-2314,1461,-2312,1462,-2310,1463,-2368,1464,-1492]],"id":125},{"properties":{"gpcode":"219327","gpname":"BOODANUR","dtname":"Mandya","stname":"KARNATAKA","sdtname":"Mandya","blkname":"MANDYA"},"type":"Polygon","arcs":[[1465,1466,1467,1468,-1703,-1523]],"id":126},{"properties":{"gpcode":"219328","gpname":"CHANDAGALU","dtname":"Mandya","stname":"KARNATAKA","sdtname":"Mandya","blkname":"MANDYA"},"type":"Polygon","arcs":[[1469,1470,1471,1472,1473,1474,1475,-1508,-1488,-1564,1476,-1677,1477,1478]],"id":127},{"properties":{"gpcode":"219329","gpname":"CHANDAGALU (DUDDA)","dtname":"Mandya","stname":"KARNATAKA","sdtname":"Mandya","blkname":"MANDYA"},"type":"Polygon","arcs":[[-1544,1479,-1713,1480,-2735,1481,-1496]],"id":128},{"properties":{"gpcode":"219330","gpname":"DODDAGARUDANAHALLI","dtname":"Mandya","stname":"KARNATAKA","sdtname":"Mandya","blkname":"MANDYA"},"type":"MultiPolygon","arcs":[[[1482,-1531,1483,-1529,-1624]],[[-1512,-1704,-1536,1484]],[[1485,1486,1487,-1515]]],"id":129},{"properties":{"gpcode":"219331","gpname":"DUDDA","dtname":"Mandya","stname":"KARNATAKA","sdtname":"Mandya","blkname":"MANDYA"},"type":"Polygon","arcs":[[-1709,-1673,-1557,1488,-1636]],"id":130},{"properties":{"gpcode":"219332","gpname":"G.MALLIGERE","dtname":"Mandya","stname":"KARNATAKA","sdtname":"Mandya","blkname":"MANDYA"},"type":"Polygon","arcs":[[1489,-1835,-1646,1490,1491,1492,-2366,1493,-2364,-1831,-2145,-1839,1494,-1837]],"id":131},{"properties":{"gpcode":"219333","gpname":"GANADALU","dtname":"Mandya","stname":"KARNATAKA","sdtname":"Mandya","blkname":"MANDYA"},"type":"Polygon","arcs":[[-1506,-1545,1495,1496,-2741,1497,-1554,-1671]],"id":132},{"properties":{"gpcode":"219334","gpname":"GOPALAPURA","dtname":"Mandya","stname":"KARNATAKA","sdtname":"Mandya","blkname":"MANDYA"},"type":"Polygon","arcs":[[1498,-1612,1499,-1503,1500,-1665]],"id":133},{"properties":{"gpcode":"219335","gpname":"H.MALLIGERE","dtname":"Mandya","stname":"KARNATAKA","sdtname":"Mandya","blkname":"MANDYA"},"type":"Polygon","arcs":[[1501,1502,1503,-1610,1504,-1539,1505,-1670,1506]],"id":134},{"properties":{"gpcode":"219336","gpname":"HALLEGERE","dtname":"Mandya","stname":"KARNATAKA","sdtname":"Mandya","blkname":"MANDYA"},"type":"Polygon","arcs":[[1507,1508,1509,1510,-1591,1511,1512,1513,1514]],"id":135},{"properties":{"gpcode":"219337","gpname":"HALUVADI","dtname":"Mandya","stname":"KARNATAKA","sdtname":"Mandya","blkname":"MANDYA"},"type":"MultiPolygon","arcs":[[[-1689,1515,-1619,-1650,1516]],[[1517,1518,1519]]],"id":136},{"properties":{"gpcode":"219338","gpname":"HANAKERE","dtname":"Mandya","stname":"KARNATAKA","sdtname":"Mandya","blkname":"MANDYA"},"type":"Polygon","arcs":[[1520,1521,1522,-1702,-1580,1523,1524,1525,1526,1527]],"id":137},{"properties":{"gpcode":"219339","gpname":"HODAGHATTA","dtname":"Mandya","stname":"KARNATAKA","sdtname":"Mandya","blkname":"MANDYA"},"type":"MultiPolygon","arcs":[[[1528,1529,1530,1531,1532,1533,-1583,-1546,-1587,1534,-1585,-1625]],[[1535,-1711,-1635,1536,-1633,1537]]],"id":138},{"properties":{"gpcode":"219340","gpname":"HOLALU","dtname":"Mandya","stname":"KARNATAKA","sdtname":"Mandya","blkname":"MANDYA"},"type":"Polygon","arcs":[[1538,1539,1540,-1600,1541,-1605,1542,1543,1544]],"id":139},{"properties":{"gpcode":"219341","gpname":"HULIVANA","dtname":"Mandya","stname":"KARNATAKA","sdtname":"Mandya","blkname":"MANDYA"},"type":"Polygon","arcs":[[-1588,1545,1546,-1581,-1700,1547,-1657,1548,-1668,1549,1550,1551,1552]],"id":140},{"properties":{"gpcode":"219342","gpname":"HULLENAHALLI","dtname":"Mandya","stname":"KARNATAKA","sdtname":"Mandya","blkname":"MANDYA"},"type":"Polygon","arcs":[[-1672,1553,1554,-2739,-2407,-2504,1555,1556]],"id":141},{"properties":{"gpcode":"219343","gpname":"INDUVALU","dtname":"Mandya","stname":"KARNATAKA","sdtname":"Mandya","blkname":"MANDYA"},"type":"Polygon","arcs":[[1557,1558,1559,-2646,-1714,1560,-1603,1561]],"id":142},{"properties":{"gpcode":"219344","gpname":"KAMBADAHALLI","dtname":"Mandya","stname":"KARNATAKA","sdtname":"Mandya","blkname":"MANDYA"},"type":"Polygon","arcs":[[-1845,1562,-1679,1563,1564,1565,1566,1567,1568,-2085,-2742,1569,-1764]],"id":143},{"properties":{"gpcode":"219345","gpname":"KANNALI","dtname":"Mandya","stname":"KARNATAKA","sdtname":"Mandya","blkname":"MANDYA"},"type":"Polygon","arcs":[[1570,1571,1572,1573,1574,1575,1576]],"id":144},{"properties":{"gpcode":"219346","gpname":"KEELARA","dtname":"Mandya","stname":"KARNATAKA","sdtname":"Mandya","blkname":"MANDYA"},"type":"Polygon","arcs":[[1577,1578,1579,-1701,1580,1581,1582]],"id":145},{"properties":{"gpcode":"219347","gpname":"KEREAGODU","dtname":"Mandya","stname":"KARNATAKA","sdtname":"Mandya","blkname":"MANDYA"},"type":"Polygon","arcs":[[-1627,1583,1584,1585,1586,1587,1588,1589,-1705,1590]],"id":146},{"properties":{"gpcode":"219348","gpname":"KOTHATHI","dtname":"Mandya","stname":"KARNATAKA","sdtname":"Mandya","blkname":"MANDYA"},"type":"Polygon","arcs":[[1591,-1652,-1618,1592,-2597,1593,-2595,1594,-2552,-2638,1595,1596,1597]],"id":147},{"properties":{"gpcode":"219349","gpname":"MANDYA RURAL","dtname":"Mandya","stname":"KARNATAKA","sdtname":"Mandya","blkname":"MANDYA"},"type":"MultiPolygon","arcs":[[[1598,1599,1600,1601,1602,1603,1604]],[[1605,-1663,1606,1607,1608,1609,1610,1611]]],"id":148},{"properties":{"gpcode":"219350","gpname":"MANGALA","dtname":"Mandya","stname":"KARNATAKA","sdtname":"Mandya","blkname":"MANDYA"},"type":"Polygon","arcs":[[1612,1613,1614,1615,-2591,1616,1617,-1651,1618]],"id":149},{"properties":{"gpcode":"219351","gpname":"MARAGOWDANAHALLI","dtname":"Mandya","stname":"KARNATAKA","sdtname":"Mandya","blkname":"MANDYA"},"type":"Polygon","arcs":[[1619,1620,1621,1622,1623,1624,1625,1626,1627,1628,1629,1630,1631]],"id":150},{"properties":{"gpcode":"219352","gpname":"MUDAGANDUR","dtname":"Mandya","stname":"KARNATAKA","sdtname":"Mandya","blkname":"MANDYA"},"type":"Polygon","arcs":[[1632,1633,1634,-1710,1635,1636,1637,-1642,1638,1639]],"id":151},{"properties":{"gpcode":"219353","gpname":"MUTHEGERE","dtname":"Mandya","stname":"KARNATAKA","sdtname":"Mandya","blkname":"MANDYA"},"type":"Polygon","arcs":[[1640,1641,1642,1643,1644,1645,-1842,1646,-2129,1647,1648]],"id":152},{"properties":{"gpcode":"219354","gpname":"SANTHEKASALAGERE","dtname":"Mandya","stname":"KARNATAKA","sdtname":"Mandya","blkname":"MANDYA"},"type":"Polygon","arcs":[[1649,1650,1651,1652,1653,1654,1655]],"id":153},{"properties":{"gpcode":"219355","gpname":"SATHANOOR","dtname":"Mandya","stname":"KARNATAKA","sdtname":"Mandya","blkname":"MANDYA"},"type":"Polygon","arcs":[[1656,1657,-1698,1658,1659,1660,1661,1662,1663,1664,1665,1666,1667,1668]],"id":154},{"properties":{"gpcode":"219356","gpname":"SHIVALLI","dtname":"Mandya","stname":"KARNATAKA","sdtname":"Mandya","blkname":"MANDYA"},"type":"Polygon","arcs":[[1669,1670,1671,1672,1673]],"id":155},{"properties":{"gpcode":"219357","gpname":"SHIVAPURA","dtname":"Mandya","stname":"KARNATAKA","sdtname":"Mandya","blkname":"MANDYA"},"type":"Polygon","arcs":[[1674,1675,1676,1677,1678,1679,-1843,1680,-1760,1681,-1758]],"id":156},{"properties":{"gpcode":"219358","gpname":"SOONAGAHALLI","dtname":"Mandya","stname":"KARNATAKA","sdtname":"Mandya","blkname":"MANDYA"},"type":"Polygon","arcs":[[1682,1683,1684,-1691,1685]],"id":157},{"properties":{"gpcode":"219359","gpname":"THAGGAHALLI","dtname":"Mandya","stname":"KARNATAKA","sdtname":"Mandya","blkname":"MANDYA"},"type":"Polygon","arcs":[[1686,1687,1688,1689,1690]],"id":158},{"properties":{"gpcode":"219360","gpname":"TUBINAKERE (YELECHAKANAHALLI)","dtname":"Mandya","stname":"KARNATAKA","sdtname":"Mandya","blkname":"MANDYA"},"type":"Polygon","arcs":[[-1716,1691,-2642,1692,-2731,1693,-2722,-2707,1694,-2714,1695,-2286]],"id":159},{"properties":{"gpcode":"219361","gpname":"UMMADAHALLI","dtname":"Mandya","stname":"KARNATAKA","sdtname":"Mandya","blkname":"MANDYA"},"type":"Polygon","arcs":[[1696,1697,1698,1699,1700,1701,1702]],"id":160},{"properties":{"gpcode":"219362","gpname":"UPPARAKANAHALLI","dtname":"Mandya","stname":"KARNATAKA","sdtname":"Mandya","blkname":"MANDYA"},"type":"Polygon","arcs":[[1703,1704,1705,1706,1707,1708,1709,1710]],"id":161},{"properties":{"gpcode":"219363","gpname":"YALIYUR","dtname":"Mandya","stname":"KARNATAKA","sdtname":"Mandya","blkname":"MANDYA"},"type":"Polygon","arcs":[[1711,1712,1713,-2645,1714,1715,-2737]],"id":162},{"properties":{"gpcode":"219364","gpname":"ANCHECHITTANAHALLI","dtname":"Mandya","stname":"KARNATAKA","sdtname":"Nagamangala","blkname":"NAGAMANGALA"},"type":"MultiPolygon","arcs":[[[-1751,1716,-1965,1717,-1963,1718]],[[1895]],[[1719,-1951,-2196,1720,-1785,1721,-2188,1722,1723,1724,-2201,1725,-2757,-2770,1726,-2160]],[[-2767,1727,-2776,1728,-2101]]],"id":163},{"properties":{"gpcode":"219365","gpname":"ARANI","dtname":"Mandya","stname":"KARNATAKA","sdtname":"Nagamangala","blkname":"NAGAMANGALA"},"type":"MultiPolygon","arcs":[[[-1834,1729,-1968,-1750,1730]],[[1731,-1947,1732,-1894]],[[1955]],[[1733,1734,1735,-2172,1736,1737,-1857]],[[-1865,1738,-1800,1739,-1860,1740,1741,1742,1743,1744,-2019,-1958,-2020,1745,-1913,1746,-1915,1747]]],"id":164},{"properties":{"gpcode":"219367","gpname":"BHIMANAHALLI","dtname":"Mandya","stname":"KARNATAKA","sdtname":"Nagamangala","blkname":"NAGAMANGALA"},"type":"MultiPolygon","arcs":[[[-1961,1748,-1829,1749,-1967,1750,1751]],[[1752,-1876,1753,1754,1755,1756,1757,1758,1759,1760,-2180,1761,-2178,1762,-1846,1763,1764,-2002,1765,-1883,1766,-2077,-1880,-1850],[1767,-2751]],[[1768,-2190,1769,-1784]],[[1770,-1927,1771,-2764]]],"id":165},{"properties":{"gpcode":"219368","gpname":"BHRAMHADEVARAHALLI","dtname":"Mandya","stname":"KARNATAKA","sdtname":"Nagamangala","blkname":"NAGAMANGALA"},"type":"MultiPolygon","arcs":[[[1772,-2134,-1964,1773,-2056,1774,-1978,-2094,-2746]],[[1775,1776,-1995]]],"id":166},{"properties":{"gpcode":"219369","gpname":"BINDIGANAVILE","dtname":"Mandya","stname":"KARNATAKA","sdtname":"Nagamangala","blkname":"NAGAMANGALA"},"type":"MultiPolygon","arcs":[[[-2071,1777,-1804,1778,-1824,1779]],[[1780,-1904,1781,-1918]],[[-2192,1782,1783,1784,1785,-2194,1786]],[[1787,-1909,1788,1789,-1906,1790,-1923,1791,-1997,1792,-2118,1793,-2116,1794,-2114,1795,-1929]],[[1796,-2036,1797,-1932]],[[1798,1799,1800,-1867,1801,-1862]]],"id":167},{"properties":{"gpcode":"219370","gpname":"BOGADHI","dtname":"Mandya","stname":"KARNATAKA","sdtname":"Nagamangala","blkname":"NAGAMANGALA"},"type":"MultiPolygon","arcs":[[[1802,1803,1804,-2069,1805,-2030,1806,1807,-2061,1808,-2059,-1972,1809,-2219,1810,-2231,1811,-2500,1812,-2227,1813,1814,1815,1816,1817,-1990,1818,1819,1820,-1988,1821,-1941,1822,1823]],[[1824,-2075]],[[1825,-2047,1826,-2045]]],"id":168},{"properties":{"gpcode":"219371","gpname":"CHINYA","dtname":"Mandya","stname":"KARNATAKA","sdtname":"Nagamangala","blkname":"NAGAMANGALA"},"type":"MultiPolygon","arcs":[[[1827,1828,1829,-1959,-2146,1830,-2381,1831,-1970,1832,1833]],[[1834,1835,1836,1837,1838,-2144,1839,-2131,1840,1841]],[[1842,1843,1844,1845]],[[-2762,-1911,1846]]],"id":169},{"properties":{"gpcode":"219372","gpname":"CHUNCHANAHALLI","dtname":"Mandya","stname":"KARNATAKA","sdtname":"Nagamangala","blkname":"NAGAMANGALA"},"type":"MultiPolygon","arcs":[[[1847,-1878,1848,1849]],[[1850,1851,1852,1853,-2170]],[[1854,1855,1856,1857,1858,1859,1860,1861,1862]],[[1863,1864,1865,1866]]],"id":170},{"properties":{"gpcode":"219373","gpname":"DEVALAPURA","dtname":"Mandya","stname":"KARNATAKA","sdtname":"Nagamangala","blkname":"NAGAMANGALA"},"type":"MultiPolygon","arcs":[[[2073]],[[1867,1868,1869,1870,1871,1872,1873,1874,1875,1876,1877,1878,1879,-2081,1880,-1943,-2078,1881,1882,1883,-2089,1884,-2182,-1891,1885]]],"id":171},{"properties":{"gpcode":"219374","gpname":"DEVARAMALLANAYAKANAHALLI","dtname":"Mandya","stname":"KARNATAKA","sdtname":"Nagamangala","blkname":"NAGAMANGALA"},"type":"MultiPolygon","arcs":[[[1886,-1898,-1986,1887,-1919,1888,-1902]],[[1889,1890,1891,-1949,1892,1893,1894,-1945],[1895]],[[1998]]],"id":172},{"properties":{"gpcode":"219375","gpname":"DODDABALA","dtname":"Mandya","stname":"KARNATAKA","sdtname":"Nagamangala","blkname":"NAGAMANGALA"},"type":"MultiPolygon","arcs":[[[-1974,-2140,1896,-1987,1897,1898]],[[-2143,1899,-1976,1900,1901,1902,1903,-2112,1904,1905,1906,1907,1908,1909,1910],[2031]],[[-2152,-2051]],[[1911,1912,1913,1914]]],"id":173},{"properties":{"gpcode":"219376","gpname":"GONDENAHALLI","dtname":"Mandya","stname":"KARNATAKA","sdtname":"Nagamangala","blkname":"NAGAMANGALA"},"type":"MultiPolygon","arcs":[[[1915,-2110,1916,1917,1918,1919,-1984,1920,-1982,1921,1922]],[[1923,-2014,1924,-2012,-2779,1925,-2150,1926,1927,1928,1929,-2113,-2026,-2005,-2024,-2016],[1930,1931,1932,-2034,1933,-2038],[1934,-2004]],[[-2165,1935,1936,1937]],[[-2039,1938]]],"id":174},{"properties":{"gpcode":"219377","gpname":"HARADANAHALLI","dtname":"Mandya","stname":"KARNATAKA","sdtname":"Nagamangala","blkname":"NAGAMANGALA"},"type":"MultiPolygon","arcs":[[[-2073,1939,1940,-2138,1941]],[[-2079,1942,1943]],[[1944,1945,1946,1947,1948,1949,-2197,1950,1951,-2158,-2048,-2083,1952,-2043,1953,-2041,1954],[1955]],[[-2018,-2106,1956,1957]]],"id":175},{"properties":{"gpcode":"219378","gpname":"HONAKERE","dtname":"Mandya","stname":"KARNATAKA","sdtname":"Nagamangala","blkname":"NAGAMANGALA"},"type":"MultiPolygon","arcs":[[[-2133,1958,1959,1960,1961,1962,1963]],[[1964,1965,1966,1967,1968,1969,-2221,1970,1971,-2058,1972]],[[1973,1974,1975,1976,-2141]]],"id":176},{"properties":{"gpcode":"219379","gpname":"HONNAVARA","dtname":"Mandya","stname":"KARNATAKA","sdtname":"Nagamangala","blkname":"NAGAMANGALA"},"type":"MultiPolygon","arcs":[[[-2095,1977,1978,-2055,-2207,1979,1980]],[[1981,1982,1983,1984,1985,1986,1987,1988,1989,1990,1991,1992,1993,1994,1995,1996,1997],[1998]]],"id":177},{"properties":{"gpcode":"219380","gpname":"JAVARANAHALLI","dtname":"Mandya","stname":"KARNATAKA","sdtname":"Nagamangala","blkname":"NAGAMANGALA"},"type":"MultiPolygon","arcs":[[[1999,-2748,-2093,2000,-2091,2001]],[[2002,2003]],[[-2025,2004]],[[2005,2006,2007,2008,2009,-2163,2010,-2780,2011,2012,2013,2014,2015,-2023,2016,-2107,2017,2018]]],"id":178},{"properties":{"gpcode":"219381","gpname":"KADABAHALLI","dtname":"Mandya","stname":"KARNATAKA","sdtname":"Nagamangala","blkname":"NAGAMANGALA"},"type":"Polygon","arcs":[[2019,2020,-2104,2021,2022,2023,2024,2025,-2120,2026]],"id":179},{"properties":{"gpcode":"219382","gpname":"KALINGANAHALLI","dtname":"Mandya","stname":"KARNATAKA","sdtname":"Nagamangala","blkname":"NAGAMANGALA"},"type":"MultiPolygon","arcs":[[[-2067,2027,-2065,2028,2029,2030]],[[2031]],[[2032,2033,2034,2035,2036,2037]],[[2038,2039,2040,2041,2042,2043,2044,2045,2046,-2084,2047,-2157,2048,-2155,2049,2050,-2176,2051,2052,2053],[2197]]],"id":180},{"properties":{"gpcode":"219383","gpname":"KANTHAPURA","dtname":"Mandya","stname":"KARNATAKA","sdtname":"Nagamangala","blkname":"NAGAMANGALA"},"type":"MultiPolygon","arcs":[[[2054,2055,2056,2057,2058,2059,2060,2061,2062,2063,2064,2065,2066,2067,2068,2069,2070,2071,2072,-2136,-2208],[2073],[2074,2075]],[[2076,2077,2078,2079,2080]],[[2081,2082,2083]]],"id":181},{"properties":{"gpcode":"219384","gpname":"KARADAHALLI","dtname":"Mandya","stname":"KARNATAKA","sdtname":"Nagamangala","blkname":"NAGAMANGALA"},"type":"MultiPolygon","arcs":[[[2084,2085,2086,-2122,-2743]],[[-2183,2087,2088,2089,2090,2091,2092,-2747,2093,2094,2095,2096,-2755,2097,2098,2099]],[[-2771,-2756]],[[2100,2101,-2774,2102,-2768]],[[2103,2104,2105,2106,2107]]],"id":182},{"properties":{"gpcode":"219385","gpname":"LALANAKERE","dtname":"Mandya","stname":"KARNATAKA","sdtname":"Nagamangala","blkname":"NAGAMANGALA"},"type":"MultiPolygon","arcs":[[[2108,2109,2110,2111]],[[2112,2113,2114,2115,2116,2117,2118,2119]]],"id":183},{"properties":{"gpcode":"219386","gpname":"MANNAHALLI","dtname":"Mandya","stname":"KARNATAKA","sdtname":"Nagamangala","blkname":"NAGAMANGALA"},"type":"Polygon","arcs":[[2120,-2744,2121,2122,2123,2124,2125,2126,2127,2128,2129,2130,2131,2132,2133]],"id":184},{"properties":{"gpcode":"219387","gpname":"MAYIGONAHALLI","dtname":"Mandya","stname":"KARNATAKA","sdtname":"Nagamangala","blkname":"NAGAMANGALA"},"type":"Polygon","arcs":[[2134,-2209,2135,2136,2137,2138,2139,2140,2141,2142,-2761]],"id":185},{"properties":{"gpcode":"219388","gpname":"NALLIGERE","dtname":"Mandya","stname":"KARNATAKA","sdtname":"Nagamangala","blkname":"NAGAMANGALA"},"type":"MultiPolygon","arcs":[[[2143,2144,2145,2146]],[[2147,-2766,2148,2149,2150,-2778]],[[2151,-2782,2152,-2784,2153,2154,2155,2156,2157,2158,2159,2160,-2773,2161,2162,2163,2164,2165,2166,2167,2168,2169,2170,2171,2172,2173,2174,2175]]],"id":186},{"properties":{"gpcode":"219389","gpname":"PALAGRAHARA","dtname":"Mandya","stname":"KARNATAKA","sdtname":"Nagamangala","blkname":"NAGAMANGALA"},"type":"MultiPolygon","arcs":[[[2176,2177,2178,2179]],[[2180,2181,2182,2183,2184,2185,2186,2187,2188,2189,2190,2191,2192,2193,2194,2195,2196]],[[2197]]],"id":187},{"properties":{"gpcode":"219390","gpname":"TUPPADAMADU","dtname":"Mandya","stname":"KARNATAKA","sdtname":"Nagamangala","blkname":"NAGAMANGALA"},"type":"Polygon","arcs":[[2198,-2759,2199,2200,2201,2202,2203,2204,2205,2206,2207,2208]],"id":188},{"properties":{"gpcode":"219391","gpname":"ARALAKUPPE","dtname":"Mandya","stname":"KARNATAKA","sdtname":"Pandavapura","blkname":"PANDAVAPURA"},"type":"Polygon","arcs":[[2209,-2390,2210,-2388,2211,-2324,2212,-2610,-2576,-2425,2213,-2423,2214,-2421,2215,-2419,2216,-2339]],"id":189},{"properties":{"gpcode":"219392","gpname":"BALAGATTA","dtname":"Mandya","stname":"KARNATAKA","sdtname":"Pandavapura","blkname":"PANDAVAPURA"},"type":"Polygon","arcs":[[2217,2218,2219,2220,2221,-2379,2222,-2481,-2494,2223,2224,2225,2226,2227,-2498,2228,-2502,2229,2230]],"id":190},{"properties":{"gpcode":"219393","gpname":"BANNANGADI","dtname":"Mandya","stname":"KARNATAKA","sdtname":"Pandavapura","blkname":"PANDAVAPURA"},"type":"Polygon","arcs":[[-2347,2231,-2345,2232,-2343,2233,-2341,2234,-2437,2235,-2435,2236,2237,-2271,2238,-2269,2239]],"id":191},{"properties":{"gpcode":"219394","gpname":"CHIKKADE","dtname":"Mandya","stname":"KARNATAKA","sdtname":"Pandavapura","blkname":"PANDAVAPURA"},"type":"Polygon","arcs":[[2240,-2412,2241,-2289,2242,-2556,2243,-2565,2244,-2563,2245,-2440,2246,2247,2248,-2332]],"id":192},{"properties":{"gpcode":"219395","gpname":"CHINAKURALI","dtname":"Mandya","stname":"KARNATAKA","sdtname":"Pandavapura","blkname":"PANDAVAPURA"},"type":"Polygon","arcs":[[2249,2250,-2294,2251,2252,-2353,2253,-2298,2254,-2304,2255,2256,2257,2258,2259,2260,2261,-2490]],"id":193},{"properties":{"gpcode":"219396","gpname":"DINKA","dtname":"Mandya","stname":"KARNATAKA","sdtname":"Pandavapura","blkname":"PANDAVAPURA"},"type":"MultiPolygon","arcs":[[[2262,2263,2264,2265]],[[-2301,2266,-2349,2267,2268,2269,2270,2271,2272,2273,2274,2275,2276,2277,2278,2279,2280,2281,2282,2283,2284]]],"id":194},{"properties":{"gpcode":"219397","gpname":"DODDABYADARAHALLI","dtname":"Mandya","stname":"KARNATAKA","sdtname":"Pandavapura","blkname":"PANDAVAPURA"},"type":"MultiPolygon","arcs":[[[2285,2286,-2712,2287,2288,2289,-2519,2290,-2522,-2410,2291,-2408,-2738]],[[-2466,2292,2293,2294,-2468,2295]]],"id":195},{"properties":{"gpcode":"219398","gpname":"GUMMANAHALLI","dtname":"Mandya","stname":"KARNATAKA","sdtname":"Pandavapura","blkname":"PANDAVAPURA"},"type":"Polygon","arcs":[[2296,2297,2298,-2351,2299,2300,2301,2302,2303]],"id":196},{"properties":{"gpcode":"219399","gpname":"HALEBEEDU","dtname":"Mandya","stname":"KARNATAKA","sdtname":"Pandavapura","blkname":"PANDAVAPURA"},"type":"MultiPolygon","arcs":[[[-2530,2304,-2528,2305,-2401,2306,-2532,2307]],[[-2370,2308,2309,2310,2311,2312,2313,2314,-2516,-2537,2315,-2535,-2515,-2460,2316,-2471,-2478,2317,-2476,2318,-2374,2319,-2403,-2372,2320]]],"id":197},{"properties":{"gpcode":"219400","gpname":"HARAVOO","dtname":"Mandya","stname":"KARNATAKA","sdtname":"Pandavapura","blkname":"PANDAVAPURA"},"type":"MultiPolygon","arcs":[[[-2456,2321,-2699,2322,2323,2324,-2387,2325,-2385,2326,-2445]],[[-2396,2327,-2394,2328,-2392,2329,-2338,-2398,2330]]],"id":198},{"properties":{"gpcode":"219401","gpname":"HIREMARALI","dtname":"Mandya","stname":"KARNATAKA","sdtname":"Pandavapura","blkname":"PANDAVAPURA"},"type":"Polygon","arcs":[[-2414,2331,2332,2333,-2523,-2464,2334,-2510,2335]],"id":199},{"properties":{"gpcode":"219402","gpname":"HONAGANAHALLI","dtname":"Mandya","stname":"KARNATAKA","sdtname":"Pandavapura","blkname":"PANDAVAPURA"},"type":"MultiPolygon","arcs":[[[2336,-2399,2337,2338,2339,-2417,2340,2341,2342,2343,2344,2345,2346,2347,2348,2349,2350,2351,2352]],[[2353,2354,2355,2356]]],"id":200},{"properties":{"gpcode":"219403","gpname":"JAKKANAHALLI","dtname":"Mandya","stname":"KARNATAKA","sdtname":"Pandavapura","blkname":"PANDAVAPURA"},"type":"MultiPolygon","arcs":[[[-2382,-2525,2357,2358,2359,2360,2361,2362]],[[2363,2364,2365,2366,2367,2368,2369,2370,2371,-2405,2372,2373,2374,-2474,2375,-2484,2376,-2483,2377,2378,2379,2380]]],"id":201},{"properties":{"gpcode":"219404","gpname":"K BETTAHALLI","dtname":"Mandya","stname":"KARNATAKA","sdtname":"Pandavapura","blkname":"PANDAVAPURA"},"type":"MultiPolygon","arcs":[[[-2526,2381,2382,-2447,2383,2384,2385,2386,2387,2388,2389,2390,2391,2392,2393,2394,2395,2396,2397,2398,2399,2400,2401]],[[2402,2403,2404]]],"id":202},{"properties":{"gpcode":"219405","gpname":"KANAGANA MARADI","dtname":"Mandya","stname":"KARNATAKA","sdtname":"Pandavapura","blkname":"PANDAVAPURA"},"type":"Polygon","arcs":[[2405,-2505,2406,2407,2408,2409,-2521,2410,2411,2412,2413,2414,-2509,2415,-2507]],"id":203},{"properties":{"gpcode":"219406","gpname":"KATTERI","dtname":"Mandya","stname":"KARNATAKA","sdtname":"Pandavapura","blkname":"PANDAVAPURA"},"type":"Polygon","arcs":[[2416,2417,2418,2419,2420,2421,2422,2423,2424,-2575,-2612,2425,2426,2427,2428,2429,2430,2431,2432,2433,2434,2435,2436,2437]],"id":204},{"properties":{"gpcode":"219407","gpname":"KENNALU","dtname":"Mandya","stname":"KARNATAKA","sdtname":"Pandavapura","blkname":"PANDAVAPURA"},"type":"Polygon","arcs":[[2438,2439,2440,-2561,2441,-2586,2442,-2459,2443,-2457,2444,2445,2446,2447,2448,2449,2450]],"id":205},{"properties":{"gpcode":"219408","gpname":"KYATHANAHALLI","dtname":"Mandya","stname":"KARNATAKA","sdtname":"Pandavapura","blkname":"PANDAVAPURA"},"type":"Polygon","arcs":[[2451,-2584,2452,-2703,2453,-2701,2454,2455,2456,2457,2458]],"id":206},{"properties":{"gpcode":"219409","gpname":"LAKSHMI SAGARA","dtname":"Mandya","stname":"KARNATAKA","sdtname":"Pandavapura","blkname":"PANDAVAPURA"},"type":"Polygon","arcs":[[2459,-2514,2460,-2512,2461,2462,2463,-2534,2464,2465,2466,2467,2468,-2488,2469,2470,2471]],"id":207},{"properties":{"gpcode":"219410","gpname":"MANIKANA HALLI","dtname":"Mandya","stname":"KARNATAKA","sdtname":"Pandavapura","blkname":"PANDAVAPURA"},"type":"Polygon","arcs":[[2472,2473,2474,2475,2476,2477,2478,-2486]],"id":208},{"properties":{"gpcode":"219411","gpname":"MELUKOTE","dtname":"Mandya","stname":"KARNATAKA","sdtname":"Pandavapura","blkname":"PANDAVAPURA"},"type":"Polygon","arcs":[[2479,-2495,2480,2481,2482]],"id":209},{"properties":{"gpcode":"219412","gpname":"NARAYANAPURA","dtname":"Mandya","stname":"KARNATAKA","sdtname":"Pandavapura","blkname":"PANDAVAPURA"},"type":"MultiPolygon","arcs":[[[2483,2484,2485,2486,2487,2488,2489,2490,2491,2492,2493,2494,2495]],[[2496,2497,2498,2499,2500,2501]]],"id":210},{"properties":{"gpcode":"219413","gpname":"SUNKATONNUR","dtname":"Mandya","stname":"KARNATAKA","sdtname":"Pandavapura","blkname":"PANDAVAPURA"},"type":"Polygon","arcs":[[2502,2503,2504,2505,2506,2507,2508,2509,2510,2511,2512,2513,2514,-2538,2515,2516]],"id":211},{"properties":{"gpcode":"219414","gpname":"T.S. CHATRA","dtname":"Mandya","stname":"KARNATAKA","sdtname":"Pandavapura","blkname":"PANDAVAPURA"},"type":"MultiPolygon","arcs":[[[2517,2518,2519,2520,2521]],[[2522,2523,2524,2525,2526,2527,2528,2529,2530,2531,2532,2533]],[[2534,2535,2536,2537]]],"id":212},{"properties":{"gpcode":"219415","gpname":"ARAKERE","dtname":"Mandya","stname":"KARNATAKA","sdtname":"Shrirangapattana","blkname":"SHRIRANGAPATTANA"},"type":"Polygon","arcs":[[-2555,-2551,2538,-2549,2539,-2547,2540,-2545,2541,-2648,2542,-2671,-2726]],"id":213},{"properties":{"gpcode":"219416","gpname":"BALLEKERE","dtname":"Mandya","stname":"KARNATAKA","sdtname":"Shrirangapattana","blkname":"SHRIRANGAPATTANA"},"type":"MultiPolygon","arcs":[[[2543,2544]],[[2545,2546,2547,2548,2549,2550]],[[-2725,-2639,2551,2552,-2593,2553,2554]]],"id":214},{"properties":{"gpcode":"219417","gpname":"BALLENAHALLI","dtname":"Mandya","stname":"KARNATAKA","sdtname":"Shrirangapattana","blkname":"SHRIRANGAPATTANA"},"type":"Polygon","arcs":[[2555,2556,-2710,2557,-2623,-2627,2558,-2588,2559,2560,2561,2562,2563,2564,2565]],"id":215},{"properties":{"gpcode":"219418","gpname":"BELAGOLA","dtname":"Mandya","stname":"KARNATAKA","sdtname":"Shrirangapattana","blkname":"SHRIRANGAPATTANA"},"type":"Polygon","arcs":[[-2609,2566,-2607,2567,-2697,2568,-2695,2569,-2605,2570,-2603,2571,-2601,2572,-2615,2573,-2613,2574,2575]],"id":216},{"properties":{"gpcode":"219419","gpname":"CHIKKAANKANAHALLI","dtname":"Mandya","stname":"KARNATAKA","sdtname":"Shrirangapattana","blkname":"SHRIRANGAPATTANA"},"type":"Polygon","arcs":[[2576,-2652,2577,-2650,2578,-2660,2579,-2658]],"id":217},{"properties":{"gpcode":"219420","gpname":"DARASAGUPPE","dtname":"Mandya","stname":"KARNATAKA","sdtname":"Shrirangapattana","blkname":"SHRIRANGAPATTANA"},"type":"MultiPolygon","arcs":[[[2580,-2633,2581,-2705,2582,2583,2584,2585,2586,-2635]],[[2587,2588,-2625,2589]]],"id":218},{"properties":{"gpcode":"219421","gpname":"GAMANAHALLI","dtname":"Mandya","stname":"KARNATAKA","sdtname":"Shrirangapattana","blkname":"SHRIRANGAPATTANA"},"type":"Polygon","arcs":[[2590,2591,2592,2593,2594,2595,2596,2597]],"id":219},{"properties":{"gpcode":"219422","gpname":"HOSAHALLI","dtname":"Mandya","stname":"KARNATAKA","sdtname":"Shrirangapattana","blkname":"SHRIRANGAPATTANA"},"type":"MultiPolygon","arcs":[[[2598,-2617,2599,2600,2601,2602,2603,2604,2605,-2693]],[[2606,2607,2608,2609,2610]]],"id":220},{"properties":{"gpcode":"219423","gpname":"HULIKERE","dtname":"Mandya","stname":"KARNATAKA","sdtname":"Shrirangapattana","blkname":"SHRIRANGAPATTANA"},"type":"Polygon","arcs":[[2611,2612,2613,2614,2615,2616,2617]],"id":221},{"properties":{"gpcode":"219425","gpname":"K.SHETTAHALLI","dtname":"Mandya","stname":"KARNATAKA","sdtname":"Shrirangapattana","blkname":"SHRIRANGAPATTANA"},"type":"Polygon","arcs":[[-2720,-2675,2618,-2655,2619,2620,-2630,2621,-2628,2622,2623,-2708]],"id":222},{"properties":{"gpcode":"219426","gpname":"KIRANGUR","dtname":"Mandya","stname":"KARNATAKA","sdtname":"Shrirangapattana","blkname":"SHRIRANGAPATTANA"},"type":"Polygon","arcs":[[2624,2625,2626,2627,2628,2629,2630,2631,2632,2633,2634,2635]],"id":223},{"properties":{"gpcode":"219427","gpname":"KODIYALA","dtname":"Mandya","stname":"KARNATAKA","sdtname":"Shrirangapattana","blkname":"SHRIRANGAPATTANA"},"type":"Polygon","arcs":[[2636,2637,2638,-2724,2639,-2733,2640,2641,2642,2643,2644,2645]],"id":224},{"properties":{"gpcode":"219428","gpname":"MAHADEVAPURA","dtname":"Mandya","stname":"KARNATAKA","sdtname":"Shrirangapattana","blkname":"SHRIRANGAPATTANA"},"type":"Polygon","arcs":[[-2673,2646,2647,2648,2649,2650,2651,2652,-2657,2653]],"id":225},{"properties":{"gpcode":"219429","gpname":"MELAPURA","dtname":"Mandya","stname":"KARNATAKA","sdtname":"Shrirangapattana","blkname":"SHRIRANGAPATTANA"},"type":"Polygon","arcs":[[2654,2655,2656,2657,2658,2659,2660,-2686,2661,-2684,2662,-2682,2663,-2680,2664,-2678,2665,2666,2667]],"id":226},{"properties":{"gpcode":"219430","gpname":"MUNDUGADORE","dtname":"Mandya","stname":"KARNATAKA","sdtname":"Shrirangapattana","blkname":"SHRIRANGAPATTANA"},"type":"Polygon","arcs":[[2668,-2717,2669,-2727,2670,2671,2672,2673,2674,-2719]],"id":227},{"properties":{"gpcode":"219431","gpname":"NAGUVANAHALLI","dtname":"Mandya","stname":"KARNATAKA","sdtname":"Shrirangapattana","blkname":"SHRIRANGAPATTANA"},"type":"Polygon","arcs":[[2675,2676,2677,2678,2679,2680,2681,2682,2683,2684,2685,2686,-2691,2687]],"id":228},{"properties":{"gpcode":"219432","gpname":"PALAHALLI","dtname":"Mandya","stname":"KARNATAKA","sdtname":"Shrirangapattana","blkname":"SHRIRANGAPATTANA"},"type":"Polygon","arcs":[[2688,2689,2690,2691,2692,2693,2694,2695,2696,2697,2698,2699,2700,2701,2702,2703,2704]],"id":229},{"properties":{"gpcode":"219433","gpname":"SABBANAKUPPE","dtname":"Mandya","stname":"KARNATAKA","sdtname":"Shrirangapattana","blkname":"SHRIRANGAPATTANA"},"type":"Polygon","arcs":[[2705,2706,-2721,2707,2708,2709,2710,2711,2712,2713]],"id":230},{"properties":{"gpcode":"219434","gpname":"T.M.HOSUR","dtname":"Mandya","stname":"KARNATAKA","sdtname":"Shrirangapattana","blkname":"SHRIRANGAPATTANA"},"type":"Polygon","arcs":[[2714,-2729,2715,2716,2717,2718,2719,2720,2721]],"id":231},{"properties":{"gpcode":"219435","gpname":"THADAGAVADI","dtname":"Mandya","stname":"KARNATAKA","sdtname":"Shrirangapattana","blkname":"SHRIRANGAPATTANA"},"type":"Polygon","arcs":[[2722,2723,2724,2725,2726,2727,2728,2729,2730,2731,2732]],"id":232},{"properties":{"gpcode":"272687","gpname":"MARCHAKANAHALLY","dtname":"Mandya","stname":"KARNATAKA","sdtname":"Mandya","blkname":"MANDYA"},"type":"Polygon","arcs":[[2733,2734,2735,2736,2737,2738,2739,2740]],"id":233},{"properties":{"gpcode":"272691","gpname":"HULIKERE","dtname":"Mandya","stname":"KARNATAKA","sdtname":"Nagamangala","blkname":"NAGAMANGALA"},"type":"MultiPolygon","arcs":[[[2741,2742,2743,2744,2745,2746,2747,2748]],[[2749,2750]],[[2751,2752,2753,2754]],[[2755,2756,2757,2758,2759,2760,2761,2762,2763,2764]],[[2765,2766,2767,2768,2769,2770]],[[2771,2772,2773,2774,2775,2776,2777,2778,2779]],[[2780,2781,2782,2783]]],"id":234}],"type":"GeometryCollection"}},"bbox":[76.3296253,12.2179124,77.3338035,13.0553354],"transform":{"scale":[1.0041882418824172e-05,8.374313743137442e-06],"translate":[76.3296253,12.2179124]},"arcs":[[[23820,24789],[-149,53],[-363,283],[-781,467]],[[23700,25876],[183,-446],[187,38],[0,470]],[[20588,29183],[-59,-306],[-22,-26],[-131,21]],[[19672,28304],[20,-343],[167,-371]],[[20196,27266],[68,-160],[225,-15]],[[21952,27148],[-47,-256]],[[21753,26484],[-201,70],[-1422,163],[-1872,1284]],[[18446,29660],[-1,852]],[[20103,31123],[-20,-334],[141,-2],[471,260]],[[15031,32244],[11,-158],[-45,-119]],[[15355,31702],[202,-26],[252,-92]],[[16123,31041],[201,-118]],[[16699,29093],[-45,-273],[-161,312],[-360,419],[-321,291],[-435,277],[-725,357],[-824,161],[-452,137],[-273,155],[-434,354]],[[14518,32902],[275,-53]],[[14728,32522],[6,-119],[6,-79]],[[32275,31873],[-147,-23],[-86,24],[-29,54],[-2,626]],[[32231,32940],[10,159],[-49,122]],[[32265,33315],[18,124],[-2,395]],[[35709,34077],[-224,-243],[-70,-169],[12,-194],[375,-632],[-55,-225],[-65,-80]],[[34383,32019],[-966,-111],[-729,171]],[[15010,50920],[34,59],[-17,187]],[[14563,52018],[-68,1539]],[[16870,52903],[-382,-570],[-15,-178],[31,-326]],[[29874,64633],[-62,-106],[-102,-17],[-159,9]],[[29273,65438],[487,-311]],[[30258,67884],[-518,-66],[-495,49]],[[26525,69201],[16,-79],[-42,36],[-42,170],[68,284],[57,100]],[[27389,70036],[145,-306]],[[31247,79259],[44,536],[198,560]],[[74816,20022],[-102,-36],[-445,-26],[-80,-329],[-75,-609]],[[74114,19022],[-664,44],[-205,-121]],[[72001,18120],[-14,-108]],[[71693,17993],[-43,187],[31,162],[84,160],[-12,46],[-214,-12],[-318,83],[-274,86]],[[71160,20318],[39,191]],[[74297,20557],[46,7],[-18,-87],[243,-53],[197,-123]],[[34475,23497],[-89,146],[-301,209]],[[34085,23852],[-135,16],[8,82],[272,225]],[[34034,25109],[1516,-48]],[[62307,30385],[-783,-121],[-525,-443]],[[60999,29821],[-59,1440],[54,411]],[[56772,35787],[-54,-320]],[[54629,38192],[96,9]],[[55351,39035],[610,-154]],[[56639,39128],[133,62],[272,3]],[[57963,38917],[275,-182],[50,-47]],[[59141,36383],[-320,-18]],[[58589,36289],[-211,13],[-293,-85]],[[72156,45106],[566,-607],[197,-412],[25,-220],[-18,-203],[-102,-335],[-4,-172]],[[71300,42151],[-249,-20]],[[71169,42678],[-69,-83],[-340,-112]],[[69647,43463],[89,248],[264,101]],[[69390,44766],[-199,30],[-28,-9]],[[69157,44613],[-204,-297],[-725,1348]],[[72035,47295],[165,-291],[115,-287],[102,-453],[10,-436]],[[41105,70748],[-230,21],[-9,220],[-245,96]],[[40477,71190],[-89,229],[-91,866]],[[41624,73162],[31,-165],[107,-52]],[[42984,73752],[839,-321]],[[44987,72502],[602,150]],[[44280,71837],[-116,-312],[-90,-123]],[[43798,71200],[-65,-133],[-168,-146],[-29,-192]],[[40756,92286],[1,-128],[15,-185]],[[41352,90774],[243,-241],[-3,-64],[-48,-53]],[[41103,89545],[-493,-56]],[[40458,88605],[-592,54]],[[39812,90410],[-268,159]],[[37656,92175],[265,130],[294,245],[208,261]],[[39137,93687],[18,59]],[[43437,93418],[68,624]],[[43516,94647],[376,16]],[[45793,93337],[-50,-223]],[[95546,16773],[-60,168],[-7,231]],[[95866,18382],[67,-99],[37,3]],[[21348,71440],[17,-135],[-3,-142],[-173,-909],[4,-469],[64,-861]],[[21662,68166],[-194,-197]],[[17642,67601],[-157,-132],[-150,-206],[-104,-80]],[[17088,67143],[-219,52],[-86,-25],[-377,270],[-376,704],[-25,102],[55,437],[155,304],[146,481],[44,363],[-47,331],[-135,36],[-198,-29],[-39,38],[-5,69],[96,194],[163,219],[36,205],[292,265],[261,399],[40,-23],[81,83],[246,359],[59,153],[190,-44],[413,35],[21,97],[44,5],[42,-68],[153,177],[138,83],[119,0],[45,137],[367,102],[-79,886],[61,70],[242,838],[897,-33],[596,378],[112,-107],[430,-246],[564,-133],[273,227]],[[19638,57920],[146,-230],[128,-1118]],[[19294,55211],[-181,187],[-299,174]],[[19314,55049],[31,-1139]],[[20057,53209],[40,4],[-77,-107],[-60,-209],[-289,-414],[-349,-121]],[[18642,52120],[-41,-2],[-46,261]],[[18255,52450],[-300,32],[-669,-32]],[[16480,52263],[58,168],[332,472]],[[16870,52903],[170,541],[65,84],[86,220],[10,208],[-116,157],[-78,59],[-137,-34],[-77,592],[10,124],[67,63],[-662,-4],[-40,-24],[-54,-168],[-115,-20],[-21,-151],[-114,-87],[-223,180],[-182,207]],[[15197,59383],[291,359]],[[23968,55736],[-23,-90],[-433,-247],[-118,-43],[-95,20]],[[22829,55465],[-33,-48]],[[22957,57034],[260,-194],[523,187]],[[8618,72473],[537,-168]],[[9530,72491],[1649,-251],[169,-3],[234,57],[41,-163],[-77,-39],[51,-328],[133,5],[243,-441],[45,-278],[57,-125],[583,-418],[116,-354],[8,-110]],[[12149,67195],[-1453,-120]],[[8601,69118],[254,146]],[[7977,49659],[594,-262],[5,-77],[-222,-191]],[[8179,48597],[-147,-153]],[[7719,48517],[-27,-80],[11,-58]],[[7804,48277],[23,-122],[-42,-239]],[[7132,46718],[-19,-224],[48,-335]],[[5755,42793],[-32,-231],[-702,144],[-218,-5],[-17,137],[-93,-10],[-47,363],[-177,622],[-176,1474],[-376,743],[99,329],[-322,58],[-322,125],[50,897],[-65,1309]],[[6405,48855],[138,-244]],[[7086,48545],[155,561],[4,73]],[[9451,42680],[-87,-982]],[[8836,40424],[-680,191],[-111,-43],[-742,-563],[-403,24],[-238,-184],[-403,2],[-162,24],[-58,53],[-195,689],[55,295],[233,585],[620,431],[-127,512],[-902,122],[3,158],[29,73]],[[5755,42793],[106,56],[673,-114],[4,809],[174,44],[33,531],[202,165],[34,156],[-2,263],[142,458]],[[7871,44743],[475,-526],[96,-54]],[[25377,49949],[803,311],[-165,-1051],[-45,-1497],[-359,-91]],[[24990,47481],[-116,-18],[-270,-5]],[[7650,68368],[367,412],[584,338]],[[8601,69118],[57,-225],[110,-244],[178,55]],[[9530,72491],[-375,-186]],[[9155,72305],[-104,8],[-433,160]],[[8618,72473],[-153,182],[149,-900],[-163,-513],[-104,-211],[-247,-316],[-131,45],[-116,120],[-54,111],[-162,86],[-433,6],[-224,106],[-478,126],[-20,-62]],[[6482,71253],[-573,268],[-654,-30]],[[4089,71376],[-110,331],[-244,450],[-5,321],[235,450],[419,222],[113,124],[114,-91],[87,-331],[64,10],[230,238],[136,20],[175,104],[127,243],[38,221],[151,111],[39,351],[126,310],[-221,244],[-13,96],[81,97],[267,21],[167,-96],[232,213],[289,151],[118,-5],[147,-83],[73,31],[58,-39],[68,42],[195,-165],[62,76],[114,31],[84,-33],[285,-272],[68,-4],[18,162],[-56,889],[-113,344],[-5,412],[74,468],[-51,231],[258,24],[376,-92],[206,-137],[37,-368],[77,-159],[86,-81],[764,-33],[13,-220],[76,-141],[34,-541],[-138,-447],[0,-146],[-388,-9],[-113,-432],[50,-220],[72,-107],[107,-756],[41,-156],[113,-221],[134,-538]],[[26114,42825],[-126,-48]],[[25246,42626],[-7,382]],[[18706,45102],[103,-39],[139,133],[137,9],[99,102],[16,-945]],[[18183,43734],[-21,-250],[-96,-30],[-422,20]],[[16457,43196],[-78,-368]],[[15752,44414],[-82,341],[19,351]],[[18183,45385],[-41,215],[20,108]],[[18095,48150],[145,-6]],[[16105,46826],[-164,-66]],[[15301,47808],[285,472],[526,302]],[[17204,48508],[-13,251]],[[18644,33967],[-116,-1067],[10,-40]],[[18917,32818],[-19,-625],[-26,-101],[-102,-30]],[[18439,30730],[14,-723],[-7,-347]],[[18446,29660],[-188,-1659]],[[18258,28001],[-258,112],[-210,42],[-199,-37],[-435,-228],[-286,204],[-216,726],[140,1079],[-83,1341]],[[16604,34055],[99,487],[58,153]],[[18710,34520],[-81,-43]],[[19818,36774],[-420,-1003]],[[18917,35778],[-940,554],[-297,138],[-328,92],[-41,46],[-120,409],[-123,182]],[[16728,37693],[-400,233],[-397,146]],[[17133,39119],[492,-227],[534,95]],[[18889,48215],[-330,-70],[-464,5]],[[18095,48150],[-38,246],[-56,74]],[[18001,48470],[-63,286],[-151,990]],[[17824,50656],[61,24],[94,-4],[325,-156],[109,24]],[[18868,51147],[391,-680],[18,-126]],[[5777,54880],[-396,29]],[[5500,55487],[93,117],[184,156]],[[12586,53130],[37,-940],[-32,-991],[-22,-52]],[[10631,46298],[-147,1045]],[[11097,47098],[439,-83],[25,15]],[[11139,49057],[-130,208],[-190,846]],[[10477,50899],[-310,37],[-721,-2]],[[8580,49337],[-9,60],[-254,140],[-340,122]],[[7977,49659],[-510,-78],[-218,-95],[-116,63]],[[6676,50251],[-25,409]],[[6846,52147],[44,168],[85,71],[255,-25],[128,32]],[[8565,53961],[-18,406],[-97,136]],[[9665,54381],[242,-614],[223,-414]],[[8686,66003],[-473,-149]],[[7799,66572],[159,70],[363,49],[408,365],[258,313],[105,0]],[[18917,35778],[481,-7]],[[19398,35771],[-28,-81]],[[18855,34584],[-145,-64]],[[18710,34520],[-284,11],[-3,227],[-169,-28]],[[16679,36145],[632,463],[83,-68],[362,-102],[557,-281],[604,-379]],[[8450,54503],[114,-201],[1,-341]],[[8565,53961],[-183,-316],[-54,-2],[-341,-261],[-48,-136],[-14,-190],[-75,-86],[6,-158],[-70,-112],[-428,-307]],[[7358,52393],[-443,-34],[-69,-212]],[[6846,52147],[12,-73],[129,47],[-22,-182],[34,-288],[-86,-357],[-219,-416],[-43,-218]],[[6651,50660],[-4,-255],[29,-154]],[[6676,50251],[95,-211],[97,-122],[269,-204],[-4,-165]],[[7133,49549],[112,-370]],[[7245,49179],[-159,-634]],[[7086,48545],[-235,-62],[41,99],[-30,124],[-179,54],[-140,-149]],[[6543,48611],[-75,115],[-63,129]],[[6405,48855],[103,324],[120,180],[-8,219],[-55,8],[-108,-27],[-143,-173],[-521,-368],[-797,-105],[-343,-147],[-1296,-18]],[[3357,48748],[-75,293],[-170,274],[-865,1055],[-39,662],[21,451],[-40,199],[-162,187],[-797,406],[-6,438],[217,453],[380,626],[74,24],[421,-74],[-71,537],[126,11]],[[4894,54892],[883,-12]],[[5777,54880],[209,-97],[50,105],[118,43],[122,-61],[16,-214],[462,-15],[-29,563],[-139,760]],[[7979,56012],[-4,-162]],[[8286,54625],[164,-122]],[[10130,53353],[-353,706],[-112,322]],[[9665,54381],[282,595]],[[10198,55005],[684,-33],[260,-208],[145,-447]],[[11417,53561],[-828,-106],[-459,-102]],[[21766,45645],[98,-101],[80,-21],[168,215]],[[14556,59793],[-484,-258],[-128,-46]],[[17100,65305],[9,764],[-47,311]],[[16936,66616],[8,540],[144,-13]],[[17088,67143],[143,40]],[[17231,67183],[411,418]],[[17642,67601],[576,-117],[721,-239],[237,11]],[[19542,65916],[-132,-748]],[[18543,63133],[32,-439],[78,-236]],[[18486,60227],[-299,-165]],[[14056,62757],[-170,185],[-41,136]],[[13530,66715],[160,-109],[107,-23],[94,-221],[69,-81],[234,-140],[262,-13],[138,91],[194,42],[5,935],[611,421],[293,136],[235,55],[115,-303],[87,-422],[-42,-467],[-110,-325],[83,-369],[110,-263],[80,-64]],[[19637,38966],[-467,118],[-753,-99],[-258,2]],[[18159,38987],[-395,-85],[-139,-10],[-135,66],[-26,19]],[[17591,39364],[12,187],[-56,1748]],[[17513,41349],[-101,31],[-197,-170]],[[16147,42056],[232,772]],[[16379,42828],[43,297],[35,71]],[[16457,43196],[215,-224],[102,-52],[96,46],[32,104],[96,69],[357,-66],[44,338],[245,63]],[[17644,43474],[474,-13],[62,46],[3,227]],[[18183,43734],[1104,0]],[[18179,42179],[-142,-84],[-586,497]],[[20514,46714],[-63,56],[-120,-23],[-127,-135]],[[19195,45447],[-11,-140],[-68,-83],[-168,-28],[-116,-126],[-126,32]],[[18706,45102],[-99,-39],[-70,226],[-48,367],[-327,52]],[[18162,45708],[-38,193],[-15,213]],[[18109,46114],[50,96],[-68,355],[149,1579]],[[18240,48144],[428,21]],[[22369,70656],[20,-104]],[[21200,70350],[62,217],[8,188],[94,471]],[[23307,47522],[-339,-300],[-124,-339],[-158,-135],[-445,255],[33,1336]],[[17162,49297],[42,-789]],[[17204,48508],[-275,-62],[-59,-151],[-401,-171],[19,229],[-101,10],[-275,219]],[[16112,48582],[-404,-251],[-56,12],[286,422]],[[21056,48614],[-413,-225],[-613,-177],[-274,-25]],[[19452,48217],[364,582],[380,934],[-9,189],[-78,327]],[[20109,50249],[140,63],[40,-70],[7,-241]],[[8882,60359],[147,2],[177,-183]],[[9206,60178],[-1,-289],[327,-88],[470,-3]],[[7877,56402],[-442,1032]],[[6938,58091],[-102,477]],[[13041,64572],[129,-41],[566,44]],[[12996,62021],[-71,-221],[5,-166],[37,-141]],[[11468,60146],[-91,66],[-176,256],[-202,370],[-133,366],[-345,-64],[-13,151],[49,377],[-228,-16],[-174,295],[-95,100],[-58,7],[-185,211]],[[8083,62576],[37,672],[-7,896]],[[9534,62281],[-358,36],[-342,-29],[-714,-175],[0,277]],[[7589,67762],[66,-606],[144,-584]],[[7799,66572],[16,-448],[-49,-228]],[[7766,65896],[50,-253]],[[8113,64144],[17,-237],[-47,-1331]],[[8083,62576],[37,-186]],[[8120,62390],[29,-1680]],[[8006,60576],[-992,-694],[-169,-48]],[[3390,63615],[-786,-21],[-234,58],[-507,499],[-489,551],[-54,94],[-60,273],[9,198]],[[16699,29093],[-140,126],[-185,291],[11,739],[-106,515],[45,159]],[[16324,30923],[438,-278],[-18,-172],[50,-574],[-95,-806]],[[15704,38116],[409,-95],[412,-190],[203,-138]],[[16728,37693],[9,-116],[98,-161],[233,-217]],[[17068,37199],[111,-163],[132,-428],[-1004,-746]],[[16761,34695],[-157,-640]],[[16604,34055],[172,-222],[-111,-826],[-23,-707],[-45,-204]],[[15622,32796],[-594,1],[-510,105]],[[14518,32902],[-87,-258],[-72,-378],[-333,-410],[31,-688],[-49,-256],[-370,179],[-277,273],[-292,409],[-362,17],[57,-375],[-95,-132]],[[12669,31283],[-508,443],[-155,221],[-72,229],[38,585],[-98,461],[-3,145],[96,467],[236,493],[-65,101]],[[12210,39685],[199,-134]],[[27185,60544],[174,-255]],[[26833,50527],[-891,-349]],[[25727,52120],[-93,359],[-116,747]],[[19694,52509],[266,388],[85,265],[137,96],[249,-6]],[[22606,55309],[223,156]],[[22829,55465],[183,-17],[126,48],[161,-120]],[[23299,55376],[132,-14],[523,298],[14,76]],[[23968,55736],[280,452],[-508,839]],[[23740,57027],[72,44],[67,139]],[[24546,59600],[-31,200],[-58,100],[-75,297],[1384,714],[716,-471]],[[18814,55572],[172,-83],[223,-172],[85,-106]],[[19294,55211],[20,-162]],[[19314,55049],[-118,-21],[-771,62],[-138,42],[-399,-31],[-12,167],[-73,97],[151,414],[64,-102],[71,5],[44,376],[59,155],[74,-29],[284,-364],[178,-111],[86,-137]],[[19410,65168],[-51,-171]],[[18879,63685],[-197,-242],[-139,-310]],[[18543,63133],[-140,-18],[-108,254],[-256,-76],[-146,204],[-61,188],[-63,444],[218,322],[295,862],[629,-143],[499,-2]],[[11139,49057],[435,-332],[294,-521],[12,-144],[-68,-402],[-156,-185],[-95,-443]],[[11561,47030],[-205,5],[-259,63]],[[11097,47098],[-58,184],[-220,-23],[-42,6],[-14,90],[-279,-12]],[[10484,47343],[68,-574]],[[7121,45161],[-66,270],[106,728]],[[7161,46159],[-48,459],[19,100]],[[7132,46718],[115,190],[381,313],[83,179],[66,66],[54,338],[-46,112]],[[7785,47916],[3,91],[45,75],[-29,195]],[[7804,48277],[-101,102]],[[7703,48379],[16,138]],[[7719,48517],[102,-10],[138,-73],[73,10]],[[8032,48444],[70,61],[77,92]],[[8179,48597],[33,107],[-94,78],[-15,109],[25,39],[79,-46],[74,17],[73,228]],[[8354,49129],[192,137],[34,71]],[[8580,49337],[216,-202]],[[10819,50111],[173,-798],[147,-256]],[[14515,52749],[48,-731]],[[14563,52018],[593,-87],[43,-292],[-70,-421],[-71,-3],[-31,-49]],[[15027,51166],[23,-119],[-40,-127]],[[15010,50920],[-219,15],[-12,163],[-110,-14],[-72,92],[39,117],[-107,-73],[-60,-290],[-65,-17],[4,-533],[271,51],[0,-139],[249,10],[8,-163],[353,-23],[9,156],[72,100],[73,577],[54,127],[105,60],[40,353],[50,106],[139,125],[34,68],[-9,105],[648,-64]],[[16504,51829],[25,-235]],[[16577,51467],[94,-57]],[[16622,50479],[-65,-110],[-259,-299]],[[16526,49458],[-242,-181],[-232,-53],[-99,-63]],[[15282,49487],[-55,-7],[-64,22]],[[15063,49668],[-116,12],[-37,-51],[-12,-264]],[[14802,49271],[-55,-353]],[[13449,47056],[-210,442],[-273,468],[-300,714],[-364,511],[-254,485],[-172,412],[-97,93],[-74,226],[72,217],[284,450],[128,268],[380,-195]],[[12569,51147],[40,144],[8,1088]],[[9758,38670],[4,61],[-827,362],[0,106],[-456,284],[-39,431],[-247,266],[-60,417],[950,-252]],[[12967,61493],[-54,224],[83,304]],[[13791,63069],[265,-312]],[[14056,62757],[535,-308],[332,-214],[120,-117],[979,-601],[-337,-996],[230,-238],[115,-269],[840,8],[471,-91],[846,131]],[[18187,60062],[-93,-514],[-463,-205],[-75,-306],[-269,0],[22,-412],[-148,-89],[33,-201],[-220,-16],[-104,117],[-224,-57],[-151,471],[-76,458],[-188,504],[-743,-70]],[[15488,59742],[-231,-272],[-60,-87]],[[15197,59383],[65,-103],[-282,-1267],[-455,-206],[-445,-291],[1594,-131],[-1,-481],[-457,19],[95,-445],[-60,-66],[129,-682],[0,-144],[-97,-132],[232,-321],[-56,-283]],[[15459,54850],[-2117,-737]],[[13009,56411],[-37,396]],[[12853,56980],[-567,358],[-205,390],[-314,740]],[[11468,60146],[191,124],[107,137],[83,253],[551,71],[434,-8],[404,52],[-85,747],[-186,-29]],[[13944,59489],[612,304]],[[14556,59793],[-113,1167],[12,107],[-1217,-292],[38,-580],[138,-187],[199,-164],[58,-107],[-2,-112],[256,-93],[19,-43]],[[8032,64841],[-266,1055]],[[7766,65896],[232,-49],[215,7]],[[8213,65854],[405,113],[66,-99],[196,-626]],[[21037,44720],[1455,16]],[[23492,42890],[-63,-45]],[[21570,39606],[-357,-1288],[-123,-592]],[[19818,36774],[-77,669],[-104,1523]],[[19637,38966],[43,90],[486,504],[574,102],[43,38],[98,247],[129,21],[6,330],[-42,479],[-128,614],[148,96],[3,170],[226,70],[181,-3],[0,113],[-539,79],[-8,84],[124,126],[10,146],[-175,-48],[-895,53],[44,508],[-104,-3],[16,241],[-65,109],[-40,569],[-358,152],[-127,-119]],[[19287,43734],[-237,313],[24,310],[126,5]],[[19200,44362],[-5,1085]],[[19195,45447],[220,135],[731,-112]],[[12149,67195],[-6,363],[-75,565],[-116,-13],[14,315],[63,347],[82,14],[-18,136],[64,215],[-10,184],[195,394],[113,133],[116,75],[127,27],[84,93]],[[12782,70043],[255,-137],[191,-44],[127,367],[55,-2],[283,-201],[237,-230],[-61,-224],[17,-101],[231,-114],[33,-82],[-42,-73],[-130,42],[-66,-62],[26,-189],[-102,-36],[-33,-81],[8,-143],[-238,-27],[-195,-304],[-190,-22],[-30,-163],[-105,4],[-172,-113],[-140,68],[-149,-250],[-102,-684],[-341,-47]],[[13530,66715],[9,-540],[-151,-318],[-254,-233],[-77,-124],[15,-704],[-31,-224]],[[13041,64572],[-417,-31],[-244,55],[-212,107],[-82,-246],[-324,-151],[-985,18],[-237,-76],[-178,39],[25,-224],[-90,-269],[-109,-205],[-29,-254],[-81,-143],[-288,-149],[38,-431],[-11,-347]],[[9817,62265],[-283,16]],[[9534,62281],[-6,409],[-91,22],[66,407],[-194,638],[-39,656],[-390,-26],[-767,-243]],[[8032,64841],[371,7],[459,128],[18,266]],[[8880,65242],[-120,420],[-142,305],[68,36]],[[8686,66003],[401,24],[430,104]],[[11652,66279],[39,64],[178,216]],[[11903,67190],[379,5],[208,47],[88,-65],[256,-372],[609,-45],[87,-45]],[[9393,42833],[-311,24],[-144,380],[-190,902]],[[8748,44139],[82,112],[83,78],[203,97],[302,78],[507,-195],[343,-249],[107,-214]],[[10084,43328],[-418,-98],[-70,-53]],[[10819,50111],[-241,-231],[-48,-104],[-29,-247],[-658,-129],[-168,-80],[-4,51],[-314,100],[-58,-159],[-62,-53],[-275,34],[-166,-158]],[[8796,49135],[45,457],[-66,329],[-155,382],[37,163],[56,81],[124,19],[129,129],[99,20],[236,143],[8,42],[137,34]],[[9446,50934],[967,-10],[64,-25]],[[10477,50899],[261,-546],[81,-242]],[[7816,65643],[216,-802]],[[8032,64841],[56,-295],[25,-402]],[[8113,64144],[-513,-261],[-84,241],[-43,-30],[-55,180],[-314,649],[712,720]],[[17100,65305],[-60,-46],[-37,-187],[-206,-243],[-412,28],[-437,-182],[-181,-37],[-44,584],[-51,134],[16,292],[403,-80],[164,27]],[[16255,65595],[391,411],[261,196],[29,414]],[[16936,66616],[126,-236]],[[17062,66380],[34,-191],[4,-884]],[[10696,67075],[1207,115]],[[11903,67190],[-34,-631]],[[11869,66559],[-217,-280]],[[11652,66279],[-16,-143],[-75,-84],[-64,-18],[-149,40],[-38,-19],[-24,-81],[-80,-26],[-284,19],[-362,-47],[-363,-167],[-521,125],[-159,253]],[[9517,66131],[47,129],[-77,292],[-41,344],[-215,-47],[-69,289],[-102,16],[32,215]],[[9092,67369],[3,446],[110,163],[-259,726]],[[8946,68704],[134,-130],[-12,-58],[162,-55],[376,-281],[369,-177],[119,-238],[100,49],[439,-252],[63,-487]],[[8855,69264],[-604,-328],[-234,-156],[-177,-178],[-190,-234]],[[7650,68368],[-69,-395],[8,-211]],[[7589,67762],[-714,66],[-76,41],[-74,167],[-35,425],[-56,47],[-87,-6],[-105,149],[-340,-73],[-104,52],[-108,-161],[-532,-39],[-207,72]],[[5151,68502],[-128,89],[-333,316]],[[5442,70825],[194,280],[189,221]],[[6010,71480],[472,-227]],[[6482,71253],[23,-175],[-69,-75],[340,-681],[83,-270],[41,-324],[-37,-190],[278,313],[483,185],[870,49],[135,68],[438,61],[598,-133],[469,-45],[121,-195],[155,-140],[82,-185],[105,-512],[-298,-214],[-240,-114],[-490,302],[-356,172],[-358,114]],[[5825,71326],[-383,-501]],[[5442,70825],[-265,-506],[-353,-351],[-80,-143],[-54,-918]],[[4690,68907],[461,-405]],[[5151,68502],[-51,-424],[-6,-406],[64,-506],[-185,-409],[-91,-288],[-63,-396],[-231,-2],[-103,182],[-411,-11],[-146,163],[-199,62],[80,265],[-80,349],[-909,105],[2,-267],[-314,-139],[-149,-109],[-67,-113],[15,-79],[86,-93],[300,-159],[90,-239],[-179,-26],[-175,-77],[-182,-179],[-16,-144],[121,-236],[-48,-97],[-105,-32],[-207,135],[-213,12],[-510,-77]],[[1269,65267],[31,191],[57,108],[138,103],[273,108],[166,153],[57,101],[36,425],[-214,506],[-20,198],[24,149],[183,389],[-10,89],[-80,137],[-47,19],[-628,-112],[-354,0],[-158,29],[-211,119],[-35,58],[-54,499],[-223,434],[-139,503],[-61,365],[55,744],[38,149],[126,205],[259,70],[285,-16],[736,-96],[431,-276],[1259,-1],[429,-81],[232,52],[96,85],[100,202],[48,203],[-5,298]],[[4089,71376],[276,51],[294,-18],[417,-119],[105,51],[74,150]],[[5255,71491],[516,37],[239,-48]],[[6010,71480],[-185,-154]],[[15622,32796],[-62,-356],[34,-410],[1003,66]],[[16597,32096],[41,-619],[73,-237]],[[16711,31240],[51,-595],[-639,396]],[[16123,31041],[-179,67],[-168,13],[-57,53],[0,119],[90,291]],[[15809,31584],[-67,39],[-387,79]],[[15355,31702],[-145,-52],[-325,-291],[-78,-26],[-107,46],[-28,86],[56,205],[269,297]],[[14997,31967],[56,212],[-22,65]],[[15031,32244],[-202,14],[-89,66]],[[14740,32324],[-12,198]],[[14728,32522],[65,327]],[[14793,32849],[454,-66],[375,13]],[[13897,42751],[-220,-141],[-57,-10]],[[12874,42999],[79,158],[0,115],[-46,150],[-81,74]],[[10603,43294],[-219,201]],[[10384,43495],[-9,351]],[[10375,43846],[-78,170],[-236,220],[-411,200],[-232,68],[-132,-15],[-373,-160],[-165,-190]],[[8748,44139],[-306,24]],[[8442,44163],[-187,122],[-384,458]],[[7871,44743],[-521,282],[-71,83],[-158,53]],[[7121,45161],[44,112],[198,166],[87,424],[248,321],[289,-248],[77,-6],[34,50],[237,-7],[46,107],[136,10],[124,-73],[418,175],[1192,667],[301,-90]],[[10552,46769],[79,-471]],[[10631,46298],[47,-117],[263,-61],[564,-4],[-13,263],[116,98],[75,19],[99,-92],[99,9],[695,190],[195,239],[244,190],[244,-25],[190,49]],[[11468,60146],[-24,-187],[21,-115],[56,-63],[182,-833],[121,-357],[-50,-21],[-7,-102]],[[11767,58468],[479,-1076],[170,-154],[437,-258]],[[12853,56980],[136,-37],[-17,-136]],[[12972,56807],[81,-701],[89,-361]],[[13363,55355],[-33,-248],[12,-994]],[[13342,54113],[640,-229],[513,-327]],[[14495,53557],[20,-808]],[[14515,52749],[-383,-5],[-269,58],[-282,0],[-115,-141],[-162,-107],[-236,-15],[-451,-160]],[[12617,52379],[-31,751]],[[12586,53130],[-35,-10],[-158,146],[-165,66],[-811,229]],[[11417,53561],[-130,756]],[[11287,54317],[-114,385],[-249,251],[-726,52]],[[10198,55005],[-251,-29]],[[9947,54976],[-335,753],[-8,314],[-267,-198],[-402,-180],[-111,-93],[29,-234],[-249,-141],[-223,-283],[-95,-289]],[[8286,54625],[-406,418],[-103,218],[4,166],[194,423]],[[7975,55850],[8,330],[-106,222]],[[7877,56402],[264,125],[0,163],[387,85],[104,156],[25,117],[41,-29],[130,54],[7,268],[-138,738],[1500,747],[-116,263],[-79,709]],[[10002,59798],[13,188],[219,61],[-2,112],[1236,-13]],[[7435,57434],[195,-422]],[[5755,56973],[161,193]],[[6864,58446],[74,-355]],[[6938,58091],[230,-78],[156,-224],[111,-355]],[[17993,51862],[-15,-108],[-154,-397]],[[16870,51535],[-208,-130],[-85,62]],[[16577,51467],[-48,127]],[[16529,51594],[-49,669]],[[16480,52263],[390,15],[416,172]],[[17286,52450],[600,32]],[[7630,57012],[353,-832],[-4,-168]],[[7979,56012],[-1393,-48]],[[6586,55964],[-316,-68],[-147,68],[-346,-204]],[[5777,55760],[-277,-273]],[[5500,55487],[-119,-578]],[[5381,54909],[-487,-17]],[[4894,54892],[19,295],[-743,-223],[-269,19],[-201,166],[-126,-356],[-207,-176],[-87,-140],[-50,-276],[-718,-14],[-141,103]],[[2371,54290],[-36,443],[67,1069],[301,42],[324,155],[17,135],[-36,346],[-63,159],[263,94]],[[5149,57019],[606,-46]],[[5755,56973],[36,-66],[836,-123],[216,137],[148,47],[46,103],[153,109],[125,-21],[68,-116],[-68,-170],[262,75],[53,64]],[[6845,59834],[103,-452],[-112,-814]],[[6836,58568],[28,-122]],[[6864,58446],[-547,-200]],[[3176,58979],[-159,-7],[-170,-84],[-328,-21],[-264,142],[-202,161],[-233,308],[-192,397],[-160,530],[-61,589],[-48,146],[-195,253],[218,265],[216,392],[-5,114],[-154,455],[403,256],[309,-228],[404,156],[110,201],[46,189],[5,394],[674,28]],[[3390,63615],[762,-89],[117,326],[209,-351],[-15,-58],[186,-231],[-28,-148],[-210,-416],[-38,18],[-234,-94],[-185,-127],[-178,-384],[-14,-298],[57,-171],[142,-196],[186,-46],[2,-219],[200,256],[298,64],[290,199],[274,99],[375,-109],[239,13],[157,-87],[23,-276],[-23,-68],[176,-623],[99,-64],[538,-565],[50,-136]],[[18254,34730],[50,-343],[-345,5],[-409,59],[-680,260],[-109,-16]],[[16761,34695],[-359,449],[-67,251],[-28,467]],[[16307,35862],[372,283]],[[16679,36145],[191,-80],[348,150],[567,-352],[40,-94],[172,-14],[68,-389],[189,-636]],[[20671,47289],[-381,-94],[-256,-1],[-103,-424],[-62,-4],[-116,-290],[-214,42],[-26,329],[-185,48],[-3,284],[-267,-4],[-189,98],[-238,26],[31,135],[6,731]],[[18668,48165],[221,50]],[[18889,48215],[258,112],[305,-110]],[[19452,48217],[304,-30]],[[19756,48187],[416,56],[412,136]],[[18555,52379],[30,-250],[57,-9]],[[18642,52120],[59,103],[53,29],[58,-263],[277,63],[233,310]],[[19322,52362],[296,86],[76,61]],[[19694,52509],[104,-85],[517,-238],[164,-45],[200,9],[232,-67]],[[21268,50203],[-678,-15],[-80,-161],[-214,-26]],[[20296,50001],[-25,283],[-47,32],[-115,-67]],[[20109,50249],[-104,296],[-728,-204]],[[19277,50341],[-35,176],[-110,132],[-130,297],[-134,201]],[[18868,51147],[-51,-85],[-159,-123],[-130,-283],[-115,-112]],[[18413,50544],[-164,-8],[-270,140],[-155,-20]],[[17824,50656],[-216,-279],[179,-631]],[[17787,49746],[214,-1276]],[[18001,48470],[-158,-266],[-652,555]],[[17191,48759],[-29,538]],[[17162,49297],[-45,61],[-149,-111],[-98,-161],[-344,372]],[[16526,49458],[-193,341],[-35,271]],[[16298,50070],[324,409]],[[16622,50479],[24,157],[-37,185],[62,114],[0,475]],[[16671,51410],[199,125]],[[16870,51535],[954,-178]],[[17824,51357],[104,243],[65,262]],[[17993,51862],[-107,620]],[[17886,52482],[369,-32]],[[18255,52450],[54,84],[190,-47],[-11,-114],[67,6]],[[6317,58246],[7,-247],[-408,-833]],[[5916,57166],[-165,-198],[-602,51]],[[5149,57019],[-92,-364],[-210,-198],[-148,-20],[-28,61],[-54,22],[-8,-51],[-192,-138],[-154,416],[-627,-131],[-313,24],[-115,93]],[[3208,56733],[-48,473],[36,257],[105,261],[7,553],[-132,702]],[[3176,58979],[1211,295],[238,-880],[954,222],[738,-370]],[[22389,70552],[8,-194]],[[22452,70424],[662,-84]],[[24179,69927],[84,-577]],[[26750,69865],[-168,-153]],[[26582,69712],[-118,-310],[35,-244],[65,-89]],[[26482,60440],[-785,524],[-1022,563]],[[24675,61527],[241,1010],[-1232,271],[57,260],[-336,41],[-112,-348],[-290,-44],[-134,0],[-351,318]],[[19350,64522],[9,475]],[[19359,64997],[73,402],[110,517]],[[19542,65916],[98,176],[-638,652],[0,129],[87,127],[87,256]],[[19176,67256],[257,341],[2035,372]],[[21468,67969],[119,101],[75,96]],[[21662,68166],[-169,-1],[-236,759]],[[21257,68924],[-75,1091],[18,335]],[[21200,70350],[177,4],[839,-136],[11,199],[122,132],[40,3]],[[10777,41733],[-64,-268]],[[11101,41031],[-376,-1037]],[[10642,39877],[-616,399],[-195,-14],[-57,97],[-691,-14]],[[9083,40345],[-247,79]],[[8836,40424],[9,183],[171,643],[95,158],[253,290]],[[9364,41698],[23,315]],[[18179,42179],[143,-55],[154,10],[24,-35],[3,-49],[-89,-101],[24,-521],[-175,-130],[-107,-35],[-208,42],[-175,185],[-354,171],[-230,166],[105,677],[157,88]],[[17451,42592],[535,-469],[92,-28],[101,84]],[[25771,74281],[742,-741],[128,-27]],[[27323,70175],[66,-139]],[[27389,70036],[-514,-85],[-33,-68],[-92,-18]],[[26750,69865],[-226,262],[-288,47],[-20,-70],[-156,0],[-15,-153],[-66,-21],[71,-20],[-198,-410],[-279,-51],[-48,124],[-31,0],[-292,-134],[-144,115],[-212,-436],[-39,36],[-68,-263],[-32,-24],[-122,48],[-29,-276],[-626,287],[126,19],[94,185],[60,46],[53,174]],[[24263,69350],[-157,899]],[[24062,70277],[-57,171],[-86,96]],[[23052,70340],[-600,84]],[[22452,70424],[-55,-66]],[[22397,70358],[-28,298]],[[22369,70656],[37,283],[-40,27],[-18,89],[-114,77],[-352,90],[-518,4]],[[21364,71226],[-16,214]],[[21348,71440],[-42,64],[36,419],[-24,57],[-98,-7],[209,954],[90,35],[52,816],[221,478],[91,278]],[[21883,74534],[409,367],[342,31],[367,-44],[654,15],[510,-35],[56,126],[485,119]],[[24101,57485],[-222,-275]],[[23879,57210],[-88,-162],[-574,-208],[-314,218],[-126,134],[-179,320]],[[22518,63035],[-442,-353],[-407,-244],[-105,-770],[4,-450],[307,19],[43,-98],[12,-236],[299,-53],[44,264],[386,-70],[138,246],[1878,237]],[[24675,61527],[1091,-616],[-1529,-788]],[[23178,60112],[-864,-123],[-729,-170],[-329,-133]],[[19510,58678],[-327,311],[-28,115],[-669,1123]],[[18486,60227],[6,268],[-60,285],[-97,1126],[318,552]],[[18653,62458],[-96,379],[-14,296]],[[18543,63133],[35,116],[170,307],[131,129]],[[18879,63685],[471,837]],[[19350,64522],[620,-289],[143,-27],[456,-202],[310,-319],[315,-245],[137,126],[273,120],[473,619],[298,-135],[158,-485],[-37,-402],[22,-248]],[[23919,70544],[42,-15],[101,-252]],[[24062,70277],[44,-28]],[[24106,70249],[73,-322]],[[24179,69927],[-792,33],[-26,-12],[-15,-180],[-110,2],[-122,570]],[[23114,70340],[-62,0]],[[23052,70340],[-55,250],[167,67],[89,102],[331,-57],[112,61],[61,83],[162,-302]],[[9387,42013],[64,667]],[[9451,42680],[-58,153]],[[9393,42833],[203,344]],[[9596,43177],[256,117],[232,34]],[[10084,43328],[300,167]],[[10384,43495],[153,-161],[190,-117],[119,-423]],[[10882,42313],[-105,-580]],[[10777,41733],[-356,-12],[-87,-176],[-947,468]],[[25518,53226],[209,-1106]],[[25727,52120],[203,17],[30,-176],[-18,-1783]],[[25942,50178],[-565,-229]],[[25377,49949],[-478,-320],[-263,-95],[-221,-211],[-135,-225],[-159,-1159],[483,-481]],[[24604,47458],[386,23]],[[24990,47481],[199,98],[422,42]],[[25611,47621],[464,137]],[[23918,46322],[-217,-9],[-468,165]],[[23268,47106],[-31,204],[-34,41],[-68,-4],[172,175]],[[23307,47522],[0,59],[51,73],[-90,246],[-994,439]],[[22274,48339],[-5,-450]],[[20671,47289],[-87,1090]],[[20584,48379],[472,235]],[[21056,48614],[490,415],[-91,163],[-68,586],[-119,425]],[[21268,50203],[-93,573],[-232,990],[-32,317]],[[20911,52083],[902,489],[290,-193],[210,-82],[119,53],[456,46],[242,181],[21,53],[97,-353],[-10,-225],[90,-112],[291,-756],[15,-194],[-51,-365],[213,-162],[846,42],[18,1282],[-45,309],[-180,50],[-41,172],[-13,570],[234,194],[203,106],[317,-109],[95,3],[186,-105],[102,249]],[[9534,62281],[-100,-602],[-43,-1143],[-185,-358]],[[9206,60178],[-122,156],[-202,25]],[[8882,60359],[-625,-307],[-158,407],[-93,117]],[[8006,60576],[143,134]],[[8149,60710],[-29,1403],[211,73],[638,121],[565,-26]],[[13791,63069],[-220,-69],[-29,-194],[83,-108],[4,-68],[-78,-161],[-282,-126],[-79,-93],[-24,-112],[-170,-117]],[[12996,62021],[-157,609],[4,137],[-149,404],[709,514],[333,890]],[[13736,64575],[261,-254],[394,-636],[-418,-427],[-128,-180]],[[13845,63078],[16,-87],[-70,78]],[[24546,59600],[-171,-213],[82,-502],[-103,-297],[-286,-305],[-49,-113],[214,-514],[24,-151],[-156,-20]],[[24101,57485],[-72,125],[-112,82],[-394,-222],[-213,-61],[-185,122],[-283,22],[-66,157],[-210,35],[32,-233]],[[22598,57512],[74,-169],[105,-151],[180,-158]],[[22957,57034],[4,-236],[58,-85],[91,-309],[-219,-478],[-95,-509]],[[22796,55417],[-190,-108]],[[22606,55309],[-104,-162],[-237,-93],[-98,-330],[-181,-133],[-288,-119],[-194,118],[-146,7],[-269,-203],[-523,-172],[-62,-94],[-48,-201],[53,-571],[-78,-104]],[[20431,53252],[-197,18],[-177,-61]],[[20057,53209],[-13,133],[-107,-9],[14,472],[-606,105]],[[19345,53910],[-51,1301]],[[19294,55211],[385,215],[3,725],[230,421]],[[19912,56572],[-107,1016],[-31,127],[-136,205]],[[19638,57920],[-94,233],[-34,525]],[[19510,58678],[203,-116],[840,-235],[-90,682],[132,138],[140,225],[-6,137],[273,8],[254,169]],[[21256,59686],[699,239],[811,141],[412,46]],[[23178,60112],[1059,11]],[[24237,60123],[145,74],[164,-597]],[[12138,34428],[-222,338],[-648,-307],[-464,538],[-19,450],[-81,468],[-160,352],[-528,721],[-242,234],[-500,352],[199,736],[260,14],[25,346]],[[9758,38670],[308,-58],[233,29],[133,750],[149,-83],[74,273],[-99,49],[86,247]],[[10642,39877],[83,117]],[[11864,39918],[346,-233]],[[12210,39685],[-30,-137],[11,-372],[113,-119],[383,-68],[101,-132],[22,-120],[0,-119],[-56,-106],[-125,-53],[-473,-52],[-778,-12],[-169,-66],[-102,-238],[0,-80],[67,-358],[315,-580],[167,-241],[16,-584],[118,-113],[116,-255],[93,-112],[170,-54],[86,18],[75,-92],[74,-223],[-18,-70],[-253,-281],[247,-122],[99,-171],[-242,-144],[-99,-201]],[[12826,43496],[110,-129],[17,-210],[-394,-851]],[[10884,40467],[217,564]],[[11101,41031],[-434,20],[46,414]],[[10713,41465],[169,848]],[[10882,42313],[-36,481]],[[10846,42794],[-57,248],[-62,175],[-124,77]],[[10603,43294],[247,156],[159,48],[403,-218],[191,7],[277,182],[216,323],[130,-416],[341,128],[259,-8]],[[13363,55355],[-221,390]],[[13142,55745],[-133,666]],[[13009,56411],[539,384],[445,258],[732,-636],[50,-63],[116,-361],[-365,-180],[-1163,-458]],[[26564,69069],[-39,132]],[[26525,69201],[81,26],[134,-60],[9,-108],[101,-131],[149,-400],[416,-12],[354,81]],[[26799,65165],[-278,-6],[-428,-73],[41,960],[-33,619],[29,370],[-33,921],[-58,587],[-158,655],[180,120],[69,-217],[103,-178],[259,-20],[72,166]],[[18109,46114],[74,-729]],[[18183,45385],[-87,-33],[-200,179],[-196,-264],[-98,-78],[-133,9],[-13,-132],[-117,17],[-32,140],[-173,14],[-264,-104],[-304,19],[-44,-132],[-833,86]],[[15689,45106],[114,1569],[302,151]],[[16105,46826],[172,-17],[343,-152],[128,10],[122,-171],[98,-310],[123,-163],[63,115],[109,-51],[100,13],[239,182],[35,-139],[109,-128],[224,126],[139,-27]],[[27048,45449],[-52,-1413],[-20,-486],[-70,-374]],[[26364,42834],[-250,-9]],[[26114,42825],[-12,258],[-153,686],[24,330],[74,307],[-303,-140],[96,-230],[-727,-264],[126,-764]],[[24149,43439],[-657,-549]],[[23492,42890],[-1005,499],[5,1347]],[[22492,44736],[-165,440],[-49,268],[-166,294]],[[22112,45738],[-111,-170],[-104,-38],[-131,115]],[[21766,45645],[-250,-18],[-17,231],[-280,53],[-78,-383],[-104,-808]],[[21037,44720],[-160,-321],[-33,123],[-419,636],[-279,312]],[[20146,45470],[91,758],[130,96],[-84,119],[82,61],[-161,108]],[[20204,46612],[67,81],[125,79],[118,-58]],[[20514,46714],[242,-548],[-35,812],[-50,311]],[[20671,47289],[515,-62],[318,67],[461,390],[116,207],[188,-2]],[[22269,47889],[-28,-886],[460,-265],[143,145],[68,219],[107,187],[184,62],[51,-84],[14,-161]],[[23268,47106],[139,-257],[16,-100],[-71,-175],[-119,-96]],[[23233,46478],[206,-94],[322,-84],[157,22]],[[23918,46322],[100,161],[48,490],[144,-5],[-28,-252],[302,-16],[272,-67],[332,-28],[262,119],[271,-17],[136,35],[146,286],[31,132],[-36,157],[187,142],[15,162],[-25,137]],[[26075,47758],[-105,-46],[27,1252],[183,1296],[653,267]],[[26833,50527],[507,151]],[[27283,50294],[73,-945],[261,-1283]],[[15163,49502],[119,-15]],[[15282,49487],[191,188],[101,5],[99,-44],[280,-475]],[[15953,49161],[-15,-396]],[[15938,48765],[-542,-782],[-95,-175]],[[15301,47808],[-108,-341],[587,-271],[178,-127],[-17,-309]],[[15941,46760],[-138,-85],[-25,-88],[-118,-1698],[92,-475]],[[15752,44414],[-87,-163],[36,-222],[-211,-31],[-106,-163],[-12,-100],[353,-1732],[49,-52],[373,105]],[[16147,42056],[496,-266],[227,-83],[245,-415],[100,-82]],[[17215,41210],[150,154],[148,-15]],[[17513,41349],[34,-50]],[[17547,41299],[17,-172],[39,-1298],[-12,-465]],[[17591,39364],[-127,-387]],[[17464,38977],[-331,142]],[[17133,39119],[-84,-89],[-179,-362],[-248,27],[-691,-623]],[[15931,38072],[-227,44]],[[15704,38116],[-443,-365],[-19,1407],[-580,200],[-194,-14],[-480,-219],[-174,-146],[-141,-49],[-29,-141],[-190,-102],[-87,214],[-165,273],[8,54],[339,122],[58,87],[-29,68],[-124,83],[174,20],[40,335],[-274,-1],[7,716],[-83,-171],[-154,-83],[-311,-40],[-211,-565],[-233,-248]],[[12409,39551],[-545,367]],[[11864,39918],[1,55],[-479,103],[-661,-82]],[[10725,39994],[159,473]],[[10884,40467],[407,222],[2,314],[56,100],[308,-17],[584,86],[-59,359],[49,281],[114,239],[214,255]],[[12559,42306],[315,693]],[[12874,42999],[-6,-174],[193,-83],[162,19],[119,83],[116,-10],[162,-234]],[[13620,42600],[277,151]],[[13897,42751],[49,78],[-64,299],[71,137],[113,73],[71,0],[128,383],[11,134],[-356,1549],[-95,643],[-376,1009]],[[13449,47056],[598,267],[28,973],[-160,88],[-144,264],[33,285],[1226,-475],[-186,394],[-97,66]],[[14747,48918],[4,109],[51,244]],[[14802,49271],[96,94]],[[14898,49365],[29,300],[136,3]],[[15063,49668],[100,-166]],[[61351,57685],[29,119]],[[61593,56920],[-436,-593]],[[62001,62722],[-22,-1223]],[[63099,61198],[241,-33]],[[61709,58927],[-22,-258]],[[61395,58366],[-787,254]],[[73069,41806],[32,379],[-65,232],[-170,190],[-68,340],[26,382],[113,426],[-18,332],[-96,233],[-170,270]],[[73019,44716],[131,-613],[149,167]],[[71997,33739],[540,-137],[383,-717]],[[73351,32400],[128,-277],[75,-50],[338,10]],[[72359,27701],[-5,-164],[-104,-78],[-571,-118]],[[70745,31556],[-107,226],[-39,269],[17,642]],[[70786,51943],[142,570],[2,187],[-141,610],[-21,335],[66,312],[125,349],[104,161]],[[72285,54335],[322,735],[-50,627],[30,258]],[[74009,56527],[4,-215],[89,-528],[193,-21],[4,-226],[-191,-5],[-13,-271],[231,-286],[201,4],[226,-250],[1716,-86],[170,-261],[-56,-1168]],[[65537,63424],[-546,-92]],[[62499,63220],[-549,11]],[[61574,64467],[-243,63]],[[62832,70019],[384,-7],[294,-114],[209,-13],[102,113],[68,13],[187,-80],[68,-80],[-114,-293],[23,-146],[280,-977],[158,193],[611,40],[34,-40],[-12,-319],[724,-440],[167,-305],[91,-293],[418,-479],[62,-160],[69,0]],[[63725,48799],[58,151],[-2,93],[-153,594]],[[70745,31556],[87,-62],[112,-12],[42,-111],[51,-1077],[116,-389],[56,-49],[22,-84],[448,-2431]],[[71679,27341],[-282,-53],[-248,30],[-228,-21]],[[70759,27196],[-288,-271],[-377,25],[-103,35],[58,266],[-34,18]],[[68996,29869],[-74,1299],[104,686],[821,-19]],[[70607,32136],[11,-270],[127,-310]],[[70015,27269],[-676,-175],[-659,-119]],[[68030,27041],[-339,10],[-741,-360]],[[66618,29430],[292,-25]],[[68989,29917],[7,-48]],[[68996,29869],[766,100],[-57,-556],[-54,-213],[18,-551],[68,-367],[210,-588],[68,-425]],[[63302,54800],[-308,-748]],[[62583,52863],[-308,218],[-789,330]],[[61129,53342],[-226,-214],[-447,-284],[-487,-380]],[[59861,52494],[-266,410],[-179,187],[-282,411]],[[58960,56470],[308,12]],[[59740,56479],[524,-62],[324,-83],[569,-7]],[[61157,56327],[200,237]],[[71510,47678],[413,-222],[112,-161]],[[72035,47295],[-4,-93],[-101,-178],[-56,-179],[-11,164],[-666,-104],[60,-482],[-288,-53],[26,-228],[225,42],[8,-120],[-77,-66],[4,-62],[74,-33],[71,17],[27,-208],[95,4],[-19,212],[161,45],[-200,-604],[-677,-58],[-516,57],[-306,109],[-1,345],[-301,-14],[-2,-92],[-208,5],[-3,-227],[-165,-24],[-69,406],[-194,-6],[-694,-206]],[[70373,38089],[972,-447],[542,167]],[[72524,33610],[-527,129]],[[71997,33739],[-268,295],[-248,31],[-206,205]],[[69712,38253],[90,-859],[6,-859],[59,-153],[-552,-56],[222,-203],[176,-641],[162,-82],[131,-161],[398,-242],[75,-103],[93,-271],[190,-267],[74,-42],[439,-44]],[[71275,34270],[-78,-248],[27,-186],[-12,-291],[-168,-467],[-75,-79],[-113,-48],[-31,-249],[-209,-9]],[[70616,32693],[-9,-557]],[[70607,32136],[-410,101],[-332,16],[-18,-418]],[[69847,31835],[-592,-4],[-229,23],[4,234]],[[66965,32690],[-163,1068],[-146,531]],[[68826,41940],[-449,-211]],[[65700,41517],[-18,595]],[[68233,43583],[309,272]],[[69646,43293],[13,-203],[287,17],[-8,-163],[145,-1],[-54,-111],[67,-138],[259,-43],[97,-238],[76,-17],[111,4],[121,83]],[[70760,42483],[379,142],[30,53]],[[71169,42678],[-3,110],[-129,271],[25,51],[116,72],[16,-277],[119,-61],[-3,-309],[-258,-76],[-1,-328]],[[71051,42131],[463,0],[93,-421],[-16,-146],[-82,-148],[-238,-187]],[[71201,39694],[-1214,-14]],[[69156,42087],[-330,-147]],[[68826,41940],[-4,969]],[[73420,48898],[94,-170],[35,-260]],[[73526,48404],[-61,-3],[0,-138],[-28,-40],[-186,-46],[-138,47]],[[72878,48037],[-159,-29],[-51,-172]],[[72163,47077],[-224,365],[-429,236]],[[71510,47678],[-255,221],[-324,476],[18,212],[-113,174]],[[70836,48761],[2,234],[268,538],[15,188]],[[70946,50419],[-164,1194],[4,330]],[[70786,51943],[1275,-145],[16,114],[135,1],[41,168],[1230,307],[187,-1037]],[[74053,48067],[279,96]],[[72425,45969],[2,218],[-60,339],[-204,551]],[[72163,47077],[299,152],[304,11],[-98,596]],[[72668,47836],[65,184],[145,17]],[[72878,48037],[24,62],[199,17],[12,108]],[[73113,48224],[195,-43],[210,84]],[[60758,62897],[-169,-907],[-213,-742],[-168,-3],[-140,-484],[-182,-337],[-260,4],[-129,-330],[-82,-86],[-117,-659]],[[58454,59335],[-224,100]],[[56775,60956],[-277,235]],[[57947,63265],[-108,880]],[[60220,64454],[317,-13]],[[70775,51717],[171,-1298]],[[70946,50419],[175,-698]],[[71121,49721],[-25,-213],[-244,-456],[-16,-291]],[[70836,48761],[-171,-94],[-1080,-277],[-840,-33],[-58,-1003],[195,-3],[-25,-345]],[[67501,47709],[-590,-304],[-91,-63]],[[64783,48869],[-151,614],[-84,-142],[-81,323],[-190,20],[-191,96],[-64,-103],[-394,-40]],[[63628,49637],[-274,1160]],[[65930,51017],[725,-1046],[758,159],[133,1307],[-475,-124],[-25,-435],[-243,2],[-259,298],[-51,227],[-411,-55],[-171,102]],[[67732,52563],[104,485]],[[71419,61120],[-172,-232],[-12,-122],[95,-220],[-10,-347],[59,-34],[131,51],[45,-62],[-70,-220],[-91,-162],[-212,-90],[-217,-197],[-14,-73]],[[70920,58848],[-47,-67],[-89,-86]],[[68773,58041],[-225,133],[-583,117],[-294,513]],[[65726,62671],[-299,627]],[[65425,63387],[112,37]],[[65537,63424],[133,157],[112,376],[6,179],[-57,152],[-525,448],[-135,345],[-17,134],[63,85],[388,278],[169,218],[259,223],[643,407],[79,206]],[[66655,66632],[1061,779],[-320,-1160],[276,-1004],[1599,-142]],[[75733,40053],[26,211],[-920,535],[153,441],[322,1192],[72,705],[-552,76],[58,808]],[[78282,44313],[104,-489],[17,-351],[187,-326],[462,-671],[240,-263],[261,-175],[-69,-1983],[-771,271],[-149,-83],[-173,46],[-233,-237],[-1,-54],[-204,94],[-310,24]],[[77214,33009],[-124,-329],[-195,-989],[-72,76],[-667,309],[-431,307]],[[74622,35043],[-117,365],[-187,357],[-294,328]],[[73847,36227],[-148,282],[-24,188]],[[73780,37560],[1014,245],[37,-119],[501,18],[265,740],[-332,623],[35,174],[471,118],[-38,694]],[[75733,40053],[334,58],[192,90],[141,-147],[673,0],[305,100],[113,136],[152,-174]],[[77643,40116],[372,-50],[142,-68],[7,-1177]],[[66822,33590],[143,-900]],[[66965,32690],[10,-258],[186,205],[907,-373],[-16,-154],[50,-44],[928,22]],[[69030,32088],[2,-190],[-110,-730],[67,-1251]],[[68989,29917],[-198,-135],[-165,-48],[-475,190],[-190,17],[-163,-291],[-4,-89],[-42,-56],[-694,-39],[-148,-61]],[[66910,29405],[-191,-6],[-63,42],[-285,20]],[[65575,29511],[-1000,-17],[-165,1080]],[[76583,53214],[18,-700],[142,-2099],[10,-1147]],[[75297,48246],[-492,34],[-752,-213]],[[74053,48067],[-197,39],[-81,57],[-257,-54],[0,156]],[[73518,48265],[-53,-2],[-4,130],[65,11]],[[73526,48404],[23,64]],[[73549,48468],[-15,161],[-114,269]],[[73420,48898],[-308,1259],[131,376],[-145,95],[-14,217],[-96,18],[52,211],[630,277]],[[73670,51351],[1227,71],[117,405],[89,1131],[220,-14],[223,198],[174,-116],[863,188]],[[66371,29461],[247,-31]],[[66618,29430],[-69,-522],[5,-432],[49,-322],[53,-80],[294,-1383]],[[64906,23725],[-564,99]],[[63443,23870],[48,346]],[[64632,29486],[943,25]],[[65575,29511],[43,-151],[637,-12],[116,113]],[[72856,57965],[131,81],[680,487],[350,524]],[[74239,58883],[11,-308],[-180,-243],[-61,-266],[-30,-670],[30,-869]],[[74009,56527],[-1241,-216],[-267,-337],[86,-19]],[[72587,55955],[-31,-213],[41,-746],[-312,-661]],[[72285,54335],[-446,-59],[-776,191]],[[71063,54467],[75,92]],[[71217,55079],[-72,240],[-148,177],[-488,156]],[[68864,57744],[-91,297]],[[68773,58041],[759,269],[203,498],[489,-72],[-129,518],[341,-452],[348,-107]],[[70784,58695],[136,153]],[[70920,58848],[28,301],[43,102],[-40,161]],[[70951,59412],[32,100],[199,170],[231,113],[142,359],[-22,53]],[[71977,59787],[-15,-257],[30,-95],[69,-50],[117,-3],[158,-91]],[[76954,31638],[-59,53],[23,135],[205,990],[91,193]],[[77214,33009],[-24,138],[-132,57],[10,317],[-112,315],[1,498],[-72,40],[-48,1520],[108,-4],[20,354],[410,539],[147,461],[114,74],[329,-224],[199,1727]],[[78164,38821],[608,-224],[584,-900],[78,-215],[-227,-921],[3,-97],[216,-142],[106,-156],[203,-76],[138,-179],[-80,-235],[-98,-851],[43,-24],[-2,-350],[-47,-164],[77,-219],[-25,-232],[52,-130],[-27,-296],[-290,-673],[-246,-426],[-64,-329],[-68,-160],[146,-333],[0,-164],[-432,-42],[-1334,89]],[[64807,57003],[-246,-51]],[[64522,56134],[-700,1],[-773,-58],[-314,322],[-358,257],[-280,66],[-740,-158]],[[61357,56564],[236,356]],[[61593,56920],[190,376],[78,-26],[17,165],[-44,98],[-168,172],[-286,99]],[[61380,57804],[99,532],[-84,30]],[[61395,58366],[-2,310],[56,69],[95,10],[5,-43],[138,-43]],[[61687,58669],[25,106],[-3,152]],[[61709,58927],[-280,1586],[9,125],[45,66],[260,-33],[79,-550],[76,-6],[75,-406],[124,-109],[336,20],[-20,272],[118,187],[143,54],[113,-102],[213,25],[205,789],[135,320]],[[63340,61165],[433,-69]],[[62832,70019],[-33,-244],[-168,-417],[112,-748],[-45,-637],[-164,-344],[-219,-106],[-90,-450],[-73,-176],[-136,-172],[-112,-53],[-304,-1193],[-272,-24],[3,-925]],[[61331,64530],[-397,-86],[-714,10]],[[60220,64454],[-1054,-250],[-1327,-59]],[[57839,64145],[-50,1734]],[[58128,65906],[86,107],[-48,312],[-35,674],[-255,373],[-68,198],[5,161]],[[57849,68342],[19,220],[51,127],[68,26],[130,-126]],[[58234,68632],[101,411],[124,99],[240,-91]],[[59191,69036],[99,210],[238,205],[125,9],[123,-42]],[[59872,69186],[349,-8],[17,70],[-87,324],[643,560],[118,47],[232,-7],[136,-66],[260,-254],[290,-155],[154,22],[317,239],[107,41],[424,20]],[[73780,37560],[-26,-581],[-79,-282]],[[73675,36697],[52,-269],[120,-201]],[[73847,36227],[177,-134]],[[74024,36093],[251,-272],[168,-272],[179,-506]],[[74622,35043],[90,-502],[-10,-199],[64,-507],[269,-176],[61,-162],[305,-409],[186,-468]],[[74597,32454],[-182,-292],[-164,-110],[-731,32],[-93,108],[-76,208]],[[73351,32400],[-185,170],[-246,315]],[[72920,32885],[-352,689],[-44,36]],[[72524,33610],[30,384],[211,274],[-80,604],[128,88],[20,289],[-352,-66],[-3,300],[-110,189],[-127,1993]],[[73051,37924],[135,-12],[91,-103]],[[66383,35607],[111,-1099],[162,-219]],[[66656,34289],[166,-699]],[[66822,33590],[-229,-73],[-440,-58],[-50,-77],[-224,-15],[-66,-71],[-151,13],[-43,-403],[-59,-197],[-46,-798],[-135,-16],[-113,-99],[-370,-66],[-223,-315],[-100,-60],[-78,1],[-85,-782]],[[62156,30361],[151,24]],[[62307,30385],[120,867],[-121,109],[-13,486],[-36,11],[-2,70],[-68,4],[12,1247]],[[64299,35061],[-167,1295]],[[74239,58883],[-222,174]],[[74017,59057],[-366,-540],[-795,-552]],[[72856,57965],[-496,-34],[-29,402],[5,958]],[[72336,59291],[-344,144],[-43,156],[28,196]],[[71977,59787],[-90,270],[64,359],[116,152],[-450,-270],[-84,-91]],[[71533,60207],[-192,-34],[-27,46],[16,327],[-84,170],[-11,110],[35,94],[149,200]],[[71419,61120],[36,5],[-1005,738],[3,439],[-829,94],[-31,114],[33,57],[775,965],[-886,26],[44,187],[-258,532],[23,179],[61,154],[-2,140],[-112,355]],[[69271,65105],[65,430],[855,251],[911,1104],[106,-646],[17,-391],[66,-217],[135,-264],[-18,-490],[29,-187],[113,-217],[75,-242],[57,-203],[-19,-124],[103,-322],[-124,-256],[-18,-101],[352,213],[387,373],[292,-62],[127,142],[-30,180],[74,149],[580,223],[60,82],[442,-536],[79,-230],[-22,-176],[431,-583],[380,109],[311,-430],[12,-194],[-365,-903],[12,-198],[48,-62],[69,-8],[-213,-1116],[-152,-61],[-124,-1066],[-135,-193]],[[68042,53923],[-310,-1360]],[[67732,52563],[-881,91],[-196,-40],[-656,-356],[-147,-483],[59,-323]],[[65911,51452],[19,-435]],[[65930,51017],[-1733,-204],[-843,-16]],[[63354,50797],[-47,273]],[[63164,50980],[-406,961]],[[62758,51941],[479,-191],[241,13],[439,194],[308,231],[-204,304],[-512,1243],[-297,373],[-89,42],[-129,-98]],[[62994,54052],[8,62],[300,686]],[[63302,54800],[899,125],[344,-10],[-23,1219]],[[64522,56134],[39,818]],[[64561,56952],[348,72],[257,-26]],[[66462,59263],[469,10],[278,-79],[268,-262],[194,-128]],[[67671,58804],[298,-515],[217,-26]],[[75587,32620],[138,-237]],[[75725,32383],[215,-164]],[[75317,26650],[-372,82]],[[74213,27461],[-128,283],[-182,138],[-399,35],[-266,-18],[-866,-266],[-13,68]],[[72359,27701],[100,389],[2,132],[-52,746],[-93,510],[-55,736],[92,146],[368,922],[378,-82],[192,-136],[526,-95],[69,184],[15,145],[-122,234],[-55,216],[168,335]],[[73892,32083],[279,-43],[174,55],[252,359]],[[74597,32454],[261,95],[131,135],[60,11],[336,-110],[202,35]],[[73069,41806],[-201,-710],[-4,-294],[140,-205],[40,-295],[43,-95],[226,-172],[181,-17],[112,-114],[13,-318],[-142,-344],[-30,-331],[243,-815],[90,-536]],[[73780,37560],[-503,249]],[[73277,37809],[-28,60],[-113,53],[-85,2]],[[73051,37924],[-146,-182],[-664,-77]],[[72241,37665],[-354,144]],[[71887,37809],[-565,-170],[-949,450]],[[70373,38089],[-661,164]],[[69521,39687],[1680,7]],[[71201,39694],[70,1535]],[[71271,41229],[229,175],[102,196],[0,149],[-88,382],[-214,20]],[[71300,42151],[67,100],[624,106],[80,102],[291,-230],[-35,144],[-11,407],[-74,311],[578,66]],[[72820,43157],[-22,-210],[38,-251],[69,-162],[131,-117],[60,-180],[-27,-431]],[[78282,44313],[-2438,459]],[[75269,45110],[-155,219],[-11,1130]],[[75251,47796],[-313,127],[-264,-97]],[[74674,47826],[-353,14],[11,323]],[[74332,48163],[513,122],[452,-39]],[[75297,48246],[67,419],[98,178],[1291,425]],[[76753,49268],[282,-3],[146,-336],[778,141],[423,-16],[3,-168],[226,-6],[4,-119],[45,-82],[283,-228],[14,-498],[-452,-220],[-373,-63],[-10,-65],[-182,-69],[-124,21],[-78,-158],[-127,-577],[-86,-164],[185,-1429],[420,-25],[152,-891]],[[68186,58263],[407,-104],[186,-124],[85,-291]],[[68864,57744],[48,-379],[69,-205],[316,-633],[302,-365],[155,-316],[202,-143],[553,-51]],[[70509,55652],[470,-148],[168,-190],[70,-235]],[[71217,55079],[3,-281],[-82,-239]],[[71138,54559],[-148,-190],[-76,-171],[-146,-553],[-3,-179],[143,-618],[22,-260],[-144,-642],[-11,-229]],[[70775,51717],[-1242,-27],[-4,209],[-95,19],[-80,243],[-568,166],[-79,655],[-871,66]],[[67836,53048],[206,875]],[[68042,53923],[-332,2466],[-79,804],[555,1070]],[[79378,28150],[-127,-253],[-21,-239]],[[79199,26595],[-80,-125],[-95,-44],[-208,34]],[[78431,26247],[-36,-48],[-878,-2],[-366,-103],[-96,15],[-134,218],[-86,59]],[[78242,31322],[570,-39],[539,48],[439,11],[93,-33],[123,-108],[60,-107],[51,-639],[66,-250],[69,-126],[-286,-26],[-142,-651]],[[67807,44789],[494,22],[518,-259],[134,-236],[-34,-82],[-227,-242],[-459,-409]],[[68233,43583],[-1372,70],[-424,167]],[[66437,43820],[-129,641],[-233,854]],[[69987,39680],[-466,7]],[[69521,39687],[-168,-451],[197,-611],[162,-372]],[[69712,38253],[-170,48],[-101,-278],[-429,-370],[-535,-159],[-405,282]],[[66656,38593],[-35,751]],[[66467,40367],[-647,-8],[-120,1158]],[[65700,41517],[647,-114],[188,9],[121,-129],[475,-18],[22,97],[100,120],[175,-130],[943,163],[6,214]],[[68377,41729],[779,358]],[[69156,42087],[564,-346],[25,-606],[284,-65],[-42,-1390]],[[75103,46459],[17,-1143],[149,-206]],[[75269,45110],[293,-205],[5,99],[44,7],[64,-4],[5,-70],[157,-13],[7,-152]],[[75844,44772],[-210,-434],[-742,-317]],[[74892,44021],[-303,15],[-62,153],[-159,-31],[-276,132],[-336,33],[-457,-53]],[[73299,44270],[-146,-170],[-134,616]],[[73019,44716],[-65,23],[-142,-32],[-159,-117]],[[72653,44590],[-497,516]],[[72156,45106],[0,101],[56,166],[215,455]],[[72427,45828],[-2,141]],[[72425,45969],[432,26],[28,-87],[101,-65],[257,235],[105,-24],[1038,760],[-32,749],[320,263]],[[74674,47826],[215,95],[362,-125]],[[75251,47796],[21,-310],[170,-831],[-339,-196]],[[61574,64467],[331,-779],[45,-457]],[[61950,63231],[36,-3],[15,-506]],[[62001,62722],[-313,-23],[-423,36],[-507,162]],[[60758,62897],[-109,745],[-99,402],[-13,397]],[[60537,64441],[397,3],[347,80],[183,-10],[110,-47]],[[64991,63332],[434,55]],[[65425,63387],[2,-89]],[[65427,63298],[77,-205],[222,-422]],[[65726,62671],[359,-53],[-216,-299],[480,-321],[306,17],[222,-94],[266,-204],[39,-149],[-52,-269],[-60,-151],[-95,-124],[-173,-139],[-694,-337],[-225,-193],[-46,-229],[256,-525],[369,-338]],[[66462,59263],[-267,-628],[-170,-313],[-71,-598],[-47,-132],[118,-224],[-97,-291],[-762,-79]],[[65166,56998],[-359,5]],[[64807,57003],[11,285],[-274,145],[11,115],[-64,209],[-11,230],[-68,115],[30,317],[292,114],[82,531],[364,133],[97,-97],[185,-48],[-5,187],[-123,103],[-277,501],[-107,60],[-57,-36],[-609,-15],[-169,31],[3,446],[-40,204],[-184,390],[-121,173]],[[63773,61096],[-674,102]],[[63099,61198],[-75,165],[-129,50],[-138,-165],[-218,20],[-64,155],[-496,76]],[[61979,61499],[7,1729],[513,-8]],[[62499,63220],[592,50],[411,-64],[142,280],[1347,-154]],[[76835,26386],[-163,49]],[[75585,26625],[-107,-20],[-161,45]],[[75317,26650],[115,271],[-43,396],[-96,380],[5,210],[192,652],[-104,633],[-61,88],[26,993],[-34,372],[75,95],[80,363],[298,41],[12,98],[-78,139],[-15,173],[124,220],[127,445]],[[75940,32219],[282,-177],[601,-275],[131,-129]],[[76954,31638],[524,-266]],[[77478,31372],[764,-50]],[[78242,31322],[-71,-763],[-237,-894],[-189,-64],[-78,-224],[-247,-74],[-219,-550],[-171,-47],[47,-753],[79,-540],[-50,-225],[-42,-40],[-117,-531],[-112,-231]],[[70000,43812],[-246,-84],[-107,-265]],[[69647,43463],[-138,-44],[7,-124],[130,-2]],[[69646,43293],[-824,-384]],[[68822,42909],[-280,946]],[[68542,43855],[377,379],[157,226],[81,153]],[[69157,44613],[6,174]],[[69163,44787],[227,-21]],[[69390,44766],[50,40],[145,-292],[198,28],[217,-730]],[[68857,47006],[-629,-1342]],[[68228,45664],[591,-1112],[-489,254],[-523,-17]],[[67807,44789],[-43,-84],[-224,-9],[-49,-87],[-237,-18],[-58,-87],[-280,-18],[-111,-125],[-149,-2],[-102,713],[-10,639],[-157,-83],[-312,-313]],[[65942,45554],[-205,53],[-11,673],[48,228],[8,283],[-64,284],[227,145],[316,-40],[252,65],[-28,-103],[79,-1042],[92,116],[263,95],[-99,1031]],[[66820,47342],[681,367]],[[67501,47709],[1356,-703]],[[64410,30574],[133,-977],[32,-103],[57,-8]],[[64632,29486],[-173,-1107],[-128,-65],[-35,-115],[95,-104],[-242,-1339]],[[62048,27396],[-496,-58]],[[60999,29821],[464,413],[182,62],[511,65]],[[62156,30361],[163,-175],[365,270],[147,3],[126,60],[269,-10],[108,119],[209,63],[493,-41],[374,-76]],[[80330,26267],[374,-167]],[[80945,24136],[172,7]],[[80582,22070],[-78,204],[-36,218]],[[80211,23380],[-8,95],[-158,406],[-205,115],[-355,83]],[[78528,21757],[-277,6]],[[78216,21937],[-61,79],[-437,128],[-190,389]],[[77499,24082],[-487,147],[-92,75],[-31,254],[-23,1806],[55,-37],[102,-186],[77,-45],[417,101],[849,-5],[65,55]],[[78431,26247],[-8,246],[88,164],[135,-18],[170,-179]],[[78816,26460],[247,-30],[136,165]],[[79199,26595],[472,109],[195,137],[132,-23],[-16,-335],[179,-44]],[[77354,6480],[-251,23],[-513,-155]],[[74666,2883],[-2,-603]],[[74599,2219],[-939,61],[-9,-232],[-217,-43],[-13,-167],[-167,25],[-20,-65],[-41,-9],[-134,19],[25,172],[-791,528]],[[71931,4455],[140,376],[270,1460],[51,24],[925,-190]],[[75549,8665],[-5,143]],[[77411,9162],[245,136]],[[66656,22291],[73,10],[54,68],[252,-38]],[[68415,22311],[209,-12]],[[69202,22111],[-34,-82]],[[68955,20285],[-172,-581],[1,-46],[90,-55]],[[69074,19596],[24,-132],[-754,-570]],[[66656,18882],[-550,347]],[[65069,21017],[-287,49]],[[77126,6506],[316,-28],[356,28],[370,230]],[[81572,11580],[787,443],[1609,-416],[2624,-864],[-863,-24],[-365,172],[-177,-3],[-610,170],[-349,-28],[-105,-116],[-105,-21],[-243,42],[-234,105],[-199,-34],[78,-555],[251,-572],[-12,-408],[-118,-370],[114,-428],[31,-658],[-57,-88],[-344,-132],[-118,-165],[-15,-116],[194,-1149],[324,-996],[30,-235],[-25,-155],[-690,-390],[-268,-44],[-630,36],[-189,-30],[-148,-141],[-248,-426],[-312,-170],[-298,-75],[-897,-4],[-327,-63],[-309,-234],[-173,-248],[-74,-232],[-227,-41]],[[81762,7841],[14,-270],[482,132],[37,56],[-50,387]],[[58513,19572],[377,-4],[190,36],[-71,-1014],[-75,-33],[-88,-248],[-189,-257],[-112,-216],[40,-43],[-9,-240],[29,-4],[10,-135],[77,-4],[46,-221],[64,-7],[1,-328],[-233,-7],[-410,-122],[-47,-642],[-216,-20],[0,-43],[-174,-5],[18,474],[-474,7],[-1,-27],[-63,-5],[-2,-40],[-80,6],[2,52],[-71,-4],[4,131],[-428,-36],[-67,165],[77,189],[15,139],[-9,445],[52,1094],[193,66],[2,49],[76,8],[3,74],[98,7],[2,39],[520,-1],[201,-102],[54,442],[-3,226],[69,355],[602,-196]],[[91588,14569],[-98,-55],[-101,30],[-48,111],[-255,334]],[[89398,23814],[-18,-1015]],[[90033,21090],[118,206],[324,231],[16,-200]],[[89184,18180],[-149,-82],[57,-681],[59,-319]],[[89570,16228],[182,-577],[-210,-1369]],[[89042,13212],[-592,275],[-1504,574],[-503,252]],[[86042,14721],[-12,169],[8,347],[755,561],[144,431],[130,923],[34,574],[-53,275],[62,750],[154,-276],[74,-39],[164,166],[214,-84],[84,52],[172,-28]],[[88294,18658],[259,33],[93,49]],[[88807,19986],[117,527],[-420,75],[-98,50],[-44,60],[-35,251],[34,787]],[[87788,22636],[-112,1198],[196,131]],[[91338,19140],[-302,335]],[[91242,19645],[272,-226]],[[69202,22111],[-390,-52],[-14,70],[-174,170]],[[68624,22299],[-291,20],[-104,145]],[[69200,23963],[156,-934],[-102,-554],[-14,-280],[-38,-84]],[[89554,25623],[-457,-58],[-302,20],[-205,205],[-46,586]],[[88920,26378],[-14,205],[125,3],[-18,-570],[61,-52],[439,0]],[[60811,27517],[866,-179],[371,58]],[[62048,27396],[535,-203],[414,-263],[1004,-56],[148,-118]],[[64149,26756],[-93,-275],[-31,-366],[-97,-82],[-26,-121],[57,-376],[-160,-283],[-107,-318],[-201,-719]],[[63491,24216],[-45,-269]],[[59732,24407],[-118,-42],[-66,-62]],[[59481,23922],[-247,336],[-15,169],[38,3],[28,-73],[40,-7],[204,214],[-14,139],[52,344],[-1,211],[-141,462],[-192,352],[-124,571],[-77,92]],[[87295,10726],[-304,40],[-399,-23],[-2395,785],[-145,75],[-743,152],[-923,273]],[[81435,14028],[-279,848],[-11,122]],[[77174,15071],[-32,73],[-118,108],[268,1695]],[[78902,18028],[-126,369]],[[80202,18978],[-44,-185],[-141,-481],[-9,-171],[265,-6]],[[83635,22499],[16,1100]],[[86047,23202],[115,-670],[411,-332]],[[87252,22039],[444,-256],[78,-200],[44,-276],[-9,-196]],[[87758,20916],[-138,-192]],[[87133,19476],[-38,-1103],[-47,-372],[53,-332],[-42,-601],[-97,-731],[-141,-475],[-59,-94]],[[84540,19634],[-41,127],[-344,183]],[[82195,20950],[-160,354],[0,153]],[[81750,21369],[-68,154]],[[80525,21560],[-41,34],[-40,222],[138,71],[0,183]],[[80582,22070],[230,267],[73,932],[73,37],[-16,510],[269,-1],[-94,328]],[[81117,24143],[103,-12],[113,-108],[290,18]],[[92230,25855],[-125,-35]],[[93079,29102],[482,380],[114,-637],[297,-1133],[23,-595],[78,-538],[49,-104],[-194,-323],[-121,-74],[-134,-180],[-24,-97],[20,-44],[107,-67],[156,-205],[44,-212],[134,96],[48,-1],[227,-72],[21,-48],[277,18],[3,-70],[474,-28],[34,-243],[-35,-211],[3,-377],[73,-8],[2,-97],[-418,-3],[39,-567],[62,11],[132,-605],[-29,0],[23,-227],[-66,-42],[-168,48],[10,-243],[152,-34],[0,-42],[36,-8],[28,46],[37,-15],[156,-1635]],[[82195,20950],[-46,-442],[91,-215],[212,7],[456,-80],[260,-267],[86,-39],[321,21],[80,99],[124,-10],[376,-80]],[[84155,19944],[364,-210],[21,-100]],[[84540,19634],[-25,-390],[378,-335],[702,-1158],[586,-1092],[229,-294],[352,-597]],[[86762,15768],[-724,-531],[4,-516]],[[86042,14721],[125,-93],[276,-315]],[[86443,14313],[415,-212],[1592,-614],[640,-292],[326,-244]],[[90673,11019],[-333,3],[-187,-89],[-672,-563],[-304,-165],[-181,36],[-234,114],[-307,470],[-77,-1],[-117,-71],[-203,-2],[-350,-81],[-413,56]],[[87295,10726],[-298,727],[-1089,1430],[-572,890],[-115,117],[-726,488],[-354,132],[-999,1205],[-189,114],[-445,133],[-553,-330],[-675,-498],[-135,-136]],[[81145,14998],[-89,587],[-24,442]],[[81362,17281],[51,175],[-368,113],[-7,581]],[[81784,21291],[-34,78]],[[81750,21369],[90,-48],[132,4],[28,145],[35,-13]],[[82035,21457],[-4,-108],[164,-399]],[[88348,21387],[-23,-389],[59,-337],[120,-73],[413,-61],[11,-53],[-121,-488]],[[88807,19986],[253,-32],[-92,-532],[-170,-81],[-145,-429],[-7,-172]],[[88646,18740],[-39,-24],[-313,-58]],[[88294,18658],[-322,-116]],[[87972,18542],[-155,30],[-116,-54],[-114,75],[-85,9],[-141,-159],[-51,-3],[-200,311],[-16,161],[39,564]],[[87133,19476],[-19,99],[-125,242],[-51,318],[40,102],[642,487]],[[87620,20724],[73,88],[65,104]],[[87758,20916],[51,195]],[[87809,21111],[-5,327],[-63,255],[-45,90],[-98,81],[-346,175]],[[87252,22039],[-679,161]],[[87710,23328],[215,-2013]],[[66656,25739],[229,-274]],[[68253,24540],[-53,-524],[-58,-225],[147,-553],[-175,-140],[11,-243],[102,-102],[2,-289]],[[68229,22464],[-368,-24],[-289,125],[-55,-22]],[[67456,22338],[-506,-7],[-167,38],[-84,-78],[-43,0]],[[66656,22291],[-197,171],[-142,-10],[-764,-170],[-161,-310],[-589,-230]],[[64786,23746],[120,-21]],[[64906,23725],[62,36],[76,108],[197,145],[0,205],[107,61],[49,137],[-31,435],[-39,9],[-54,435],[-55,36],[-4,982],[691,14],[470,111]],[[67263,8096],[-354,-712]],[[65804,7103],[15,683]],[[95465,17365],[199,1272]],[[95649,20478],[-109,224],[-309,214]],[[95231,20916],[388,-104],[753,-80],[418,-84],[1174,184],[1463,-3039],[250,-572],[54,-237],[268,-712],[-774,-2855],[-96,-453],[-161,-1116],[-11,-305],[-65,-220],[180,-203],[-84,-21],[4,-81],[76,-68],[85,-199],[-913,-268],[-291,-174],[-295,-339],[-264,-238],[-108,-63],[-375,-22],[-188,51],[-427,369],[-142,80],[-326,76],[-164,-29],[-361,114],[-77,43],[-187,258],[-368,182],[-162,144],[-863,407],[-200,140],[-288,-17],[-605,-200],[-682,-289],[-318,-177],[-114,-10],[-471,167],[-291,63]],[[90673,11019],[-70,298],[-105,125],[-290,708],[-413,665],[-61,48],[-318,88]],[[89416,12951],[-374,261]],[[89042,13212],[119,390],[302,486],[79,194]],[[89542,14282],[210,1309],[-15,130],[-167,507]],[[89570,16228],[-419,870]],[[89151,17098],[-118,979],[39,54],[112,49]],[[89184,18180],[149,-21],[106,-341],[53,-391],[564,96],[549,-35],[-390,481],[4,230],[-40,82],[-16,203],[118,252]],[[93424,18028],[87,6],[46,47],[92,-82]],[[93776,17985],[117,-224]],[[95546,16773],[-92,-238],[-83,-39],[-6,-196],[184,-7],[22,87],[295,-91],[3,-80],[73,-17],[19,69],[0,-87],[25,4],[3,101],[64,53],[82,168],[-228,448],[-146,7],[-25,147],[-165,0],[6,67],[-98,3]],[[95479,17172],[-13,-105],[80,-294]],[[91086,14989],[345,-481],[157,61]],[[91588,14569],[-39,692],[-121,139],[-110,219],[-203,229],[-163,368],[-132,11],[-20,47],[-159,-59],[-32,31],[8,-214],[101,-164],[-75,-115],[161,-358],[60,-73],[353,82],[45,-112],[-110,-142],[-2,-103],[-64,-58]],[[93021,13099],[-36,128],[-113,51],[-64,-60],[7,-281],[135,-68],[71,230]],[[97193,11866],[-207,229],[-79,26],[25,111],[-49,9],[-115,-160],[-12,-301],[154,-164],[283,250]],[[97849,10630],[98,209],[-96,127],[-123,-211],[-148,-137],[146,-200],[163,139],[-40,73]],[[97310,16784],[66,49],[14,-59],[60,3],[7,119],[-41,0],[17,92],[20,96],[63,0],[21,155],[-94,45],[-3,-48],[-117,-8],[-13,89],[-98,26],[-20,-92],[40,-23],[4,-155],[-47,-18],[0,51],[-57,-29],[10,-37],[-83,-30],[-17,-89],[-147,-103],[-44,-607],[194,-7],[10,584],[137,131],[118,-135]],[[95866,18382],[-124,-30],[4,-110],[43,11],[-28,-157],[207,-33],[2,223]],[[95970,18286],[-60,21],[-44,75]],[[91289,22022],[-463,-109],[-116,-58],[-218,-234],[-17,-94],[-230,-142],[-145,-139],[-67,-156]],[[90033,21090],[-90,397],[226,-32],[-78,724],[-5,387],[66,125],[-25,166],[-647,-76],[-100,18]],[[89380,22799],[36,1317]],[[91518,25718],[31,-50],[681,187]],[[92230,25855],[-95,-346],[18,-538],[37,-148],[134,53],[25,-190],[152,58],[-63,-372],[9,-96],[48,-55],[668,-27],[-34,-342],[167,-253],[26,-143],[178,-172],[88,-317],[224,-240],[96,-48],[11,-178],[-72,-943]],[[80525,21560],[439,-64],[132,97],[205,-50],[381,-20]],[[81682,21523],[32,-37],[70,-195]],[[81784,21291],[-219,-717],[-250,-62],[-277,-1046],[-181,-126],[15,-79],[100,-222],[93,10],[103,-105],[108,-261],[69,-77],[274,-33],[465,-167],[97,-151],[74,-252],[193,-102],[195,-213],[137,-68],[37,-58],[-299,10],[-226,80],[-394,12],[-44,114],[-176,26],[-284,601],[-148,-50],[-181,-144],[-27,-61]],[[81038,18150],[-3,-558],[63,-60],[288,-51],[27,-42],[-51,-158]],[[81362,17281],[-124,-23],[-25,-40],[11,-964],[-20,-34],[-97,-11],[-75,-182]],[[81032,16027],[-73,7],[-121,101],[-69,250],[-26,257],[-138,152],[-42,278],[125,324],[138,229],[83,293],[-636,217]],[[80273,18135],[-225,-10],[-49,40],[203,813]],[[80202,18978],[-17,29],[-57,-26],[-160,-217],[-268,41],[-129,-79],[-117,5],[-678,-334]],[[78776,18397],[85,897]],[[77804,21889],[89,-84],[183,-44],[452,-4]],[[78528,21757],[571,64],[19,183],[-98,311],[-79,736],[98,568],[-66,409],[344,160],[168,-109]],[[79485,24079],[434,-116],[155,-120],[137,-463]],[[80211,23380],[132,-195],[74,-353],[93,-111],[-42,-229]],[[80468,22492],[127,-530],[-35,-97],[-116,-49],[25,-195],[56,-61]],[[91319,26130],[199,-412]],[[91518,25718],[-401,-586],[-111,-305],[-111,-43],[-418,15],[-168,-86],[-221,-248],[-207,-58],[-274,-208],[-191,-83]],[[89416,24116],[-18,-302]],[[89398,23814],[-261,134],[-529,-156]],[[88321,24248],[30,-28],[86,76],[-8,370]],[[88050,24880],[17,89],[89,181]],[[88648,25750],[196,-189],[710,62]],[[89554,25623],[-41,341]],[[89513,25964],[236,-6]],[[89910,26254],[324,-18],[82,220],[972,-100]],[[66106,19229],[-266,136]],[[64588,21100],[481,-83]],[[65069,21017],[264,139],[259,-610],[32,-175],[306,16],[22,-175],[348,-10],[-14,-767],[-180,-206]],[[64754,21296],[-771,126]],[[63457,23728],[-14,142]],[[63443,23870],[417,94],[482,-140]],[[64342,23824],[444,-78]],[[64786,23746],[-86,-1893],[33,-78],[70,-33]],[[64803,21742],[-49,-446]],[[82245,8146],[27,-126],[18,-286],[-102,-60],[-396,-106],[-30,273]],[[81762,7841],[-140,12],[-66,309],[264,109],[173,157],[169,7],[147,-42],[-169,-206],[105,-41]],[[80056,10705],[24,-246],[219,-906],[291,-905],[35,-382],[58,-122],[-4,-248],[72,-176],[21,-376],[-474,-89],[-95,-104],[-536,4],[-36,-213],[-138,-35],[3,-153],[-1328,-18]],[[78168,6736],[-332,-221],[-482,-35]],[[77354,6480],[231,1353],[-43,154],[-113,123],[-45,232],[-69,130],[-5,192],[50,157],[226,300],[70,177]],[[77656,9298],[85,75]],[[79103,10121],[105,31],[-18,132]],[[79402,10730],[291,-91],[127,25]],[[83635,22499],[-69,-181],[-1108,225],[-726,237],[98,499],[-71,167],[22,412],[-158,183]],[[81859,24479],[274,538],[405,236]],[[83495,25171],[78,-118],[77,-1321],[-15,-1233]],[[81779,28789],[157,-798],[44,-55],[195,-59]],[[81270,26286],[-346,-193],[-163,-21],[-431,195]],[[80330,26267],[-46,96],[-123,76]],[[80161,26439],[-169,29],[6,350],[-52,14],[-99,5],[-91,-91],[-177,-74],[-380,-77]],[[79199,26595],[144,657],[-113,406]],[[79230,27658],[6,182],[89,249],[53,61]],[[79378,28150],[308,133],[30,43],[-20,251],[46,169],[-18,134],[-57,119],[19,155],[138,248]],[[79824,29402],[137,635],[291,42],[246,-431],[179,-207],[163,-153],[234,-93],[164,-43],[236,16],[102,74],[188,232]],[[78885,2917],[-208,-87],[-159,0],[-87,-66],[-193,37],[-94,-101],[-71,-18],[-519,41],[-123,-403],[-70,-391],[-30,-1613],[-268,-44],[-344,34],[-479,-155],[-421,-53],[-264,-98],[-163,239],[-560,385],[-140,-243],[-78,42],[-32,-38],[-72,13],[55,1424],[34,397]],[[74599,2219],[65,61]],[[74664,2280],[7,67],[-5,536]],[[74666,2883],[45,84],[190,24],[54,330],[-11,87],[-177,-16],[34,320],[-37,725],[65,131],[33,216],[280,-43],[37,316],[115,423],[119,692],[45,39],[1132,137]],[[76590,6348],[536,158]],[[77126,6506],[-55,-646],[-97,-255],[-7,-683],[619,43],[114,-67],[340,42],[542,-323],[11,-130],[-34,-165],[78,-337],[243,-411],[5,-657]],[[62408,16138],[77,-690],[33,-27],[-34,-87],[12,-299],[69,3],[31,-66],[39,-465],[92,-345],[4,-248],[-116,-176],[-26,-98],[-15,-115],[56,-298],[-83,-91],[-5,-121],[-85,-41],[-232,-21],[-124,343],[-350,166],[-3,-50],[-166,23],[-47,-38],[-257,-32],[-77,-122],[-196,-7],[-42,-32],[-21,-119],[-52,-64],[-118,-82],[-352,-59],[-84,-122],[-140,-84],[0,58],[-62,-102],[-4,133],[-89,-103],[-183,29],[-1,69],[-29,6],[-63,-67],[-149,-25],[-22,-166],[-611,-118],[563,489],[169,825],[261,658],[-359,114],[-41,234],[-98,260],[-68,87],[-89,16],[-26,121],[20,68],[-53,63],[-89,395],[-39,1],[77,426],[1474,-62],[-19,291]],[[75585,26625],[107,-82],[362,-165],[403,-21],[215,78]],[[76672,26435],[194,-71],[36,-1987],[34,-110],[212,-87],[-143,-326],[-355,-406],[-708,-626],[-131,244],[-186,206]],[[75459,23468],[-459,83],[-176,-37]],[[73990,26377],[-10,133],[36,88],[343,75]],[[74359,26673],[83,-48],[503,107]],[[74945,26732],[492,-122],[148,15]],[[85717,27183],[-36,291]],[[85848,28733],[21,369],[-121,284],[688,200],[167,-23],[126,-78],[47,-81],[-47,-591]],[[86800,28322],[-122,-116],[-429,-262],[-43,-55]],[[63062,19431],[45,-391],[-10,-193],[89,-710],[0,-284],[83,-205]],[[62671,17147],[-29,-468],[39,-572],[-76,66],[-195,-122],[-2,87]],[[62408,16138],[-196,122],[-739,247],[-807,-133]],[[60666,16374],[-15,177],[-40,0],[-147,1543],[85,75],[-77,379],[45,1182],[-19,152],[396,62]],[[75454,9268],[91,-416],[4,-187]],[[75549,8665],[133,-271],[-65,-341],[-1,-267],[-246,-39],[-49,-54],[-26,-130],[-426,-205],[-71,-1139],[-671,34],[-810,-128]],[[73317,6125],[-781,146],[-87,33]],[[72519,7129],[11,1574],[-43,1237]],[[71767,11786],[112,57],[-174,795]],[[73056,14389],[0,169],[47,141]],[[73164,14745],[52,-29]],[[73489,14818],[671,-37]],[[73056,14389],[-405,41],[-222,-53],[-42,-191],[-209,-102],[-32,-206],[-300,-277],[-85,-345],[-102,-205],[46,-413]],[[71705,12638],[168,-823],[-250,-59],[-587,-23],[-145,34],[-136,-26],[-116,-66],[-93,-163],[-189,-75],[-81,-160],[-70,-229],[148,25],[35,-64],[-23,-1016]],[[69065,6642],[-24,128],[93,111],[6,97],[-130,265]],[[68688,7680],[-64,98],[-14,187],[-225,119],[-369,113]],[[68007,8353],[118,139],[166,484],[-74,589]],[[68041,11004],[-32,583],[49,328]],[[71478,16231],[311,297],[58,141]],[[73056,14836],[108,-91]],[[73164,14745],[-61,-46]],[[73103,14699],[-33,-80],[-14,-230]],[[68399,18918],[699,546],[99,-250]],[[69448,18294],[-760,-149]],[[93079,29102],[-26,-328],[-349,-259],[-573,-330],[-13,-210],[-70,-164],[-148,-630],[97,-276],[-80,-317],[65,-255],[116,-78],[28,-206],[-21,-229]],[[92105,25820],[-556,-152],[-230,462]],[[91319,26130],[-31,226]],[[91288,26356],[-464,74],[-508,26],[-59,-207],[-201,-11],[-413,93]],[[89428,26578],[-522,5],[-4,367]],[[89241,28272],[70,-348],[205,-21]],[[89340,30502],[-112,46],[-19,83],[107,44],[68,562],[240,33],[17,465],[536,-30],[-22,-650],[130,-8],[5,-339],[-102,-58],[0,-227],[79,6],[11,-327],[719,3],[-5,-141],[56,15],[125,-120],[98,61],[278,75],[120,-13],[346,73],[59,86],[337,-815],[369,-74],[299,-150]],[[88889,32674],[172,471],[12,847],[523,-186],[853,-148],[39,-121],[-22,-764],[52,-354],[-44,-120],[-174,-89],[-44,-157],[-1012,375]],[[75915,18319],[98,-110],[290,-16]],[[77263,17120],[27,-198],[-266,-1670],[-354,12],[-199,-33],[-1304,34],[-80,-34],[-126,-157]],[[74576,14794],[-289,-33],[-798,57]],[[73489,14818],[-273,-102]],[[73216,14716],[-160,120]],[[73056,14836],[-108,240],[-142,111],[-441,193],[-260,37],[-15,101],[50,89],[-167,180],[-68,207],[-33,260],[12,260],[-37,155]],[[71847,16669],[65,381],[19,475],[70,595]],[[72001,18120],[414,53],[24,20],[-6,128],[149,68],[28,257],[305,119],[108,155],[222,25]],[[73245,18945],[184,118],[685,-41]],[[74382,20842],[-44,-292],[-41,7]],[[74297,20557],[-25,82],[-209,-13],[-40,-38],[-26,49],[-98,-8],[-61,-105],[-490,56],[-28,-69],[-32,3],[-147,71],[-34,-81],[26,-31],[-145,59],[-25,-61],[-139,61],[0,79],[-70,-23],[-40,138],[-173,41],[-68,-46],[51,-128],[-30,-28],[9,-153],[-139,8],[-29,74],[-151,76],[-169,-66],[-17,79],[-127,87],[-58,-28],[-157,18],[-147,-52],[-58,-122],[-252,23]],[[71199,20509],[61,361],[12,541]],[[73448,23394],[292,-141]],[[73883,22494],[46,-259],[69,-53]],[[63446,23947],[11,-219]],[[63457,23728],[-143,-808],[-27,-41],[-108,-24],[-40,-119],[-118,-32],[148,-229],[75,-723],[132,-184],[9,-138],[50,-92],[548,84]],[[63983,21422],[362,-73],[169,7],[240,-60]],[[64754,21296],[84,-87],[-3,-74],[-53,-69]],[[64782,21066],[-194,34]],[[64588,21100],[-772,-999],[-286,-23],[-72,-113],[-197,-143],[-59,-94],[-3,-136],[-36,-75],[-101,-86]],[[63062,19431],[-283,-87],[-59,172],[-137,238],[-376,424],[-437,569],[-179,1],[16,-494],[-78,-42],[-117,21],[-518,-289]],[[60894,19944],[-237,-58],[-159,-4],[-69,135],[4,848],[66,18],[-1,590],[46,344],[-279,562],[-13,152],[-114,8],[-4,141],[-106,73],[-29,177],[-77,68],[-73,399],[-368,525]],[[59481,23922],[67,381]],[[59548,24303],[184,104]],[[59732,24407],[215,-20],[91,117],[132,42],[127,-39],[96,-100],[25,-137],[179,-9],[126,40],[121,235],[274,110],[593,-295],[1140,-465],[391,363],[204,-302]],[[74213,27461],[146,-788]],[[74359,26673],[-325,-55],[-46,-71],[2,-170]],[[73990,26377],[76,-368],[75,-184],[-144,-177],[-194,-61],[46,-466],[68,-113],[-221,-71],[-259,-370],[-135,4],[29,-586],[117,-591]],[[73448,23394],[-216,-86],[-80,-393],[-110,-304],[-183,-67],[-166,-150],[-46,-140],[37,-205],[-115,-101],[-78,-162],[-290,-265],[-171,-103],[-270,-39],[-488,32]],[[71272,21411],[43,1073],[54,389]],[[71292,23368],[-71,42],[-199,8],[-163,109],[-234,16]],[[70508,23608],[-61,865],[31,424],[-87,931]],[[70387,26928],[110,12],[262,256]],[[70759,27196],[162,101]],[[70921,27297],[516,-4],[813,166],[90,52],[32,122],[388,138],[578,143],[611,-48],[78,-50],[100,-139],[86,-216]],[[78216,21937],[35,-174]],[[78251,21763],[-300,16],[-147,110]],[[77804,21889],[-49,-1306],[367,-55],[86,-265],[-26,-502],[66,-473],[613,6]],[[78861,19294],[-88,-875],[129,-391]],[[78902,18028],[213,-1050],[-142,-26],[-447,78],[-169,134],[-188,-173],[-97,-33],[-780,-11]],[[77292,16947],[-29,173]],[[77263,17120],[-80,157],[-13,163],[-546,59],[-16,211],[-109,377],[-225,347],[29,-241]],[[76303,18193],[-272,13],[-116,113]],[[75915,18319],[-373,121],[-528,-22],[-47,126],[-396,36],[-3,64],[-74,60],[-218,-10],[0,221],[-110,2],[-52,105]],[[74114,19022],[137,899],[18,39],[519,39],[28,23]],[[74816,20022],[17,155],[-68,124]],[[74765,20301],[-114,82],[-326,94],[57,365]],[[75990,22385],[-48,437],[896,816],[239,335],[71,207],[351,-98]],[[77499,24082],[-64,-551],[93,-998]],[[77528,22533],[212,-410],[370,-79],[106,-107]],[[75459,23468],[81,-49],[85,-147]],[[75625,23272],[220,-252],[88,-167],[57,-468]],[[75990,22385],[68,-187],[79,-1001],[38,-173],[-1405,32],[-388,-214]],[[74382,20842],[-84,272],[67,58],[9,324],[-116,636],[-260,50]],[[73998,22182],[-85,82],[-30,230]],[[73883,22494],[-123,211],[-20,548]],[[73740,23253],[255,206],[175,-49],[198,119],[456,-15]],[[74824,23514],[118,39],[517,-85]],[[89244,32428],[-51,-613],[13,-59],[77,-6],[-71,-1163],[33,-52],[95,-33]],[[89340,30502],[76,-170],[78,-61],[46,-269],[-177,-1649],[8,-240],[135,-46],[10,-164]],[[89516,27903],[-187,6],[-88,363]],[[89241,28272],[-173,-3],[-135,-95],[-379,15],[-420,-170]],[[88134,28019],[-450,-53],[-175,-9]],[[86209,27545],[-3,344]],[[86206,27889],[594,433]],[[86800,28322],[12,152],[-83,339]],[[86729,28813],[52,521],[-29,127],[-149,102],[-126,27],[-729,-204],[-212,187],[-510,259],[-148,116]],[[84619,30415],[-167,153],[-366,207],[-218,176]],[[83259,31098],[70,447],[171,381],[379,-215],[391,-108],[-8,-270],[241,-118],[231,126],[249,77],[358,44],[237,75],[398,-12],[185,216],[298,-57],[232,871],[572,3],[-11,-642],[84,-24],[692,33],[116,502],[192,339],[553,-92]],[[88889,32674],[355,-246]],[[77174,15071],[79,-458],[107,-300],[224,33],[-28,-191],[-59,-97],[4,-249],[-120,-214],[3,-292],[-37,-191],[1296,201],[305,513],[-234,542],[259,174],[403,135],[539,116],[543,-43],[687,248]],[[81145,14998],[23,-164],[267,-806]],[[81435,14028],[951,-2000]],[[82386,12028],[-814,-448]],[[81572,11580],[-654,-427],[-350,-156],[-283,-277],[-229,-15]],[[80056,10705],[-146,-114],[-90,73]],[[79820,10664],[-156,-25],[-262,91]],[[79402,10730],[-132,-40],[40,-275],[-120,-131]],[[79190,10284],[11,-148],[-98,-15]],[[79103,10121],[5,-75],[-87,-169],[-255,-108],[-117,-176],[-367,-11],[-220,-183],[-321,-26]],[[77741,9373],[-330,-211]],[[77411,9162],[-840,-246],[-56,-157],[-490,56],[-279,-49],[-202,42]],[[75544,8808],[-90,460]],[[75454,9268],[23,141],[-26,215],[-114,159],[-92,747],[270,908],[-234,342],[-146,335],[-42,427],[30,392],[-219,51],[-44,237],[-39,53],[-445,169],[-35,354],[-181,983]],[[74160,14781],[416,13]],[[74576,14794],[164,200],[221,80]],[[74961,15074],[163,184],[296,-16],[1629,7],[125,-178]],[[68688,7680],[-5,-249],[38,-81],[82,-61],[207,-46]],[[69010,7243],[139,-303],[-108,-170],[72,-339],[14,-546]],[[70195,1816],[-441,457]],[[69440,3736],[69,390],[-13,52],[-149,131]],[[69272,4440],[8,237],[-96,93],[-90,-52]],[[69039,4850],[-159,-204],[45,-662],[87,-13],[49,460],[86,-52]],[[68227,3018],[-156,110],[-318,71],[-620,-198],[-425,-61],[-52,-50],[-368,7],[-56,258],[-91,151],[48,204],[-49,537],[-177,113],[-114,278],[-128,124],[-48,714],[131,1827]],[[65804,7103],[268,138],[256,34],[328,-175],[197,-38],[56,322]],[[66909,7384],[186,422],[168,290]],[[68007,8353],[9,-156]],[[68016,8197],[440,-145],[160,-99],[0,-143],[72,-130]],[[65134,5752],[-2,40],[96,-44],[95,-160],[-26,-36],[42,-10],[-32,-220],[-47,20],[78,-242],[-278,-396],[-59,-332],[-620,-18],[-17,-141],[-94,2],[-7,-51],[-182,14],[-9,45],[-98,14],[-18,194],[-136,27],[-7,357],[-133,40],[38,1502],[-33,47],[-2,285],[44,126],[983,-297],[255,-270],[58,-253],[111,-243]],[[95664,18637],[-133,-772],[-66,-500]],[[95465,17365],[14,-193]],[[95479,17172],[-466,108],[-63,30],[-56,127],[-76,38],[-316,9],[-120,-51],[-69,45],[-184,-14],[-192,47],[-116,-74],[72,324]],[[93893,17761],[-77,183],[-40,41]],[[93776,17985],[-127,14]],[[93649,17999],[-52,69],[-173,-40]],[[93424,18028],[-58,116],[-63,41],[-110,-47],[-190,96],[-582,64],[-872,391],[-1268,47]],[[90281,18736],[-38,160],[-89,150],[323,709],[20,269],[162,492],[6,228],[-174,583]],[[90491,21327],[-13,272],[287,292],[524,131]],[[91289,22022],[260,357],[81,-1],[314,-279],[148,-83],[718,-129],[1037,-329]],[[93847,21558],[244,-351],[1140,-291]],[[95231,20916],[227,-141],[139,-149],[52,-148]],[[95649,20478],[147,-171],[82,-541],[-44,-558],[-170,-571]],[[91338,19140],[157,151],[19,128]],[[91514,19419],[-217,189],[-55,37]],[[91242,19645],[-206,-170]],[[91036,19475],[264,-310],[38,-25]],[[71693,17993],[94,-45],[200,64]],[[71987,18012],[-75,-962],[-82,-450],[-352,-369]],[[71478,16231],[-693,-377],[-239,-81],[-510,-383],[-8,-499],[-147,-472],[-41,-271],[-48,-981],[-67,-184],[-350,-228],[-50,-145],[25,-161],[-646,-258],[-266,4],[-173,89],[-110,-37],[-97,-332]],[[68058,11915],[-28,-215]],[[67025,14142],[94,871],[185,642]],[[68404,15625],[28,151],[-3,94]],[[68333,16040],[-154,67],[-254,10]],[[67813,16632],[-475,192],[19,163],[598,-87],[266,-196],[43,-101],[98,-103],[30,24]],[[68688,18145],[588,100],[410,113],[260,100],[246,150],[515,154]],[[70769,18829],[178,-124]],[[70947,18705],[592,-169],[227,-2],[-111,-292],[38,-249]],[[69094,4718],[76,54],[99,-72],[3,-260]],[[69272,4440],[75,-131]],[[69347,4309],[158,-153],[-65,-420]],[[69440,3736],[-50,-106],[-31,-517],[184,-16],[63,-570],[165,-110],[-17,-144]],[[69754,2273],[-453,344],[-823,242],[-251,159]],[[68227,3018],[36,63],[640,-211],[206,227],[-49,53],[-144,-16],[-4,185],[192,42],[95,623],[-52,395]],[[69147,4379],[-97,43],[-38,-451],[-84,7],[-49,620],[11,78],[149,174]],[[69039,4850],[55,-132]],[[72487,9940],[32,-844],[0,-1967]],[[72519,7129],[-70,-825]],[[72449,6304],[-79,13],[-36,-47],[-203,-1185],[-107,-412],[-93,-218]],[[71931,4455],[-140,-143],[62,-123],[88,-56],[478,-149],[73,-164],[-199,-1312]],[[72293,2508],[-627,-51],[-9,-140],[-70,-209],[-134,-227],[-127,-50],[-866,95],[-92,-217],[-173,107]],[[70195,1816],[-152,603],[-115,165],[-109,8],[-23,35],[-56,372],[323,-26],[6,-369],[80,9],[86,-63],[-7,-236],[154,-35],[-45,640],[125,42],[135,-11],[76,64],[40,63],[13,190],[-118,121],[-325,156],[-27,42],[-56,261],[58,484],[-211,-31],[-67,31],[32,146],[358,45],[-125,257],[-113,98],[-103,-26],[-201,169],[-16,-99],[-66,-113],[-155,47],[-1,98],[-73,63],[-51,168],[-90,65],[-177,-37],[-48,-140],[-121,-7],[-25,612],[107,103],[15,105]],[[69127,5885],[-9,484],[-53,273]],[[69065,6642],[208,152],[463,8],[162,-55],[129,-211],[69,63],[46,148],[274,137],[153,147],[13,173],[-158,101],[-53,121],[-200,188],[188,889],[57,649],[-4,318],[160,1],[7,64],[-23,459],[-151,-36],[-39,35]],[[70366,9993],[14,1058],[-174,-3],[128,355],[237,131],[113,179],[168,50],[184,-30],[731,53]],[[71767,11786],[183,-48],[98,-117],[325,38],[2,-725],[112,-994]],[[68344,18894],[55,24]],[[68399,18918],[52,-533],[237,-240]],[[68688,18145],[-41,-168],[21,-68],[-210,-901],[-66,-484]],[[68392,16524],[-53,-17],[-118,197],[-297,207],[-567,76],[-26,-147],[482,-208]],[[67813,16632],[-20,-79],[-234,-202],[-40,-405],[370,-28],[36,199]],[[67925,16117],[349,-43],[59,-34]],[[68333,16040],[96,-170]],[[68429,15870],[-25,-245]],[[68404,15625],[-156,-1],[-78,-92],[-158,20],[-262,187],[-154,-152],[-292,68]],[[67304,15655],[-107,406]],[[66837,16943],[227,392],[0,373],[110,1165]],[[67174,18873],[744,130],[366,-69],[60,-40]],[[71292,23368],[77,-495]],[[71369,22873],[-59,-467],[-50,-1536],[-100,-552]],[[71160,20318],[-332,-123],[-48,-301],[58,-191],[-65,-437],[-4,-437]],[[70769,18829],[-62,-67]],[[70707,18762],[-123,-48],[-392,-106],[-343,-196],[-401,-118]],[[69448,18294],[164,556],[-60,283],[-355,81]],[[69197,19214],[-123,382]],[[69074,19596],[-200,7]],[[68874,19603],[-92,69],[173,613]],[[68955,20285],[199,466],[14,1278]],[[69168,22029],[71,141],[15,305],[100,485],[-47,350]],[[69497,23313],[146,-148],[230,176]],[[70625,23543],[188,-4],[209,-121],[270,-50]],[[68229,22464],[83,-127],[103,-26]],[[68415,22311],[68,-88],[38,-231],[-361,-68],[6,-142],[-424,-28],[-228,60],[-44,71],[-127,-14],[-297,142],[-38,142],[27,176]],[[67035,22331],[421,7]],[[67456,22338],[61,205]],[[67517,22543],[34,20],[347,-123],[331,24]],[[66837,16943],[38,-299],[-43,-100],[46,-319],[77,-242],[76,-2],[166,80]],[[67197,16061],[106,-447],[-164,-500],[-114,-972]],[[67025,14142],[-261,-120],[-108,-178],[-65,-787],[336,-56],[-271,-1125],[650,18],[724,-194]],[[68030,11700],[-31,-264],[42,-432]],[[68041,11004],[-83,-424],[15,-634],[251,-163],[-7,-218]],[[68217,9565],[73,-613],[-186,-500],[-97,-99]],[[68007,8353],[-122,-3],[-118,-256],[-41,-24],[-463,26]],[[67263,8096],[-114,-35],[-493,11],[-360,-59],[-298,18],[-77,-34],[-102,-211]],[[65819,7786],[16,461],[-226,7],[-223,-236],[-185,70],[-236,-4],[-456,304],[-472,128],[-101,130],[-8,135],[51,267],[-25,29],[114,447],[160,446],[68,169],[59,11],[62,182],[47,320],[180,3],[91,-37],[109,35],[-39,-147],[349,-140],[350,-468],[558,-26],[58,82],[74,340],[117,242],[99,424],[48,-6],[94,406],[-654,70],[-10,121],[-33,6],[46,176],[-151,156],[38,16],[-134,67],[-8,69],[-167,80],[37,674],[-95,1001],[-371,-543],[-118,-226],[-481,84],[95,520],[-91,2471],[-557,22],[-10,-60],[-831,287],[-148,37],[-40,-50],[-93,61],[-34,-36],[-74,85],[-20,102],[23,597]],[[62671,17147],[120,272],[295,200],[183,29]],[[63269,17648],[895,-350],[118,-86],[38,-146],[445,240],[138,21],[301,-112],[108,635],[72,833],[456,682]],[[65840,19365],[369,-188],[447,-295]],[[66656,18882],[518,-9]],[[67174,18873],[-130,-1587],[-207,-343]],[[70387,26928],[4,-1100]],[[70391,25828],[94,-1057],[-38,-298],[22,-448],[39,-417]],[[70508,23608],[117,-65]],[[70625,23543],[-93,-123],[-277,-94],[-382,15]],[[69873,23341],[-211,-174],[-57,14],[-108,132]],[[69497,23313],[-190,-3]],[[69307,23310],[-107,653]],[[69200,23963],[-31,130],[-70,72],[-2,143],[-844,232]],[[68253,24540],[-352,177],[-622,221],[-17,288],[-377,239]],[[66885,25465],[-156,156],[-73,118]],[[66656,25739],[-138,521],[-143,179]],[[66375,26439],[195,317],[380,-65]],[[66950,26691],[590,309],[200,60],[290,-19]],[[68030,27041],[163,-81],[487,15]],[[68680,26975],[1356,294],[16,-43],[-61,-241],[396,-57]],[[87925,21315],[-137,1321]],[[87788,22636],[84,115],[299,57],[569,-95],[-73,-279],[-16,-274],[-131,-380],[-159,-44]],[[88361,21736],[-13,-349]],[[88348,21387],[-392,-121],[-31,49]],[[87509,27957],[625,62]],[[88134,28019],[197,-175],[25,-587],[497,64],[62,-27],[35,-194],[-48,-150]],[[88902,26950],[18,-572]],[[88920,26378],[-376,-2]],[[88544,26376],[40,-554],[64,-72]],[[88648,25750],[-9,-158],[68,-480],[-138,-17],[-413,55]],[[88156,25150],[-106,-270]],[[88050,24880],[338,-30],[41,-184]],[[88429,24666],[15,-351],[-85,-91],[-38,24]],[[88321,24248],[-154,-192],[387,60],[17,-261],[37,-63]],[[88608,23792],[-203,91],[-315,-52],[-218,134]],[[87872,23965],[-132,-68],[-64,-63],[34,-506]],[[87710,23328],[-594,-56],[-454,-360],[-89,-712]],[[86573,22200],[-264,184],[-163,173],[-99,645]],[[86047,23202],[-34,560]],[[86366,24416],[75,259],[-10,207],[-94,49],[-820,55],[-485,145]],[[85098,25986],[554,317],[113,245],[-48,635]],[[85717,27183],[76,-11],[169,90],[247,283]],[[86209,27545],[413,299],[261,-42],[190,180],[142,84],[151,-31],[143,-78]],[[89749,25958],[-602,-6],[-123,40],[7,594],[397,-8]],[[89428,26578],[43,-120],[94,-36],[78,-91]],[[89643,26331],[267,-77]],[[89910,26254],[-148,-145],[-13,-151]],[[83868,30951],[695,-470],[56,-66]],[[84619,30415],[114,-288],[145,-179]],[[84878,29948],[240,-167],[318,-144],[271,-197],[160,-308],[-19,-399]],[[85848,28733],[-167,-1259]],[[85681,27474],[84,-926],[-163,-295],[-504,-267]],[[85098,25986],[-353,-258],[-17,-237],[26,-141],[102,-117],[176,-102]],[[85032,25131],[445,-138],[926,-75],[28,-36],[13,-176],[-78,-290]],[[86366,24416],[-298,-362],[-40,-106],[-15,-186]],[[86013,23762],[-2362,-163]],[[83651,23599],[-37,1079],[-58,417],[-61,76]],[[83495,25171],[-191,66],[-332,189],[-366,56],[-26,-162],[-42,-67]],[[82538,25253],[-196,-93],[-254,-202],[-229,-479]],[[81859,24479],[-196,-158],[-40,-280]],[[81623,24041],[-244,-36],[-159,126],[-275,5]],[[80945,24136],[-12,536],[-70,73],[-49,238],[-143,303],[33,814]],[[80704,26100],[164,-28],[402,214]],[[81270,26286],[220,39],[559,-33],[263,-226],[60,571],[21,822],[-124,-14],[-63,43],[59,167],[-90,222]],[[82175,27877],[-230,89],[-166,823]],[[81779,28789],[-15,685]],[[81764,29474],[141,415],[146,212],[316,345],[102,313],[696,-56],[94,395]],[[83259,31098],[609,-147]],[[79932,28487],[-100,497],[614,97],[203,-5],[-59,-362],[-177,-102],[-481,-125]],[[64783,48869],[244,-198],[106,-471],[141,-268],[69,-273],[-11,-442],[109,-247],[-65,-287],[9,-304],[-28,-102],[-210,-132],[-9,-95],[84,-109],[143,-56],[140,-126],[-210,-204],[3,-211],[212,-7],[432,217]],[[65942,45554],[133,-239]],[[66075,45315],[74,-219],[288,-1276]],[[66437,43820],[-584,-157],[-389,-213],[-17,-75]],[[64675,43483],[-519,660],[-116,92],[-296,100]],[[62371,46352],[222,210]],[[63725,48799],[354,63],[704,7]],[[64483,40480],[254,-62],[482,-44],[1248,-7]],[[66467,40367],[63,-251],[91,-772]],[[66621,39344],[33,-713]],[[64137,38146],[-671,-32]],[[63444,39691],[51,1195]],[[55628,47454],[-389,-1202]],[[55904,44287],[104,-415],[50,-452]],[[51177,46602],[-149,826],[-32,365],[20,878],[690,-71]],[[54188,50568],[336,106]],[[55233,56193],[-42,-64]],[[47952,55013],[-154,-27]],[[47798,54986],[33,747]],[[47884,55872],[375,83]],[[49538,57082],[173,210],[126,86]],[[51113,58089],[263,471]],[[48239,61785],[440,612]],[[49837,57378],[-246,-205],[-53,-91]],[[49538,57082],[-1,-567],[-101,-61],[-474,-582],[-703,83]],[[48259,55955],[-235,-40],[-140,-43]],[[47884,55872],[-53,-139]],[[47831,55733],[-14,-196]],[[42661,57967],[15,65]],[[44049,60313],[302,254],[72,84]],[[44484,61393],[93,640],[128,446]],[[62204,38140],[1629,-17]],[[64132,36356],[39,-439]],[[56256,35345],[297,122],[165,0]],[[56718,35467],[-22,-203]],[[57779,35837],[-13,189],[290,94],[29,97]],[[58085,36217],[136,53],[368,19]],[[58589,36289],[232,76]],[[58821,36365],[213,-7],[107,25]],[[59141,36383],[82,113],[48,628],[91,110],[-176,195],[-85,154],[-40,182],[-104,172],[-634,327],[-75,166],[40,258]],[[51065,32343],[603,336]],[[54866,32059],[111,-383]],[[51874,32823],[351,214]],[[54339,34923],[367,61],[126,254],[122,47],[469,-506],[267,129],[81,-14]],[[42576,52351],[-189,-441]],[[43951,51648],[409,-87]],[[40646,44643],[-347,149],[-115,107],[-257,702],[1,266],[-122,203]],[[39866,46637],[-73,373],[17,168],[127,344]],[[40197,48170],[-45,173],[74,429]],[[40329,49529],[105,213],[-239,432],[22,243]],[[40277,51316],[346,9],[156,67]],[[63492,40405],[-48,-714]],[[63444,39691],[22,-1577]],[[63466,38114],[-1262,26]],[[62204,38140],[11,129],[-151,99],[-333,-30],[-81,-46],[-20,-155],[-243,-3],[-205,-264],[-407,101],[-336,841],[-42,176]],[[58230,59435],[139,-72],[85,-28]],[[58454,59335],[844,18]],[[59298,59353],[152,-208],[138,-102],[82,30],[72,-60],[87,-224],[87,-60],[400,-181],[-46,217],[138,-30],[200,-115]],[[60608,58620],[871,-284],[-128,-651]],[[61351,57685],[-184,96],[-656,139],[-82,-132],[-123,-405],[-190,-247],[-118,12],[-77,-66],[-97,-248],[-84,-355]],[[59740,56479],[-210,-55],[-262,58]],[[59268,56482],[-471,-39]],[[54142,60280],[503,-47]],[[56549,61132],[226,-176]],[[56775,60956],[261,-338],[395,-36],[287,-549],[215,48],[190,-537],[107,-109]],[[50431,36712],[-482,-48]],[[48913,36607],[-1099,710]],[[47393,39616],[-237,12]],[[63628,49637],[155,-687],[-16,-43]],[[61262,48424],[-92,161]],[[50699,54679],[395,241],[184,-27],[527,-243],[709,-261],[58,83],[804,-86],[908,323],[84,-79],[112,10],[431,260]],[[55499,56585],[-266,-392]],[[55233,56193],[-132,99],[-501,3],[-56,66],[-538,-33],[-210,172],[-210,-4],[11,211],[-196,465],[-42,1158],[92,320]],[[53451,58650],[821,-517],[789,-403],[320,-56],[316,-191],[952,-679],[40,-133]],[[44479,44822],[150,1042],[306,129],[247,55],[439,-92],[83,944],[51,112],[184,217],[56,162],[-87,105],[-322,238],[-39,165],[-283,39],[-151,155],[-232,-17],[16,126],[-68,443],[-39,791]],[[42020,55345],[159,3],[121,27]],[[42576,52405],[0,-54]],[[42576,52351],[-283,-62],[-530,-22],[-343,-104],[-525,-674],[-116,-97]],[[40779,51392],[-252,-79],[-310,10],[-947,216]],[[38720,52252],[-142,194],[-333,267]],[[39390,56113],[82,-183],[464,-170],[23,-75],[-68,-287]],[[49190,40121],[-173,-19],[-3,239],[-214,-25],[6,-154],[-1344,-129],[-117,-323],[-178,0],[-11,-82]],[[47156,39628],[-410,16]],[[45551,40701],[349,637]],[[56566,40067],[94,-333]],[[55246,39590],[-169,1244]],[[55117,43384],[838,-122]],[[51177,46602],[1924,-725],[1424,273],[19,-408],[249,-518],[148,-1085],[176,-755]],[[55117,43384],[-212,-10],[-359,-514],[-1052,-409],[506,-1193],[504,-465],[101,-50],[205,-50],[160,56],[107,85]],[[55077,40834],[96,-575],[111,-1167]],[[55351,39035],[-37,-235],[-102,-214],[-132,-91]],[[51822,41758],[-301,518],[-141,-110]],[[51267,46178],[-90,424]],[[56689,56671],[458,-167],[225,-24],[379,-199],[441,-67],[605,229]],[[58797,56443],[163,27]],[[58960,56470],[26,-217],[-21,-211],[-164,-664],[-76,-898],[173,-61],[103,-145],[133,-772]],[[59134,53502],[596,-809]],[[54908,52285],[739,201],[-6,313],[482,280],[210,594],[182,19],[22,291],[180,62],[103,290],[39,303],[-336,-27],[-241,37],[-154,79],[-745,59],[-472,114]],[[54911,54900],[171,619],[109,610]],[[55191,56129],[308,456]],[[55499,56585],[619,86],[179,-40],[392,40]],[[60944,31099],[55,-1278]],[[57590,33450],[170,387],[200,260],[229,612],[487,22],[171,103],[517,0],[477,-81],[96,-255],[34,-201]],[[56696,35264],[76,523]],[[56772,35787],[161,523],[161,-114],[294,-91],[284,-159],[107,-109]],[[57779,35837],[-96,-119],[37,-500],[-38,-272],[-550,34],[-417,102],[-19,182]],[[64483,40480],[-11,396],[-714,-20],[-263,30]],[[63495,40886],[-3,-481]],[[63492,40405],[-834,-62],[-563,465],[-42,141],[-327,119]],[[62420,44292],[983,115],[341,-72]],[[63744,44335],[331,-121],[182,-187],[418,-544]],[[64675,43483],[215,-55],[557,-53]],[[65447,43375],[235,-1263]],[[65682,42112],[71,-1183],[67,-570],[-859,32],[-478,89]],[[61059,49791],[111,-1206]],[[61170,48585],[36,-95],[56,-66]],[[61262,48424],[466,-184],[158,24],[267,168],[1013,70],[601,405]],[[63767,48907],[-42,-108]],[[63725,48799],[100,-609],[90,-277],[31,-438],[179,-106],[-392,-158],[-233,76],[-126,-161],[-131,-50],[-37,-79],[-277,-267],[8,-188],[-344,20]],[[62593,46562],[-123,-112]],[[59885,48606],[55,22],[58,81]],[[50699,54679],[160,-1336],[-137,-502],[-20,-184],[-129,-409],[-92,-188]],[[49517,52772],[-283,207]],[[48400,53266],[238,673],[820,-152],[73,43],[199,248],[210,-30],[176,234],[272,112],[311,285]],[[51822,41758],[222,-186],[162,-3],[125,53],[310,-207],[74,6],[139,289],[178,28],[104,-235],[-50,-515],[85,-157],[370,-201],[-97,-937],[896,-515],[80,-232],[495,-370],[42,33],[123,-114]],[[55080,38495],[19,-93],[90,-94],[-13,-44],[-133,-94],[-152,-22],[-166,53]],[[54725,38201],[-165,-16]],[[53529,39055],[-536,301]],[[51702,36690],[-1271,22]],[[50431,36712],[351,781],[133,572],[-3,408],[-61,694],[-784,326],[-751,72],[10,280],[-114,53],[-22,223]],[[49190,40121],[78,97],[245,154],[413,138],[466,220],[34,60],[171,-94],[134,-129],[101,97],[131,41],[333,22],[79,283],[160,270],[10,333],[67,57],[221,-16],[-11,104]],[[57654,47181],[-98,-389],[-133,-320],[1064,-501],[1159,-13],[246,-182]],[[59892,45776],[-127,-1219]],[[59818,43388],[-87,-252]],[[57198,43341],[-278,320],[-179,142]],[[55955,44027],[-51,260]],[[55904,44287],[-207,505],[-171,643],[9,399],[-296,418]],[[55239,46252],[103,370],[286,832]],[[55628,47454],[179,15],[114,206],[565,41],[109,59],[356,518],[133,-41],[59,28],[190,279]],[[49152,42856],[-256,-487],[-125,-386],[-48,-392],[-568,18],[-96,57],[-224,-123],[-226,-69],[-541,-91],[-910,11],[-121,-100],[-137,44]],[[45900,41338],[-593,-1017]],[[42755,44141],[957,-30],[-91,193],[858,518]],[[44479,44822],[183,-358],[1793,-289],[65,173],[66,5],[110,386],[240,435],[-24,167],[29,73],[118,20],[24,39],[-6,139],[56,0],[84,151],[460,-170],[87,-231],[67,-33],[118,33]],[[54339,34923],[-331,-600],[80,-609],[-804,105],[-205,178],[-453,224],[12,-843],[-413,-341]],[[52225,33037],[-1160,-694]],[[51065,32343],[-17,-125],[-690,-130]],[[49949,36664],[828,64],[1402,-44],[543,-112],[235,-99]],[[53822,36867],[-67,-110],[-61,-442],[16,-339],[274,-69],[16,-164],[88,-160],[189,-210],[38,-138],[-88,-116],[13,-167],[99,-29]],[[52798,63169],[95,6]],[[54142,60280],[-691,-1630]],[[53451,58650],[-820,-73],[-501,-112],[-160,85],[-193,178],[-401,-168]],[[51376,58560],[-134,-201],[-129,-270]],[[51113,58089],[-120,-818],[-282,-153],[-274,148],[-600,112]],[[49837,57378],[-159,132],[-228,376],[100,2],[23,41],[-58,158],[-27,249],[97,125],[154,68],[-19,155],[87,81],[-14,87],[67,252],[86,32],[106,-27],[76,96],[64,145],[37,299],[170,16],[-60,137],[-43,13],[-3,94],[-93,178],[10,180],[-616,90],[6,181],[569,245],[2,214],[-214,22],[-223,-184],[-252,40],[-137,1179],[-123,356],[-543,-13]],[[48679,62397],[204,298]],[[49406,63374],[208,106],[421,75],[554,-45]],[[68072,37776],[14,-415],[-38,-588],[-115,21],[-143,-143],[-150,-90],[-283,66],[-235,-38],[-72,-65],[-95,-337],[-233,-138],[-66,0],[-104,82],[-40,-22],[26,-342],[-48,-91],[-107,-69]],[[66383,35607],[-167,28],[-874,832],[-965,-53],[-245,-58]],[[64132,36356],[-397,30],[98,1737]],[[63833,38123],[304,23]],[[64137,38146],[420,92],[862,40],[207,184],[1028,169]],[[66654,38631],[2,-38]],[[66656,38593],[34,-6],[23,-381],[1162,-109],[197,-321]],[[62470,46450],[-99,-98]],[[62371,46352],[-102,-234],[-10,-228],[161,-1598]],[[62420,44292],[-767,-190]],[[60025,43530],[-88,250],[-172,777]],[[59765,44557],[24,310],[103,909]],[[59892,45776],[468,884],[-69,302],[59,19],[919,-138],[968,-344],[233,-49]],[[59990,50365],[350,-502]],[[60340,49863],[-20,-174],[-288,6],[-34,-986]],[[59998,48709],[-113,-103]],[[59885,48606],[-181,61],[-103,191],[-88,9],[-37,-65],[-48,0],[-51,78],[-409,-83],[-32,-112],[-207,-66],[-145,-284],[-526,-299],[-365,-421],[-39,-434]],[[57654,47181],[-255,561],[-66,817]],[[57333,48559],[-280,255],[-129,346],[106,165],[-291,1085],[-64,89],[-292,23],[-380,392],[-986,-198],[-109,294],[-384,-336]],[[54524,50674],[-115,-50]],[[54908,52285],[834,36],[773,99],[89,197],[1065,-43],[42,70],[165,-14],[47,83],[1053,-4],[499,-62],[255,46]],[[54977,31676],[136,-527]],[[56287,28008],[-366,196],[-187,34],[-814,-142]],[[54694,27208],[-3,-368],[-64,-121],[-227,-158]],[[53809,26409],[-99,-92]],[[52136,30177],[11,672],[-133,24],[4,183],[152,39],[21,490],[87,30],[-5,263],[-102,69],[-346,572],[-157,160]],[[51668,32679],[206,144]],[[51874,32823],[184,-53],[159,-164],[181,-46],[130,-90],[446,-701],[198,-390],[77,-33],[150,13],[220,-107],[349,264],[188,68],[44,-58],[171,63],[108,85],[498,2]],[[52993,39356],[384,-198],[152,-103]],[[53529,39055],[386,-455],[168,-138],[477,-277]],[[54560,38185],[69,7]],[[54629,38192],[-43,-97],[-95,-85],[-107,35],[-187,-29],[-170,29],[-147,-208],[-5,-132],[520,-483],[34,-72],[-26,-54],[-267,-88],[-240,-219],[-74,78]],[[53822,36867],[-435,-306],[-179,-50],[-69,-163],[-182,125]],[[52957,36473],[-453,165],[-325,46],[-477,6]],[[51702,36690],[68,1093],[-88,116],[272,1394],[48,151],[66,47],[150,-66],[202,258],[160,-201],[120,31],[152,-132],[141,-25]],[[56660,39734],[63,-219]],[[56893,39201],[-254,-73]],[[56639,39128],[-206,-303],[-104,78],[-368,-22]],[[55961,38881],[-218,38],[-392,116]],[[55351,39035],[-67,57]],[[55284,39092],[-38,498]],[[55246,39590],[329,332],[307,165],[544,-235],[151,39],[39,-177],[44,20]],[[60999,29821],[110,-462],[147,-26],[136,-84],[70,-139],[64,-284],[254,-97],[-33,-238],[-89,-200],[-68,-823],[-38,-130]],[[61552,27338],[-741,179]],[[60811,27517],[-175,371],[-524,-74],[-514,-12],[29,-203],[-35,-133],[-189,-96],[0,-64],[-43,-20],[-10,-79],[-45,-47],[-251,-51],[17,-295],[-39,-79]],[[59032,26735],[-387,-49],[-110,-206],[-420,60],[-679,-395]],[[57229,27316],[-942,692]],[[56287,28008],[46,1853]],[[58536,31996],[172,-70],[-54,-601],[-11,-687],[214,-58],[308,-667],[281,-62],[56,52],[226,-114],[20,-110],[1251,142]],[[62583,52863],[175,-922]],[[62758,51941],[180,-478],[226,-483]],[[63164,50980],[143,90]],[[63307,51070],[321,-1433]],[[63628,49637],[-648,-2],[-1529,132],[-196,-85],[-196,109]],[[61059,49791],[-406,72],[-313,0]],[[60340,49863],[-137,162],[-107,211],[-106,129]],[[59990,50365],[98,847],[-20,208],[-338,1273]],[[59730,52693],[131,-199]],[[59861,52494],[108,-30]],[[59969,52464],[1072,778],[88,100]],[[61129,53342],[81,176],[67,34],[209,-141]],[[61486,53411],[559,-209],[471,-280],[67,-59]],[[48400,53266],[834,-287]],[[49234,52979],[138,-85],[145,-122]],[[49517,52772],[129,-234]],[[48437,49487],[-856,2],[-110,121],[-204,16],[-76,-813],[-269,45],[-246,-9],[-210,147],[-415,184],[-743,447],[-170,45],[-261,-9],[-87,-227]],[[44790,49436],[-333,383],[-31,217],[-16,993],[-50,532]],[[44360,51561],[110,-26]],[[47798,54986],[108,4],[14,39],[32,-16]],[[47952,55013],[-67,-589],[16,-1067],[499,-91]],[[47817,55537],[-19,-551]],[[47798,54986],[-169,-371],[-448,-502],[-179,33],[-84,-46],[-196,6],[-156,54],[-131,96],[-48,-237],[-266,-766],[-123,-722],[-1462,141],[-66,-1137]],[[44470,51535],[-519,113]],[[43951,51648],[-1108,-365],[11,416],[-467,211]],[[42387,51910],[189,495]],[[42576,52405],[207,16],[98,79],[76,148],[31,149],[-17,234],[-177,471],[-314,475],[-78,284],[18,886],[-54,291]],[[41924,57357],[194,-38]],[[42615,57845],[46,122]],[[42661,57967],[151,-168],[1297,-187],[720,-362],[162,16],[575,-171],[109,59],[175,295],[509,-209],[106,72],[104,-66],[358,-95],[-228,-1487],[1034,-151],[84,24]],[[57590,33450],[946,-1454]],[[58536,31996],[-22,-102],[-1438,-204],[-143,-965],[-600,-864]],[[56333,29861],[-885,171],[0,176],[-236,371],[-99,570]],[[55113,31149],[-247,910]],[[54866,32059],[-140,1500],[519,543],[526,792]],[[55771,34894],[185,-268],[35,15],[170,581],[95,123]],[[56256,35345],[168,-1765],[382,-220],[784,90]],[[57198,43341],[268,155],[121,20],[907,-442],[266,3],[470,178],[501,-119]],[[59731,43136],[-344,-989]],[[59426,39113],[-52,-85],[-353,-308],[-191,-73],[-468,91],[-74,-50]],[[58288,38688],[-325,229]],[[57963,38917],[-320,-47],[-120,82],[-186,-10],[-293,251]],[[57044,39193],[-151,8]],[[56893,39201],[-170,314]],[[56723,39515],[-157,552]],[[56566,40067],[4,398],[-290,231],[-533,130],[-134,101],[-72,136],[-150,32],[227,144],[242,829],[100,-13],[115,841],[-120,366]],[[55955,43262],[103,158]],[[56058,43420],[-8,211],[-95,396]],[[55955,44027],[786,-224]],[[56741,43803],[331,-300],[126,-162]],[[51267,46178],[-87,-293],[-199,-462],[-18,-217],[302,-414],[151,-145],[193,36],[135,-303],[185,0],[277,-182],[361,-16],[196,63],[-137,-564],[-98,-155],[-181,-86],[-120,-382],[-298,-324],[-142,-319],[-68,-30],[-326,80],[-13,-299]],[[51380,42166],[-444,64],[-177,326],[-138,402],[-411,-58],[-80,-47],[-27,-179],[-264,72],[-200,-107],[-487,217]],[[49152,42856],[-38,339],[-53,88],[-229,179],[-99,141],[-107,286],[-232,235],[-50,232],[-46,76],[-45,295],[-134,318],[-142,165],[-28,152]],[[47949,45362],[836,-73],[29,83],[67,60],[246,-23],[-47,178],[2,128],[42,106],[-49,278],[-128,284],[-53,227],[573,-103],[137,795],[552,1336]],[[50156,48638],[238,39],[622,-6],[-18,-1004],[269,-1489]],[[57533,62808],[-471,-851],[-487,-512],[-77,-145],[0,-109]],[[56498,61191],[51,-59]],[[56549,61132],[-347,-198],[-492,-398],[-650,-218],[-415,-85]],[[54645,60233],[-353,12],[-150,35]],[[54142,60280],[-301,553],[-986,310],[-476,191],[70,343],[213,623],[231,875]],[[52893,63175],[288,1]],[[52787,63840],[-2,60],[806,50],[252,48]],[[54241,63955],[202,49],[123,85]],[[64171,35917],[128,-856]],[[64299,35061],[83,-248],[71,-72],[155,14],[134,-143],[64,-135],[-72,-78],[-501,-72],[-131,-148],[-64,-169],[-75,-66],[-68,-144],[-459,-6],[-14,-202],[-165,-30],[-14,-88],[-374,38],[-240,-37],[-430,-296]],[[62199,33179],[-375,155]],[[60622,34435],[-72,349],[-272,-223],[-224,63],[-154,238],[-120,405],[-8,157],[181,528],[346,207],[166,-16],[194,-107],[0,324],[342,-271],[-77,-850],[388,20],[116,267],[431,385],[109,33],[521,13],[319,-46],[215,59],[110,76],[363,-112],[278,39],[397,-56]],[[61824,33334],[-235,-135],[-386,-499],[-209,-1028]],[[60994,31672],[-50,-573]],[[60944,31099],[-605,256],[-131,0],[20,1044],[-46,482],[-248,-50],[-256,23],[18,463],[87,520],[82,272],[106,188]],[[59971,34297],[208,16],[443,122]],[[60622,34435],[34,-598],[464,-177],[516,177],[188,-503]],[[48814,31612],[-58,-227],[-4,-223]],[[48871,30058],[-25,-602]],[[47666,29532],[-43,6]],[[44311,33194],[-155,151],[-613,210]],[[43048,33511],[117,324]],[[60397,38988],[-971,125]],[[59426,39113],[-13,236],[50,226],[-338,480],[59,719],[-22,145],[-184,257],[110,257],[61,368],[238,346]],[[59387,42147],[431,1241]],[[59818,43388],[207,142]],[[60025,43530],[1628,572]],[[61653,44102],[314,-402],[103,-1445],[-207,-165],[-149,-741],[12,-281]],[[61726,41068],[-237,-28],[-76,-303],[-187,-26],[-34,-172],[-344,168],[-185,20],[48,-257],[-21,-201],[-117,-333],[-150,-603],[-26,-345]],[[50481,52060],[313,-287],[244,496],[168,-13],[431,76],[53,132],[364,-69],[558,-4],[439,16],[768,106],[717,-188],[372,-40]],[[54908,52285],[-319,-573],[-82,-639],[-98,-449]],[[54409,50624],[-221,-56]],[[54188,50568],[-806,-59],[-1481,-812],[-140,-621],[-55,-476]],[[51706,48600],[-893,91],[-657,-53]],[[50156,48638],[-258,211],[-233,296],[-179,45],[-302,8],[-747,289]],[[48437,49487],[50,808],[151,834],[-17,195],[-75,284],[266,36],[56,142],[123,-17],[6,201],[753,83],[-107,366],[3,119]],[[49646,52538],[574,-297],[261,-181]],[[48499,36891],[414,-284]],[[48913,36607],[420,73],[616,-16]],[[49949,36664],[-50,-531],[84,-195],[54,-606],[-158,-541],[-11,-132],[182,-267],[-207,-383],[-215,-175],[86,-264],[99,-570],[-3,-243],[-150,-419],[-123,-102]],[[49345,31809],[-531,-197]],[[48814,31612],[-443,556],[-178,160],[-627,79],[56,1254],[-22,144],[-172,118],[-263,59],[-34,218],[174,26],[-28,310],[-236,79],[-72,277],[-174,132],[-50,185],[0,343],[-224,161]],[[36371,60427],[-111,63],[-157,300]],[[37371,63173],[37,16]],[[37228,60018],[-120,61],[-251,223]],[[46613,83294],[-397,-1198]],[[43588,79698],[28,-389],[-6,-859],[-152,-1146]],[[44571,76063],[6,-139],[-36,-388],[-110,37],[-68,-60],[-240,-724]],[[43727,73476],[-743,276]],[[42984,73752],[-150,292],[-56,53],[-296,19],[-31,-106],[62,-119],[-135,-50],[-90,-401],[-526,-495]],[[41762,72945],[-42,10],[-89,85],[-25,694]],[[40931,76741],[268,1009],[108,736],[32,502]],[[40256,82490],[189,735],[21,151],[-120,1036]],[[38450,82403],[-49,133]],[[38740,82962],[342,-246]],[[35071,59303],[172,134]],[[35670,58972],[-81,-116],[-479,-68]],[[50738,78205],[-49,4]],[[50680,78991],[781,-294]],[[43103,94673],[413,-26]],[[43516,94647],[-11,-605]],[[43505,94042],[-98,-826]],[[43155,92593],[-897,228]],[[42258,92821],[-8,243],[112,72],[-39,308]],[[37878,97038],[209,-17]],[[38586,94983],[-19,-217]],[[39178,93820],[-41,-133]],[[39137,93687],[-556,-70],[-148,47],[-24,-455],[48,-279],[-34,-119]],[[38423,92811],[-289,-341],[-360,-244],[-118,-51]],[[37656,92175],[-137,123],[-54,-60],[-370,-173]],[[37095,92065],[-330,75],[-126,-146]],[[32235,94349],[103,209],[321,417],[85,843],[105,-18],[104,497]],[[33060,96253],[-48,-325],[70,-184]],[[33600,98026],[170,574],[20,401],[383,998],[442,-183],[199,-513],[141,-258],[398,-314],[100,51],[149,-148],[107,-311],[529,-548],[854,567],[625,-192]],[[36576,58979],[-247,57]],[[35670,58972],[40,173],[37,517],[74,86],[28,198]],[[36371,60427],[486,-125]],[[36857,60302],[230,-204]],[[56445,67930],[99,503]],[[57805,67597],[45,-177],[281,-421],[75,-1022],[-78,-71]],[[58128,65906],[-339,-27]],[[57789,65879],[57,-1936],[98,-489],[3,-189]],[[57947,63265],[-265,-409],[-77,-54],[-72,6]],[[57533,62808],[-615,423],[-563,452],[-472,-495],[-169,-120],[-52,66],[21,392],[-56,162],[93,194],[-114,0],[-31,146],[-502,61],[-176,195],[-93,-158],[-103,-49],[-135,12]],[[54566,64089],[-216,-110],[-109,-24]],[[54241,63955],[-398,43]],[[53843,63998],[-344,-54]],[[52304,66357],[-395,126],[-75,-75]],[[52774,64199],[13,-359]],[[52843,63512],[-843,175],[-234,140],[-603,177],[-60,-58],[-72,-364],[-442,-72]],[[50589,63510],[-193,29]],[[49666,66965],[701,464]],[[51185,67363],[598,635]],[[55808,65725],[262,-230]],[[46446,75896],[-191,-583]],[[45329,75207],[-788,329],[30,527]],[[35530,81672],[466,884]],[[36248,82648],[388,-107],[279,-87],[1029,-452]],[[44993,67058],[-168,-530]],[[37408,63189],[-541,-272],[-19,769],[-48,454]],[[40664,68969],[1781,230]],[[26481,73571],[-710,710]],[[25771,74281],[-435,242],[-630,590]],[[32738,67434],[6,89]],[[32625,68133],[237,-11],[43,8]],[[32907,68179],[423,-67]],[[30976,76610],[335,186],[273,-316]],[[31765,76018],[-803,-404]],[[46932,77287],[-486,-1391]],[[46446,75896],[-419,338],[-739,-299],[-141,0],[-57,200],[-395,146],[-124,-218]],[[44571,76063],[-259,-14],[-452,571],[-351,54],[-51,630]],[[43458,77304],[94,599]],[[45049,77246],[423,99],[334,20],[460,-72]],[[34637,81059],[-569,-121],[-228,29],[-700,-46],[-87,34],[-874,71]],[[31814,80354],[-325,1]],[[31489,80355],[-117,-300],[-81,-260],[-55,-619]],[[31060,78838],[-4,-458],[52,-439],[-302,-19]],[[29607,77805],[-25,-324],[-590,131],[-397,200],[-423,309],[-584,629]],[[26576,79174],[-368,688],[-170,401],[29,222],[226,381],[215,504],[71,92],[173,74],[17,41]],[[28339,81528],[534,-273],[538,-124],[665,-78]],[[30391,81115],[119,65],[747,441],[147,330]],[[31873,83453],[1261,-207],[467,-9]],[[35282,84741],[-289,-6]],[[34970,85473],[28,1093],[321,141],[99,-23]],[[38774,95375],[-188,-392]],[[38586,94983],[-232,35],[-65,59],[-259,528],[57,7],[236,755],[-178,42],[84,351],[-142,261]],[[38087,97021],[110,101]],[[38644,98205],[757,111],[448,-172]],[[32905,68130],[-280,3]],[[32625,68133],[-38,-213],[-56,-43],[-12,-71],[0,-176],[49,-48],[4,-90],[172,31]],[[32744,67523],[-4,-531]],[[32277,66673],[-745,-141]],[[29273,65438],[-166,-3],[-44,-184],[-21,-328],[40,-156],[48,8],[2,-31],[155,34],[47,-43],[-35,-88],[12,-51],[240,-77]],[[29551,64519],[211,-9],[77,37],[16,48],[68,-52],[65,-95]],[[31513,64658],[577,41]],[[32868,61375],[54,-722]],[[32878,60705],[-609,-92]],[[32053,60733],[-110,-63],[-1015,-42]],[[30053,60218],[-941,-1113]],[[28229,57821],[-799,1855],[-71,613]],[[27359,60289],[-60,97],[-114,158]],[[27185,60544],[-186,102],[-117,22],[-400,-228]],[[26482,60440],[-21,72],[120,2137],[93,216],[226,118],[42,69],[169,633],[173,1578],[-7,51],[-57,-12],[-197,-177],[-78,-19],[-146,59]],[[26799,65165],[-82,2978],[1064,138],[-12,316]],[[28761,68286],[246,-268],[238,-151]],[[29245,67867],[659,-49],[354,66]],[[30258,67884],[167,1347]],[[30885,70427],[1966,-340]],[[32699,68206],[208,-27]],[[32907,68179],[-2,-49]],[[35405,66674],[-375,-2021]],[[50764,84959],[-483,22],[-257,53],[-384,0]],[[49919,86046],[184,239],[70,33],[292,-117],[176,-124]],[[35110,58788],[424,40],[136,144]],[[35670,58972],[624,-123],[28,25],[7,162]],[[36329,59036],[327,-59]],[[38821,56558],[-181,-1086],[-734,-1264],[-63,-252],[-83,-153],[-240,-720]],[[32869,56845],[280,1448]],[[34872,59147],[199,156]],[[35071,59303],[39,-515]],[[42366,55438],[-66,-63]],[[42300,55375],[-280,-30]],[[42020,55345],[-258,86],[-197,-70],[-186,28],[-305,-21],[-32,-101],[-154,48],[-33,-121],[-126,18],[-54,-167],[-367,-52],[-227,-124],[-10,-36],[-43,21],[-135,239],[-2,305]],[[39891,55398],[63,253],[-7,87],[-136,86],[-349,113],[-72,176]],[[39390,56113],[-4,104]],[[40693,56624],[407,1105],[493,-208]],[[41762,57389],[162,-32]],[[41924,57357],[-115,-198],[-10,-501],[77,-295],[462,-694],[41,-108],[-13,-123]],[[52787,63840],[1671,-116],[92,-36],[-97,-119],[758,-519],[36,-272],[-410,-513],[-31,278],[-169,12],[-446,235],[-230,163],[-780,223]],[[53181,63176],[-383,-7]],[[52798,63169],[45,343]],[[52843,63512],[-56,328]],[[33209,80921],[631,46],[391,-17],[562,163],[466,87],[-133,-265]],[[55089,68665],[373,294],[537,401]],[[56657,69030],[-212,-1100]],[[56445,67930],[-969,-306],[-73,831],[-327,46],[13,164]],[[41166,91439],[-224,98],[-83,122],[-87,314]],[[40772,91973],[-16,313]],[[40756,92286],[44,151],[166,73],[796,98],[496,213]],[[42258,92821],[551,-129]],[[45029,95020],[-170,-210],[-76,3],[-363,170],[-286,-204],[-242,-116]],[[43892,94663],[-301,-20],[-488,30]],[[43103,94673],[-529,120],[-454,-2],[61,-370],[27,-446],[134,-438],[-19,-93]],[[42323,93444],[-1073,-10],[-521,37],[-153,52],[-445,-159],[-111,146],[-322,-114],[-71,46],[43,102],[-10,159],[-284,80],[-38,-63],[-183,26]],[[39155,93746],[23,74]],[[39178,93820],[-209,122],[14,101],[-291,68],[22,354],[-147,301]],[[38567,94766],[22,235],[185,374]],[[38774,95375],[360,-46],[0,110],[147,6],[7,76],[113,3],[23,383],[89,592],[504,328],[19,567],[-43,322],[-144,428]],[[39849,98144],[1142,-281],[771,-110],[82,-63],[113,-22],[444,178],[239,-58],[-38,-190],[95,-8],[15,186],[62,8],[2,-68],[178,11],[0,-49],[247,-1],[313,-58],[506,-124],[511,-291],[550,-224],[78,-78],[157,-555],[76,-1100],[-193,-88],[-170,-139]],[[38197,97122],[-77,-82],[-242,-2]],[[37878,97038],[-161,1112]],[[37717,98150],[927,55]],[[38644,98205],[-189,-505],[-195,-323],[-63,-255]],[[59872,69186],[-96,232]],[[59776,69418],[-166,44],[-82,-11],[-199,-161],[-138,-254]],[[59191,69036],[-233,48],[-259,-33]],[[58699,69051],[-166,88],[-143,-25],[-91,-162],[-65,-320]],[[58234,68632],[-117,-43]],[[58117,68589],[-162,132],[-76,-112],[-30,-267]],[[57849,68342],[91,-267],[-127,-344]],[[57813,67731],[-8,-134]],[[57805,67597],[-427,42],[6,130],[-180,107],[-452,426],[-208,131]],[[56544,68433],[113,597]],[[56657,69030],[-658,330]],[[55999,69360],[-910,-695]],[[55089,68665],[-268,-46],[-318,6],[-418,143],[-140,-53],[-783,132]],[[52977,69683],[-54,21]],[[51783,67998],[-310,-342],[-288,-293]],[[51185,67363],[-729,222],[-89,-156]],[[50367,67429],[-456,-281]],[[49115,69330],[3,133],[385,2585]],[[56497,75080],[236,-123],[85,-99],[62,-287],[5,-199],[78,-252],[265,-260],[96,-179],[14,-712],[37,-76],[158,-46],[125,-106],[161,-246],[534,-489],[323,-353],[5,-60],[-91,-226],[23,-66],[192,-187],[79,-286],[46,-326],[315,-516],[203,-93],[237,13],[295,-279],[91,-61],[80,6],[93,-371],[-372,-15]],[[31742,74714],[63,-359],[-18,-1078]],[[30203,75318],[747,20]],[[30962,75614],[586,284]],[[56137,77496],[-39,-127],[59,-398],[-144,-1299],[17,-539],[90,17],[377,-70]],[[56497,75080],[-641,-345],[-135,-139],[-248,-421],[-323,-394],[-405,-657],[-6,-283],[-639,-259],[-48,-89],[-93,-40],[-253,7],[-448,106],[-777,-27],[-40,484],[-151,103],[5,123],[-688,52],[-118,-105],[-141,-31],[-349,-497],[-659,282],[-636,-72]],[[49704,72878],[259,1586]],[[50416,78231],[322,-26]],[[50738,78205],[24,-196],[66,-73],[90,-3],[217,93],[68,59],[20,127],[261,-44],[-73,208],[50,321]],[[51461,78697],[43,-16]],[[51281,76164],[704,34],[51,260],[73,-1],[-73,513],[-217,33],[-324,113],[-107,-350],[-107,-602]],[[32274,70193],[-1389,234]],[[31071,72551],[716,726]],[[31787,73277],[12,162]],[[33054,74696],[-1059,-325]],[[31804,74259],[-62,455]],[[31742,74714],[-144,133],[35,438],[-85,613]],[[31548,75898],[217,120]],[[31765,76018],[-57,222],[-124,240]],[[31982,77666],[-622,263],[-252,12],[-56,602],[8,295]],[[31060,78838],[176,338]],[[31236,79176],[11,83]],[[31247,79259],[633,10],[-66,1085]],[[31814,80354],[122,179],[-71,171],[-114,106],[-39,151],[467,65]],[[32179,81026],[1030,-105]],[[33209,80921],[-246,-580],[-11,-123],[-133,-188],[472,-434],[282,-156],[165,134],[458,258],[694,241]],[[33082,95744],[-51,105],[-14,158],[43,246]],[[33060,96253],[-107,44]],[[32953,96297],[62,284],[505,1463],[80,-18]],[[33600,98026],[123,-251],[307,-235],[221,-113],[200,-43],[-144,-642],[194,-260],[44,-379],[62,-77],[0,-285],[-50,-283],[-89,-102],[-213,88],[-357,-291],[-332,217],[53,127],[2,63],[-29,25],[-91,-9],[-65,-118],[-354,286]],[[30806,77922],[487,10],[20,-95],[30,-561]],[[31310,77021],[42,-249],[-41,24],[-215,-99],[-120,-87]],[[30976,76610],[-33,-93],[-17,-716],[36,-187]],[[30962,75614],[-12,-276]],[[30950,75338],[-912,-13]],[[29855,76067],[-165,284],[-94,371]],[[29594,77527],[13,278]],[[29607,77805],[51,90],[147,105],[150,44],[140,-15],[278,304],[296,-348],[137,-63]],[[36006,86534],[25,-12],[365,131]],[[38052,87259],[27,-59],[33,-258]],[[37337,83633],[-115,-184],[-64,-56]],[[36248,82648],[-252,-92]],[[35996,82556],[-737,-1356],[-622,-141]],[[34637,81059],[-116,665],[-430,1766],[-291,-180],[-199,-73]],[[33601,83237],[-161,-11],[-1108,130],[-459,97]],[[34694,84730],[588,11]],[[35282,84741],[367,-74],[407,-159],[7,173],[-193,1102],[37,418],[-462,58],[-27,425]],[[35418,86684],[-30,28],[-390,-146],[-7,138]],[[34958,86742],[-92,0],[-26,-8]],[[33217,86357],[376,139]],[[40937,88517],[-62,-7],[-273,12],[-6,76],[-138,7]],[[40458,88605],[41,620],[-47,216],[28,68],[130,-20]],[[40610,89489],[601,68],[105,-207]],[[50968,92087],[281,-184],[108,-393],[117,-142],[469,-293],[165,-233],[-23,-182],[-133,-372],[-85,-67],[-277,-40],[-592,34]],[[33554,68087],[-855,119]],[[32699,68206],[-68,295],[6,334],[132,463],[82,789]],[[32955,70366],[360,-132],[633,-329],[112,-37],[134,21],[188,91],[317,19]],[[52435,70108],[-45,863],[237,59],[282,14],[175,-93],[357,-59],[-8,-277],[-59,-199],[-427,-24],[3,-125],[65,-142],[-11,-323],[-81,-98]],[[52923,69704],[-448,178]],[[56137,77496],[-186,337],[-96,73],[-298,112],[-231,225],[-993,-76],[-51,103],[-222,66],[-783,96],[-995,478],[-23,-213],[-225,210],[-406,-137],[-124,-89]],[[51504,78681],[-824,310]],[[50680,78991],[9,-782]],[[50689,78209],[-273,22]],[[50416,78231],[-68,-498],[186,-100],[-90,-994],[-135,-638],[113,-107],[135,-212],[265,-14],[40,-312],[-587,-33],[-79,-226],[34,-80],[-45,-201],[-111,-349],[-111,-3]],[[49963,74464],[-130,-784]],[[45425,80751],[278,997],[513,348]],[[46216,82096],[467,1433],[56,347]],[[51139,83370],[-17,704]],[[51830,83226],[153,-17],[152,67]],[[52952,84734],[885,219],[345,270],[452,150],[611,269],[396,0],[57,-26],[73,-190],[181,-83],[90,-828],[46,-173],[334,-445],[-593,-223],[-394,30],[-34,189],[-546,63],[23,-166],[-226,-13],[-348,-120],[-772,18],[-235,-473],[-28,-143],[93,-1014],[139,-98],[164,-187],[225,-412],[209,37],[29,-280],[887,84],[704,-47],[25,-659],[161,-627],[167,-373],[15,-492],[161,-658],[-111,-837]],[[53785,79521],[191,649],[76,937],[-766,20],[-56,-30],[-157,-321],[-270,-272],[-105,-976],[1087,-7]],[[34170,93079],[-126,284]],[[34044,93363],[555,1349],[418,-351],[104,252],[14,181],[68,221],[149,70],[231,-144],[132,-195],[199,-42],[130,-71],[121,-230],[166,-93],[232,-614],[-132,-328],[60,-451],[-18,-61]],[[39932,58288],[-1152,245],[-196,-142],[-71,-159],[-142,85],[-142,28],[-166,0],[-114,-62],[-284,-34],[11,206],[-147,-219],[-283,96],[-590,645]],[[36656,58977],[-80,2]],[[36576,58979],[106,239],[26,213],[144,-26],[100,165],[-3,97],[93,122],[45,309]],[[37087,60098],[141,-80]],[[37228,60018],[59,260],[41,928],[-123,271],[-17,230],[220,1482]],[[37408,63189],[749,-589],[-8,-807],[-102,-500],[74,-45],[24,-64],[29,-179],[-20,-332],[60,-5],[37,-99],[442,-3],[426,-169],[28,164],[356,-152],[208,1394],[319,751],[156,224]],[[37371,63173],[-303,-477],[-262,-649],[-94,-345],[-315,-152],[-57,-52],[-130,-260],[-167,-141],[60,-307]],[[36103,60790],[110,-237],[158,-126]],[[36371,60427],[-241,-346],[-118,4],[-163,-139]],[[35849,59946],[-109,98],[-379,0],[-118,-607]],[[35243,59437],[-371,-290]],[[34872,59147],[-240,-116],[-201,-324],[-596,25],[-454,-322],[-232,-117]],[[32959,59766],[-91,1609]],[[32868,61375],[185,408],[210,803]],[[36861,63375],[6,-458],[504,256]],[[32547,73369],[-748,70]],[[31799,73439],[5,820]],[[31804,74259],[191,112]],[[31995,74371],[531,148]],[[42845,69119],[-400,80]],[[42445,69199],[-208,-14],[-1573,-216]],[[40938,70739],[167,9]],[[41105,70748],[39,-116],[179,41],[78,-100],[130,25],[46,-76],[185,-96],[330,380],[51,-26],[171,76],[147,0],[535,-207],[108,-387]],[[29594,77527],[28,-43],[-90,-60],[39,-177],[-25,-168],[50,-4],[0,-353]],[[29596,76722],[58,-267],[201,-388]],[[29855,76067],[50,-353],[119,-169],[-25,0],[39,-220]],[[30038,75325],[165,-7]],[[30203,75318],[58,-290],[377,-1271],[433,-1206]],[[31071,72551],[-6,-346],[-180,-1778]],[[30885,70427],[-431,-370],[-29,-826]],[[30425,69231],[-1585,-66],[-79,-879]],[[28761,68286],[-992,311]],[[27769,68597],[-51,887],[-184,246]],[[27534,69730],[-211,445]],[[27323,70175],[-255,1894],[-341,-137],[-403,-253],[-138,-301],[-379,-23],[-44,351],[-223,6],[172,635],[671,540],[406,394],[-148,232]],[[26641,73513],[-160,58]],[[26481,73571],[806,999],[174,275],[-56,287],[-116,117],[-6,44],[27,25],[46,268],[116,117],[-219,122],[-257,34],[-190,-32],[-615,32],[-298,-190],[-143,-249],[-402,-180],[-427,-110],[-215,-17]],[[24706,75113],[-53,1686],[-107,422],[-91,160],[478,669],[-88,192],[407,-18],[393,334],[90,-37],[289,275],[552,378]],[[26576,79174],[232,-43],[780,-381]],[[27588,78750],[402,-439],[344,-314],[478,-297],[312,-139],[383,-87],[75,7],[12,46]],[[27569,75763],[281,-32],[18,82],[51,-9],[46,-108],[-79,-189],[33,-56],[122,30],[230,-276],[293,-11],[39,-62],[40,-214],[65,-9],[706,996],[-58,319],[-286,-139],[-503,5],[-204,138],[-214,300],[-87,-114],[-89,-234],[-404,-417]],[[50396,63539],[-361,16],[-264,-39]],[[48474,66320],[187,53],[846,426]],[[49666,66965],[298,-342],[34,-810],[79,-54],[17,-505],[108,-106],[44,-227],[-53,7],[3,-77],[51,0],[169,-1165],[-20,-147]],[[33593,86496],[-249,-109],[-127,-30]],[[33217,86357],[0,87],[89,2],[112,96],[17,-32],[146,34],[12,-48]],[[33961,88011],[2,-950],[-5,-56],[-74,-82],[48,-40],[-46,-92],[-162,67],[-90,-179],[-347,-50],[-102,-86],[-226,98],[63,497],[-130,722]],[[36639,91994],[142,146],[314,-75]],[[37095,92065],[-21,-556],[285,62],[429,5],[144,-128],[257,23],[138,-88],[13,-51],[-17,-185],[-73,-225],[188,2],[473,-125],[72,-130],[85,-52],[80,-11],[81,136],[104,-51],[74,-166],[137,44]],[[39544,90569],[176,-86],[92,-73]],[[39812,90410],[-10,-134],[43,-68],[28,57],[53,-23],[-15,-153],[147,-80],[-28,-142],[-223,-500],[-85,-440],[71,-76],[73,-192]],[[39866,88659],[730,-61],[6,-376]],[[39979,86281],[3,245]],[[38173,86892],[-61,50]],[[38112,86942],[-60,317]],[[38052,87259],[-385,180],[-27,124],[-83,43],[-112,-71],[-202,-469],[-77,-85],[-136,85],[-136,29],[-107,-64],[0,-228],[-349,22],[-89,-114],[47,-58]],[[36396,86653],[-390,-119]],[[36006,86534],[0,192],[-171,429],[-154,288],[-139,-40],[-9,-42],[-68,61],[-44,199],[-20,505],[-423,239]],[[35008,91515],[-230,17]],[[34951,92827],[596,290],[522,-188],[404,-73]],[[36473,92856],[172,-115],[-77,-255],[119,-67],[-145,-348],[97,-77]],[[32235,94349],[358,-205],[486,-190],[60,-360],[219,-145],[133,-55],[137,-3],[130,66],[286,-94]],[[34044,93363],[247,-533]],[[34544,91615],[139,-91],[325,-9]],[[35008,91515],[11,-136],[-171,-34],[8,-289],[-141,-107],[-2,-44],[45,-88],[106,-24],[19,185],[89,7],[47,-199],[12,-430],[-32,-98],[-133,-62],[74,-177],[72,-400],[20,-826],[-54,-428]],[[34978,88365],[-261,-129],[-756,-225]],[[33961,88011],[-1069,-151]],[[32892,87860],[-936,-56]],[[28674,87924],[-11,105],[-170,52],[-314,282],[-61,122],[-54,155],[38,613],[498,-58],[451,76],[80,37],[500,524],[207,310],[215,-11],[34,79],[-67,482],[11,498],[236,-36],[20,327],[-191,941],[44,176],[-244,111],[248,828],[-9,353],[466,510],[380,124],[269,4],[305,-62],[164,-219],[440,12],[18,88],[58,2]],[[31405,64990],[-343,-342]],[[30315,64786],[-1042,652]],[[29273,65438],[12,324],[164,586],[867,83],[156,-75],[312,-44],[-29,-117],[474,100],[303,237]],[[31532,66532],[409,75],[-236,-363],[-196,-565],[-52,-546]],[[33422,78355],[-861,-10],[-38,117],[0,176],[-223,375],[-87,68],[-122,188],[1296,-69],[10,-382],[33,-161],[-8,-302]],[[34840,86734],[118,8]],[[34958,86742],[33,-38]],[[34991,86704],[-21,-1231]],[[34970,85473],[23,-738]],[[34993,84735],[-299,-5]],[[34694,84730],[-171,-44],[-469,1186],[60,746],[-74,-9],[4,112],[89,56],[295,20],[211,-95],[199,-142],[2,174]],[[50968,92087],[11,-121],[57,-119],[-169,-438],[-11,-198],[-79,-120],[4,-165],[217,-711]],[[50998,90215],[-206,9],[52,-747],[146,-253],[-67,-551],[-3,-449],[82,-44],[-119,-299],[0,-326],[-98,-634],[904,-206],[99,-688],[583,-27],[158,-46],[533,-366],[14,-807],[-124,-47]],[[52952,84734],[-587,-67],[-114,-93],[-45,-107],[34,-338],[-135,-386],[93,-228],[11,-119],[-74,-120]],[[52135,83276],[-231,-80],[-74,30]],[[51830,83226],[-231,352],[-283,146],[-45,206],[-149,144]],[[51122,84074],[-33,862],[-325,23]],[[50764,84959],[114,390],[138,254],[-37,73],[-214,36],[-51,219],[-73,146]],[[50641,86077],[-293,182],[-206,56],[-223,-269]],[[49919,86046],[-195,0],[-84,-1012]],[[49229,84293],[-507,-43],[-764,557]],[[46294,86075],[-256,58],[-375,-16]],[[45769,89503],[-595,128]],[[45174,89631],[136,1034],[44,661],[145,807]],[[45693,92787],[100,550]],[[45793,93337],[-44,200],[0,236],[-720,1247]],[[45029,95020],[291,204],[72,23],[262,-59],[482,40],[194,-33],[682,-154],[-9,-51],[255,-94],[334,-51],[210,51],[133,117],[369,16],[71,-109],[40,-302],[402,-627],[187,-57],[252,-176],[538,-104],[53,-186],[-260,-176],[-11,-51],[170,-69],[203,-180],[363,-422],[405,-328],[251,-155]],[[40847,70411],[-183,-1442]],[[40664,68969],[-127,-626],[-7,-190],[-74,2],[-64,181],[-686,-68],[-517,-144],[-691,5],[-245,-19],[-125,-48],[-28,-969],[97,-2],[33,-558],[-77,-12],[-272,73],[-268,4],[-409,-78],[-241,-704],[-87,-468],[-74,-680],[-2,-528]],[[36800,64140],[61,-765]],[[36861,63375],[-248,-64],[-80,-174],[-519,75],[-88,-203],[-533,-27],[-43,183],[-176,-40],[-75,-229],[-401,-82],[-49,-214],[-115,6],[-29,-172],[-1242,152]],[[33263,62586],[158,731],[57,529],[-25,154],[91,494],[-450,49],[-103,-559],[-222,-3],[9,-121],[175,1],[-7,-104],[-162,10],[-515,68],[0,229],[-71,36],[1,221],[-15,27],[-80,-12],[-34,88],[-105,44],[8,79],[93,46],[24,106]],[[32090,64699],[-152,2],[-425,-43]],[[31513,64658],[-15,-561],[-79,-638],[-65,-201],[38,-11],[-189,-524],[-773,326],[-114,280],[-9,118],[-134,239],[-38,258],[-129,343],[-18,161]],[[29988,64448],[-133,147],[19,38]],[[29874,64633],[-116,48],[23,63],[-42,365],[21,18]],[[29760,65127],[215,-114],[340,-227]],[[30315,64786],[312,-95],[435,-43]],[[31062,64648],[179,151],[164,191]],[[31405,64990],[52,143]],[[31457,65133],[83,683],[165,428],[89,144],[147,219],[336,66]],[[32277,66673],[22,270],[441,49]],[[32740,66992],[-2,442]],[[32738,67434],[198,108],[272,34],[102,85],[-12,205],[32,246]],[[33330,68112],[224,-25]],[[33554,68087],[178,32],[52,95],[171,889],[559,-5],[185,901]],[[37012,67950],[-366,41],[-25,-73],[2,-307],[-72,-92],[-4,-149],[97,-66],[95,-433],[8,-178],[427,78],[24,-132],[197,29],[38,1671],[-220,-31],[-201,-358]],[[35405,66674],[-463,-302],[-122,-29],[-367,58],[-217,-302],[-84,-286],[1,-639],[59,-223],[200,-416],[49,122],[92,19],[477,-23]],[[35030,64653],[178,1088],[197,933]],[[53162,68847],[-170,-103],[-229,-36],[-616,-349],[-142,-56],[-130,0],[-92,-305]],[[51783,67998],[-610,1070],[-164,377],[-481,-199],[15,587],[391,168],[1501,107]],[[52435,70108],[40,-226]],[[52475,69882],[502,-199]],[[52977,69683],[-6,-465],[191,-371]],[[49640,85034],[1449,-98],[50,-1185],[0,-381]],[[51139,83370],[-39,-158],[-499,38],[-240,65],[-669,754],[-212,138],[-251,86]],[[49229,84293],[411,741]],[[48989,63335],[-56,-501],[-50,-139]],[[48883,62695],[-644,-910]],[[48239,61785],[-163,-159],[-225,-57],[-39,-86],[0,-198],[-470,-92],[-269,389],[-157,132],[-129,211],[-73,204],[-451,-107],[0,362],[-57,0],[-117,102],[-36,85],[-1060,236]],[[49503,72048],[-388,-2718]],[[49115,69330],[467,-1522],[329,-660]],[[49911,67148],[-245,-183]],[[49666,66965],[-159,-166]],[[49507,66799],[-548,-293],[-485,-186]],[[48474,66320],[-93,29],[-26,47],[-73,-20],[-102,40],[-45,-77],[-531,-70]],[[45240,68171],[-714,77],[-203,208],[-990,33],[-342,48],[20,370],[-166,212]],[[42845,69119],[115,338],[144,805]],[[43104,70262],[593,14]],[[43697,70276],[225,-255],[212,-96]],[[43798,71200],[276,202]],[[44074,71402],[143,220],[63,215]],[[44280,71837],[0,172],[574,13],[-13,291],[107,14],[8,-136],[54,37],[67,-245],[273,175],[166,-66],[276,222],[211,-185],[549,43]],[[39193,82405],[-4,112],[-107,199]],[[39082,82716],[-318,213],[-77,118],[-23,127],[14,312]],[[40294,84724],[172,-1348],[-92,-370]],[[34544,91615],[-298,11],[-89,37],[-49,403],[-91,153],[62,237],[21,273],[191,101]],[[34291,92830],[-121,249]],[[34170,93079],[709,-200],[72,-52]],[[34951,92827],[49,-726],[-41,-280],[-149,-67],[-32,-222]],[[34778,91532],[-158,17],[-76,66]],[[31584,76480],[-239,272],[-35,269]],[[31310,77021],[33,255]],[[31343,77276],[-50,656],[689,-266]],[[31982,77666],[-29,-105],[77,-1023],[-446,-58]],[[31956,87804],[175,-902],[216,-509],[-144,-287],[-192,-254],[-58,1],[-253,181],[-112,19],[-67,-46],[-183,-358],[210,-872],[62,-425],[203,-565],[60,-334]],[[31873,83453],[-65,-280],[-526,17],[-185,46],[-256,-637],[563,-648]],[[31404,81951],[-89,-248],[-58,-82],[-866,-506]],[[30391,81115],[-315,-62]],[[30076,81053],[-890,115],[-481,155],[-366,205]],[[28339,81528],[-771,-536],[-526,251],[-273,334]],[[26769,81577],[111,431],[0,108],[-148,875],[-160,374],[-12,459],[64,251],[225,197],[388,-82],[106,852],[179,1015],[1017,-176],[181,1009],[2,422],[-48,612]],[[28674,87924],[607,156],[336,-158],[506,-122],[419,-47],[337,69],[1077,-18]],[[44825,66528],[-181,-702]],[[45624,64653],[44,-567],[-720,-955],[45,-324]],[[44993,62807],[-288,-328]],[[44705,62479],[-175,-700],[-46,-386]],[[44484,61393],[-9,-602],[-52,-140]],[[44423,60651],[-374,-338]],[[44049,60313],[-113,91],[-102,-43],[-126,-138],[-279,-25],[-308,42],[-102,24],[-197,150],[18,-433],[-113,-31],[87,-1043],[-82,-61],[42,-748],[-98,-66]],[[42676,58032],[-61,-187]],[[42615,57845],[-190,-49],[-128,-428],[-179,-49]],[[42118,57319],[-356,70]],[[41762,57389],[-169,132]],[[41593,57521],[-1661,767]],[[39932,58288],[268,523],[319,513],[862,1650],[-127,204],[-287,343],[341,799],[-1122,458]],[[40186,62778],[-55,186],[30,270],[173,363],[62,260],[485,-253],[64,78],[239,-83],[353,-59],[-2,523],[141,760],[86,207],[-516,700],[-105,63],[-83,382],[108,12],[19,365],[1124,-59],[164,-244],[635,0],[113,258],[180,166],[1424,-145]],[[38117,78607],[316,-380]],[[38255,69681],[-317,238],[-76,217],[-243,-173],[-132,-22],[-120,-73],[-303,-1021],[-1057,200],[-143,-326],[-193,261],[-972,1017]],[[34699,69999],[-209,4],[-430,-135],[-1072,495],[-33,3]],[[32955,70366],[-57,-213],[-47,-66]],[[32851,70087],[-577,106]],[[32274,70193],[178,419],[265,1081],[294,892],[-59,26],[-190,269],[-215,489]],[[32547,73369],[-21,1150]],[[32526,74519],[528,177]],[[33054,74696],[974,235],[402,141],[70,67],[-110,684],[10,355],[158,410],[323,2128],[38,604],[-29,753]],[[40693,56624],[-246,-18],[22,299],[-237,24],[-157,-182],[-40,-328],[-285,-29],[-230,105],[-134,-278]],[[39386,56217],[-279,212],[-286,129]],[[38821,56558],[214,258],[453,704],[444,768]],[[39932,58288],[1168,-559],[-122,-298],[-48,-213],[-237,-594]],[[37874,83295],[498,-683],[78,-209]],[[38416,81829],[-1501,625],[-667,194]],[[36248,82648],[123,726],[787,19]],[[37158,83393],[179,240]],[[45499,92133],[-1046,135],[-992,31],[-78,-642],[11,-137],[-244,-619],[83,-256],[-63,-118],[25,-242],[-145,-157],[212,-225],[158,41],[328,-71],[625,33],[337,-147],[464,-128]],[[45213,88851],[121,18],[141,-42]],[[45529,89566],[240,-63]],[[45769,89503],[223,46],[301,-609],[503,-190],[145,-216],[-201,-1108],[-347,53],[-1030,-537],[239,-494],[31,-291],[30,-40]],[[45663,86117],[503,-10],[128,-32]],[[46294,86075],[156,-151],[178,66],[-6,78],[84,13],[141,-93],[122,-164],[290,-171],[144,-133],[401,-498],[151,-14],[3,-201]],[[47958,84807],[-423,-262],[-351,-289],[-133,-157],[-101,-223],[-211,0]],[[46739,83876],[-126,-582]],[[46613,83294],[-135,13],[-305,-53],[34,173],[-323,133],[3,142],[-310,6],[-97,198],[32,92],[-114,-80],[-809,-165],[-683,-33],[-178,815],[47,367],[-728,274],[-317,-694],[-411,-124],[-352,-422],[-291,202],[-1330,274]],[[40346,84412],[-52,312]],[[40162,85085],[-183,1196]],[[39979,86281],[343,11],[99,826],[104,414],[76,214],[237,459],[-236,17]],[[40602,88222],[0,300],[335,-5]],[[40937,88517],[29,188],[750,-67],[-129,220],[-2,227],[-269,265]],[[41316,89350],[-81,202],[-132,-7]],[[41103,89545],[62,112],[23,133],[-49,286],[18,180],[203,20],[31,139],[153,1]],[[41544,90416],[51,86],[-243,272]],[[41352,90774],[17,202],[-70,52],[-91,148],[-42,263]],[[41166,91439],[350,15],[69,48],[62,310],[438,-12],[222,193],[569,390],[-67,309]],[[42809,92692],[346,-99]],[[43155,92593],[80,453],[127,85],[45,85]],[[43407,93216],[30,202]],[[43437,93418],[605,119],[156,95],[436,98],[641,-135],[122,-58],[346,-423]],[[45743,93114],[-50,-327]],[[45693,92787],[-194,-654]],[[53499,63944],[-714,-44],[-11,299]],[[52774,64199],[78,437],[-8,505],[-355,119],[-45,120],[-222,-37],[-107,235],[-11,152],[61,309],[-16,76],[-315,293]],[[51834,66408],[21,52],[54,23],[186,-40],[209,-86]],[[52304,66357],[149,-127],[235,-312],[101,-50],[471,90],[355,-80],[209,124],[135,21],[-48,-587],[-50,-258],[-230,-901],[-132,-333]],[[49833,73680],[-129,-802]],[[49704,72878],[-201,-830]],[[49503,72048],[-126,-6],[-689,-252],[-554,-33],[-1020,176],[-562,239]],[[46552,72172],[189,282],[451,425],[97,777],[-567,4],[-53,-308],[-425,26],[-48,183],[-298,32],[-107,-307],[-67,48],[-62,-489],[-73,-193]],[[45589,72652],[-185,-60],[-417,-90]],[[44987,72502],[-152,23],[-30,172],[-830,-21],[-186,517],[45,119],[-11,119]],[[43823,73431],[-96,45]],[[43727,73476],[72,349],[138,54],[-152,172],[417,648],[-79,90]],[[44123,74789],[271,777],[195,-46],[740,-313]],[[45329,75207],[89,111],[837,-5]],[[46255,75313],[677,1974]],[[46932,77287],[-666,6]],[[46266,77293],[-644,79],[-573,-126]],[[45049,77246],[-478,63],[-310,223],[-709,371]],[[43552,77903],[64,711],[-28,1084]],[[43588,79698],[100,1009],[162,-8],[539,471],[1036,-419]],[[45425,80751],[180,-117],[-44,-440],[-145,-668],[675,-253],[298,-255],[268,-75],[68,-71],[384,-821],[114,-164],[137,-151],[415,-236],[15,-1041],[-45,-724],[-79,-160],[-339,-160],[-67,-106],[-226,-106],[11,-173],[-163,28],[-30,-42],[62,-16],[-20,-159],[317,-40],[-13,-148],[33,-14],[115,68],[17,81],[21,-48],[289,88],[451,-46],[215,19],[135,-142],[249,24],[283,-199],[180,-253],[647,-551]],[[49424,86265],[-652,-3],[-222,-48],[86,670],[67,256],[445,59],[426,108],[-150,-1042]],[[38433,78227],[803,-947]],[[41069,77261],[-138,-520]],[[40931,76741],[56,-35],[184,-348],[41,-370],[193,-141],[234,-266],[-17,-268],[-60,-314],[-181,-558],[-526,-296],[-223,-232],[233,-127],[741,-52]],[[41606,73734],[18,-572]],[[41624,73162],[-1471,-258],[-387,-30],[-127,-61],[118,-186],[238,-144],[153,4],[149,-202]],[[40297,72285],[49,-576],[75,-421],[56,-98]],[[40477,71190],[144,-105]],[[40621,71085],[254,-122],[-9,-175],[72,-49]],[[40938,70739],[-91,-328]],[[40847,70411],[-721,-10],[-298,49],[-517,-258],[-294,-34],[28,-508],[-148,-18],[-642,49]],[[38255,69681],[8,692],[-37,404],[23,460],[-18,276],[-42,104],[-14,342],[104,993],[56,259],[-143,99],[-1096,311],[-94,80],[58,526],[216,1105],[332,-38],[170,639],[512,1616],[143,678]],[[27698,31578],[-93,-717],[-139,-559]],[[27869,29731],[96,-243],[99,-54],[332,19],[654,-188],[137,80]],[[29372,29362],[67,-136],[-2,-779]],[[30059,25606],[6,-124],[-42,-388],[-128,-342],[-187,35],[-449,-75]],[[27188,26300],[-24,172],[-7,330]],[[27483,27977],[-100,411],[-69,445]],[[27323,28988],[72,172],[-4,68],[-120,197],[-47,206],[-217,447]],[[25734,30295],[93,330]],[[32269,60613],[67,-2],[542,94]],[[32878,60705],[44,-52]],[[32922,60653],[37,-887]],[[32959,59766],[190,-1473]],[[33149,58293],[-255,-1358],[-203,-573]],[[32302,55964],[-127,-294],[-94,-113],[-87,-21],[-120,51],[-103,-105]],[[27399,49103],[-113,982],[-3,209]],[[27283,50294],[57,384]],[[27340,50678],[-121,267],[-39,192],[-248,669],[1323,-715],[18,17],[20,325],[-83,1997],[-123,712],[-172,19],[51,392],[-77,1],[171,252],[-29,96],[49,33],[56,25],[361,-20],[-84,1272],[-6,769],[-178,840]],[[28229,57821],[22,678],[861,606]],[[29112,59105],[363,443]],[[30560,58840],[464,-167],[68,-3]],[[31768,60659],[233,19],[52,55]],[[32053,60733],[100,-72],[67,11],[49,-59]],[[23270,33834],[-456,-509],[-11,-77]],[[23045,33007],[181,-162],[133,14]],[[24825,31286],[-36,-359],[-29,-35],[-131,7]],[[24671,30581],[-80,-274],[-166,-454]],[[24055,28803],[-172,-681],[-284,-534]],[[20584,27503],[-136,50],[-72,52],[304,1014],[-326,124],[-50,80],[62,49],[141,-21],[48,91],[33,241]],[[20588,29183],[-57,248],[101,241],[57,714],[384,305],[35,63],[-413,293]],[[21830,33778],[281,-79],[67,14],[58,62]],[[23051,33911],[298,165]],[[37362,34825],[68,-292]],[[37220,34239],[43,-404],[375,-262],[716,-75],[31,-125]],[[38945,31847],[-28,-275],[67,-260],[-16,-122],[-153,-7]],[[37136,31341],[-127,647],[-248,-3],[-177,131]],[[36578,31737],[-52,-124]],[[36381,31638],[-172,-191],[-63,2],[-111,68],[-97,177]],[[35760,32649],[42,190],[-352,562],[-37,203],[47,182],[249,291]],[[35709,34077],[609,457],[473,-91],[2,251]],[[36793,34694],[369,-5],[72,103]],[[28608,42727],[-38,-156],[6,-380],[-55,-314]],[[28521,41877],[2,-235],[45,-546]],[[30187,39883],[-740,-1693]],[[29447,38190],[-162,-496],[-209,-856],[-166,-960],[-8,-274],[-109,-178],[-99,-11],[-178,238]],[[25165,37801],[-21,53],[85,276]],[[25488,38306],[21,85],[45,288]],[[25812,39690],[-221,344],[-104,71]],[[25487,40105],[57,284],[-120,185],[22,128],[-162,282],[13,90],[-83,716],[-56,144]],[[25158,41934],[88,692]],[[25246,42626],[238,80],[224,136],[132,3],[148,-68]],[[25988,42777],[82,46],[294,11]],[[26364,42834],[44,-64],[71,58],[48,-24],[-32,-139],[203,-21],[16,80],[112,-60],[-5,80],[40,72],[135,40],[-90,320]],[[26906,43176],[71,433]],[[20376,28872],[-72,-49],[16,-59],[360,-145],[-442,-1485],[-42,132]],[[20196,27266],[-175,-14],[-19,28],[31,210],[-20,95],[-154,5]],[[19859,27590],[-183,423],[-4,291]],[[19672,28304],[52,114],[-48,157],[79,162],[139,109],[44,96],[175,-91],[222,62],[41,-41]],[[22939,35155],[208,-184],[237,-62],[293,-5]],[[23480,34159],[-429,-248]],[[23051,33911],[-224,90],[-208,-127],[-162,63],[-120,-153],[-101,-9]],[[22236,33775],[-93,-76],[-313,79]],[[21830,33778],[-184,229],[-570,-24],[-291,31],[-93,-1162],[115,-546],[18,-260],[-130,-999]],[[20695,31047],[-276,-173],[-195,-87],[-115,-9],[-44,39],[38,306]],[[20103,31123],[-163,55],[-38,-244],[-149,-110],[-143,-175],[-294,-52],[-163,98],[-97,-82],[-338,16],[-273,-117]],[[18445,30512],[-6,218]],[[18439,30730],[-115,449],[-8,182],[100,-166],[51,341],[62,85],[-40,221],[232,54],[49,166]],[[18770,32062],[122,59],[25,697]],[[18917,32818],[-379,42]],[[18538,32860],[106,1107]],[[18644,33967],[-88,-7],[0,88],[38,58],[84,35],[-2,65],[-165,106],[118,165]],[[18629,34477],[226,107]],[[18855,34584],[66,93],[172,53],[383,18],[-4,629],[-102,313]],[[19370,35690],[208,561],[240,523]],[[19818,36774],[324,-103],[447,-79],[419,-142],[33,82],[88,-43],[305,-21],[296,44],[70,393],[-262,54],[3,448],[-17,50],[-128,83],[-41,157],[-265,29]],[[21090,37726],[60,331],[420,1549]],[[21570,39606],[802,-115],[87,84]],[[46521,35713],[-1027,-25],[-648,-90],[-126,74],[-343,374],[-89,30],[-114,194],[-637,237],[-150,-1411],[-57,-179],[-165,-1082]],[[43165,33835],[-267,-735]],[[38923,31600],[22,247]],[[38945,31847],[-38,395],[22,152],[-61,454],[-483,525]],[[38385,33373],[-21,201],[182,452],[5,199],[57,53],[83,-88]],[[39399,33684],[63,96],[87,148],[51,228],[-44,185],[-142,241]],[[39804,35579],[412,0],[133,119]],[[30876,40889],[-572,-785],[-117,-221]],[[30187,39883],[-585,235],[-962,591],[-72,387]],[[28568,41096],[-47,781]],[[28599,41783],[365,-250],[170,-67],[1082,74]],[[25554,38679],[-66,-373]],[[25488,38306],[-221,63],[-92,-35],[-7,-98],[61,-106]],[[25229,38130],[-84,-299],[104,-220]],[[23232,34944],[-200,104],[-93,107]],[[22939,35155],[-66,-190],[-50,2],[-74,78],[-159,492],[60,134],[83,465],[234,36],[293,395],[-25,850],[-164,18],[-129,-268],[-74,61],[16,386],[-42,293],[-7,493],[-69,190],[-176,198],[-53,478],[-78,309]],[[22459,39575],[292,1169],[222,464],[58,26],[121,168],[220,380],[651,-742],[763,-482],[273,-361],[428,-92]],[[25487,40105],[179,-173],[146,-242]],[[25812,39690],[-250,-113],[9,-546],[-88,-302],[71,-50]],[[30995,37600],[-223,-72],[62,-301]],[[30666,36926],[-266,-53],[-171,18],[-310,250],[-333,352]],[[29245,37530],[202,660]],[[30694,38323],[39,-207],[166,15]],[[40194,50219],[21,-123],[218,-337],[-10,-76],[-94,-154]],[[40329,49529],[-23,-607],[-80,-150]],[[40226,48772],[-71,-370],[42,-232]],[[40197,48170],[120,-156],[5,-58],[-101,-213],[-284,-221]],[[39937,47522],[-141,-424],[70,-461]],[[39866,46637],[-60,-567]],[[39806,46070],[128,-222],[-11,-224],[96,-323]],[[37742,44465],[-448,-89],[-286,-438],[-43,-254]],[[34992,42860],[-17,255],[-183,1030],[-22,438]],[[34255,46368],[162,169],[24,344],[59,29],[147,-4]],[[35318,47349],[-153,883],[-35,276],[40,65],[596,613]],[[37512,48725],[111,133],[44,269]],[[38575,50781],[971,-507]],[[31813,25671],[165,-107],[-1104,-421]],[[30526,24872],[-631,-120],[156,475],[8,379]],[[30059,25606],[-50,120],[-187,126],[-89,447],[-221,14],[-188,-126],[-243,398],[-246,218],[32,386],[167,166],[129,246],[125,157],[-11,92],[129,288],[31,309]],[[29437,28447],[6,732],[-71,183]],[[29552,29621],[258,15],[194,88]],[[30698,31205],[151,23],[820,-168]],[[28783,32125],[24,-41],[24,-293]],[[29760,30853],[89,-60],[-49,-201]],[[27533,30567],[136,654],[29,357]],[[28201,32394],[498,-318]],[[37362,34825],[-128,-33]],[[37234,34792],[-46,-93],[-395,-5]],[[36793,34694],[-232,313],[-441,-297],[-274,-31],[-76,-52],[-27,-63],[-200,-68],[-324,391],[-341,333]],[[35709,40539],[159,612],[133,154]],[[36737,39036],[-132,-335],[59,-235],[0,-136]],[[28516,35653],[160,-221],[117,-6],[-72,-52],[-114,-190]],[[27878,32285],[-33,-243],[-147,-464]],[[27698,31578],[-633,-4],[-141,-81],[-262,14],[-27,-371],[-120,47],[-27,-151],[-218,69],[-170,-42],[-104,-69],[-192,-239],[23,-126]],[[25827,30625],[-117,-407]],[[24671,30581],[-42,318]],[[24629,30899],[152,1],[44,386]],[[24825,31286],[-96,188],[97,536],[-105,14],[117,194],[46,328],[-608,266],[-397,-98],[-211,154],[-174,-93],[-135,84]],[[23359,32859],[-99,-28],[-215,176]],[[23045,33007],[-145,-1],[-14,116],[-83,126]],[[22803,33248],[51,128],[416,458]],[[23270,33834],[79,242]],[[23349,34076],[131,83]],[[23480,34159],[-4,234],[165,310],[36,201]],[[23677,34904],[-445,40]],[[23232,34944],[272,858],[305,-4],[200,39],[236,116],[384,284],[94,124],[166,509],[360,741]],[[25249,37611],[-84,190]],[[25165,37801],[836,-197],[143,243],[683,-206],[326,-159],[250,-221],[-27,-73],[28,-114],[174,-116],[76,-101],[124,-345],[219,-202],[78,-201],[441,-456]],[[25158,41934],[-754,120],[-748,177],[-103,-11],[-30,425],[-94,200]],[[23429,42845],[720,594]],[[24149,43439],[329,-38],[232,-69],[175,-85],[75,-88],[200,-41],[79,-110]],[[25239,43008],[11,-307],[-92,-767]],[[32249,35372],[39,-474],[-23,-338],[-63,-329],[44,-199],[-6,-121],[41,-77]],[[32281,33834],[8,-217],[-24,-302]],[[32265,33315],[-73,-94]],[[32192,33221],[53,-178],[-14,-103]],[[32231,32940],[-165,-234],[-55,-152]],[[32011,32554],[-18,-465]],[[37520,53083],[725,-370]],[[38245,52713],[373,-310],[102,-151]],[[38720,52252],[-43,-129],[609,-416],[-16,-168]],[[39270,51539],[514,-111],[44,-41],[449,-71]],[[40277,51316],[3,-257],[114,-285],[-177,-357]],[[40217,50417],[-23,-198]],[[40194,50219],[-397,183],[-89,-15],[-162,-113]],[[39546,50274],[-46,10],[-81,76],[-88,18],[-292,185],[-464,218]],[[38575,50781],[-271,-295],[-163,-125]],[[37591,48807],[-79,-82]],[[37512,48725],[-71,-187],[-47,-632],[-889,248],[-80,203],[-125,127],[-54,218],[-78,49],[-86,183],[-114,39],[-202,213]],[[35766,49186],[-636,-678],[-418,27],[-372,145],[-159,158],[-134,301]],[[32393,50521],[-715,66]],[[31739,51561],[143,602],[277,877]],[[32135,55605],[167,359]],[[32302,55964],[81,98],[106,57],[196,21],[6,222]],[[32691,56362],[178,483]],[[32869,56845],[333,460],[920,-463],[43,32],[24,-73],[72,-2],[-40,-65],[127,-15],[-34,-697],[-200,-702],[-12,-228],[37,-65],[233,-129],[55,-109],[38,69],[49,3],[3,-129],[180,-24],[20,-70],[59,2],[22,42],[230,-3],[135,84],[-190,-996],[87,7],[12,39],[180,-91],[479,-46],[199,14],[93,-59],[350,35],[28,39],[459,-137],[43,24],[-2,-82],[253,-60],[-58,-200],[424,-167]],[[31376,35231],[-58,-236],[105,-229],[-16,-171],[68,-132],[-28,-7],[-181,-431],[-130,-188],[6,-297],[-34,-286],[-127,-480],[225,-165],[-2,-180],[279,-200],[124,57],[151,-194],[235,-3]],[[31993,32089],[49,-215],[-359,-19]],[[31437,31099],[-682,132],[-57,-26]],[[30698,31205],[-77,-134],[-345,-332],[-78,28],[-87,-28],[-30,-129],[48,-154],[-124,-98],[-22,-193],[-70,-197],[-4,-68],[95,-176]],[[30004,29724],[-83,-58],[-369,-45]],[[29552,29621],[-73,-166],[-107,-93]],[[29372,29362],[-185,-17]],[[29187,29345],[-104,-78],[-687,186],[-388,-5],[-91,117],[-48,166]],[[27869,29731],[2,113],[101,295],[-101,71],[-116,-165],[-51,156],[-238,101]],[[27466,30302],[67,265]],[[27533,30567],[976,122],[449,-260],[458,-169],[289,-16],[81,-75],[97,245],[-83,178]],[[29800,30592],[55,182],[-95,79]],[[29760,30853],[-5,99],[-132,20],[-328,620],[-276,138],[-161,26],[-27,35]],[[28831,31791],[-10,234],[-38,100]],[[28783,32125],[-84,-49]],[[28699,32076],[-73,30],[-425,288]],[[28201,32394],[-159,-26],[-164,-83]],[[27878,32285],[-232,1011],[326,705],[635,1183]],[[28607,35184],[295,420],[53,562],[121,672],[169,692]],[[29245,37530],[341,-37]],[[29586,37493],[557,-551],[148,-71],[286,35]],[[38141,50361],[-7,-846],[42,-233],[-117,1],[-37,39],[-108,-140],[-119,25],[-52,-72],[-76,-8]],[[37667,49127],[-76,-320]],[[37591,48807],[-315,344],[-99,333],[-58,28],[-100,-18],[-78,118],[-118,23],[-136,111],[-589,572],[-107,144],[205,221],[71,153],[37,198],[-8,434],[122,312],[260,-10],[109,39],[548,-1012],[281,98],[153,-28],[247,-178],[125,-328]],[[40475,40743],[115,110],[646,-34]],[[42886,40444],[-18,-380],[29,-130],[102,-195],[31,-276],[-38,-311],[99,-280],[522,-996]],[[43613,37876],[-351,-41],[-1161,-472],[-3,-310],[-413,-35],[-89,-408],[-155,145],[-242,-402],[-83,-57],[-219,-54],[-35,-168],[-84,-139],[-126,-71],[-286,-76],[-17,-90]],[[40349,35698],[-78,-41],[-25,-65],[-442,-13]],[[39804,35579],[-275,-174]],[[38540,35054],[-82,-203],[-2,-228],[90,-597],[-96,-191],[-96,-337],[-605,44],[-252,106],[-234,187],[-39,241],[-4,163]],[[37220,34239],[47,133],[163,161]],[[37430,34533],[4,49],[-72,243]],[[37362,34825],[45,1796],[170,675],[76,113],[128,72],[30,64],[-508,439],[-639,346]],[[36664,38330],[-53,432],[126,274]],[[39403,39365],[-480,650],[-9,64],[52,147]],[[24671,30581],[378,-169],[204,101],[183,-157],[274,-138]],[[25710,30218],[24,77]],[[25734,30295],[512,94],[304,-314],[457,3]],[[27007,30078],[26,-101],[117,-166],[121,-386],[126,-227],[-74,-210]],[[27323,28988],[-9,-155]],[[27314,28833],[112,-681],[57,-175]],[[27483,27977],[141,-187],[53,-143],[-75,-402],[-389,-349],[-56,-94]],[[27157,26802],[20,-435],[11,-67]],[[27188,26300],[332,-132],[54,-63],[126,-49],[-34,-184],[-148,-102],[40,-89],[136,7],[57,-48],[12,-123],[57,-75],[-35,-191],[46,-204],[-30,-138]],[[26137,24321],[-135,33],[-45,-26],[-1091,218],[-1046,243]],[[23820,24789],[112,106],[228,586],[137,267],[10,176],[-43,97],[-91,80],[-103,-163]],[[24070,25938],[14,-446],[-179,-65],[-205,449]],[[23700,25876],[-810,99],[-270,322],[-123,-190],[140,-161],[13,-64],[-123,-290]],[[22527,25592],[-238,188],[-536,704]],[[21753,26484],[69,259],[-24,121],[107,28]],[[21905,26892],[30,143],[17,113]],[[21952,27148],[-84,60],[-203,-259],[-10,-91],[-94,141],[-35,121],[-95,-14],[-59,-185],[-65,-29],[-65,64],[-113,-7],[0,157],[71,106],[-29,114],[-66,-36],[-89,-149],[-121,189],[-187,-82],[-219,-157]],[[20489,27091],[-252,28],[139,486],[208,-102]],[[20584,27503],[652,-7],[139,178],[48,227],[242,143],[64,164],[180,143],[109,-88],[71,-227],[-12,-149],[-59,-142],[402,-178],[190,-163],[95,177],[154,-28],[29,171],[95,149],[77,49],[101,-14],[-6,-106],[-65,-50],[-119,-355],[-118,49],[-12,-113],[345,-17],[45,199],[66,80],[302,-7]],[[23599,27588],[135,222],[186,422],[135,571]],[[24055,28803],[-49,173],[111,178],[81,488],[227,211]],[[24425,29853],[246,728]],[[35682,32534],[78,115]],[[35760,32649],[67,-4],[6,-46],[-74,-95],[123,-156],[39,-128],[61,-438],[-44,-88]],[[35938,31694],[136,-214],[135,-33],[-42,-150]],[[35583,29526],[26,-253],[-72,-227],[-129,-74],[-8,-232],[-578,28]],[[33116,29772],[-4,-112]],[[32158,30615],[-74,61],[-163,84]],[[31748,30575],[6,384],[-85,101]],[[31669,31060],[-232,39]],[[31437,31099],[-78,157],[-4,115],[105,236],[223,248]],[[31683,31855],[592,18]],[[32275,31873],[107,108],[231,-24],[75,122]],[[32688,32079],[648,-171],[1047,111]],[[34383,32019],[246,-11],[30,227],[135,5],[69,140],[90,-2],[15,-78],[306,183],[-51,150],[145,42],[153,-148],[161,7]],[[33112,29660],[-67,-983],[31,-372],[102,-363]],[[32747,25754],[198,-48]],[[32168,24631],[-341,285]],[[31845,25138],[132,434],[-164,99]],[[31813,25671],[-346,322],[-69,-3],[-222,188],[-82,15],[-225,141],[8,183],[181,-47],[37,31],[22,114],[10,162],[-82,449],[99,263],[-83,259],[89,270],[-116,472],[-16,213],[204,-79],[-14,321],[30,61],[159,-110],[184,-17],[275,1205],[-108,491]],[[31748,30575],[173,185]],[[31921,30760],[237,-145]],[[32158,30615],[43,-187],[398,-185],[236,-305],[277,-278]],[[34992,42860],[370,-149],[107,-7]],[[35378,42503],[118,-304]],[[35853,41835],[207,-287],[-59,-243]],[[36001,41305],[-76,-67],[-96,-195],[-120,-504]],[[35709,40539],[-106,-108],[-366,-182]],[[30941,40998],[-65,-109]],[[30876,40889],[-660,651]],[[30216,41540],[-1154,-60],[-463,303]],[[28599,41783],[-78,94]],[[28521,41877],[37,119],[12,575],[112,711],[3,192]],[[32655,44965],[345,255],[276,-42],[969,-291]],[[34245,44887],[525,-304]],[[34770,44583],[-15,-62],[237,-1661]],[[31470,50607],[923,-86]],[[32393,50521],[413,47],[262,-37],[324,-161],[712,-127],[-138,-175],[-9,-87],[-68,-91],[-46,-320],[62,-91],[42,-255],[100,-85]],[[34047,49139],[92,-242],[201,-217],[245,-117],[545,-55],[188,-1159]],[[35318,47349],[137,-496],[70,-662],[-172,-9],[-275,113],[-103,109],[-94,-33],[-76,-77],[-83,537],[-75,75]],[[34647,46906],[-78,21],[-128,-46],[0,-281],[-69,-127],[-117,-105]],[[34255,46368],[-62,-518],[-81,-126],[140,-162],[-7,-675]],[[34245,44887],[-1166,333],[-130,-21],[-376,-271],[315,849]],[[32159,53040],[-229,-730]],[[30773,51980],[-15,2242],[204,986],[276,187],[203,-148],[-2,185],[153,60],[179,-10]],[[31771,55482],[81,100],[142,-46],[141,69]],[[32135,55605],[388,-664],[-118,-444],[-12,-133],[24,-49],[-52,-315],[-206,-960]],[[31739,51561],[-45,-338],[-16,-636]],[[31678,50587],[-208,20]],[[31470,50607],[-269,-116],[-308,7],[-272,-567],[-20,-170],[32,-72],[104,-36],[36,-119],[39,-574],[-39,-672],[-183,-1140],[758,-373],[386,-284],[141,-5],[142,-141],[256,-173],[129,15],[442,-349],[44,-61]],[[32888,45777],[-303,-768],[-12,-81],[82,37]],[[32655,44965],[-132,-448],[-170,-81],[-239,0],[-189,-162],[-381,-639],[-50,-274],[-98,-262],[-430,243],[-366,-156],[-793,221],[-315,53],[-359,-56],[-448,70]],[[28685,43474],[-77,-747]],[[28608,42727],[-477,160],[-1154,722]],[[26977,43609],[71,1840]],[[27048,45449],[-40,231],[104,912],[505,1474]],[[27617,48066],[-218,1037]],[[27399,49103],[448,-189],[819,-5],[250,-54],[89,3],[51,184],[182,109],[205,-29],[-67,558],[-43,1080],[94,1044],[1346,176]],[[30773,51980],[150,-88],[209,-21],[176,165],[228,363],[394,-89]],[[31930,52310],[-191,-749]],[[31092,58670],[-532,170]],[[30560,58840],[-131,173],[-184,356],[-147,124],[-623,55]],[[29475,59548],[578,670]],[[30053,60218],[875,410]],[[30928,60628],[840,31]],[[31768,60659],[55,-696],[86,-222],[-107,-416],[-180,-365],[-372,-96],[-158,-194]],[[40646,44643],[175,-233],[942,59],[466,-88],[526,-240]],[[42755,44141],[125,-926],[-73,-344],[-184,-456],[-9,-150],[82,-414],[80,-1021],[110,-386]],[[42886,40444],[-760,-86],[-152,57],[-211,186],[-144,49],[-189,133],[-194,36]],[[41236,40819],[-662,29],[-99,-105]],[[40475,40743],[-32,-163],[-804,554],[-150,67],[-146,-287],[-165,-72],[-35,-56],[16,-152],[-50,-302],[-143,-106]],[[38966,40226],[-54,-175],[491,-686]],[[39403,39365],[175,124],[469,-232],[-62,-285],[-646,84],[-215,-59],[-261,-166],[-402,0],[-143,-117],[-575,86],[-89,-92],[-466,116],[-451,212]],[[36737,39036],[-60,234],[-13,253],[48,318],[261,448],[-26,435],[-258,115],[-688,466]],[[36001,41305],[56,192],[-15,87],[-189,251]],[[35853,41835],[-357,364]],[[35496,42199],[-39,84],[-79,220]],[[35378,42503],[91,201]],[[35469,42704],[365,74],[128,120],[181,-13],[82,163],[157,-4],[137,-54],[113,154],[225,35],[210,328]],[[38406,44818],[1102,222],[511,261]],[[40019,45301],[109,-291],[105,-172],[413,-195]],[[39414,34582],[182,-364],[-2,-148],[-45,-142],[-150,-244]],[[39399,33684],[-176,-119],[-512,61],[53,231],[-10,118],[-63,215]],[[38691,34190],[-56,79],[-66,-7],[-34,-90],[-79,451],[30,326],[54,105]],[[38540,35054],[144,133],[62,142],[783,76]],[[39529,35405],[25,-145],[-126,-419],[-22,-187],[8,-72]],[[35237,40249],[-85,-325],[-28,-315],[-146,-310],[140,-271],[-3,-151],[-110,-475],[-184,-63],[-13,-143],[-353,-11],[-119,-55],[32,-115],[-26,-139],[-251,58],[7,-329],[60,-189],[-4,-132],[71,-130],[-664,295],[-120,-914],[463,-102],[362,-33],[210,-189],[107,280],[315,-275],[35,-79],[-2,-156],[-53,-761]],[[34878,35220],[-195,10],[-83,-67],[-583,25],[-271,-48],[-149,333],[-413,82],[-22,-194],[-78,-196],[-571,-29],[-264,236]],[[32249,35372],[-286,49],[-587,-190]],[[31376,35231],[-221,509],[-30,244],[-239,-3],[-205,341],[-129,-23],[25,607]],[[30577,36906],[89,20]],[[30666,36926],[-1,125],[122,56],[47,120]],[[30834,37227],[-69,280],[230,93]],[[30995,37600],[11,166],[-116,120],[9,245]],[[30899,38131],[-156,-28],[-49,220]],[[30694,38323],[-30,22],[-365,-186],[-12,-123],[-260,86],[-123,-31],[-86,91],[-371,8]],[[29447,38190],[369,813],[263,678],[225,423],[601,806],[36,88]],[[30941,40998],[9,278],[-90,707],[27,116],[174,305],[579,-348],[-123,-282],[284,-204],[21,246],[297,-42],[474,140],[71,-119],[-1,-82],[-42,-50],[130,-110],[180,-15],[271,-461],[127,-328],[637,51],[12,139],[539,-221],[216,-238],[237,-164],[267,-67]],[[37067,43507],[-52,23],[-50,154]],[[36965,43684],[35,238],[248,415],[83,62],[411,66]],[[37742,44465],[157,531],[507,-178]],[[38406,44818],[-63,-576],[0,-520],[-66,-441],[-1210,226]],[[49531,21671],[-145,-161],[31,-154]],[[49633,21304],[12,-49],[-73,-144],[-180,-200]],[[49221,20281],[-836,-79]],[[46682,19438],[206,-271],[95,-258],[163,-1060],[-29,-36],[-16,-426],[16,-895]],[[45134,21143],[-358,917]],[[48385,20202],[-80,-13],[-225,-2200],[-102,-672],[-274,-333],[-128,-44],[-113,39],[-183,586],[-134,284],[-200,1195],[-118,222],[-146,172]],[[46682,19438],[-25,99],[18,238],[201,390],[294,139],[110,127],[58,425],[377,10],[135,-180],[192,-111],[222,-202],[121,-171]],[[49849,21777],[400,-528],[-68,-376],[-11,-331],[31,-427],[-49,-220],[-248,279],[-259,207],[-424,-100]],[[49221,20281],[-157,503],[14,147],[78,92],[236,-112]],[[49392,20911],[214,246],[27,147]],[[49633,21304],[-216,52]],[[49417,21356],[-28,56],[-3,98],[64,85],[81,76]],[[49531,21671],[318,106]],[[52774,27131],[429,-321],[193,-276],[25,-64],[-21,-60],[193,-22],[117,-71]],[[53710,26317],[-284,-374]],[[52175,22772],[-89,5],[-435,-651],[-1584,-82],[-34,-87],[-184,-180]],[[49849,21777],[64,267],[-173,120],[214,1329],[-236,165],[-47,567],[362,282],[4,259]],[[37136,31341],[57,42],[-16,166],[37,18],[32,-20],[36,-255],[407,-45],[201,-224],[167,2],[349,312],[409,-154]],[[38815,31183],[-159,-80],[-46,-183],[141,-508]],[[38494,28374],[-264,-408],[25,-387],[-22,-154]],[[36797,27271],[-27,166],[-84,166]],[[36799,28112],[28,412],[-5,216],[-59,107],[-78,28],[-310,-28],[-152,157],[-48,281],[-141,70],[-434,86],[-17,85]],[[35583,29526],[-81,61],[-40,89],[-85,2],[-50,639],[24,101],[188,32],[431,-40],[389,-232],[48,311],[97,54],[52,72],[24,115],[-26,96],[-103,141],[-247,234],[-37,96]],[[36167,31297],[6,82],[141,210],[67,49]],[[36381,31638],[145,-25]],[[36526,31613],[42,56],[10,68]],[[36578,31737],[-88,311],[30,63],[64,5]],[[36584,32116],[244,-148],[135,24],[59,-25],[114,-626]],[[29393,24191],[2,-522],[111,-107],[379,72]],[[30525,24379],[137,-195]],[[31030,22888],[-38,-534]],[[31028,22265],[79,-60]],[[30972,21691],[-117,60],[-153,10],[-191,-110]],[[30336,22100],[-59,38],[-74,-40],[-50,-121]],[[26696,19371],[-92,-306]],[[25750,22590],[7,69],[143,426]],[[26329,24355],[157,-17],[746,221],[569,350]],[[27801,24909],[199,-213],[263,-427],[377,69],[38,75],[188,116],[485,-89]],[[41187,17480],[728,-337]],[[43534,16662],[152,-292],[72,-73],[170,-54],[106,-143]],[[44023,15878],[-90,74],[-96,9],[-163,-174],[-41,2],[-73,82],[-136,-50],[-12,-57],[58,-238],[-65,-273],[-374,-522],[40,-251],[71,-127],[-99,-379],[184,-502],[-90,-27],[33,-249],[86,4],[32,-512],[-118,-909],[20,-347],[54,-229],[-100,-239],[-151,-228],[-202,-150],[30,-227],[-58,-94],[-65,-20],[-282,55],[-170,-188],[13,-57],[-115,-17],[-15,131],[-90,21],[-276,289],[-134,256],[-124,53],[-19,236],[-134,31],[-16,394],[-59,0],[36,185],[-66,-2],[-12,33],[-28,307],[-633,354],[-538,-555],[42,1648],[-57,751],[-125,134],[-16,165],[43,410]],[[41550,16215],[-7,94],[-704,272]],[[34713,27420],[139,-136],[16,-210],[-119,-932]],[[35110,25094],[-1076,15]],[[33468,25498],[-478,197],[-243,59]],[[32747,25754],[-24,105],[-129,73],[-6,105],[101,124],[-14,541],[80,44],[4,134],[385,-10],[95,-126],[149,-35],[64,16],[6,138],[107,98],[30,359],[-107,53],[-100,422],[-210,147]],[[33178,27942],[-125,487],[-4,424],[67,919]],[[33116,29772],[590,146],[217,18],[117,-189],[506,-129],[26,-82],[-81,-248],[186,-344],[145,-176]],[[34822,28768],[238,-12],[115,-967],[4,-127]],[[36799,28112],[-85,-14],[-4,-176],[48,-35],[13,-145],[-85,-139]],[[36686,27603],[-161,59],[-957,155]],[[35382,28514],[26,458],[68,14],[103,142],[21,313],[539,-130],[52,-61],[32,-246],[115,-131],[99,-30],[294,23],[91,-126],[-23,-628]],[[57229,27316],[207,-1171]],[[57436,26145],[-147,-21],[-145,-1185],[46,-282],[243,-233],[-441,-134],[-181,-184],[-20,-157],[45,-197],[-175,-235],[167,-714],[-425,20],[-428,-231],[-229,-31],[-593,-203],[-253,2],[-119,-89],[77,-174],[27,-293],[-317,-91],[-439,92],[-1116,-93],[-15,101],[60,260],[-17,217],[-59,201],[-727,288],[-80,-7]],[[52175,22772],[44,111],[-18,255],[29,654],[403,454],[1,217],[158,171],[492,365],[153,271],[-11,673]],[[53426,25943],[128,199],[255,267]],[[53809,26409],[384,-59],[74,204],[133,7]],[[54400,26561],[270,210],[30,147],[-6,290]],[[54694,27208],[-103,293],[-78,367],[407,228]],[[54920,28096],[182,50],[632,92],[312,-88],[511,-326],[672,-508]],[[31547,21793],[44,-355],[122,-103],[-19,-49],[-440,-121],[-119,-337],[67,-131],[-66,-145],[10,-115],[-73,-108],[-88,-389],[-197,-40],[-61,-138],[-313,-61],[-155,-260],[-657,-341],[-69,-283],[49,-248],[-200,-183],[-22,-164],[40,-147],[-464,-297],[-409,98],[-409,-119],[-401,143],[-753,-197],[-182,63],[-129,-187],[-227,65],[-208,-428],[-280,-58],[224,470],[-103,501],[-77,-5],[-64,238]],[[26525,18805],[171,566]],[[26696,19371],[723,132],[119,-185],[41,-35],[76,9],[-6,-98],[-53,-30],[17,-101],[105,7],[21,-153],[327,-16],[122,-54],[55,188],[-153,267],[73,468],[258,203],[58,101],[105,89],[26,9],[65,-77],[560,56],[86,-56],[242,-339],[207,373],[-52,250],[-224,-44],[54,337],[252,461],[6,153],[55,82],[97,28],[103,-32],[93,114],[-1,499]],[[30153,21977],[80,147],[75,9],[28,-33]],[[30336,22100],[98,-377],[77,-72]],[[30511,21651],[46,2],[105,94],[89,23],[221,-79]],[[30972,21691],[119,23],[51,68],[-35,423]],[[31107,22205],[105,-28],[64,-56]],[[30525,24379],[-405,-628],[-235,-117]],[[29885,23634],[-294,-65],[-85,-7],[-85,61],[-32,119],[4,449]],[[29393,24191],[-42,249]],[[29351,24440],[-92,272]],[[29259,24712],[330,64],[306,-24],[498,79],[132,-452]],[[26137,24321],[192,34]],[[26329,24355],[-7,-657],[37,-95],[-122,-209],[-278,-218],[-59,-91]],[[25900,23085],[-150,-495]],[[25750,22590],[465,257],[44,-4],[105,-134],[65,-381],[32,-49],[102,-17],[85,-107],[371,-136],[129,-87],[-272,-1306],[-347,-100],[-44,-146],[-159,17],[-218,105],[56,-635],[72,-305],[167,-313],[201,-184]],[[26604,19065],[-79,-260]],[[26525,18805],[-194,145],[-183,80],[-147,9],[-75,-56],[-116,-190],[279,-181],[-171,-250]],[[25918,18362],[-292,-76],[-292,25],[-103,-207],[-1304,283],[-176,217],[-142,314],[-68,557],[21,87],[-592,241],[-105,742],[-417,229],[206,784],[117,194],[137,7],[566,-124],[136,1747],[61,1460],[375,-114],[1857,-388],[234,-19]],[[42136,22477],[-373,-44]],[[39567,22379],[-301,113],[-90,65]],[[39176,22557],[-80,407],[-99,223],[-467,574],[-309,249]],[[37693,24560],[-59,51],[-36,143],[22,52]],[[37480,26620],[30,166],[171,190],[125,241],[76,72],[81,24],[278,-157],[76,28],[-84,241]],[[38233,27425],[12,360]],[[35382,28514],[107,-28],[8,-295],[71,-374]],[[35568,27817],[1069,-183],[99,-108],[61,-255]],[[36797,27271],[96,-38],[83,-145],[125,-49],[107,-355],[272,-64]],[[37480,26620],[65,-307],[-114,-344],[50,-178],[14,-229],[300,-408],[31,-86],[-37,-141],[-169,-121]],[[37620,24806],[-24,-108],[97,-138]],[[37693,24560],[292,16],[429,-122],[-193,-444]],[[38221,24010],[-399,162],[-566,-14],[-465,90],[-666,555],[-575,258]],[[35550,25061],[-440,33]],[[35110,25094],[42,322],[-22,171],[-68,94],[-153,54],[-87,89],[-28,285],[-45,33]],[[34749,26142],[75,478],[40,603],[-38,103],[-113,94]],[[34713,27420],[51,165],[30,-54],[385,131]],[[35179,27662],[-119,1094],[340,-16],[-18,-226]],[[50358,32088],[-92,-183],[-4,-196],[76,-269],[42,-71],[67,16],[91,-360],[121,-161],[375,-31],[-1,-598],[-91,-434],[443,-101],[201,-204],[550,681]],[[52136,30177],[599,-241],[469,36],[57,-15],[-15,-89],[184,-13],[-271,-778],[-157,-54],[8,-595],[-164,-221],[-44,-113],[-41,-655],[13,-308]],[[52774,27131],[-115,-43],[-489,-34],[-250,84],[-120,3],[-241,-830],[-23,-231],[-280,15]],[[49511,28657],[-4,428]],[[48867,29823],[4,235]],[[48871,30058],[-119,1104]],[[48752,31162],[35,385],[27,65]],[[48814,31612],[119,64],[412,133]],[[49345,31809],[192,427]],[[49537,32236],[384,0],[437,-148]],[[44714,22134],[89,-108],[331,-883]],[[45134,21143],[816,-1127],[514,-780],[-95,-1502],[34,-368],[218,-618],[135,-63],[115,29],[246,-222]],[[47117,16492],[-2,261],[8,-379],[-205,108],[-282,-39],[-267,-116],[-75,-103],[-270,-601],[-82,0],[-25,-183],[-833,-59],[-101,250],[12,320],[-231,-27],[-134,130],[-165,-105],[-190,18],[-252,-89]],[[44023,15878],[11,222]],[[44034,16100],[-52,97],[-224,100],[-130,151],[-94,214]],[[43534,16662],[-167,123],[-110,367],[-202,-42],[-292,280],[-254,-110],[-314,57],[-280,-194]],[[41915,17143],[-557,230],[-171,107]],[[42005,22477],[1067,-61]],[[39567,22379],[1114,-219],[381,3],[701,270]],[[41763,22433],[242,44]],[[42005,22477],[41,-1340],[76,-40],[-28,-687],[68,-980],[-399,-980],[-59,-275],[-116,-182],[-146,-124],[35,-180],[-290,-209]],[[41187,17480],[-548,-139],[22,-174],[178,-586]],[[40839,16581],[714,-282],[-3,-84]],[[41550,16215],[-510,-77],[-13,-60],[85,-86],[-113,-260],[-6,-694],[-14,-49],[-186,-51],[-30,-316],[-304,107],[-280,38],[-256,112]],[[39923,14879],[-80,71],[-63,194],[-70,73],[-53,32],[-131,-28],[-70,28],[-178,235],[-137,70],[-89,260],[-409,150],[2,154],[85,75],[42,363]],[[38861,17593],[99,658],[-191,202]],[[36352,19653],[-14,89],[-2,298],[38,51]],[[37944,19686],[2,505],[74,150]],[[38262,20467],[13,407],[86,34],[312,-7]],[[38449,21767],[-71,45],[-98,108]],[[38280,21920],[-58,279],[452,203],[502,155]],[[39176,22557],[391,-178]],[[41465,25512],[396,-220],[160,328]],[[45705,25541],[50,-527]],[[47680,23815],[-120,-268],[-164,-251],[-288,-97],[-37,-673],[-32,-75],[-108,-53],[-16,-119],[35,-38],[205,1],[14,-143],[-272,-58],[-37,-171],[-266,-80],[-105,-109],[-265,-61],[-80,-220],[-297,218],[-308,47],[-50,355],[-218,254],[-136,23],[-36,-104],[-93,83],[-230,-216]],[[44776,22060],[-62,74]],[[44714,22134],[-291,139],[-482,84],[-642,-37],[-227,96]],[[43072,22416],[-936,61]],[[42136,22477],[11,277],[-165,593],[-255,51],[-251,218],[-263,522],[-825,344],[213,1105],[246,546]],[[34475,23497],[366,-342],[244,-401],[248,-217],[121,-409],[141,-211],[4,-278],[39,-99],[62,-109],[282,-67],[47,-44],[52,-129],[-7,-152],[268,92],[52,169],[774,290],[227,-326],[182,-56],[183,14],[520,698]],[[38280,21920],[169,-153]],[[38449,21767],[248,-30],[82,-45],[51,-84],[32,-115],[-28,-145],[-6,-515],[-155,68]],[[38673,20901],[-381,-7],[-37,-93],[7,-334]],[[38262,20467],[-242,-126]],[[38020,20341],[-56,-80],[-20,-575]],[[37944,19686],[64,-153],[-94,-189],[-4,-227],[-71,26],[-540,547],[-195,-88],[-99,489],[-54,115],[-73,56],[-238,-47],[-266,-124]],[[36374,20091],[-44,-136],[22,-302]],[[36352,19653],[87,-107],[173,-14],[230,-167],[127,28],[641,-503],[349,-202],[313,-76],[463,-12],[34,-147]],[[38769,18453],[171,-156],[24,-102],[-103,-602]],[[38861,17593],[12,-410],[73,-53],[30,-215],[-204,-359]],[[38772,16556],[-395,91],[-48,-154],[-65,2],[-8,-68],[-45,-33],[-1309,-550],[-283,283],[-326,588],[-90,3],[-14,74],[-110,27],[-55,312],[-107,93],[-14,283],[-152,-23],[-113,247],[-231,-86],[-189,-14],[-141,155],[-51,142],[-26,134],[28,285],[247,530],[229,762],[-60,89],[-81,17],[-157,-45],[-34,321],[-145,103],[141,554],[-651,-51],[-304,24],[-43,-73],[-402,-117],[-35,-257],[-139,-42],[-387,-9],[-227,348]],[[34085,23852],[267,-177],[123,-178]],[[34034,25109],[-13,-909],[34,-65],[125,93],[50,-53]],[[34230,24175],[-213,-166],[-77,-106],[29,-47],[116,-4]],[[34085,23852],[-139,-478],[-139,124],[-252,-313],[-140,0],[179,-189],[-3,-61],[-44,-12],[-196,149],[-62,-57],[-50,-144],[121,-89],[306,-77],[201,86],[-49,-399],[4,-197],[60,-202],[-582,-105],[-44,-166],[52,-136],[-54,-435],[-113,-110],[-161,-540]],[[32980,20501],[-290,328],[-281,394],[-341,-22],[-66,37],[-50,88],[-190,50],[-49,-41],[-94,62],[-52,119],[-20,277]],[[31547,21793],[-182,82],[-89,246]],[[31276,22121],[-248,144]],[[31028,22265],[-36,89]],[[30992,22354],[-4,187],[42,347]],[[31030,22888],[-42,37],[-123,-86],[-79,126],[24,274],[-80,255],[-91,77],[-57,281],[80,332]],[[30662,24184],[-117,146],[-152,501],[133,41]],[[30526,24872],[348,271]],[[30874,25143],[1099,421],[-128,-426]],[[31845,25138],[-18,-222]],[[31827,24916],[249,-230],[92,-55]],[[32168,24631],[110,-9],[537,495],[274,204],[-11,179],[-135,149],[2,57]],[[32945,25706],[523,-208]],[[33468,25498],[566,-389]],[[43543,33555],[394,-113],[296,-142],[78,-106]],[[44311,33194],[54,-273],[13,-454],[57,-296],[-45,-68],[83,-139],[-5,-141],[104,-346],[51,-737]],[[40750,26626],[-386,72],[-139,103],[-357,-39],[-167,112],[-54,-9],[-83,-110],[-185,302],[-300,211],[-4,140],[-42,11],[-80,-82],[-40,0],[-73,345],[-83,80],[-165,37],[-347,-14]],[[38245,27785],[4,232],[245,357]],[[38494,28374],[68,257],[196,180],[58,188],[-4,368],[46,49],[-50,167],[-89,-6],[-36,63],[-56,243],[112,370],[12,159]],[[38751,30412],[-111,330],[-28,249],[93,159],[263,40],[24,43],[-69,367]],[[38923,31600],[194,-21],[225,143],[101,9],[179,-75],[205,35],[111,-117],[304,288],[139,60],[331,-136],[535,-339],[389,100],[127,9],[206,-55],[353,109],[186,607],[139,48],[-22,157],[46,-3],[6,-90],[42,19],[55,210],[-35,17],[71,244],[-45,146],[64,161],[69,-26]],[[42898,33100],[150,411]],[[43048,33511],[107,70],[214,9],[24,61],[166,-30],[-16,-66]],[[47623,29538],[-878,-42]],[[45430,27060],[165,-712],[110,-807]],[[45705,25541],[-583,-152],[-476,-63],[-777,369],[-394,250],[-131,-647],[-629,-430],[-12,87],[-65,17],[-34,170],[3,387],[-197,51],[-145,102],[-159,20],[-85,-82]],[[42021,25620],[-172,-342],[-384,234]],[[41465,25512],[-618,621]],[[40847,26133],[-23,398],[-74,95]],[[40750,26626],[326,342],[414,720],[-214,730],[149,448],[20,365],[318,121],[432,-19],[368,-69],[1008,-3],[716,222],[155,750],[181,507]],[[44623,30740],[442,36],[498,149],[19,60],[77,-1],[20,67],[244,57],[121,-52],[305,-244],[123,-22],[26,-155],[372,-89],[121,-69],[183,-221],[-34,-80],[57,-20],[31,-111],[-60,-53],[2,-86],[375,-17],[-2,-60],[109,-20],[-29,-271]],[[49507,29085],[7,-177],[-3,-251]],[[49511,28657],[-67,-411],[-56,-127],[-452,37],[26,-247],[279,-105],[96,6],[117,99],[964,-399],[51,-288],[16,-475],[14,-39],[140,-55],[3,-256],[365,-153],[249,-149]],[[51256,26095],[-79,-791],[-68,-284],[-95,-41],[-5,-259],[-88,73],[-202,56],[-682,-83]],[[50037,24766],[-134,-78],[-173,-7],[-159,-82],[-18,-173],[-251,-4],[23,155],[-45,54],[-249,-349],[-51,41],[2,412],[-119,137],[-228,50],[-26,373],[-159,84],[-127,146],[-390,-221],[338,-1033],[0,-158],[-39,-55],[-258,-20],[-72,-249],[-222,26]],[[47680,23815],[-9,138],[-122,268],[-78,72],[-25,72],[-47,380],[-147,296],[-86,379],[-315,-84],[-606,14],[6,-319],[-496,-17]],[[45755,25014],[-90,926],[-235,1120]],[[45430,27060],[-54,414],[36,273],[145,-3],[226,74],[487,257],[484,934],[-9,487]],[[46745,29496],[921,36]],[[47666,29532],[-10,-59],[262,-115],[86,-92],[149,102],[693,88]],[[48846,29456],[21,367]],[[48867,29823],[498,-17],[142,-721]],[[46746,39644],[647,-28]],[[47393,39616],[-69,-179],[328,-91],[19,-138],[125,-274],[208,-147],[170,-66],[-106,-471],[-27,-289],[-227,-644]],[[47814,37317],[685,-426]],[[48499,36891],[48,-1016],[-22,-207],[-566,-175],[-310,-73],[-180,0],[-330,46],[-87,86],[-120,231],[-411,-70]],[[46521,35713],[64,431],[106,410],[-214,31],[-96,52],[-374,38],[-355,216],[-654,306],[-469,120],[-698,276],[-218,283]],[[43613,37876],[114,37],[501,411],[176,236],[165,348],[120,393],[205,241],[322,80],[91,699]],[[45307,40321],[244,380]],[[45551,40701],[104,-12],[373,-160],[611,107],[107,-992]],[[49406,63374],[-417,-39]],[[48989,63335],[-62,67],[-26,-54],[-349,-21],[-77,-348],[-77,-107],[-391,86],[23,99],[-77,185],[-77,92],[-166,99],[-83,-7],[-41,135],[-124,7],[-154,135],[-160,71],[-83,214],[-252,381],[-147,99],[-1042,185]],[[45624,64653],[-203,79],[-642,398],[-67,133],[33,457],[-101,106]],[[44644,65826],[349,1232]],[[44993,67058],[236,941],[11,172]],[[45240,68171],[348,833],[326,623],[257,-120],[466,-121],[-91,-323],[395,-570],[-130,-742],[-349,-995],[1142,-487]],[[47604,66269],[-147,-252],[-22,-99],[627,-874],[644,-775],[988,-583],[77,-170]],[[49771,63516],[-365,-142]],[[56070,65495],[-177,184],[-85,46]],[[55808,65725],[-84,0],[-169,-116],[-264,226],[-106,33],[-130,-13],[-45,-179],[-73,-24],[-123,216],[-293,116],[-203,202],[11,479],[45,305],[96,53],[84,305],[90,26],[45,212],[787,58],[18,-1102],[191,-172],[317,-120],[68,-735]],[[44134,69925],[-296,162],[-141,189]],[[43697,70276],[-28,215],[-133,238]],[[43536,70729],[0,100],[79,165],[85,34],[98,172]],[[43798,71200],[43,-153],[169,-172],[107,-40],[186,27],[174,93],[930,-265],[22,-106],[361,-106],[132,-739],[-835,-46],[-338,53],[-615,179]],[[38416,81829],[-122,-599],[2,-419],[106,-924],[-1,-407],[50,-428],[143,56],[31,226],[435,187],[4,205],[317,214]],[[39381,79940],[96,-122],[642,-402],[4,-86],[639,-12],[577,-330]],[[41339,78988],[-73,-868],[-197,-859]],[[41069,77261],[-663,187],[-476,289],[-694,-457]],[[39236,77280],[-592,660],[-527,667]],[[38117,78607],[-385,3],[-22,-87],[-1009,27],[73,424],[115,344],[-381,-68],[-410,129],[-221,178],[-269,17],[-81,44],[-261,151],[-376,304]],[[34890,80073],[236,862]],[[35126,80935],[404,737]],[[35530,81672],[778,-359],[255,-426],[290,-207],[72,36],[278,332],[198,151],[324,548],[219,255]],[[37944,82002],[472,-173]],[[38416,81829],[33,137],[21,355],[-20,82]],[[38450,82403],[230,31],[105,-368],[174,73],[234,266]],[[39193,82405],[112,-40],[15,326],[91,225],[28,389],[415,-82],[296,-157],[224,-60]],[[40374,83006],[-118,-516]],[[40256,82490],[-2,-127],[-227,-714],[-409,-798],[-35,-624],[-39,-185],[-163,-102]],[[39381,79940],[-178,589],[-200,1174],[-178,18],[-116,70],[-293,38]],[[39982,86526],[9,-423],[60,-421],[111,-597]],[[40162,85085],[132,-361]],[[40294,84724],[-859,-112],[-642,-134],[-12,-178],[-85,-177],[75,-274],[-6,-113],[-53,-84],[-34,-166]],[[38678,83486],[-14,-240],[23,-199],[53,-85]],[[38740,82962],[-18,-280],[-96,-152],[-225,6]],[[38401,82536],[-527,759]],[[37874,83295],[-178,177],[-359,161]],[[37337,83633],[-105,904],[312,-49],[288,585],[272,726],[53,229],[-59,321],[56,234],[19,309]],[[38173,86892],[434,-2],[108,112],[91,207],[690,-96],[159,22],[205,93],[122,-702]],[[45475,88827],[-262,24]],[[45213,88851],[-188,183],[149,597]],[[45174,89631],[355,-65]],[[45529,89566],[-13,-204],[34,-193],[-54,-298],[-21,-44]]]}