{"type":"Topology","objects":{"panchayats":{"geometries":[{"properties":{"gpcode":"","gpname":"","dtname":"Baghpat","stname":"UTTAR PRADESH","sdtname":"Khekada","blkname":"KHEKRA"},"type":"MultiPolygon","arcs":[[[-1423,-1368,0,-1366,1]],[[-1463,-1322,2,-1406]],[[3,-93,4,-238,-321]],[[-481,5,-404,6,7,-715,8,-677,9,-675,10,-631,11,-626,12,-624,13,-1133,14,-1131,15,-588,16,-527,-374,17,-413,18,-474,19,-472,20,-470,21]],[[-1285,22,-1222,23,-1127,24,-1109,25,-1181,26,-1179,27]],[[-1334,28,-1473,-114,-1488,29,-1317,-1417,30,-1426,-1413,-1388]],[[-1450,31,-1325,32,-1330,33,-1320,-1363,34,-1361,-1360,35,-1358,36,-1458,37,-1465,-1405,38,-1373,-1302,-1481,-1306]],[[-99,-158,-327,-90,-95,-318,39,-96,-101,40]],[[41,-1671,-1571,-1714,42,-1615,-1699]],[[-863,43,-723,44,-932,45]],[[-796,46,-885,47,-883,48,-881,49,-719,50,-847,-927,51,-838,-1049,52,-1047,53,-1055,54,-1090,55,-1088,56,-958,57,-956]]],"id":0},{"properties":{"gpcode":"264070","gpname":"Dadri","dtname":"Baghpat","stname":"UTTAR PRADESH","sdtname":"Baraut","blkname":"BINAULI"},"type":"Polygon","arcs":[[-743,-774,58,-982,59,-995,60,-67]],"id":1},{"properties":{"gpcode":"264071","gpname":"Malmazara","dtname":"Baghpat","stname":"UTTAR PRADESH","sdtname":"Baraut","blkname":"BINAULI"},"type":"Polygon","arcs":[[-978,-1034,61,-758,-873,62]],"id":2},{"properties":{"gpcode":"264072","gpname":"khaparana","dtname":"Baghpat","stname":"UTTAR PRADESH","sdtname":"Baraut","blkname":"BINAULI"},"type":"Polygon","arcs":[[63,-1011,64,-856,65,-909]],"id":3},{"properties":{"gpcode":"264079","gpname":"Rahatna","dtname":"Baghpat","stname":"UTTAR PRADESH","sdtname":"Baraut","blkname":"BINAULI"},"type":"Polygon","arcs":[[-744,66,67,-993,68,-898,69]],"id":4},{"properties":{"gpcode":"265478","gpname":"Fatehpur Mazra","dtname":"Baghpat","stname":"UTTAR PRADESH","sdtname":"Baghpat","blkname":"PILANA"},"type":"Polygon","arcs":[[-1577,-1559,70,-1511,-1602]],"id":5},{"properties":{"gpcode":"265479","gpname":"Abdullapur Mevla","dtname":"Baghpat","stname":"UTTAR PRADESH","sdtname":"Baghpat","blkname":"PILANA"},"type":"Polygon","arcs":[[-1718,-1547,71,-1586,-1690]],"id":6},{"properties":{"gpcode":"265481","gpname":"Shahjahanpur Tisotra urf Nawada","dtname":"Baghpat","stname":"UTTAR PRADESH","sdtname":"Baghpat","blkname":"PILANA"},"type":"Polygon","arcs":[[-1568,-1492,-1695,72,-1674,73]],"id":7},{"properties":{"gpcode":"265483","gpname":"Shahjahapur","dtname":"Baghpat","stname":"UTTAR PRADESH","sdtname":"Baraut","blkname":"BINAULI"},"type":"Polygon","arcs":[[-786,74,-747,75,-753,76,-894,-963,77,-727,78]],"id":8},{"properties":{"gpcode":"48470","gpname":"AHAMADPUR GATHINA","dtname":"Baghpat","stname":"UTTAR PRADESH","sdtname":"Baghpat","blkname":"BAGHPAT"},"type":"Polygon","arcs":[[79,-107,80,-173,-272,81,-270,82,-109]],"id":9},{"properties":{"gpcode":"48471","gpname":"AHAMADSHAHPUR PADRA","dtname":"Baghpat","stname":"UTTAR PRADESH","sdtname":"Baghpat","blkname":"BAGHPAT"},"type":"Polygon","arcs":[[-1505,83,-220,84,-234,85,-178,-120]],"id":10},{"properties":{"gpcode":"48472","gpname":"AHERA","dtname":"Baghpat","stname":"UTTAR PRADESH","sdtname":"Baghpat","blkname":"BAGHPAT"},"type":"Polygon","arcs":[[-326,86,-1355,87,-1379,88,-252,-91,89]],"id":11},{"properties":{"gpcode":"48473","gpname":"BAGHPAT (RURAL) HAMEDABAD MILL","dtname":"Baghpat","stname":"UTTAR PRADESH","sdtname":"Baghpat","blkname":"BAGHPAT"},"type":"Polygon","arcs":[[90,-256,91,92,93,-319,94]],"id":12},{"properties":{"gpcode":"48474","gpname":"BAGHU","dtname":"Baghpat","stname":"UTTAR PRADESH","sdtname":"Baghpat","blkname":"BAGHPAT"},"type":"MultiPolygon","arcs":[[[95,96,-316,-236,-285,-266,-102]],[[-267,-283,97,-180]]],"id":13},{"properties":{"gpcode":"48475","gpname":"BALI","dtname":"Baghpat","stname":"UTTAR PRADESH","sdtname":"Baghpat","blkname":"BAGHPAT"},"type":"Polygon","arcs":[[-229,-218,98,99,100,101,-265,-231,102]],"id":14},{"properties":{"gpcode":"48476","gpname":"BICHPARI","dtname":"Baghpat","stname":"UTTAR PRADESH","sdtname":"Baghpat","blkname":"BAGHPAT"},"type":"Polygon","arcs":[[-188,103,-122,-175,104,105,106,107,108,109,-117,110]],"id":15},{"properties":{"gpcode":"48477","gpname":"BIHARIPUR","dtname":"Baghpat","stname":"UTTAR PRADESH","sdtname":"Khekada","blkname":"KHEKRA"},"type":"Polygon","arcs":[[-1472,111,-1311,112,113]],"id":16},{"properties":{"gpcode":"48478","gpname":"BUDHERA","dtname":"Baghpat","stname":"UTTAR PRADESH","sdtname":"Baghpat","blkname":"BAGHPAT"},"type":"Polygon","arcs":[[-129,114,-183,115,116,-137,-193]],"id":17},{"properties":{"gpcode":"48479","gpname":"CHOPRA MAHESHPUR","dtname":"Baghpat","stname":"UTTAR PRADESH","sdtname":"Baghpat","blkname":"BAGHPAT"},"type":"Polygon","arcs":[[117,-198,118,-1506,119,-177,120,121,122,-186]],"id":18},{"properties":{"gpcode":"48480","gpname":"CHOULHADA","dtname":"Baghpat","stname":"UTTAR PRADESH","sdtname":"Baghpat","blkname":"BAGHPAT"},"type":"Polygon","arcs":[[-163,-262,123,-1345,124,-324,-157]],"id":19},{"properties":{"gpcode":"48481","gpname":"DHANAURA SILVERNAGAR","dtname":"Baghpat","stname":"UTTAR PRADESH","sdtname":"Baghpat","blkname":"BAGHPAT"},"type":"Polygon","arcs":[[-944,125,-1065,126,-171,127,-169,128,129,-191,130,-154,131]],"id":20},{"properties":{"gpcode":"48482","gpname":"DHODRA","dtname":"Baghpat","stname":"UTTAR PRADESH","sdtname":"Baghpat","blkname":"BAGHPAT"},"type":"Polygon","arcs":[[132,-277,133,-366,134,-389,135,136]],"id":21},{"properties":{"gpcode":"48483","gpname":"FAIZPUR NINANA","dtname":"Baghpat","stname":"UTTAR PRADESH","sdtname":"Baghpat","blkname":"BAGHPAT"},"type":"Polygon","arcs":[[137,-303,138,-301,139,-151,140,-149,141,-352,142,-350,143,-348,144,-305]],"id":22},{"properties":{"gpcode":"48484","gpname":"FAIZULLAPUR","dtname":"Baghpat","stname":"UTTAR PRADESH","sdtname":"Baghpat","blkname":"BAGHPAT"},"type":"Polygon","arcs":[[145,-299,146,-227,147,148,149,150]],"id":23},{"properties":{"gpcode":"48485","gpname":"FATEHPUR POOTHI","dtname":"Baghpat","stname":"UTTAR PRADESH","sdtname":"Baghpat","blkname":"BAGHPAT"},"type":"Polygon","arcs":[[151,-763,152,153,154,-407,-767,155,-765]],"id":24},{"properties":{"gpcode":"48486","gpname":"GAURIPUR HABIBPUR","dtname":"Baghpat","stname":"UTTAR PRADESH","sdtname":"Baghpat","blkname":"BAGHPAT"},"type":"MultiPolygon","arcs":[[[156,-328,157,-217,158,-164]],[[-225,-246,159,-288,160,-240,161]]],"id":25},{"properties":{"gpcode":"48487","gpname":"GORIPUR JAWAHAR NAGAR","dtname":"Baghpat","stname":"UTTAR PRADESH","sdtname":"Baghpat","blkname":"BAGHPAT"},"type":"Polygon","arcs":[[-1509,-263,162,163,164,-215]],"id":26},{"properties":{"gpcode":"48488","gpname":"GWALI KHERA","dtname":"Baghpat","stname":"UTTAR PRADESH","sdtname":"Baghpat","blkname":"BAGHPAT"},"type":"Polygon","arcs":[[165,-1063,166,-1603,-1516,167,168,169,170]],"id":27},{"properties":{"gpcode":"48489","gpname":"GYASI URF GADHI","dtname":"Baghpat","stname":"UTTAR PRADESH","sdtname":"Baghpat","blkname":"BAGHPAT"},"type":"Polygon","arcs":[[-274,171,172,173,174,175,176,177,178,-232,-268,179,-243,180]],"id":28},{"properties":{"gpcode":"48490","gpname":"JAFARABAD NANGLA","dtname":"Baghpat","stname":"UTTAR PRADESH","sdtname":"Baghpat","blkname":"BAGHPAT"},"type":"Polygon","arcs":[[181,182,183,-200,184,185,186,187]],"id":29},{"properties":{"gpcode":"48491","gpname":"JAHANGARH URF DOJA","dtname":"Baghpat","stname":"UTTAR PRADESH","sdtname":"Baghpat","blkname":"BAGHPAT"},"type":"Polygon","arcs":[[188,-409,189,190,191,192,193,-653,194,-489,195,-487]],"id":30},{"properties":{"gpcode":"48494","gpname":"KARAM ALIPUR","dtname":"Baghpat","stname":"UTTAR PRADESH","sdtname":"Baghpat","blkname":"BAGHPAT"},"type":"Polygon","arcs":[[-1514,196,197,198,199,200]],"id":31},{"properties":{"gpcode":"48496","gpname":"KHERAE ISLAMPUR","dtname":"Baghpat","stname":"UTTAR PRADESH","sdtname":"Baghpat","blkname":"BAGHPAT"},"type":"Polygon","arcs":[[-344,201,-342,202,-340,203,-338,-278,204]],"id":32},{"properties":{"gpcode":"48497","gpname":"KHERIKI","dtname":"Baghpat","stname":"UTTAR PRADESH","sdtname":"Baghpat","blkname":"BAGHPAT"},"type":"Polygon","arcs":[[-369,205,-335,-291,206,-358,207,-310]],"id":33},{"properties":{"gpcode":"48498","gpname":"LADHWARI","dtname":"Baghpat","stname":"UTTAR PRADESH","sdtname":"Baghpat","blkname":"BAGHPAT"},"type":"Polygon","arcs":[[-250,208,-248,209,-223,210,-295,211]],"id":34},{"properties":{"gpcode":"48499","gpname":"MEETLI","dtname":"Baghpat","stname":"UTTAR PRADESH","sdtname":"Baghpat","blkname":"BAGHPAT"},"type":"Polygon","arcs":[[212,-1503,213,-1531,-1510,214,215,216,217,-228,218,219]],"id":35},{"properties":{"gpcode":"48500","gpname":"NETHLA","dtname":"Baghpat","stname":"UTTAR PRADESH","sdtname":"Baghpat","blkname":"BAGHPAT"},"type":"Polygon","arcs":[[220,-297,221,222,223,-247,224,225,226]],"id":36},{"properties":{"gpcode":"48501","gpname":"NIWALI","dtname":"Baghpat","stname":"UTTAR PRADESH","sdtname":"Baghpat","blkname":"BAGHPAT"},"type":"Polygon","arcs":[[227,228,229,230,-264,231,232,233]],"id":37},{"properties":{"gpcode":"48502","gpname":"NIWARA","dtname":"Baghpat","stname":"UTTAR PRADESH","sdtname":"Baghpat","blkname":"BAGHPAT"},"type":"Polygon","arcs":[[234,-286,235,-315,236,-322,237,238,239]],"id":38},{"properties":{"gpcode":"48503","gpname":"NOROZPUR GOORJAR","dtname":"Baghpat","stname":"UTTAR PRADESH","sdtname":"Baghpat","blkname":"BAGHPAT"},"type":"Polygon","arcs":[[240,-332,241,242,243,-290,244,245,246,247,248,249,250,-293]],"id":39},{"properties":{"gpcode":"48504","gpname":"PALI","dtname":"Baghpat","stname":"UTTAR PRADESH","sdtname":"Baghpat","blkname":"BAGHPAT"},"type":"Polygon","arcs":[[251,252,-1377,253,-1375,254,255]],"id":40},{"properties":{"gpcode":"48505","gpname":"PAWLA BEGMABAD","dtname":"Baghpat","stname":"UTTAR PRADESH","sdtname":"Baghpat","blkname":"BAGHPAT"},"type":"Polygon","arcs":[[-1508,256,-1594,-1708,257,-1304,258,-1349,259,-1347,260,261,262]],"id":41},{"properties":{"gpcode":"48506","gpname":"POOTHI BRAHMNAN","dtname":"Baghpat","stname":"UTTAR PRADESH","sdtname":"Baghpat","blkname":"BAGHPAT"},"type":"Polygon","arcs":[[263,264,265,-284,266,267]],"id":42},{"properties":{"gpcode":"48508","gpname":"QYAMPUR","dtname":"Baghpat","stname":"UTTAR PRADESH","sdtname":"Baghpat","blkname":"BAGHPAT"},"type":"Polygon","arcs":[[268,269,270,271,272,273,274,-330,275,276]],"id":43},{"properties":{"gpcode":"48509","gpname":"RAJPUR KHAMPUR","dtname":"Baghpat","stname":"UTTAR PRADESH","sdtname":"Baghpat","blkname":"BAGHPAT"},"type":"Polygon","arcs":[[277,-337,278,-612,279,-453,280]],"id":44},{"properties":{"gpcode":"48511","gpname":"SANTOSHPUR","dtname":"Baghpat","stname":"UTTAR PRADESH","sdtname":"Baghpat","blkname":"BAGHPAT"},"type":"Polygon","arcs":[[281,282,283,284,285,286,287,288,289]],"id":45},{"properties":{"gpcode":"48512","gpname":"SAROORPUR KALAN","dtname":"Baghpat","stname":"UTTAR PRADESH","sdtname":"Baghpat","blkname":"BAGHPAT"},"type":"Polygon","arcs":[[290,-334,291,292,293,294,295,296,297,298,299,300,301,302,303,304,305,-346,306,-360,307]],"id":46},{"properties":{"gpcode":"48513","gpname":"SHIKOHPUR","dtname":"Baghpat","stname":"UTTAR PRADESH","sdtname":"Baghpat","blkname":"BAGHPAT"},"type":"Polygon","arcs":[[-512,308,309,310,-356,311,-354,312,-706,313]],"id":47},{"properties":{"gpcode":"48514","gpname":"SISANA","dtname":"Baghpat","stname":"UTTAR PRADESH","sdtname":"Baghpat","blkname":"BAGHPAT"},"type":"Polygon","arcs":[[314,315,316,317,318,319,320,321,322]],"id":48},{"properties":{"gpcode":"48515","gpname":"SOORAJPUR MAHANWA","dtname":"Baghpat","stname":"UTTAR PRADESH","sdtname":"Baghpat","blkname":"BAGHPAT"},"type":"Polygon","arcs":[[323,324,325,326,327]],"id":49},{"properties":{"gpcode":"48516","gpname":"SUJRA","dtname":"Baghpat","stname":"UTTAR PRADESH","sdtname":"Baghpat","blkname":"BAGHPAT"},"type":"Polygon","arcs":[[328,329,330,331,332,333,334,335,-367]],"id":50},{"properties":{"gpcode":"48517","gpname":"SULTANPUR HATANA","dtname":"Baghpat","stname":"UTTAR PRADESH","sdtname":"Baghpat","blkname":"BAGHPAT"},"type":"Polygon","arcs":[[336,337,338,339,340,341,342,343,344,345,346,347,348,349,350,351,352]],"id":51},{"properties":{"gpcode":"48518","gpname":"TYODHI","dtname":"Baghpat","stname":"UTTAR PRADESH","sdtname":"Baghpat","blkname":"BAGHPAT"},"type":"Polygon","arcs":[[353,354,355,356,357,358,359,360,-451,-710,361,-708,362]],"id":52},{"properties":{"gpcode":"48520","gpname":"ALAWALPUR","dtname":"Baghpat","stname":"UTTAR PRADESH","sdtname":"Baraut","blkname":"BARAUT"},"type":"Polygon","arcs":[[-657,363,-391,364,365,366,367,368,369,-510]],"id":53},{"properties":{"gpcode":"48521","gpname":"ANGADPUR","dtname":"Baghpat","stname":"UTTAR PRADESH","sdtname":"Baraut","blkname":"BARAUT"},"type":"Polygon","arcs":[[-550,370,-548,371,-380,-415,372,373,374,-431,-1042,375]],"id":54},{"properties":{"gpcode":"48522","gpname":"ARIFPUR KHERI","dtname":"Baghpat","stname":"UTTAR PRADESH","sdtname":"Baraut","blkname":"BARAUT"},"type":"Polygon","arcs":[[376,-546,377,-769,378,-405,379]],"id":55},{"properties":{"gpcode":"48523","gpname":"ASAFPUR KHARKHARI","dtname":"Baghpat","stname":"UTTAR PRADESH","sdtname":"Baraut","blkname":"BARAUT"},"type":"Polygon","arcs":[[-533,380,-531,381,-622,-446,-434,382]],"id":56},{"properties":{"gpcode":"48524","gpname":"ASHARFABAD THAL","dtname":"Baghpat","stname":"UTTAR PRADESH","sdtname":"Baraut","blkname":"BARAUT"},"type":"Polygon","arcs":[[383,-923,384,-921,385,-651,386,-566,387,-500]],"id":57},{"properties":{"gpcode":"48526","gpname":"BAM","dtname":"Baghpat","stname":"UTTAR PRADESH","sdtname":"Baraut","blkname":"BARAUT"},"type":"Polygon","arcs":[[388,389,390,391,-655]],"id":58},{"properties":{"gpcode":"48527","gpname":"BAOLI","dtname":"Baghpat","stname":"UTTAR PRADESH","sdtname":"Baraut","blkname":"BARAUT"},"type":"Polygon","arcs":[[392,-447,393,-673,-599,394,-688,395,-420,396,-418,397,-542]],"id":59},{"properties":{"gpcode":"48528","gpname":"BARAKA","dtname":"Baghpat","stname":"UTTAR PRADESH","sdtname":"Baraut","blkname":"BARAUT"},"type":"Polygon","arcs":[[398,-479,399,-494,-516,400,-514,401,-704,402,403]],"id":60},{"properties":{"gpcode":"48529","gpname":"BARAWAD","dtname":"Baghpat","stname":"UTTAR PRADESH","sdtname":"Baraut","blkname":"BARAUT"},"type":"Polygon","arcs":[[404,405,406,407,408,409,-485,410,-476,411,412,413,414]],"id":61},{"properties":{"gpcode":"48530","gpname":"BARWALA","dtname":"Baghpat","stname":"UTTAR PRADESH","sdtname":"Baraut","blkname":"BARAUT"},"type":"Polygon","arcs":[[415,-1115,416,417,418,419,420,-1228,-1257]],"id":62},{"properties":{"gpcode":"48531","gpname":"BHUDPUR","dtname":"Baghpat","stname":"UTTAR PRADESH","sdtname":"Baraut","blkname":"BARAUT"},"type":"Polygon","arcs":[[421,-1053,422,-464,423,-504,424,-459,425,-562,426,-1210,427,-1094]],"id":63},{"properties":{"gpcode":"48532","gpname":"BIJROL","dtname":"Baghpat","stname":"UTTAR PRADESH","sdtname":"Baraut","blkname":"BARAUT"},"type":"Polygon","arcs":[[428,-734,429,-1043,430,431,-535,432,433,-467]],"id":64},{"properties":{"gpcode":"48533","gpname":"BIRAL","dtname":"Baghpat","stname":"UTTAR PRADESH","sdtname":"Baraut","blkname":"BARAUT"},"type":"Polygon","arcs":[[434,-558,435,-556,-1112,436,-1110,-1252,437,-572]],"id":65},{"properties":{"gpcode":"48535","gpname":"CHAUBLI","dtname":"Baghpat","stname":"UTTAR PRADESH","sdtname":"Baraut","blkname":"BARAUT"},"type":"MultiPolygon","arcs":[[[438,-456,439,-607,440,-634,-682]],[[-596,441,-640,442,-517,443,-692,444]]],"id":66},{"properties":{"gpcode":"48536","gpname":"CHHACHHARPUR","dtname":"Baghpat","stname":"UTTAR PRADESH","sdtname":"Baraut","blkname":"BARAUT"},"type":"Polygon","arcs":[[-468,445,-629,446,447,-540,448]],"id":67},{"properties":{"gpcode":"48537","gpname":"DHIKANA","dtname":"Baghpat","stname":"UTTAR PRADESH","sdtname":"Baraut","blkname":"BARAUT"},"type":"Polygon","arcs":[[449,-711,450,451,452,453,-609,454,455,456,-680]],"id":68},{"properties":{"gpcode":"48538","gpname":"FATEHPUR CHAK","dtname":"Baghpat","stname":"UTTAR PRADESH","sdtname":"Baraut","blkname":"BARAUT"},"type":"MultiPolygon","arcs":[[[-564,457,458,459,-502,460]],[[-836,461,-506,462,463,464]]],"id":69},{"properties":{"gpcode":"48539","gpname":"GOONGA KHERI","dtname":"Baghpat","stname":"UTTAR PRADESH","sdtname":"Baraut","blkname":"BARAUT"},"type":"Polygon","arcs":[[465,466,467,468,-538,-646]],"id":70},{"properties":{"gpcode":"48540","gpname":"GURANA","dtname":"Baghpat","stname":"UTTAR PRADESH","sdtname":"Baraut","blkname":"BARAUT"},"type":"Polygon","arcs":[[469,470,471,472,473,474,475,476,-496,477,478,479,480,481]],"id":71},{"properties":{"gpcode":"48541","gpname":"HASANPUR JIWANI","dtname":"Baghpat","stname":"UTTAR PRADESH","sdtname":"Baraut","blkname":"BARAUT"},"type":"Polygon","arcs":[[482,-536,483,-555]],"id":72},{"properties":{"gpcode":"48542","gpname":"HILWARI","dtname":"Baghpat","stname":"UTTAR PRADESH","sdtname":"Baraut","blkname":"BARAUT"},"type":"Polygon","arcs":[[484,485,486,487,488,489,-664,490,-662,491,-660,492,-508,493,494,495,496]],"id":73},{"properties":{"gpcode":"48543","gpname":"IBRAHIMPUR MAJRA","dtname":"Baghpat","stname":"UTTAR PRADESH","sdtname":"Baraut","blkname":"BARAUT"},"type":"Polygon","arcs":[[-835,497,-833,498,499,500,501,502,503,504,505,506]],"id":74},{"properties":{"gpcode":"48544","gpname":"IDRISPUR","dtname":"Baghpat","stname":"UTTAR PRADESH","sdtname":"Baraut","blkname":"BARAUT"},"type":"Polygon","arcs":[[507,508,-658,509,510,511,512,513,514,515]],"id":75},{"properties":{"gpcode":"48545","gpname":"JAFARPUR ODHAPUR","dtname":"Baghpat","stname":"UTTAR PRADESH","sdtname":"Baraut","blkname":"BARAUT"},"type":"Polygon","arcs":[[516,517,-587,518,-522,519]],"id":76},{"properties":{"gpcode":"48546","gpname":"JAGOS","dtname":"Baghpat","stname":"UTTAR PRADESH","sdtname":"Baraut","blkname":"BARAUT"},"type":"Polygon","arcs":[[520,521,522,-585,523,-583,524,-702]],"id":77},{"properties":{"gpcode":"48547","gpname":"JALALPUR","dtname":"Baghpat","stname":"UTTAR PRADESH","sdtname":"Baraut","blkname":"BARAUT"},"type":"Polygon","arcs":[[525,526,527,-590,528,-1129,529,530,531,532,533,534]],"id":78},{"properties":{"gpcode":"48548","gpname":"JIWANA","dtname":"Baghpat","stname":"UTTAR PRADESH","sdtname":"Baraut","blkname":"BARAUT"},"type":"Polygon","arcs":[[535,536,-647,537,538,539,540,541,542]],"id":79},{"properties":{"gpcode":"48549","gpname":"JOHRI","dtname":"Baghpat","stname":"UTTAR PRADESH","sdtname":"Baraut","blkname":"BARAUT"},"type":"Polygon","arcs":[[543,-891,544,545,546,547,548,549,550,-1040,551,-1038]],"id":80},{"properties":{"gpcode":"48551","gpname":"KASAMPUR KHERI","dtname":"Baghpat","stname":"UTTAR PRADESH","sdtname":"Baraut","blkname":"BARAUT"},"type":"Polygon","arcs":[[552,-649,553,554,-1113,555,556,557,558,-570,559,-568]],"id":81},{"properties":{"gpcode":"48553","gpname":"KISHANPUR","dtname":"Baghpat","stname":"UTTAR PRADESH","sdtname":"Baraut","blkname":"BARAUT"},"type":"Polygon","arcs":[[560,561,562,563,564,565,566,567,568,569,570,571,572,-1211]],"id":82},{"properties":{"gpcode":"48554","gpname":"KOTANA","dtname":"Baghpat","stname":"UTTAR PRADESH","sdtname":"Baraut","blkname":"BARAUT"},"type":"MultiPolygon","arcs":[[[-614,573,-618,574,-616,575]],[[576,-638,577,-604,578,-602,579,-600,580,-620,581,582,583,584,585,586]]],"id":83},{"properties":{"gpcode":"48556","gpname":"LOHADDA","dtname":"Baghpat","stname":"UTTAR PRADESH","sdtname":"Baraut","blkname":"BARAUT"},"type":"Polygon","arcs":[[587,588,589,590]],"id":84},{"properties":{"gpcode":"48557","gpname":"LOYAN","dtname":"Baghpat","stname":"UTTAR PRADESH","sdtname":"Baraut","blkname":"BARAUT"},"type":"Polygon","arcs":[[-672,591,-670,592,-668,593,-642,594,595,596,-690,597,598]],"id":85},{"properties":{"gpcode":"48558","gpname":"LUHARI","dtname":"Baghpat","stname":"UTTAR PRADESH","sdtname":"Baraut","blkname":"BARAUT"},"type":"Polygon","arcs":[[599,600,601,602,603,604,-636,605,606,607,608,609,610,611,612,613,614,615,616,617,618,619,620]],"id":86},{"properties":{"gpcode":"48559","gpname":"MAHAVATPUR","dtname":"Baghpat","stname":"UTTAR PRADESH","sdtname":"Baraut","blkname":"BARAUT"},"type":"Polygon","arcs":[[621,622,623,624,625,626,-666,627,628]],"id":87},{"properties":{"gpcode":"48560","gpname":"MALAKPUR","dtname":"Baghpat","stname":"UTTAR PRADESH","sdtname":"Baraut","blkname":"BARAUT"},"type":"Polygon","arcs":[[629,630,631,-685,632,-683,633,634,635,636,637,638,639,640,641]],"id":88},{"properties":{"gpcode":"48561","gpname":"MUKARRABPUR KANDERA","dtname":"Baghpat","stname":"UTTAR PRADESH","sdtname":"Baraut","blkname":"BARAUT"},"type":"Polygon","arcs":[[-919,642,-844,-738,643,-736,644,645,646,647,648,649,650,651]],"id":89},{"properties":{"gpcode":"48562","gpname":"OSIKA","dtname":"Baghpat","stname":"UTTAR PRADESH","sdtname":"Baraut","blkname":"BARAUT"},"type":"Polygon","arcs":[[652,653,654,655,656,657,658,659,660,661,662,663,664]],"id":90},{"properties":{"gpcode":"48563","gpname":"RUSTAMPUR","dtname":"Baghpat","stname":"UTTAR PRADESH","sdtname":"Baraut","blkname":"BARAUT"},"type":"Polygon","arcs":[[665,666,667,668,669,670,671,672,673]],"id":91},{"properties":{"gpcode":"48564","gpname":"SADAKPUR JONMANA","dtname":"Baghpat","stname":"UTTAR PRADESH","sdtname":"Baraut","blkname":"BARAUT"},"type":"Polygon","arcs":[[674,675,676,677,-713,678,679,680,681,682,683,684,685]],"id":92},{"properties":{"gpcode":"48565","gpname":"SADAKPUR SINOLI","dtname":"Baghpat","stname":"UTTAR PRADESH","sdtname":"Baraut","blkname":"BARAUT"},"type":"Polygon","arcs":[[-1230,686,687,688,689,690,691,692,-700,693,-1155,694,-1153,695]],"id":93},{"properties":{"gpcode":"48566","gpname":"SHABGA","dtname":"Baghpat","stname":"UTTAR PRADESH","sdtname":"Baraut","blkname":"BARAUT"},"type":"Polygon","arcs":[[-1146,696,-1099,697,-1157,698,699,700,701,702]],"id":94},{"properties":{"gpcode":"48567","gpname":"SHAHPUR BAROLI","dtname":"Baghpat","stname":"UTTAR PRADESH","sdtname":"Baraut","blkname":"BARAUT"},"type":"Polygon","arcs":[[703,704,705,706,707,708,709,710,711,712,713,714,715]],"id":95},{"properties":{"gpcode":"48569","gpname":"ADAMPUR","dtname":"Baghpat","stname":"UTTAR PRADESH","sdtname":"Baraut","blkname":"BINAULI"},"type":"Polygon","arcs":[[-989,716,-842,717,718,719,-879,720]],"id":96},{"properties":{"gpcode":"48570","gpname":"AZAMPUR MULSAM","dtname":"Baghpat","stname":"UTTAR PRADESH","sdtname":"Baraut","blkname":"BINAULI"},"type":"Polygon","arcs":[[721,722,723,-861,724,-788,725,726,727,-961,728,-970,729,-934]],"id":97},{"properties":{"gpcode":"48571","gpname":"BAMNAULI","dtname":"Baghpat","stname":"UTTAR PRADESH","sdtname":"Baraut","blkname":"BINAULI"},"type":"Polygon","arcs":[[730,-900,-1002,731,-1000,-1045,732,733,734,735,736,737,-843]],"id":98},{"properties":{"gpcode":"48572","gpname":"BARANAWA","dtname":"Baghpat","stname":"UTTAR PRADESH","sdtname":"Baraut","blkname":"BINAULI"},"type":"Polygon","arcs":[[738,-1013,739,-811,740,-809,-776,741,742,743,744,-750,745,746,747,-784]],"id":99},{"properties":{"gpcode":"48573","gpname":"BEGAMABAD GARHI","dtname":"Baghpat","stname":"UTTAR PRADESH","sdtname":"Baraut","blkname":"BINAULI"},"type":"Polygon","arcs":[[748,749,750,-896,751,752]],"id":100},{"properties":{"gpcode":"48574","gpname":"BHADAL","dtname":"Baghpat","stname":"UTTAR PRADESH","sdtname":"Baraut","blkname":"BINAULI"},"type":"Polygon","arcs":[[-801,753,-790,754,-798,755,-953,756]],"id":101},{"properties":{"gpcode":"48575","gpname":"BIJWARA","dtname":"Baghpat","stname":"UTTAR PRADESH","sdtname":"Baraut","blkname":"BINAULI"},"type":"Polygon","arcs":[[-874,757,-1032,758,-818,759,-952,760,-946,761,762,763,764,765,766,767,768,769,-889]],"id":102},{"properties":{"gpcode":"48576","gpname":"BINAULI","dtname":"Baghpat","stname":"UTTAR PRADESH","sdtname":"Baraut","blkname":"BINAULI"},"type":"Polygon","arcs":[[-808,770,-806,771,-1018,-976,772,773,774,775]],"id":103},{"properties":{"gpcode":"48577","gpname":"BOPURA","dtname":"Baghpat","stname":"UTTAR PRADESH","sdtname":"Baraut","blkname":"BINAULI"},"type":"Polygon","arcs":[[-1058,776,-867,777,-913,778,-816,779,-820]],"id":104},{"properties":{"gpcode":"48578","gpname":"CHANDAYAN","dtname":"Baghpat","stname":"UTTAR PRADESH","sdtname":"Baraut","blkname":"BINAULI"},"type":"Polygon","arcs":[[780,-859,781,-1015,782,783,784,785,786,787]],"id":105},{"properties":{"gpcode":"48579","gpname":"DAHA","dtname":"Baghpat","stname":"UTTAR PRADESH","sdtname":"Baraut","blkname":"BINAULI"},"type":"Polygon","arcs":[[788,789,790,-822,791,-935,-975,792,-876,793,-887,794,795,-955,796,797]],"id":106},{"properties":{"gpcode":"48580","gpname":"DHANAURA TIKRI","dtname":"Baghpat","stname":"UTTAR PRADESH","sdtname":"Baraut","blkname":"BINAULI"},"type":"Polygon","arcs":[[-1061,798,-824,799,800,801]],"id":107},{"properties":{"gpcode":"48581","gpname":"FAKHARPUR SHAIKHPURA","dtname":"Baghpat","stname":"UTTAR PRADESH","sdtname":"Baraut","blkname":"BINAULI"},"type":"Polygon","arcs":[[802,-829,803,-1020,804,805,806,807,808,809,810]],"id":108},{"properties":{"gpcode":"48582","gpname":"FAULADNAGAR","dtname":"Baghpat","stname":"UTTAR PRADESH","sdtname":"Baraut","blkname":"BINAULI"},"type":"Polygon","arcs":[[811,-911,812,-930,813,-928,814,815]],"id":109},{"properties":{"gpcode":"48583","gpname":"FAZALPUR","dtname":"Baghpat","stname":"UTTAR PRADESH","sdtname":"Baraut","blkname":"BINAULI"},"type":"Polygon","arcs":[[-1087,816,817,818,-1030]],"id":110},{"properties":{"gpcode":"48584","gpname":"GAIDABRA","dtname":"Baghpat","stname":"UTTAR PRADESH","sdtname":"Baraut","blkname":"BINAULI"},"type":"Polygon","arcs":[[-1059,819,820,821,822,823,824]],"id":111},{"properties":{"gpcode":"48585","gpname":"GALHETA","dtname":"Baghpat","stname":"UTTAR PRADESH","sdtname":"Baraut","blkname":"BINAULI"},"type":"Polygon","arcs":[[-855,825,-853,826,-1022,827,828,829]],"id":112},{"properties":{"gpcode":"48586","gpname":"GANGNAULI","dtname":"Baghpat","stname":"UTTAR PRADESH","sdtname":"Baraut","blkname":"BINAULI"},"type":"Polygon","arcs":[[830,-925,831,832,833,834,835,836,-1050,837]],"id":113},{"properties":{"gpcode":"48588","gpname":"HAZURABAD GARHI","dtname":"Baghpat","stname":"UTTAR PRADESH","sdtname":"Baraut","blkname":"BINAULI"},"type":"Polygon","arcs":[[-850,838,-905,839,-1003,840,-938]],"id":114},{"properties":{"gpcode":"48591","gpname":"IDRISHPUR","dtname":"Baghpat","stname":"UTTAR PRADESH","sdtname":"Baraut","blkname":"BINAULI"},"type":"Polygon","arcs":[[841,842,843,844,845,-917,846,847]],"id":115},{"properties":{"gpcode":"48592","gpname":"JAINUDDINPUR CHIRCHITA","dtname":"Baghpat","stname":"UTTAR PRADESH","sdtname":"Baraut","blkname":"BINAULI"},"type":"Polygon","arcs":[[848,849,850,-1024,851,852,853,854]],"id":116},{"properties":{"gpcode":"48593","gpname":"JHUNDPUR","dtname":"Baghpat","stname":"UTTAR PRADESH","sdtname":"Baraut","blkname":"BINAULI"},"type":"MultiPolygon","arcs":[[[855,856,-1017,857,858,859,860,861,862,863]],[[864,-914,865,866,867,-1057,868,-916]]],"id":117},{"properties":{"gpcode":"48594","gpname":"JIWANA","dtname":"Baghpat","stname":"UTTAR PRADESH","sdtname":"Baraut","blkname":"BARAUT"},"type":"Polygon","arcs":[[-998,869,-980,870,871,872,873,-893,874]],"id":118},{"properties":{"gpcode":"48595","gpname":"KANHAR TALIBPUR","dtname":"Baghpat","stname":"UTTAR PRADESH","sdtname":"Baraut","blkname":"BINAULI"},"type":"Polygon","arcs":[[875,876,-973,-967,877,878,879,880,881,882,883,884,885,886,887]],"id":119},{"properties":{"gpcode":"48598","gpname":"MAKHAR","dtname":"Baghpat","stname":"UTTAR PRADESH","sdtname":"Baraut","blkname":"BINAULI"},"type":"Polygon","arcs":[[888,889,890,891,892]],"id":120},{"properties":{"gpcode":"48600","gpname":"MANGRAULI","dtname":"Baghpat","stname":"UTTAR PRADESH","sdtname":"Baraut","blkname":"BINAULI"},"type":"Polygon","arcs":[[893,894,895,896,897,898,-991,899,900,-987,901,-964]],"id":121},{"properties":{"gpcode":"48601","gpname":"MAWI KALAN","dtname":"Baghpat","stname":"UTTAR PRADESH","sdtname":"Baraut","blkname":"BINAULI"},"type":"Polygon","arcs":[[-1638,902,903,904,905,906]],"id":122},{"properties":{"gpcode":"48602","gpname":"MILANA","dtname":"Baghpat","stname":"UTTAR PRADESH","sdtname":"Baraut","blkname":"BINAULI"},"type":"Polygon","arcs":[[907,908,909,910,911,912,913,914,915]],"id":123},{"properties":{"gpcode":"48604","gpname":"MOZIZABAD NAGAL","dtname":"Baghpat","stname":"UTTAR PRADESH","sdtname":"Baraut","blkname":"BINAULI"},"type":"Polygon","arcs":[[916,917,918,919,920,921,922,923,924,925,926]],"id":124},{"properties":{"gpcode":"48605","gpname":"MUJAFFARPUR KANWARA","dtname":"Baghpat","stname":"UTTAR PRADESH","sdtname":"Baraut","blkname":"BINAULI"},"type":"Polygon","arcs":[[927,928,929,930,931,932,933,-968,934,935]],"id":125},{"properties":{"gpcode":"48606","gpname":"MUZAFFARPUR KAMBALA","dtname":"Baghpat","stname":"UTTAR PRADESH","sdtname":"Baraut","blkname":"BINAULI"},"type":"Polygon","arcs":[[-1026,936,937,938,-1073,939,-1028,940]],"id":126},{"properties":{"gpcode":"48607","gpname":"MUZAFFARPUR POES","dtname":"Baghpat","stname":"UTTAR PRADESH","sdtname":"Baraut","blkname":"BINAULI"},"type":"Polygon","arcs":[[941,-950,942,943,944,945]],"id":127},{"properties":{"gpcode":"48608","gpname":"NAGLA RAWA","dtname":"Baghpat","stname":"UTTAR PRADESH","sdtname":"Baraut","blkname":"BINAULI"},"type":"Polygon","arcs":[[946,-1085,947,-1067,948,949,950,951]],"id":128},{"properties":{"gpcode":"48609","gpname":"NIRPURA","dtname":"Baghpat","stname":"UTTAR PRADESH","sdtname":"Baraut","blkname":"BINAULI"},"type":"Polygon","arcs":[[952,953,954,955,956,957,958]],"id":129},{"properties":{"gpcode":"48610","gpname":"PALRA","dtname":"Baghpat","stname":"UTTAR PRADESH","sdtname":"Baraut","blkname":"BINAULI"},"type":"Polygon","arcs":[[959,960,961,962,963,964,-985,965,966,-972]],"id":130},{"properties":{"gpcode":"48611","gpname":"PALRI","dtname":"Baghpat","stname":"UTTAR PRADESH","sdtname":"Baraut","blkname":"BINAULI"},"type":"Polygon","arcs":[[967,968,969,970,971,972,973,974]],"id":131},{"properties":{"gpcode":"48612","gpname":"PICHOKRA","dtname":"Baghpat","stname":"UTTAR PRADESH","sdtname":"Baraut","blkname":"BINAULI"},"type":"Polygon","arcs":[[975,976,977,978,979,980,981,982]],"id":132},{"properties":{"gpcode":"48613","gpname":"PUSAR","dtname":"Baghpat","stname":"UTTAR PRADESH","sdtname":"Baraut","blkname":"BINAULI"},"type":"Polygon","arcs":[[983,984,985,986,987,988,989]],"id":133},{"properties":{"gpcode":"48614","gpname":"RANCHHAR","dtname":"Baghpat","stname":"UTTAR PRADESH","sdtname":"Baraut","blkname":"BINAULI"},"type":"Polygon","arcs":[[990,991,992,993,994,995,996,997,998,-1036,999,1000,1001]],"id":134},{"properties":{"gpcode":"48615","gpname":"SANJARPUR KAIDWA","dtname":"Baghpat","stname":"UTTAR PRADESH","sdtname":"Baraut","blkname":"BINAULI"},"type":"Polygon","arcs":[[1002,1003,-1632,1004,-1500,1005,-1737,1006,-1683,1007,-1075,1008]],"id":135},{"properties":{"gpcode":"48617","gpname":"SHAHPUR BANGANGA","dtname":"Baghpat","stname":"UTTAR PRADESH","sdtname":"Baraut","blkname":"BINAULI"},"type":"Polygon","arcs":[[1009,1010,1011,1012,1013,1014,1015,1016]],"id":136},{"properties":{"gpcode":"48618","gpname":"SIRSAL DARKAODA","dtname":"Baghpat","stname":"UTTAR PRADESH","sdtname":"Baraut","blkname":"BINAULI"},"type":"Polygon","arcs":[[1017,1018,1019,1020,1021,1022,1023,1024,1025,1026,1027,1028,-1071,1029,1030,1031,1032,1033,1034]],"id":137},{"properties":{"gpcode":"48619","gpname":"SIRSALI","dtname":"Baghpat","stname":"UTTAR PRADESH","sdtname":"Baraut","blkname":"BINAULI"},"type":"Polygon","arcs":[[1035,1036,1037,1038,1039,1040,1041,1042,1043,1044]],"id":138},{"properties":{"gpcode":"48620","gpname":"SUJTI","dtname":"Baghpat","stname":"UTTAR PRADESH","sdtname":"Baraut","blkname":"BINAULI"},"type":"Polygon","arcs":[[1045,1046,1047,1048,1049,1050,1051,1052,1053,-1092,1054]],"id":139},{"properties":{"gpcode":"48621","gpname":"TABELAGARHI","dtname":"Baghpat","stname":"UTTAR PRADESH","sdtname":"Baraut","blkname":"BINAULI"},"type":"Polygon","arcs":[[1055,1056,1057,1058,1059,1060]],"id":140},{"properties":{"gpcode":"48622","gpname":"TERA","dtname":"Baghpat","stname":"UTTAR PRADESH","sdtname":"Baraut","blkname":"BINAULI"},"type":"Polygon","arcs":[[-1605,1061,1062,1063,1064,1065,1066,1067,-1083,1068,-1081,1069,-1079]],"id":141},{"properties":{"gpcode":"48623","gpname":"TITROUDA","dtname":"Baghpat","stname":"UTTAR PRADESH","sdtname":"Baraut","blkname":"BINAULI"},"type":"Polygon","arcs":[[1070,1071,1072,1073,1074,1075,-1689,1076,-1687,1077,1078,1079,1080,1081,1082,1083,1084,1085,1086]],"id":142},{"properties":{"gpcode":"48624","gpname":"ASARA","dtname":"Baghpat","stname":"UTTAR PRADESH","sdtname":"Baraut","blkname":"CHHAPRAULI"},"type":"Polygon","arcs":[[1087,1088,1089,1090,1091,1092,1093,1094,-1208,1095,-1149,1096]],"id":143},{"properties":{"gpcode":"48625","gpname":"BACHHOR","dtname":"Baghpat","stname":"UTTAR PRADESH","sdtname":"Baraut","blkname":"CHHAPRAULI"},"type":"Polygon","arcs":[[1097,1098,1099,-1144,1100,-1164,1101]],"id":144},{"properties":{"gpcode":"48626","gpname":"BADARKHA","dtname":"Baghpat","stname":"UTTAR PRADESH","sdtname":"Baraut","blkname":"CHHAPRAULI"},"type":"Polygon","arcs":[[1102,-1125,1103,-1166,1104,-1142,1105,-1140,1106,-1148,1107,1108]],"id":145},{"properties":{"gpcode":"48627","gpname":"BASOLI","dtname":"Baghpat","stname":"UTTAR PRADESH","sdtname":"Baraut","blkname":"CHHAPRAULI"},"type":"Polygon","arcs":[[1109,1110,1111,1112,1113,1114,1115,-1255,1116,-1253]],"id":146},{"properties":{"gpcode":"48628","gpname":"BODHA","dtname":"Baghpat","stname":"UTTAR PRADESH","sdtname":"Baraut","blkname":"CHHAPRAULI"},"type":"Polygon","arcs":[[-1298,1117,-1274,1118]],"id":147},{"properties":{"gpcode":"48629","gpname":"HALALPUR","dtname":"Baghpat","stname":"UTTAR PRADESH","sdtname":"Baraut","blkname":"CHHAPRAULI"},"type":"Polygon","arcs":[[1119,-1220,1120,-1240,1121,-1197,1122,-1160,1123,1124,1125,1126]],"id":148},{"properties":{"gpcode":"48630","gpname":"HEWA","dtname":"Baghpat","stname":"UTTAR PRADESH","sdtname":"Baraut","blkname":"CHHAPRAULI"},"type":"MultiPolygon","arcs":[[[1127,1128,1129,1130,1131,1132]],[[1133,-1186,1134,-1172,1135,-1244,1136,-1175,-1294,1137,-1188]]],"id":149},{"properties":{"gpcode":"48631","gpname":"KAKOR KALAN","dtname":"Baghpat","stname":"UTTAR PRADESH","sdtname":"Baraut","blkname":"CHHAPRAULI"},"type":"Polygon","arcs":[[1138,1139,1140,1141,1142,1143,1144,1145,1146,1147]],"id":150},{"properties":{"gpcode":"48632","gpname":"KAKRIPUR","dtname":"Baghpat","stname":"UTTAR PRADESH","sdtname":"Baraut","blkname":"CHHAPRAULI"},"type":"Polygon","arcs":[[1148,1149,-1167,1150]],"id":151},{"properties":{"gpcode":"48633","gpname":"KHWAJA NAGLA","dtname":"Baghpat","stname":"UTTAR PRADESH","sdtname":"Baraut","blkname":"CHHAPRAULI"},"type":"Polygon","arcs":[[-1194,1151,1152,1153,1154,1155,1156,1157,-1162]],"id":152},{"properties":{"gpcode":"48634","gpname":"KHWAJGIPUR URF CHANDANHERI","dtname":"Baghpat","stname":"UTTAR PRADESH","sdtname":"Baraut","blkname":"CHHAPRAULI"},"type":"Polygon","arcs":[[1158,1159,1160,-1195,1161,1162,1163,1164,1165]],"id":153},{"properties":{"gpcode":"48635","gpname":"KIRTHAL","dtname":"Baghpat","stname":"UTTAR PRADESH","sdtname":"Baraut","blkname":"CHHAPRAULI"},"type":"Polygon","arcs":[[1166,1167,-1213,1168,-1273,1169,-1227,1170,1171,1172,-1184,1173]],"id":154},{"properties":{"gpcode":"48636","gpname":"KOORI","dtname":"Baghpat","stname":"UTTAR PRADESH","sdtname":"Baraut","blkname":"CHHAPRAULI"},"type":"Polygon","arcs":[[-1295,1174,1175,-1250,1176,-1287,1177,1178,1179,1180,1181,-1206,1182,-1204]],"id":155},{"properties":{"gpcode":"48637","gpname":"LOOMB","dtname":"Baghpat","stname":"UTTAR PRADESH","sdtname":"Baraut","blkname":"CHHAPRAULI"},"type":"Polygon","arcs":[[1183,1184,1185,1186,1187,1188,-1292,1189,-1290,1190]],"id":156},{"properties":{"gpcode":"48638","gpname":"LUHARA","dtname":"Baghpat","stname":"UTTAR PRADESH","sdtname":"Baraut","blkname":"CHHAPRAULI"},"type":"Polygon","arcs":[[-1233,1191,-1231,1192,1193,1194,1195,1196,1197,-1238,1198]],"id":157},{"properties":{"gpcode":"48639","gpname":"MUKANDPUR","dtname":"Baghpat","stname":"UTTAR PRADESH","sdtname":"Baraut","blkname":"CHHAPRAULI"},"type":"Polygon","arcs":[[-1271,1199,-1260,1200,-1236,1201,-1217,1202]],"id":158},{"properties":{"gpcode":"48640","gpname":"NANGAL","dtname":"Baghpat","stname":"UTTAR PRADESH","sdtname":"Baraut","blkname":"CHHAPRAULI"},"type":"Polygon","arcs":[[-1296,1203,1204,1205,1206,-1276]],"id":159},{"properties":{"gpcode":"48641","gpname":"RAMALA","dtname":"Baghpat","stname":"UTTAR PRADESH","sdtname":"Baraut","blkname":"CHHAPRAULI"},"type":"Polygon","arcs":[[1207,1208,1209,1210,-1264,-1265,1211,1212,1213,1214]],"id":160},{"properties":{"gpcode":"48642","gpname":"RATHAURA","dtname":"Baghpat","stname":"UTTAR PRADESH","sdtname":"Baraut","blkname":"CHHAPRAULI"},"type":"Polygon","arcs":[[1215,1216,1217,-1242,1218,1219,1220,1221,1222,-1283,1223,-1281,1224,-1246,1225,1226]],"id":161},{"properties":{"gpcode":"48643","gpname":"SHERPUR","dtname":"Baghpat","stname":"UTTAR PRADESH","sdtname":"Baraut","blkname":"CHHAPRAULI"},"type":"Polygon","arcs":[[1227,1228,1229,1230,1231,1232,1233,-1258]],"id":162},{"properties":{"gpcode":"48644","gpname":"SILANA","dtname":"Baghpat","stname":"UTTAR PRADESH","sdtname":"Baraut","blkname":"CHHAPRAULI"},"type":"MultiPolygon","arcs":[[[1234,1235,1236,1237,1238,1239,1240,1241]],[[1242,1243,1244,1245,1246,-1279,1247,-1289,1248,1249]]],"id":163},{"properties":{"gpcode":"48645","gpname":"SOOP","dtname":"Baghpat","stname":"UTTAR PRADESH","sdtname":"Baraut","blkname":"CHHAPRAULI"},"type":"Polygon","arcs":[[1250,1251,1252,1253,1254,1255,1256,1257,1258,1259,1260,-1269,1261,-1267,1262,1263]],"id":164},{"properties":{"gpcode":"48646","gpname":"SOTHI","dtname":"Baghpat","stname":"UTTAR PRADESH","sdtname":"Baraut","blkname":"CHHAPRAULI"},"type":"Polygon","arcs":[[1264,1265,1266,1267,1268,1269,1270,1271,1272]],"id":165},{"properties":{"gpcode":"48647","gpname":"TANDA","dtname":"Baghpat","stname":"UTTAR PRADESH","sdtname":"Baraut","blkname":"CHHAPRAULI"},"type":"Polygon","arcs":[[1273,1274,1275,1276]],"id":166},{"properties":{"gpcode":"48648","gpname":"TILWARA SAKIN","dtname":"Baghpat","stname":"UTTAR PRADESH","sdtname":"Baraut","blkname":"CHHAPRAULI"},"type":"Polygon","arcs":[[1277,1278,1279,1280,1281,1282,1283,1284,1285,1286,1287,1288]],"id":167},{"properties":{"gpcode":"48649","gpname":"TUGANA","dtname":"Baghpat","stname":"UTTAR PRADESH","sdtname":"Baraut","blkname":"CHHAPRAULI"},"type":"Polygon","arcs":[[1289,1290,1291,1292,1293,1294,1295,1296,1297,1298]],"id":168},{"properties":{"gpcode":"48650","gpname":"AHAMADNAGAR","dtname":"Baghpat","stname":"UTTAR PRADESH","sdtname":"Khekada","blkname":"KHEKRA"},"type":"Polygon","arcs":[[1299,-1315,-1340,-1341,-1419]],"id":169},{"properties":{"gpcode":"48651","gpname":"ANANDPUR URF BANDPUR","dtname":"Baghpat","stname":"UTTAR PRADESH","sdtname":"Khekada","blkname":"KHEKRA"},"type":"Polygon","arcs":[[1300,-1482,1301,-1372,1302,-1352]],"id":170},{"properties":{"gpcode":"48652","gpname":"BASI","dtname":"Baghpat","stname":"UTTAR PRADESH","sdtname":"Khekada","blkname":"KHEKRA"},"type":"Polygon","arcs":[[1303,1304,-1706,-1396,-1455,-1451,1305,-1480,1306]],"id":171},{"properties":{"gpcode":"48653","gpname":"BHAGOT","dtname":"Baghpat","stname":"UTTAR PRADESH","sdtname":"Khekada","blkname":"KHEKRA"},"type":"Polygon","arcs":[[-1435,1307,-1441,1308,-1439,1309,-1486,1310,1311]],"id":172},{"properties":{"gpcode":"48655","gpname":"DAGARPUR","dtname":"Baghpat","stname":"UTTAR PRADESH","sdtname":"Khekada","blkname":"KHEKRA"},"type":"Polygon","arcs":[[1312,-1338,1313,1314,1315,1316]],"id":173},{"properties":{"gpcode":"48656","gpname":"FAKHARPUR MOHAMMAD SHAHPUR","dtname":"Baghpat","stname":"UTTAR PRADESH","sdtname":"Khekada","blkname":"KHEKRA"},"type":"MultiPolygon","arcs":[[[1317,-1328,1318,-1364,1319]],[[-1425,-1478,1320,1321,-1462]],[[1322,-1448,-1415,1323,1324]]],"id":174},{"properties":{"gpcode":"48657","gpname":"FIROZPUR","dtname":"Baghpat","stname":"UTTAR PRADESH","sdtname":"Khekada","blkname":"KHEKRA"},"type":"Polygon","arcs":[[1325,-1429,-1420,-1344,1326,1327,1328,1329]],"id":175},{"properties":{"gpcode":"48658","gpname":"GARHI KALANJRI","dtname":"Baghpat","stname":"UTTAR PRADESH","sdtname":"Khekada","blkname":"KHEKRA"},"type":"Polygon","arcs":[[-1438,1330]],"id":176},{"properties":{"gpcode":"48659","gpname":"GAUNA","dtname":"Baghpat","stname":"UTTAR PRADESH","sdtname":"Khekada","blkname":"KHEKRA"},"type":"Polygon","arcs":[[1331,-1475,1332,1333,-1387,1334,-1385,1335,-1391]],"id":177},{"properties":{"gpcode":"48660","gpname":"GHITORA","dtname":"Baghpat","stname":"UTTAR PRADESH","sdtname":"Khekada","blkname":"KHEKRA"},"type":"Polygon","arcs":[[1336,1337,1338,-1342,1339]],"id":178},{"properties":{"gpcode":"48661","gpname":"GOTHRA","dtname":"Baghpat","stname":"UTTAR PRADESH","sdtname":"Khekada","blkname":"KHEKRA"},"type":"Polygon","arcs":[[1340,1341,1342,1343]],"id":179},{"properties":{"gpcode":"48662","gpname":"HARCHANDPUR","dtname":"Baghpat","stname":"UTTAR PRADESH","sdtname":"Khekada","blkname":"KHEKRA"},"type":"Polygon","arcs":[[1344,1345,1346,1347,1348,1349,-1484,1350,1351,1352,-1370,1353,1354,1355]],"id":180},{"properties":{"gpcode":"48663","gpname":"HASANPUR MASOORI","dtname":"Baghpat","stname":"UTTAR PRADESH","sdtname":"Khekada","blkname":"KHEKRA"},"type":"Polygon","arcs":[[-1369,-1421,-1460,1356,1357,1358,1359]],"id":181},{"properties":{"gpcode":"48665","gpname":"JAHANGIRPUR URF DUNDA HERA","dtname":"Baghpat","stname":"UTTAR PRADESH","sdtname":"Khekada","blkname":"KHEKRA"},"type":"Polygon","arcs":[[1360,1361,1362,1363,1364,1365,1366,1367,-1422,1368]],"id":182},{"properties":{"gpcode":"48666","gpname":"KATHA","dtname":"Baghpat","stname":"UTTAR PRADESH","sdtname":"Khekada","blkname":"KHEKRA"},"type":"Polygon","arcs":[[1369,1370,1371,1372,-1408,1373,1374,1375,1376,1377,1378,1379]],"id":183},{"properties":{"gpcode":"48667","gpname":"KHAILA","dtname":"Baghpat","stname":"UTTAR PRADESH","sdtname":"Khekada","blkname":"KHEKRA"},"type":"Polygon","arcs":[[-1400,-1389,-1411,1380,-1409,-1446,1381,-1650,1382]],"id":184},{"properties":{"gpcode":"48668","gpname":"LAHCHAUDA","dtname":"Baghpat","stname":"UTTAR PRADESH","sdtname":"Khekada","blkname":"KHEKRA"},"type":"Polygon","arcs":[[1383,1384,1385,1386,1387,-1412,1388,-1399]],"id":185},{"properties":{"gpcode":"48669","gpname":"LALYANA","dtname":"Baghpat","stname":"UTTAR PRADESH","sdtname":"Khekada","blkname":"KHEKRA"},"type":"Polygon","arcs":[[1389,1390,1391,-1403,1392,-1523,-1579]],"id":186},{"properties":{"gpcode":"48670","gpname":"MAHARAMPUR","dtname":"Baghpat","stname":"UTTAR PRADESH","sdtname":"Khekada","blkname":"KHEKRA"},"type":"Polygon","arcs":[[-1590,1393,-1544,1394,-1456,1395,1396,-1592,1397]],"id":187},{"properties":{"gpcode":"48671","gpname":"MANSOORPUR","dtname":"Baghpat","stname":"UTTAR PRADESH","sdtname":"Khekada","blkname":"KHEKRA"},"type":"Polygon","arcs":[[1398,1399,1400,-1525,1401,1402]],"id":188},{"properties":{"gpcode":"48672","gpname":"MAVIKALA","dtname":"Baghpat","stname":"UTTAR PRADESH","sdtname":"Khekada","blkname":"KHEKRA"},"type":"Polygon","arcs":[[1403,1404,-1464,1405,1406,1407]],"id":189},{"properties":{"gpcode":"48673","gpname":"MUBARIKPUR","dtname":"Baghpat","stname":"UTTAR PRADESH","sdtname":"Khekada","blkname":"KHEKRA"},"type":"Polygon","arcs":[[1408,1409,1410,1411,1412,-1431,1413,1414,-1447]],"id":190},{"properties":{"gpcode":"48674","gpname":"NAGLA BADI","dtname":"Baghpat","stname":"UTTAR PRADESH","sdtname":"Khekada","blkname":"KHEKRA"},"type":"Polygon","arcs":[[1415,1416,1417,1418,1419,-1428]],"id":191},{"properties":{"gpcode":"48676","gpname":"NOORPUR MUZBIDA","dtname":"Baghpat","stname":"UTTAR PRADESH","sdtname":"Khekada","blkname":"KHEKRA"},"type":"Polygon","arcs":[[1420,1421,1422,1423,-1476,1424,-1461]],"id":192},{"properties":{"gpcode":"48677","gpname":"NOROZPUR AIMA","dtname":"Baghpat","stname":"UTTAR PRADESH","sdtname":"Khekada","blkname":"KHEKRA"},"type":"Polygon","arcs":[[1425,1426,1427,1428,1429,1430]],"id":193},{"properties":{"gpcode":"48678","gpname":"PHULERA","dtname":"Baghpat","stname":"UTTAR PRADESH","sdtname":"Khekada","blkname":"KHEKRA"},"type":"Polygon","arcs":[[1431,-1469,-1466,1432,-1443,1433,1434,1435,-1471]],"id":194},{"properties":{"gpcode":"48679","gpname":"POORNPUR NAWADA","dtname":"Baghpat","stname":"UTTAR PRADESH","sdtname":"Khekada","blkname":"KHEKRA"},"type":"Polygon","arcs":[[1436,1437,1438,1439,1440,1441,1442]],"id":195},{"properties":{"gpcode":"48681","gpname":"RAWAN URF BARAGOAN","dtname":"Baghpat","stname":"UTTAR PRADESH","sdtname":"Khekada","blkname":"KHEKRA"},"type":"Polygon","arcs":[[-1542,1443,-1652,1444,1445,1446,1447,1448,1449,1450,-1454,1451]],"id":196},{"properties":{"gpcode":"48682","gpname":"SAIDPUR KALAN","dtname":"Baghpat","stname":"UTTAR PRADESH","sdtname":"Khekada","blkname":"KHEKRA"},"type":"Polygon","arcs":[[1452,1453,1454,1455]],"id":197},{"properties":{"gpcode":"48683","gpname":"SANKROD","dtname":"Baghpat","stname":"UTTAR PRADESH","sdtname":"Khekada","blkname":"KHEKRA"},"type":"Polygon","arcs":[[1456,1457,1458,1459,1460,1461,1462,1463,1464]],"id":198},{"properties":{"gpcode":"48685","gpname":"SHARFABAD","dtname":"Baghpat","stname":"UTTAR PRADESH","sdtname":"Khekada","blkname":"KHEKRA"},"type":"Polygon","arcs":[[1465,-1468,1466]],"id":199},{"properties":{"gpcode":"48686","gpname":"SINGHOLI TAGA","dtname":"Baghpat","stname":"UTTAR PRADESH","sdtname":"Khekada","blkname":"KHEKRA"},"type":"Polygon","arcs":[[1467,1468,1469,1470,1471,1472,1473,1474]],"id":200},{"properties":{"gpcode":"48687","gpname":"SUBHANPUR","dtname":"Baghpat","stname":"UTTAR PRADESH","sdtname":"Khekada","blkname":"KHEKRA"},"type":"Polygon","arcs":[[1475,1476,1477]],"id":201},{"properties":{"gpcode":"48688","gpname":"SUNEHRA","dtname":"Baghpat","stname":"UTTAR PRADESH","sdtname":"Khekada","blkname":"KHEKRA"},"type":"Polygon","arcs":[[1478,1479,1480,1481,1482,1483]],"id":202},{"properties":{"gpcode":"48690","gpname":"VINAIPUR","dtname":"Baghpat","stname":"UTTAR PRADESH","sdtname":"Khekada","blkname":"KHEKRA"},"type":"Polygon","arcs":[[1484,1485,1486,1487]],"id":203},{"properties":{"gpcode":"48692","gpname":"AMIPUR BALENI","dtname":"Baghpat","stname":"UTTAR PRADESH","sdtname":"Baghpat","blkname":"PILANA"},"type":"Polygon","arcs":[[-1567,1488,-1495,1489,-1565,1490,-1696,1491]],"id":204},{"properties":{"gpcode":"48693","gpname":"BALENI","dtname":"Baghpat","stname":"UTTAR PRADESH","sdtname":"Baghpat","blkname":"PILANA"},"type":"Polygon","arcs":[[1492,-1561,1493,1494]],"id":205},{"properties":{"gpcode":"48694","gpname":"BARSIA","dtname":"Baghpat","stname":"UTTAR PRADESH","sdtname":"Baghpat","blkname":"PILANA"},"type":"Polygon","arcs":[[1495,-1630,1496,-1521,-1613,-1741,1497,-1739,1498,1499]],"id":206},{"properties":{"gpcode":"48695","gpname":"BASAUD","dtname":"Baghpat","stname":"UTTAR PRADESH","sdtname":"Baghpat","blkname":"PILANA"},"type":"Polygon","arcs":[[1500,-1558,-1533,1501,1502,1503,1504,1505,-1513]],"id":207},{"properties":{"gpcode":"48696","gpname":"BASETIKRI","dtname":"Baghpat","stname":"UTTAR PRADESH","sdtname":"Baghpat","blkname":"PILANA"},"type":"Polygon","arcs":[[-1596,1506,1507,1508,1509,-1530]],"id":208},{"properties":{"gpcode":"48697","gpname":"BILOCHPURA","dtname":"Baghpat","stname":"UTTAR PRADESH","sdtname":"Baghpat","blkname":"PILANA"},"type":"Polygon","arcs":[[1510,1511,1512,1513,1514,1515]],"id":209},{"properties":{"gpcode":"48698","gpname":"BUDHSENI","dtname":"Baghpat","stname":"UTTAR PRADESH","sdtname":"Baghpat","blkname":"PILANA"},"type":"Polygon","arcs":[[1516,-1676,1517,-1704,1518,-1702,1519,-1614,1520,1521,-1628]],"id":210},{"properties":{"gpcode":"48699","gpname":"CHAMRAWAL","dtname":"Baghpat","stname":"UTTAR PRADESH","sdtname":"Baghpat","blkname":"PILANA"},"type":"Polygon","arcs":[[1522,1523,1524,1525,-1648,-1539,-1580]],"id":211},{"properties":{"gpcode":"48700","gpname":"DAULA","dtname":"Baghpat","stname":"UTTAR PRADESH","sdtname":"Baghpat","blkname":"PILANA"},"type":"Polygon","arcs":[[-1557,-1575,1526,-1660,1527,-1585,1528,-1583,1529,1530,1531,1532]],"id":212},{"properties":{"gpcode":"48701","gpname":"DAULATPUR","dtname":"Baghpat","stname":"UTTAR PRADESH","sdtname":"Baghpat","blkname":"PILANA"},"type":"Polygon","arcs":[[1533,-1611,1534,-1624,-1715,-1658,1535,-1643,-1727]],"id":213},{"properties":{"gpcode":"48702","gpname":"DHIKOLI","dtname":"Baghpat","stname":"UTTAR PRADESH","sdtname":"Baghpat","blkname":"PILANA"},"type":"Polygon","arcs":[[-1717,-1623,1536,-1621,1537,-1581,1538,-1647,1539,-1654,1540,1541,1542,1543,1544,-1588,1545,1546]],"id":214},{"properties":{"gpcode":"48704","gpname":"DOLCHA","dtname":"Baghpat","stname":"UTTAR PRADESH","sdtname":"Baghpat","blkname":"PILANA"},"type":"Polygon","arcs":[[1547,-1556,1548,-1554,1549,-1607,1550,-1723,-1563]],"id":215},{"properties":{"gpcode":"48706","gpname":"GHATOLI","dtname":"Baghpat","stname":"UTTAR PRADESH","sdtname":"Baghpat","blkname":"PILANA"},"type":"Polygon","arcs":[[1551,-1639,1552,1553,1554,1555]],"id":216},{"properties":{"gpcode":"48707","gpname":"GOSPUR","dtname":"Baghpat","stname":"UTTAR PRADESH","sdtname":"Baghpat","blkname":"PILANA"},"type":"Polygon","arcs":[[-1576,1556,1557,1558]],"id":217},{"properties":{"gpcode":"48708","gpname":"HABIBPUR NAGLA","dtname":"Baghpat","stname":"UTTAR PRADESH","sdtname":"Baghpat","blkname":"PILANA"},"type":"Polygon","arcs":[[1559,1560,1561,1562,-1722,1563,1564]],"id":218},{"properties":{"gpcode":"48709","gpname":"HARIA KHERA","dtname":"Baghpat","stname":"UTTAR PRADESH","sdtname":"Baghpat","blkname":"PILANA"},"type":"Polygon","arcs":[[1565,1566,1567,1568,-1672]],"id":219},{"properties":{"gpcode":"48711","gpname":"HISAWADA","dtname":"Baghpat","stname":"UTTAR PRADESH","sdtname":"Baghpat","blkname":"PILANA"},"type":"Polygon","arcs":[[1569,-1711,1570,-1670,1571,-1668,1572,-1662,1573,1574,1575,1576,-1601]],"id":220},{"properties":{"gpcode":"48712","gpname":"KAHARKA","dtname":"Baghpat","stname":"UTTAR PRADESH","sdtname":"Baghpat","blkname":"PILANA"},"type":"Polygon","arcs":[[1577,1578,1579,1580,1581,-1619,-1609,-1641]],"id":221},{"properties":{"gpcode":"48715","gpname":"KHATTA PRAHLADPUR","dtname":"Baghpat","stname":"UTTAR PRADESH","sdtname":"Baghpat","blkname":"PILANA"},"type":"Polygon","arcs":[[1582,1583,1584,-1691,1585,1586,1587,1588,1589,1590,1591,1592,-1709,1593,1594,1595]],"id":222},{"properties":{"gpcode":"48716","gpname":"KHINDORA","dtname":"Baghpat","stname":"UTTAR PRADESH","sdtname":"Baghpat","blkname":"PILANA"},"type":"Polygon","arcs":[[1596,-1685,1597,-1616,1598,-1713,1599,1600,1601,1602,1603,1604]],"id":223},{"properties":{"gpcode":"48717","gpname":"LATIFPUR DATTNAGAR","dtname":"Baghpat","stname":"UTTAR PRADESH","sdtname":"Baghpat","blkname":"PILANA"},"type":"Polygon","arcs":[[1605,1606,1607,-1642,1608,-1618,1609,1610,1611,-1725]],"id":224},{"properties":{"gpcode":"48718","gpname":"LUHARA","dtname":"Baghpat","stname":"UTTAR PRADESH","sdtname":"Baghpat","blkname":"PILANA"},"type":"Polygon","arcs":[[1612,1613,-1700,1614,1615,1616]],"id":225},{"properties":{"gpcode":"48719","gpname":"MAKARANDPUR OGTI","dtname":"Baghpat","stname":"UTTAR PRADESH","sdtname":"Baghpat","blkname":"PILANA"},"type":"Polygon","arcs":[[1617,1618,1619,1620,1621,1622,-1716,1623,1624]],"id":226},{"properties":{"gpcode":"48720","gpname":"MATANAT NAGAR","dtname":"Baghpat","stname":"UTTAR PRADESH","sdtname":"Baghpat","blkname":"PILANA"},"type":"Polygon","arcs":[[1625,-1678,1626,1627,1628,1629,1630,1631,1632,-1636]],"id":227},{"properties":{"gpcode":"48721","gpname":"MAVI KHURD","dtname":"Baghpat","stname":"UTTAR PRADESH","sdtname":"Baghpat","blkname":"PILANA"},"type":"Polygon","arcs":[[1633,-1680,1634,1635,1636,1637]],"id":228},{"properties":{"gpcode":"48722","gpname":"MUKARI","dtname":"Baghpat","stname":"UTTAR PRADESH","sdtname":"Baghpat","blkname":"PILANA"},"type":"Polygon","arcs":[[1638,1639,1640,1641]],"id":229},{"properties":{"gpcode":"48723","gpname":"MURADGAON URF ROSHANGARH","dtname":"Baghpat","stname":"UTTAR PRADESH","sdtname":"Baghpat","blkname":"PILANA"},"type":"Polygon","arcs":[[1642,1643,-1656,1644,-1728]],"id":230},{"properties":{"gpcode":"48724","gpname":"PANCHI","dtname":"Baghpat","stname":"UTTAR PRADESH","sdtname":"Baghpat","blkname":"PILANA"},"type":"Polygon","arcs":[[1645,1646,1647,1648,1649,1650,1651,1652,1653]],"id":231},{"properties":{"gpcode":"48726","gpname":"PILANA","dtname":"Baghpat","stname":"UTTAR PRADESH","sdtname":"Baghpat","blkname":"PILANA"},"type":"Polygon","arcs":[[-1730,1654,1655,1656,1657,-1721,1658,-1693,1659,1660,1661,1662,-1666,-1732,1663]],"id":232},{"properties":{"gpcode":"48727","gpname":"POOTHER","dtname":"Baghpat","stname":"UTTAR PRADESH","sdtname":"Baghpat","blkname":"PILANA"},"type":"Polygon","arcs":[[1664,-1733,1665,1666,1667,1668,1669,1670]],"id":233},{"properties":{"gpcode":"48728","gpname":"PURA","dtname":"Baghpat","stname":"UTTAR PRADESH","sdtname":"Baghpat","blkname":"PILANA"},"type":"Polygon","arcs":[[1671,1672,1673,1674,1675,1676,1677,1678,1679,1680]],"id":234},{"properties":{"gpcode":"48729","gpname":"RAMNAGAR","dtname":"Baghpat","stname":"UTTAR PRADESH","sdtname":"Baghpat","blkname":"PILANA"},"type":"Polygon","arcs":[[1681,1682,1683,1684,1685,1686,1687,1688]],"id":235},{"properties":{"gpcode":"48730","gpname":"RASOOLPUR SANKAL POOTHI","dtname":"Baghpat","stname":"UTTAR PRADESH","sdtname":"Baghpat","blkname":"PILANA"},"type":"Polygon","arcs":[[-1719,1689,1690,1691,1692,1693]],"id":236},{"properties":{"gpcode":"48731","gpname":"SAIDBHAR","dtname":"Baghpat","stname":"UTTAR PRADESH","sdtname":"Baghpat","blkname":"PILANA"},"type":"Polygon","arcs":[[1694,1695,1696,-1735,1697,1698,1699,1700,1701,1702,1703,1704]],"id":237},{"properties":{"gpcode":"48733","gpname":"SALAWATPUR KHERI","dtname":"Baghpat","stname":"UTTAR PRADESH","sdtname":"Baghpat","blkname":"PILANA"},"type":"MultiPolygon","arcs":[[[1705,1706,1707,1708,1709]],[[1710,1711,1712,1713]]],"id":238},{"properties":{"gpcode":"48735","gpname":"SIKHERA","dtname":"Baghpat","stname":"UTTAR PRADESH","sdtname":"Baghpat","blkname":"PILANA"},"type":"Polygon","arcs":[[1714,1715,1716,1717,1718,1719,1720]],"id":239},{"properties":{"gpcode":"48736","gpname":"SINGHAOLI AHIR","dtname":"Baghpat","stname":"UTTAR PRADESH","sdtname":"Baghpat","blkname":"PILANA"},"type":"Polygon","arcs":[[1721,1722,1723,1724,1725,1726,1727,1728,1729,1730,1731,1732,1733,1734,1735]],"id":240},{"properties":{"gpcode":"48737","gpname":"TILPANI","dtname":"Baghpat","stname":"UTTAR PRADESH","sdtname":"Baghpat","blkname":"PILANA"},"type":"Polygon","arcs":[[1736,1737,1738,1739,1740,1741]],"id":241}],"type":"GeometryCollection"}},"bbox":[77.1314142,28.776643,77.5045022,29.2981479],"transform":{"scale":[3.7309173091731904e-06,5.21510115101151e-06],"translate":[77.1314142,28.776643]},"arcs":[[[35597,11967],[616,-112],[75,-443]],[[36243,10977],[-933,-56],[-452,-240],[-271,29],[-414,194],[-144,191],[-123,8]],[[22994,13616],[32,706],[-388,525],[-439,335],[-722,139],[-437,225],[-186,288],[3,339],[-184,120],[-629,149],[-956,44],[-2059,430],[-1205,317],[-95,172],[-181,51],[-35,163],[170,604],[545,641],[-143,321],[-493,328],[-263,241],[21,80],[1437,989],[1125,435],[2077,158],[1180,-130],[423,-128],[921,-431],[268,-197],[729,-784],[384,-159],[397,-46],[558,43]],[[22448,33583],[2220,131]],[[24419,28916],[-144,137],[-348,143],[-1263,326],[-529,371],[-978,321],[-957,129],[-603,-204],[-435,-61],[-402,80],[-933,501],[-396,322],[-146,214],[-76,407],[145,516],[275,461],[-57,143],[-217,177],[-6,189],[-386,456],[-75,550],[-386,857],[446,447],[183,1089],[779,431],[396,290],[381,403],[340,1276],[-47,340]],[[39924,58684],[-1413,267]],[[35974,58748],[-1095,-856],[-221,-33],[-417,40]],[[34241,57899],[-622,202],[-670,363]],[[29521,58936],[-789,296],[-84,105],[19,202],[-261,104]],[[28574,59901],[-64,117],[-531,415]],[[27148,61769],[82,159],[-130,92],[368,879],[895,1037],[655,542],[894,313]],[[30355,65585],[18,71],[611,749],[478,-362],[266,-99]],[[34952,65859],[173,215],[908,-146]],[[39468,66100],[-327,-389],[465,-514]],[[36690,62981],[245,76],[1034,105]],[[40516,63850],[65,139],[229,-21],[-28,-110],[-200,-510]],[[46164,63967],[461,29]],[[49603,61650],[-336,-1109],[424,-343],[-115,-225]],[[49730,59719],[-533,-455]],[[47231,60144],[-896,244],[-719,121]],[[43801,60921],[-493,141],[-507,74]],[[42032,61193],[-97,-48],[-503,67],[-309,-482],[243,-36]],[[18065,82572],[-185,-325]],[[17882,82053],[-253,-385]],[[15048,79862],[-366,-340],[-301,-88]],[[2992,80977],[-102,984],[-809,624],[-901,265],[-397,248],[-648,736],[-135,699],[168,280],[-16,312],[151,355],[253,200],[331,-11],[199,260],[616,275],[666,112],[885,301],[599,295],[553,95],[350,302]],[[5357,87125],[924,-112],[1248,-72]],[[8271,86955],[187,46],[149,-46],[187,57],[1104,-38],[15,-132],[574,-26]],[[63664,11361],[291,-170]],[[57074,6136],[-687,355]],[[51383,9781],[924,1677]],[[49478,18071],[219,-319]],[[46551,14392],[1422,-1085]],[[47725,13072],[-189,17],[-420,181]],[[38772,12504],[-1613,491]],[[35580,15012],[-1651,398]],[[33299,15453],[-716,210]],[[32605,15943],[-220,171],[-712,239],[-54,96]],[[33859,19151],[962,436],[672,558]],[[31463,36257],[193,6]],[[35495,36557],[702,-563],[428,-272]],[[69946,39185],[-566,640]],[[66831,42030],[572,694]],[[83511,74656],[-295,-153],[-1,-103]],[[83039,74387],[-336,149],[355,31],[249,462]],[[83009,76277],[157,284],[336,-52],[72,133],[358,-22],[258,-62],[52,-170],[473,-293],[13,-194],[-486,-348],[-129,-316],[-565,-277]],[[67530,81374],[-411,-1527]],[[67264,79493],[-579,-606],[-11,-166]],[[66947,78676],[131,-151],[-50,-208]],[[67129,78252],[-346,-487],[216,-107]],[[63410,76649],[-2505,349]],[[59317,79537],[-181,110],[-130,235],[-6,331],[85,181]],[[55151,84769],[749,355],[-627,237]],[[56076,88151],[-1346,629],[-844,255]],[[52723,88894],[116,412],[-45,218],[-704,373]],[[51810,89618],[-1425,629],[-593,321]],[[49839,90877],[1271,332],[1429,-342],[297,-200],[656,-31],[872,-188],[4482,-1373],[101,0],[27,99],[772,-79],[60,130],[794,27],[132,98],[359,-119],[674,99],[2032,-487],[1227,-367],[83,-219],[-18,-747]],[[66057,84668],[975,-604],[663,-213],[256,-228]],[[70353,62571],[-665,-153],[-372,58]],[[67970,63196],[-1217,55],[689,704]],[[70082,66017],[578,-147]],[[65900,58229],[-666,-366],[-71,-14]],[[64961,59830],[921,-441],[354,170],[-9,219]],[[91470,74520],[-723,-131],[-295,-124],[-216,-377],[14,-349],[137,-326],[598,-729],[155,-359],[-95,-345],[-466,-405],[-92,-202],[79,-432],[359,-289],[13,-134],[-618,-199],[-367,-46],[-1615,152],[-406,-36],[-536,-221]],[[87050,70339],[-549,20]],[[85515,73209],[-618,217],[315,604],[531,624],[497,-121],[910,-364],[625,327],[435,339],[751,430],[679,-74],[1068,-273],[392,-147]],[[71105,65844],[-445,26]],[[70660,65870],[-471,140],[-373,30]],[[67260,69011],[217,276],[1361,391]],[[69639,69368],[1104,-213],[337,-493],[728,-633],[-40,-234]],[[56631,40386],[-1244,387]],[[60173,26949],[-570,-248]],[[80864,39884],[657,62],[473,449]],[[86520,39929],[228,-97]],[[76126,70463],[-253,-80],[-145,-195]],[[75332,70313],[248,213]],[[73253,71431],[-391,252],[-216,65],[627,643]],[[73374,73100],[677,-153],[203,54],[704,440],[160,8]],[[75892,73379],[1011,-475],[907,-246]],[[44332,47129],[-166,-154],[-658,-280]],[[41453,44302],[-342,-190],[-75,-27]],[[39138,45316],[999,886]],[[40690,46405],[478,382],[249,397],[584,-280],[1625,560]],[[48517,38409],[348,-166]],[[47945,37213],[-2099,631],[-282,208]],[[43014,41393],[531,328]],[[39022,29806],[-1133,-1154]],[[37200,27647],[-1180,-11],[-547,94]],[[34377,28151],[-675,78]],[[32659,31429],[376,69],[1293,-158],[310,-124],[1391,-41]],[[32659,31429],[-659,-490],[-134,-298],[-1229,-681],[-403,-566],[-508,-525]],[[25692,27887],[-637,187],[-339,265],[-297,577]],[[24419,28916],[377,171],[201,182],[87,-33],[274,229],[313,17],[289,237],[-142,313],[64,89],[-74,118],[45,123],[-117,79],[29,229],[-281,300],[-8,244],[96,100],[-159,81],[341,292],[-117,58],[-64,-76],[-268,135],[40,436],[-129,48],[-34,293],[-158,34],[-66,119],[-99,287],[77,29],[-256,260],[-12,404]],[[24668,33714],[432,42]],[[29597,34269],[283,-192],[1117,-487],[156,-912],[1506,-1249]],[[35629,36864],[-761,155],[-474,-205],[-802,-29],[-1134,-175],[-456,-121],[-346,-226]],[[31656,36263],[-545,26],[-626,226]],[[33469,40261],[-797,160],[1117,573],[809,615]],[[40868,33684],[-1743,853],[-1252,815],[-1248,370]],[[36625,35722],[-1130,835]],[[35495,36557],[134,307]],[[35629,36864],[1286,1039],[295,405]],[[41485,38556],[1248,-194],[889,-314]],[[44365,44129],[232,-528]],[[42544,42830],[-218,247],[-1144,672],[-185,183],[39,153]],[[41036,44085],[417,217]],[[41453,44302],[1159,957],[-168,99],[399,857],[665,480]],[[43508,46695],[790,380],[34,54]],[[44332,47129],[-706,335]],[[43626,47464],[1207,621]],[[47791,46389],[-17,-856],[-71,-155],[-504,114]],[[64659,8112],[-1413,-1249],[-215,-150]],[[61693,7273],[-1878,672],[-785,558]],[[59030,8503],[1224,631],[-27,221],[769,929],[1910,-202]],[[52411,46697],[-362,-404],[-758,-602],[-619,-360],[-810,-337],[-869,250]],[[48621,45198],[-918,180],[84,259],[4,752]],[[47791,46389],[-1155,552],[80,96],[-195,150],[30,226],[-1059,260],[-659,412]],[[48754,43692],[845,-631]],[[50409,42297],[931,-368]],[[48965,40601],[-724,675],[-306,150],[-399,-156],[-281,-13],[-728,249],[-476,36],[-300,102],[-1006,-44],[-888,462]],[[43765,42389],[8,235],[63,123]],[[43836,42747],[287,181],[111,341],[363,332]],[[44597,43601],[184,-275],[359,-188],[483,154],[958,588]],[[41194,29142],[-615,273]],[[38850,29586],[370,430]],[[58879,50611],[-130,-168],[13,-347],[333,-203],[-421,-883]],[[58392,48316],[-552,-490],[-462,-538]],[[56698,47487],[-210,-291],[-1001,72]],[[52411,46697],[95,245],[-207,523],[-876,562],[-481,856],[-319,253],[148,235],[-615,316]],[[50156,49687],[78,176],[181,334]],[[52684,53088],[1093,573],[398,289],[450,-155]],[[55576,53727],[143,-180],[-364,-1227]],[[44833,48085],[-885,-483],[-2000,-699],[-467,263],[-1360,558]],[[39483,47823],[-1784,627]],[[37529,49595],[50,352]],[[43642,49886],[1227,854],[118,-10],[566,-287],[397,-117],[411,-283]],[[46361,50043],[-1090,-1007],[89,-131],[-55,-82],[110,-64],[-582,-674]],[[24158,48664],[315,-102],[73,-244]],[[24722,48251],[52,-282],[121,-104],[-42,-158],[-352,-40]],[[24081,47260],[-41,-598]],[[19758,47580],[-291,-269],[-583,73]],[[15804,46849],[-361,496],[24,789],[-293,423],[-400,66],[-495,264]],[[14087,49098],[-389,58],[-76,69],[39,483]],[[15257,49762],[1424,204]],[[17328,49989],[1064,-145],[-4,-71],[-253,-44]],[[24040,46662],[-10,-281],[-104,-179],[-96,-134]],[[23711,45912],[-586,-618],[-103,-20],[-854,216],[-2677,305]],[[16145,46221],[-58,385],[-283,243]],[[15804,46849],[1449,168],[533,358],[1098,9]],[[18884,47384],[528,-83],[346,279]],[[19758,47580],[1172,-181],[848,31],[302,-61],[1079,-304],[881,-403]],[[57504,55049],[-310,-783],[-282,-217]],[[56892,53825],[-448,-526],[-715,232],[-153,196]],[[55576,53727],[-169,76],[-782,-8]],[[54625,53795],[-286,63],[-164,92],[43,134],[-987,439],[143,398]],[[57287,56753],[125,-323],[-59,-957]],[[43041,31226],[-870,520],[-552,531],[-228,74]],[[40419,33325],[449,359]],[[44675,33423],[222,-71]],[[29876,40584],[-268,-164],[-183,-225],[-224,-470]],[[28843,39533],[-307,80]],[[19035,40374],[-148,247],[-785,178],[-264,162],[302,340],[-384,29],[-222,484],[2016,56],[1986,-162],[312,56],[261,-28],[426,-140]],[[43433,31086],[-392,140]],[[43041,31226],[299,242],[-290,286],[403,355],[-73,44],[1517,1199]],[[44897,33352],[1631,-203],[1004,-242]],[[57378,47288],[-108,-181]],[[59076,46232],[929,-339],[-632,-642]],[[54857,44967],[-1180,301],[-1121,448],[-198,124],[-118,212],[43,170],[-247,85],[375,390]],[[52411,46697],[388,29],[381,-139],[148,67],[127,-38],[232,157],[250,-162],[235,198],[258,-2],[182,96],[207,-22],[316,288],[307,30],[45,69]],[[55487,47268],[923,-96],[100,38],[188,277]],[[56698,47487],[680,-199]],[[38451,44600],[283,-76],[121,31]],[[38855,44555],[1100,-373],[128,89],[953,-186]],[[41036,44085],[22,-255],[1148,-670],[338,-330]],[[42544,42830],[537,-118],[755,35]],[[43836,42747],[-71,-358]],[[43765,42389],[143,-169],[-51,-158]],[[43857,42062],[-312,-341]],[[43545,41721],[-937,-619]],[[36595,40662],[-42,196],[-284,109],[1,135],[-517,177],[-214,-6],[-941,336]],[[35522,43479],[1450,669],[691,788],[169,10],[651,-219]],[[47199,45492],[1422,-294]],[[48621,45198],[372,46]],[[48993,45244],[427,-157]],[[49029,43534],[-275,158]],[[48754,43692],[-389,92],[-1363,186],[-421,-90]],[[46581,43880],[-585,-392],[-764,-326],[-168,-8],[-283,172],[-288,413],[-128,390]],[[44365,44129],[247,429],[-17,103],[358,238],[225,465],[950,-174],[304,205],[262,-47],[193,111],[213,-40],[99,73]],[[50063,55139],[776,-159]],[[53238,54515],[999,-470],[-251,-258],[-1302,-699]],[[52684,53088],[89,-63],[-64,-114],[-837,-586],[-364,-351],[-156,-262],[224,-167],[-1161,-1348]],[[50415,50197],[-259,-510]],[[50156,49687],[-417,-271],[-110,0],[-986,251],[-451,-58],[-161,77],[-60,-56],[-681,145],[-139,-24],[-790,292]],[[46361,50043],[-517,333],[-291,67],[-776,351],[-65,45],[453,494],[22,205]],[[46297,52474],[303,10],[416,466]],[[48948,54139],[956,889]],[[51340,41929],[-589,192],[-342,176]],[[50409,42297],[-371,433],[-327,100],[-112,231]],[[49599,43061],[-570,473]],[[49029,43534],[469,917],[-131,144],[53,492]],[[49420,45087],[442,-93],[287,92],[1000,512],[900,695],[234,-71],[-68,-100],[190,-319],[893,-399]],[[21251,53121],[-1375,-185],[-679,-518],[-1658,-219]],[[15456,51800],[-251,-256],[-380,62]],[[13549,51990],[-500,228],[131,237],[-25,140],[-286,91],[-218,-46],[-271,-223],[-340,-816],[-497,266]],[[22137,54566],[1927,-182],[-248,-1264]],[[34240,49645],[1005,-804],[866,-242]],[[25548,51627],[760,-325]],[[29345,50642],[449,-246]],[[31750,44214],[-1370,-1155],[-1129,-1241]],[[29008,41262],[-1997,1167],[-279,235]],[[26208,43583],[1083,1571]],[[31902,44643],[211,-272]],[[48865,38243],[1654,-605]],[[53454,37596],[128,-21]],[[48530,32501],[-998,406]],[[47532,32907],[-587,144],[-2270,372]],[[44675,33423],[69,100],[-374,350],[-1401,-127],[-2101,-62]],[[40868,33684],[429,503],[263,750],[611,258],[495,340],[207,241],[222,-46],[694,703],[737,954],[187,404]],[[45564,38052],[469,-287],[1912,-552]],[[47945,37213],[-20,157],[516,357],[59,251],[365,265]],[[19491,45795],[2947,-347],[2727,-757]],[[26645,44148],[-437,-565]],[[26208,43583],[550,-292],[247,-284],[282,-179],[-452,-28],[-103,-136]],[[26732,42664],[676,-495],[653,-314],[947,-593]],[[29003,41031],[-603,143],[-726,388],[-895,256],[-292,-35],[-64,-86],[-289,17],[-105,-87],[-268,2],[-109,-87],[-1633,106],[-259,-32],[-308,58],[-742,-14],[-175,-64]],[[22535,41596],[-687,168],[-588,-52],[-1421,149],[-2305,-47],[-986,1243],[-92,419],[-496,488],[-77,259],[67,153],[-48,254],[136,310],[497,413],[-390,868]],[[16145,46221],[392,-53],[69,-410],[1211,49],[697,91],[709,-2],[268,-101]],[[45564,38052],[-308,-286],[-543,25]],[[44713,37791],[-515,-189],[-576,446]],[[43622,38048],[-1316,418],[-821,90]],[[41485,38556],[-1587,-241],[-467,55],[-542,177]],[[39002,39862],[416,256],[60,229],[576,193],[205,-155],[1088,174],[1261,543]],[[42608,41102],[406,291]],[[43014,41393],[148,-852],[444,-622],[49,-279],[962,-860],[695,-361],[252,-367]],[[28536,39613],[895,-141]],[[29686,38330],[-158,-108],[-618,-161]],[[25477,38439],[-505,-66],[-890,67],[-1681,-76],[-427,-88],[-750,-399]],[[20818,37766],[-1666,1240],[-172,221]],[[18980,39227],[-27,282],[165,494],[-83,371]],[[19035,40374],[1484,-160],[205,23],[110,168],[941,22],[952,-108],[596,231],[1569,-282],[228,102],[673,-158],[964,43],[934,-279],[177,-143],[292,-85],[156,23],[220,-158]],[[33280,44928],[1010,-566]],[[35813,43607],[-291,-128]],[[35522,43479],[86,-321],[-317,-330],[6,-355],[-699,-864]],[[34598,41609],[-348,-313],[-792,-505],[-786,-370],[-1256,250]],[[30068,40774],[-192,-190]],[[29876,40584],[-873,447]],[[29003,41031],[5,231]],[[29008,41262],[243,556]],[[29251,41818],[338,419],[1111,1121],[1050,856]],[[31750,44214],[363,157]],[[32113,44371],[114,-74]],[[29726,28869],[1264,-169],[280,1],[201,161],[2231,-633]],[[33702,28229],[-469,-587]],[[33087,27055],[-328,-268]],[[27589,25868],[1,-74],[-461,1311],[-374,486],[-205,146],[-858,150]],[[25692,27887],[1226,563],[227,-8],[480,341],[1675,249],[426,-163]],[[47493,29990],[998,-393],[1348,-649]],[[46102,25164],[-1016,357]],[[43476,25890],[-1095,-775],[-1054,222],[-338,340],[287,325]],[[41413,26364],[3,897],[-122,162]],[[41783,29114],[-589,28]],[[41194,29142],[805,872],[148,12],[140,104],[-68,64],[1214,892]],[[43433,31086],[668,-123],[438,50],[1457,-188]],[[39002,39862],[381,-421],[-96,-220],[-327,-332],[-71,-342]],[[38889,38547],[-349,-274],[-317,-4],[-212,-99],[-801,138]],[[37210,38308],[-1135,494],[-462,78]],[[35229,39871],[1366,791]],[[36595,40662],[2407,-800]],[[40121,47724],[1296,-540],[-67,-185],[-660,-594]],[[40690,46405],[-253,-13],[-158,-202],[-142,12]],[[40137,46202],[-726,-634],[-273,-252]],[[39138,45316],[133,-235],[-416,-526]],[[38855,44555],[-266,-4],[-138,49]],[[38451,44600],[32,127]],[[38483,44727],[-70,39],[144,200],[-318,256]],[[37693,46936],[82,240],[633,995],[1075,-348]],[[39483,47823],[246,263],[196,-85],[180,64],[307,-83],[-291,-258]],[[22137,54566],[-611,158],[-2282,-383],[-339,-244],[-1210,-442],[-716,-218],[-245,40],[-144,-91],[-179,16],[-526,-134],[-735,-52],[-1109,95],[-810,-166],[-1010,190],[-1018,8]],[[10509,53197],[-128,52],[-85,150],[111,1621],[462,-81],[322,-130]],[[19324,56369],[767,175],[175,9]],[[23661,55654],[556,-658],[-148,-592],[-1932,162]],[[31416,40671],[2053,-410]],[[33469,40261],[986,-297],[774,-93]],[[35229,39871],[230,-149],[461,-544],[-225,-141],[-82,-157]],[[35613,38880],[-926,-476],[-1329,-993],[-1888,866],[-1784,53]],[[29686,38330],[-255,1142]],[[29431,39472],[-588,61]],[[28843,39533],[197,55],[161,137]],[[29201,39725],[407,695],[460,354]],[[30068,40774],[1348,-103]],[[25548,51627],[-92,-227],[31,-352],[363,-432],[12,-111],[3,-143],[-222,-393],[183,-115],[1213,-266],[180,44],[2666,-743],[568,-84],[264,-115],[720,-90],[188,-100],[1693,-215],[586,75],[38,246],[1250,-621]],[[34282,45009],[-376,-360],[-95,-20],[-531,299]],[[33280,44928],[-613,-520],[-111,78],[-329,-189]],[[32227,44297],[-325,346]],[[31902,44643],[-1284,444],[-296,-183],[-569,105],[-191,-277],[-2271,422]],[[27291,45154],[-646,-1006]],[[26645,44148],[-1480,543]],[[25165,44691],[-1338,347],[-701,257],[585,617]],[[23711,45912],[-223,121],[113,118],[229,-83]],[[23830,46068],[200,313],[51,879]],[[24081,47260],[420,407]],[[24501,47667],[319,30],[59,59],[-157,495]],[[24722,48251],[-176,67]],[[24546,48318],[-113,275],[-275,71]],[[24158,48664],[89,957],[281,564],[232,59],[-443,588],[-793,-480],[-482,-761],[-588,101],[-667,-259],[-1223,1040],[-95,-277],[-332,-214],[-206,-327],[-241,-200],[6,-135],[-562,175],[-255,-134],[-793,137],[49,231]],[[18135,49729],[267,57],[-145,99],[56,43],[571,82],[658,429]],[[19913,51152],[206,158],[1784,661],[2154,153]],[[24626,52059],[922,-432]],[[34572,53271],[931,-718],[-151,-384],[-495,-253],[-291,-332],[-33,-153],[-445,-629],[-36,-320],[-245,-280]],[[33807,50202],[-503,128],[-296,-135],[-305,-330],[-356,95],[-119,-62],[-178,22],[-149,-94],[-737,283],[-10,59],[-359,-25],[-1001,253]],[[29794,50396],[-555,267],[181,340]],[[30416,52023],[201,498],[456,446]],[[31043,54615],[1182,-293]],[[33635,54057],[92,102],[661,-199],[413,-213],[74,-67]],[[25477,38439],[2168,-448],[106,-85],[266,-46],[548,28],[85,162],[260,11]],[[28910,38061],[657,-278],[918,-1268]],[[30485,36515],[289,-147],[689,-111]],[[31463,36257],[-741,-856],[-109,-362],[-1016,-770]],[[29597,34269],[-236,-79],[-352,38],[-863,-639],[-236,10],[-274,-82],[-1110,150],[-1014,232],[-412,-143]],[[25100,33756],[-1115,-118],[-1537,-55]],[[22448,33583],[-47,-84],[-157,14],[-75,-100],[-366,89],[-254,-63],[-802,188],[-193,218],[72,333],[-143,216],[117,477],[-146,458],[152,259],[1041,771],[-155,470],[75,105],[-245,54],[-504,778]],[[20818,37766],[406,111]],[[21224,37877],[976,459],[1882,104],[679,-54],[716,53]],[[41391,32351],[-1857,-1399],[-180,-298],[-134,-638]],[[39220,30016],[-198,-210]],[[39022,29806],[-267,42],[-593,337],[-961,337],[-580,266],[-262,225],[-330,162]],[[36029,31175],[614,650],[233,68],[442,564],[754,415],[937,108],[455,166],[656,-89],[183,60],[116,208]],[[40419,33325],[961,-781],[11,-193]],[[37699,48450],[709,-279],[-457,-676],[-258,-559]],[[37693,46936],[240,-42],[75,-332],[214,-177],[-76,-153],[355,-202],[0,-213],[-196,-313],[-66,-282]],[[38239,45222],[327,-294],[-153,-162],[-581,180],[-220,-34],[-565,-711],[-1234,-594]],[[35813,43607],[-655,470],[-868,285]],[[34290,44362],[-479,267],[471,380]],[[34282,45009],[31,673],[-78,387],[137,281],[665,768],[-67,70],[140,113],[70,198],[-155,203],[167,283]],[[35192,47985],[868,419],[51,195]],[[36111,48599],[935,-101]],[[10509,53197],[694,146]],[[11203,53343],[-101,-288],[159,-856],[282,-332]],[[11543,51867],[495,-266],[342,816],[401,280],[349,-71],[50,-171],[-132,-236],[501,-229]],[[13549,51990],[107,-122],[634,34],[535,-296]],[[14825,51606],[379,-62],[252,256]],[[15456,51800],[732,-19],[373,276],[364,82],[155,146],[205,-97],[254,11]],[[17539,52199],[1657,219],[679,517],[1376,186]],[[21251,53121],[726,174],[306,-56],[1252,21],[281,-140]],[[23816,53120],[-196,-1016],[-1717,-133],[-1630,-579],[-360,-240]],[[19913,51152],[-371,-713]],[[19542,50439],[-821,-487],[-464,-67],[-929,104]],[[17328,49989],[-501,-100],[-146,77]],[[16681,49966],[-948,-167],[-476,-37]],[[15257,49762],[-626,54],[-970,-108]],[[13661,49708],[-21,-532],[447,-78]],[[14087,49098],[192,-211]],[[14279,48887],[-489,-6],[-757,-293],[-612,-76],[-294,130],[-2263,496],[-406,276],[-61,309],[115,272],[815,455],[439,777],[24,438],[125,76],[-342,461],[-241,175],[49,119],[-372,330],[-240,617],[10,611],[-265,601],[567,400],[326,-35],[11,-488],[-136,-867],[43,-347],[184,-121]],[[31043,54615],[-397,-696],[252,-111],[-24,-72],[-347,-495],[129,-167],[417,-107]],[[31073,52967],[-524,-539],[-133,-405]],[[30416,52023],[-996,-1020]],[[29420,51003],[-175,-301],[100,-60]],[[29345,50642],[-2027,527],[-1010,133]],[[26308,51302],[-1682,757]],[[24626,52059],[-569,65]],[[24057,52124],[-437,-20],[597,2892],[352,-183]],[[27101,55399],[772,-135],[1097,-330]],[[30587,54753],[456,-138]],[[37763,51571],[30,-785]],[[37542,50211],[-13,-616]],[[37529,49595],[120,-498],[-149,-223],[247,-167],[-48,-257]],[[37699,48450],[-459,-45],[-194,93]],[[37046,48498],[-736,49],[-970,251],[-1100,847]],[[34240,49645],[12,81],[-445,476]],[[33807,50202],[275,336],[6,264],[199,248],[12,126],[558,740],[542,303]],[[54625,63881],[-143,-212],[269,-148]],[[54698,62811],[189,-96],[14,-150],[-218,-318]],[[49617,60039],[74,159],[-261,177],[-165,229],[338,1046]],[[49603,61650],[-69,382],[110,675],[-173,553]],[[49471,63260],[267,383],[535,552]],[[53020,65588],[274,-48],[1008,-409]],[[54683,62247],[-42,-134]],[[55941,59155],[-164,-116],[-232,-363]],[[55360,58661],[-7,-228]],[[52300,59542],[347,664],[-4,293],[105,229],[659,931],[616,528],[263,97],[397,-37]],[[43533,66513],[-516,-1022],[-780,-390],[-259,63]],[[40210,64819],[-547,310],[-511,539],[393,475],[587,154]],[[45477,67828],[316,-100]],[[50647,80872],[256,-640],[312,-250],[573,-235],[1155,-134],[-7,-140]],[[52051,78204],[-180,-811],[170,-156],[251,-104]],[[52271,76888],[-303,-310],[-80,-57]],[[46344,77291],[1354,2679]],[[48069,80339],[755,356],[324,315]],[[43642,49886],[-894,-1067],[-373,-311],[-2111,873],[-301,57],[-135,120],[-469,183],[-102,13],[-28,-55],[-609,201],[-185,-198],[-436,71],[-420,174]],[[37579,49947],[-37,264]],[[37542,50211],[251,575]],[[37793,50786],[38,410],[-91,312],[83,182],[201,138],[1463,-277],[321,-199]],[[40106,73070],[297,-170]],[[38399,69175],[-346,-160],[-2731,211]],[[26359,70480],[463,712],[-2,74]],[[26680,71289],[99,181],[797,819],[487,261],[490,34],[409,-65]],[[31733,72306],[429,1],[534,70]],[[35264,72501],[148,100],[1598,1487]],[[38511,58951],[2087,-402],[163,148],[793,-360]],[[41618,58139],[249,-23]],[[36138,55349],[-386,-326],[-65,-32],[-168,89],[-139,-78],[-322,-314]],[[34597,53865],[-870,294],[319,482]],[[34241,57899],[597,-30],[1136,879]],[[35974,58748],[832,-49],[253,151],[322,-79],[475,131],[655,49]],[[52300,59542],[759,-186],[905,-317],[451,-179],[-81,-156],[553,-69],[466,-202]],[[55353,58433],[-170,-1008]],[[55183,57425],[-368,-444],[-668,-616],[-265,-369],[-175,-395],[47,-178],[-380,-502]],[[53374,54921],[-136,-406]],[[53238,54515],[-1305,293],[-473,251],[-187,-31],[-200,76],[-234,-124]],[[50839,54980],[-935,211],[183,324]],[[48166,57266],[242,233]],[[48580,58716],[1150,1003]],[[49730,59719],[42,140],[-196,114]],[[49576,59973],[41,66]],[[49617,60039],[1407,-406],[1276,-91]],[[30952,76942],[-49,-240]],[[36745,73821],[-1481,-1320]],[[35264,72501],[-129,56],[-564,-258],[-589,337],[-259,-96],[-42,48],[-126,-48],[-482,7],[-221,-210],[-156,40]],[[32696,72377],[-963,-71]],[[31733,72306],[-964,176],[-802,241],[-350,-205],[-309,135],[-89,-106],[-112,65],[-145,-93]],[[28962,72519],[-613,69]],[[49224,86917],[-73,-89],[15,-278]],[[49394,86311],[-735,-650],[214,-181]],[[48772,84771],[-93,-143],[-597,-243],[-1184,-199],[-465,-455],[-338,-169]],[[45710,83128],[-85,154]],[[44037,82021],[-375,-300],[-1061,483],[-1305,437]],[[39539,82530],[-799,517],[-45,82]],[[43118,85689],[389,740],[743,431]],[[51296,69318],[1237,-419]],[[53417,68419],[-308,-393],[-236,-692],[-491,-538],[-325,-595],[20,-171],[183,-42]],[[52304,65837],[-1166,-883],[-244,-705],[-265,2],[-142,-131],[-214,75]],[[50273,64195],[-351,-356]],[[45868,67116],[-81,438],[50,116],[-360,158]],[[45477,67828],[106,276],[-169,66],[-119,203],[-779,414],[108,206],[-307,236],[94,121]],[[43577,79328],[-485,-200]],[[40792,78219],[-787,151]],[[36917,77800],[-738,343]],[[37654,80935],[-1095,210],[205,345]],[[21699,61171],[116,-224],[-643,-804],[-603,-562]],[[20426,58967],[-230,-234],[-1204,548]],[[17641,60290],[-1001,624],[355,670],[1973,176],[1468,575]],[[22061,66297],[381,-334],[-550,-680]],[[16935,64158],[-1535,72]],[[17151,68220],[696,-49]],[[20487,68213],[98,111],[138,-446],[218,-231],[1267,-354]],[[44411,69350],[-552,-189],[-178,77],[-430,-400],[-247,27],[-52,-49]],[[38399,69175],[-240,330],[43,308],[-660,331],[300,254],[72,-31],[301,245],[-59,44],[255,159],[362,674],[20,240],[1185,791],[425,380]],[[40403,72900],[138,-73]],[[41578,72751],[1598,-370]],[[27095,58151],[-115,-295],[-56,-1074],[-465,-1038]],[[26516,55392],[-604,-459],[-465,-184],[-601,0],[-277,64]],[[24569,54813],[-415,237],[-493,604]],[[23661,55654],[-1470,252],[-1925,647]],[[20266,56553],[354,429]],[[20542,58611],[-347,119],[231,237]],[[20426,58967],[-75,280],[218,334]],[[20569,59581],[420,400]],[[43595,81532],[120,254],[322,235]],[[44037,82021],[-591,228],[1054,945],[300,393],[825,-305]],[[45625,83282],[11,-113],[165,-131]],[[46930,81858],[-108,-219],[10,-215],[-161,-199],[37,-41],[-153,-116],[-428,-187],[-127,43]],[[51008,82486],[-337,43],[-421,86]],[[46533,83824],[365,362],[916,136],[757,220],[201,229]],[[48772,84771],[101,709]],[[48873,85480],[641,-165],[1942,-124],[325,-207],[247,-557],[-430,-461],[-542,-927]],[[51701,69727],[-171,-178],[458,-245],[-86,-169],[-606,183]],[[51296,69318],[-118,184],[-453,-55],[-373,63],[-355,296],[-453,7],[-277,-417],[-911,405],[-229,168],[-329,473],[-208,-139],[-428,132],[-1008,-12],[-1375,-1073],[-155,40],[-213,-40]],[[44411,69350],[310,289],[-1273,397],[109,270],[-256,129],[250,458],[-80,178],[-258,139],[173,631],[-250,256],[40,284]],[[43176,72381],[227,28],[525,340]],[[42032,61193],[609,-118],[160,61]],[[42801,61136],[169,-16],[831,-199]],[[43801,60921],[533,-306],[628,-171],[257,-36],[397,101]],[[45616,60509],[886,-160],[729,-205]],[[47231,60144],[989,-575],[229,-213],[748,-92]],[[49197,59264],[-617,-548]],[[48580,58716],[11,-349],[77,-103],[-200,-400],[-60,-365]],[[48408,57499],[-175,-186],[-282,-173],[-474,-114],[-128,38]],[[42669,58006],[-1051,133]],[[41618,58139],[-64,198]],[[41554,58337],[-745,347],[-211,-135],[-674,135]],[[39924,58684],[256,136],[193,566],[937,1143],[56,165]],[[41366,60694],[-261,61],[327,457],[306,-58],[294,39]],[[44132,76310],[674,-406],[204,-214],[40,-251],[199,-354],[-115,-636],[-1358,228]],[[42978,74685],[-579,-61],[-3738,1149],[519,637]],[[48166,57266],[544,-44],[-36,-172],[103,-101],[484,-214],[-187,-261],[236,-116],[-78,-176],[215,-190],[511,-203],[-54,-192],[183,-82]],[[50087,55515],[-205,-279],[181,-97]],[[50063,55139],[-47,-111],[-112,0]],[[49904,55028],[-293,-242],[-663,-647]],[[48948,54139],[-735,-323],[-287,-463],[58,-62],[-107,-96],[74,-82],[-485,126],[-450,-289]],[[47016,52950],[-496,-505],[-603,137],[-520,198]],[[45316,52740],[-250,87],[-159,-20],[-743,346]],[[43435,53347],[-199,123],[-621,-149]],[[40586,53736],[-315,191],[-645,177]],[[38026,55046],[237,185],[143,228],[432,39],[202,142],[231,42],[290,331],[318,-74],[171,120],[396,530],[498,258],[741,551],[32,488],[150,230]],[[41867,58116],[802,-110]],[[42669,58006],[-29,-81],[66,-25],[1331,-410],[743,-130],[1207,-396],[180,28],[487,-112],[313,122],[234,-32],[148,94]],[[47349,57064],[231,-22],[371,98],[215,126]],[[51366,81845],[-74,-131]],[[50781,81254],[-134,-382]],[[50647,80872],[-768,-151],[-731,289]],[[49148,81010],[-143,-187],[-371,-219],[-585,54],[-1147,180],[-440,185],[246,161],[222,674]],[[46930,81858],[-264,268],[-820,458],[142,220],[-236,196],[49,38]],[[45801,83038],[-91,90]],[[45710,83128],[385,434]],[[46095,83562],[438,262]],[[46533,83824],[1696,-679],[148,-36],[88,118],[750,-163],[507,-163],[528,-286]],[[50250,82615],[758,-129]],[[38026,55046],[578,-324],[287,-86],[735,-532]],[[39626,54104],[731,-215]],[[36449,51876],[-1050,343]],[[35399,52219],[89,372],[-916,680]],[[34572,53271],[138,113],[-81,147],[246,149]],[[34875,53680],[-278,185]],[[34597,53865],[461,823]],[[35058,54688],[420,389],[209,-86],[451,358]],[[36138,55349],[313,20],[172,243],[682,-394],[721,-172]],[[17151,68220],[-539,-424],[-602,-196],[-994,-872],[146,-1971],[91,-351],[147,-176]],[[15400,64230],[-617,104],[-55,-81],[-737,-335],[-627,96],[-1651,502],[-1074,437],[-155,206]],[[11373,66740],[281,307],[1041,41]],[[11001,68833],[1045,737],[1596,-288],[832,-89],[1358,-404],[999,-512],[320,-57]],[[11093,68917],[-92,-84]],[[11001,68833],[253,-236],[103,-472],[239,-460],[464,-363],[635,-214]],[[12695,67088],[-1043,-44]],[[10025,66574],[-335,-187],[-386,-64],[-1976,77]],[[4473,66154],[-6,609],[-175,343],[-77,384],[179,792],[-260,322],[-368,265]],[[49922,63839],[-451,-579]],[[49471,63260],[-1028,351],[-347,46],[-103,-60],[-551,96],[-817,303]],[[46625,63996],[-1492,11],[-1700,148]],[[41587,64073],[-859,-99],[-147,15],[107,351]],[[40633,64489],[-423,330]],[[40210,64819],[340,213],[291,85],[101,-64],[472,316],[395,-278],[169,73]],[[41978,65164],[198,-70],[698,295],[201,165],[458,959]],[[43533,66513],[901,784],[541,366],[690,13],[128,52]],[[45793,67728],[75,-612]],[[45868,67116],[-166,-253],[114,-84],[375,-80],[-243,-534],[86,-147],[-97,-157],[219,-560],[495,-272],[1413,-535],[236,-213],[1253,-274],[48,-68],[321,-100]],[[42978,74685],[798,-8]],[[43776,74677],[1180,-217]],[[44320,73125],[-200,-118],[-192,-258]],[[43928,72749],[-599,-369],[-1751,371]],[[41578,72751],[-171,-66],[-866,142]],[[40541,72827],[-435,243]],[[40106,73070],[-53,-49],[-1575,633],[-692,153],[-776,281]],[[37010,74088],[1080,928],[571,757],[3360,-1069],[601,-77],[356,58]],[[60128,63310],[-330,-657],[8,-118],[-420,-620]],[[58683,61189],[-1697,-1454],[-1045,-580]],[[55941,59155],[-637,281],[-188,217],[3,212],[-265,181],[269,465],[-309,169],[275,370],[-193,177],[140,646],[-42,95],[-353,145]],[[54641,62113],[261,556],[-204,142]],[[54698,62811],[75,308],[-169,99],[147,303]],[[54751,63521],[-274,162],[148,198]],[[54625,63881],[-221,124],[140,187],[-278,101],[60,472],[-108,38],[84,328]],[[54302,65131],[303,-152]],[[56628,64648],[1016,-267],[314,-102]],[[47219,79089],[-1145,-2273]],[[44689,76016],[-557,294]],[[44132,76310],[-1200,432],[-404,-30],[-27,-73],[-126,-17],[-850,69],[-252,-267],[-835,143],[-236,-336],[-1022,179]],[[37892,77593],[-3,305],[427,584],[207,57],[80,249],[131,110],[1259,-466],[12,-62]],[[40005,78370],[620,-157],[83,49],[84,-43]],[[40792,78219],[157,114],[96,-43],[316,161],[102,-55],[769,368],[229,185],[284,38],[165,149],[182,-8]],[[43092,79128],[443,169],[145,262]],[[44343,79506],[769,55],[1048,-170]],[[38695,83129],[321,-288],[523,-311]],[[39539,82530],[433,-70],[271,75],[29,127],[284,29],[740,-50]],[[41296,82641],[1152,-378],[1214,-542],[-67,-189]],[[43595,81532],[-117,-8],[-58,-200],[709,-89],[1121,-421],[494,24],[256,86]],[[46000,80924],[62,-61],[400,160],[658,-233],[1514,-186],[-565,-265]],[[48069,80339],[-371,-369]],[[47698,79970],[-479,-881]],[[47219,79089],[-1059,302]],[[46160,79391],[-1150,180],[-667,-65]],[[44343,79506],[-79,-93],[-584,146]],[[43680,79559],[-103,-231]],[[43577,79328],[-1703,311],[-209,7],[-76,-98],[-497,236],[-460,27],[-837,238],[-460,44],[-154,87],[-24,142],[-619,311],[-543,514],[-582,214],[-649,129]],[[36764,81490],[765,1345]],[[9198,55938],[46,687],[-159,373],[-57,510],[-358,551],[-403,283],[-501,-46],[-603,-233],[-388,-43],[-982,67],[61,136]],[[6377,58709],[716,549],[728,362],[310,55],[251,13]],[[10483,59082],[1697,-522],[309,-266]],[[10484,65159],[49,-134],[291,-165],[889,-344],[2080,-605],[198,7],[323,125],[469,291],[619,-104]],[[15795,62011],[-170,-415]],[[14943,61696],[-62,218],[-160,53],[-2920,158]],[[11534,61489],[-255,-138],[-2302,206]],[[8542,61482],[-147,14],[-326,182],[-83,433],[-395,113],[-285,-15]],[[966,61732],[271,207],[73,631],[713,970],[411,245],[943,-54],[179,63],[376,226],[555,474],[249,894],[-158,176],[10,264],[-115,326]],[[4473,66154],[1404,68],[1451,178]],[[7328,66400],[742,-53],[1506,9],[449,218]],[[10025,66574],[208,31],[344,321],[503,288],[572,-170]],[[11652,67044],[-279,-304]],[[11373,66740],[-73,-257],[-816,-1324]],[[46164,63967],[133,-462],[-122,-575],[-387,-499],[-207,-153],[-630,91],[-1039,-132],[-859,34],[-677,-94],[-2387,35],[126,796],[86,133],[381,207]],[[40582,63348],[228,620],[777,105]],[[41587,64073],[1846,82]],[[43433,64155],[2731,-188]],[[28446,69344],[1009,-375],[232,-297],[32,-180],[-69,-77]],[[30090,68044],[104,-86],[-259,-417]],[[31033,66561],[-49,-156],[-492,-582]],[[22440,65961],[-379,336]],[[22061,66297],[17,390],[-66,99],[196,507]],[[22208,67293],[-1358,404],[-127,181],[-120,466],[426,231]],[[26026,70092],[333,388]],[[26359,70480],[1139,-417]],[[8542,61482],[435,75]],[[8977,61557],[2159,-213],[316,62],[82,83]],[[11534,61489],[267,636]],[[11801,62125],[3032,-178],[110,-251]],[[14943,61696],[682,-100]],[[15625,61596],[-216,-324]],[[16284,61071],[1357,-781]],[[17641,60290],[378,-751],[973,-258]],[[18992,59281],[1550,-670]],[[20542,58611],[-288,-518],[138,-69],[4,-165],[130,-73],[125,-445],[-31,-359]],[[20620,56982],[-99,-172],[-255,-257]],[[20266,56553],[-508,-51],[-434,-133]],[[19324,56369],[-892,-356],[-507,-285],[-855,-286],[-1401,-73],[-827,101],[-172,-244],[-591,-391],[-1109,-151],[-398,74],[-776,-28],[-605,79]],[[11191,54809],[-917,256],[-193,-10],[-544,-347],[-208,308],[-131,922]],[[9198,55938],[743,634],[285,35],[398,165],[175,291],[755,719],[935,512]],[[12489,58294],[0,52],[-308,214],[-1698,522]],[[10483,59082],[-1633,391],[-468,215]],[[8382,59688],[-433,-27],[-746,-329],[-826,-623]],[[6377,58709],[-523,-486]],[[5854,58223],[-60,-136],[-562,18],[-395,125],[-512,-10],[-1097,461],[-955,882],[-106,306],[-950,689],[-502,516],[-29,163],[73,255],[207,240]],[[966,61732],[3113,-111],[1685,164],[1542,424]],[[7306,62209],[395,4],[285,-102],[28,-312],[147,-169],[381,-148]],[[42952,68816],[-401,-430],[-234,-477],[-855,-768],[-472,-614],[-535,-273],[-323,43]],[[40132,66297],[-664,-197]],[[39468,66100],[-203,59],[-161,-154],[-513,17],[-114,-124],[-537,225],[-215,-112],[-729,240],[-280,-213],[-539,64],[-144,-174]],[[36033,65928],[-975,137],[-106,-206]],[[34952,65859],[-887,131],[-1572,53],[-118,-28],[-177,-189],[-319,171],[-151,-53]],[[31728,65944],[-118,64]],[[36706,69115],[1220,-115],[473,175]],[[38399,69175],[630,-92],[277,-17],[157,75],[931,-100],[447,163],[2111,-388]],[[30492,65823],[-137,-238]],[[30355,65585],[171,-108],[-271,-462],[-343,-224]],[[29912,64791],[-1018,-395],[-531,-460],[-773,-874],[-406,-751],[-84,-291],[129,-130],[-146,-184],[-1415,405]],[[24990,62021],[-933,152],[-1701,657]],[[20694,62314],[-258,21]],[[20436,62335],[-285,-68],[-1183,-507],[-2044,-204],[-64,-280],[-220,-362],[-356,157]],[[16284,61071],[-875,201]],[[15409,61272],[386,739]],[[15795,62011],[-158,667],[75,285],[-310,1267]],[[15402,64230],[1533,-72]],[[16935,64158],[704,-138],[647,134],[1673,171],[540,-87],[464,-165],[244,293],[32,275],[182,249],[471,393]],[[21892,65283],[548,678]],[[22440,65961],[909,-183],[1084,28],[713,-184],[228,256],[189,-85],[120,32],[366,-84],[831,151],[1035,-44],[386,-92],[1435,143],[756,-76]],[[54120,74278],[154,-122],[-1,-165],[-373,-488],[193,-250]],[[54695,72509],[-202,-542],[-1682,-1349]],[[52872,70568],[-884,-1264],[-450,227],[163,196]],[[51701,69727],[-481,96],[-192,-2],[-89,-59],[-1162,558],[63,170],[-65,278],[98,198],[-169,65],[122,184],[-1021,220],[-182,96],[0,75],[-212,115],[69,58],[-275,126],[-58,113],[-1468,415],[-177,-264],[-1386,664],[-796,292]],[[44320,73125],[636,1335]],[[44956,74460],[178,-11],[60,102],[76,435],[-260,704],[-321,326]],[[44689,76016],[727,322],[658,478]],[[46074,76816],[270,475]],[[46344,77291],[1114,-385],[244,50],[974,-237],[2407,-197],[161,71],[644,-72]],[[51888,76521],[144,120]],[[46297,52474],[-282,-143],[-828,-793]],[[45187,51538],[-63,-272],[-412,-427],[157,-99],[-51,-60],[-1176,-794]],[[43642,49886],[-1063,433],[-234,167],[-647,162],[-886,470],[-218,7],[-786,227]],[[39808,51352],[-136,129],[-495,166],[-1153,181],[-93,-23],[-168,-234]],[[37763,51571],[-907,256],[-407,49]],[[36449,51876],[216,161],[386,484],[544,6],[853,338],[586,112],[179,238],[1144,674]],[[40357,53889],[229,-153]],[[40586,53736],[790,-147],[145,51],[461,-118],[105,-92],[203,-56],[134,32],[191,-85]],[[42615,53321],[657,141],[163,-115]],[[43435,53347],[729,-194]],[[44164,53153],[553,-284],[599,-129]],[[45316,52740],[81,40]],[[45397,52780],[900,-306]],[[36706,69115],[-786,-513],[-526,-159],[-394,-3],[-323,-138],[-655,-415],[-1003,-780],[-969,-875],[-278,-41],[-162,-183]],[[31610,66008],[-148,35],[-453,314],[24,204]],[[31033,66561],[-325,198],[-93,448],[-680,334]],[[29935,67541],[255,436],[-100,67]],[[30090,68044],[50,86],[-62,150],[-428,135]],[[29650,68415],[63,156],[-165,312],[-455,261],[-647,200]],[[28446,69344],[98,89],[-269,6],[55,78],[-832,546]],[[27498,70063],[266,255],[457,-129],[311,-14],[1451,9],[469,71],[382,-141],[2603,-295],[1033,-253],[852,-340]],[[35322,69226],[1384,-111]],[[27148,61769],[421,-249],[-57,-202],[110,-155],[-275,-364],[333,-282],[299,-84]],[[27979,60433],[443,-323],[152,-209]],[[28574,59901],[-168,-258]],[[28406,59643],[261,-118],[-8,-230]],[[27719,58427],[-624,-276]],[[27095,58151],[-183,-8],[-500,161],[-1033,454],[-1543,325],[-616,241],[-598,39],[-699,322],[-934,296]],[[20989,59981],[551,569],[276,444],[-117,177]],[[21699,61171],[55,170],[-105,142],[-228,20],[-56,235],[-671,576]],[[20694,62314],[559,520],[328,211],[775,-215]],[[22356,62830],[1580,-624],[610,-152],[444,-33]],[[24990,62021],[467,109],[211,-19]],[[25668,62111],[1335,-406],[145,64]],[[27419,72150],[-724,-804],[-15,-57]],[[26680,71289],[140,-23]],[[26820,71266],[-56,-209],[-738,-965]],[[26026,70092],[-1197,-928],[-459,-70],[-432,-184],[-617,-19],[-496,-135],[-1796,-181]],[[21029,68575],[-252,-93],[-290,-269]],[[20487,68213],[-881,100],[-1759,-142]],[[17847,68171],[-884,63],[-1013,512],[-1658,482]],[[14916,72026],[219,445],[814,-216]],[[20687,71135],[349,4],[334,193],[264,339]],[[22556,73506],[1680,-265]],[[9768,74359],[1086,-82],[2249,-2]],[[15973,73900],[-763,-800]],[[15153,72466],[-237,-440]],[[14916,72026],[-101,-1521],[-271,-488],[-146,-45],[-106,-744]],[[14292,69228],[-650,54],[-742,187],[-854,101],[-82,-110],[-871,-543]],[[11093,68917],[-251,93],[-232,-147],[-367,47],[-416,-88],[-725,93],[-3876,-91],[-1460,45]],[[3766,68869],[-278,148],[-396,72],[-1875,962],[87,660],[-19,789],[799,409],[666,492],[327,385],[162,519],[8,514],[-135,191],[-6,405],[1835,-188],[699,-128],[268,5],[3232,280]],[[34241,57899],[-566,-1039],[3,-143],[123,-58],[-566,-879],[215,-131],[-119,-189],[147,-105],[-16,-96],[479,-155],[-191,-382],[296,-81]],[[34046,54641],[-411,-584]],[[33635,54057],[-388,159],[-116,-48],[-463,163],[-443,-9]],[[32225,54322],[-443,81],[-1102,315],[-93,35]],[[30587,54753],[44,198],[-553,169],[-237,-4],[-285,-222],[-320,169],[-266,-129]],[[28970,54934],[-1353,384],[-516,81]],[[27101,55399],[-585,-7]],[[26516,55392],[-57,352]],[[26459,55744],[493,1172],[-19,472],[110,709],[676,330]],[[27719,58427],[733,605],[207,263]],[[28659,59295],[862,-359]],[[29521,58936],[985,-174],[733,-14],[224,-73],[799,-59],[687,-152]],[[32949,58464],[364,-231],[928,-334]],[[66423,74781],[-1387,-1155],[-319,-123],[-1681,803]],[[63178,76642],[232,7]],[[63410,76649],[131,91],[885,36],[334,178],[202,-67],[178,20],[357,126],[911,124],[132,57],[105,199],[229,77],[125,168]],[[66999,77658],[136,-43]],[[67149,77494],[1585,-436]],[[80201,75431],[918,-135],[449,-176],[679,-417],[792,-316]],[[83039,74387],[176,13]],[[83215,74400],[384,-291],[-9,-58],[-402,-269],[-193,103]],[[81157,73283],[-1143,-738],[-1000,448]],[[77962,73166],[-336,34],[-329,-368],[-509,115],[-896,432]],[[75892,73379],[-243,36],[-368,-119],[-163,153]],[[75118,73449],[-229,-32]],[[74561,73790],[-191,667],[278,-118],[158,0],[782,1199]],[[76590,76585],[317,-52],[597,618]],[[63036,74306],[1990,-949],[476,-337],[549,-255],[2060,-751],[-652,-629]],[[66046,70860],[-380,-583],[-1499,-35]],[[53999,68819],[-582,-400]],[[53417,68419],[-884,480]],[[52533,68899],[-631,236],[970,1433]],[[52872,70568],[-61,50]],[[52811,70618],[1788,1494],[96,397]],[[54695,72509],[-97,234],[-211,168],[69,235]],[[79070,69036],[449,426],[361,-90],[256,119],[763,-132],[1325,-480]],[[83009,68437],[-300,-990],[-8,-435],[-123,-254],[22,-425],[500,-457],[0,-225],[350,-238],[-230,-314],[-364,-251],[-95,-427],[-168,-331],[-137,-96],[-1074,-231],[-712,-69],[-630,-271],[-101,-199],[328,-682],[21,-394],[766,-811],[222,-409],[-143,-112],[-345,10],[-438,-116],[-260,35],[-356,-53]],[[77477,61671],[-440,13],[-733,155],[-408,-313]],[[73030,63030],[-586,-26],[-560,225],[-66,136],[84,211]],[[71902,63576],[-309,471],[-22,312],[-212,357],[434,376],[9,308],[-175,226],[-522,218]],[[71105,65844],[59,97],[-73,170],[-280,187],[48,702],[909,795]],[[71768,67795],[-2,299]],[[74630,69787],[702,526]],[[75332,70313],[396,-125]],[[75728,70188],[177,210]],[[75580,70526],[-950,-739]],[[74630,69787],[-146,83],[-254,-129],[-516,-22],[-172,-186],[-243,-9],[-920,-301],[-613,-1129]],[[71766,68094],[-502,385],[-520,632],[452,372],[291,355],[268,489]],[[72934,71632],[319,-201]],[[73253,71431],[156,-50],[154,77],[598,-291],[337,-18],[1075,-425],[-115,-131],[122,-67]],[[82848,85374],[-832,-994],[-244,20],[-168,-96],[-248,-34],[-1441,-1064]],[[79871,83327],[-168,116],[-324,111],[-273,193],[-982,214],[-1173,488],[-264,69]],[[76324,84509],[-249,194],[-3,349],[506,656]],[[77855,88025],[1025,-326],[392,41],[323,-84],[940,-44],[76,-94],[853,-345],[562,-404],[1472,-437]],[[61739,58665],[713,21],[1608,-329],[902,-262],[201,-246]],[[65245,57037],[-46,-570],[-159,-319],[306,-175]],[[63703,53706],[93,-119],[-690,-702]],[[60614,53150],[-511,-566]],[[56715,53635],[177,190]],[[56892,53825],[20,224]],[[56912,54049],[404,375],[188,625]],[[57504,55049],[-151,424]],[[57353,55473],[47,1073],[-113,207]],[[57287,56753],[-288,96],[25,206],[-1472,341],[-369,29]],[[55183,57425],[177,1236]],[[55360,58661],[185,15]],[[55545,58676],[87,177]],[[74819,61191],[-166,-263],[36,-308]],[[74337,58970],[-191,-320],[-22,-406],[-125,-174],[-102,-52],[-338,10],[-592,89],[-249,-103]],[[70442,62054],[-564,315],[-53,52],[88,69],[440,81]],[[70353,62571],[804,380],[421,420],[324,205]],[[71902,63576],[-75,-262],[376,-236],[327,-81],[500,33]],[[73030,63030],[765,-95],[968,-1064],[213,-123],[218,-397]],[[85297,80173],[-249,-394],[-93,-303]],[[85237,79320],[-22,-52],[-468,-524]],[[84511,78599],[-424,-101]],[[82776,79158],[-505,337],[-141,-36],[-1006,-702],[-1201,595],[1890,1658],[593,602],[1089,-589]],[[79014,72993],[749,-373],[693,-237]],[[80859,71820],[-305,-424],[292,-135]],[[79409,69370],[-339,-334]],[[79070,69036],[-323,66],[-542,-115],[-275,-123],[-772,355],[-437,342],[-362,459],[-454,378]],[[75905,70398],[221,65]],[[76126,70463],[173,164],[536,738],[453,338],[281,385],[241,570]],[[77810,72658],[-513,174],[313,358],[352,-24]],[[77962,73166],[491,511],[715,-294],[-182,-187],[28,-203]],[[76687,84518],[903,-294],[534,-263],[273,-26],[890,-262],[92,-119],[492,-227]],[[79871,83327],[-69,-67],[113,-54]],[[79915,83206],[-95,-77],[585,-242],[454,-408]],[[81525,82184],[322,-288],[559,-284],[-1948,-1811],[-1018,-813],[-435,-236],[-953,-688]],[[74882,78436],[-1816,423],[-212,91]],[[71000,80440],[-1551,278],[-756,-63]],[[67376,80880],[154,494]],[[67530,81374],[-95,47],[94,557],[153,324],[410,329],[-160,318],[456,489]],[[75351,84201],[202,43],[226,-35],[24,54],[445,4],[76,242]],[[76324,84509],[363,9]],[[87514,82565],[-936,293],[-394,18],[-647,161]],[[82173,84573],[675,801]],[[82848,85374],[146,334],[504,624]],[[83498,86332],[247,-3],[464,238],[1030,347],[1631,58],[-26,-333],[111,-66],[-134,-316],[57,-134],[1375,-933],[360,-405],[2092,-1035],[-383,-293],[-320,156]],[[79734,60692],[-1254,8],[-212,-39],[-179,-120],[-39,-73],[210,-720],[435,-291]],[[78649,59095],[-213,-208],[-665,-336],[-473,-78],[-381,-219],[-671,-54]],[[74672,58531],[-557,-47],[222,486]],[[74337,58970],[-31,504],[375,282],[73,160],[-47,128],[-194,146],[176,430]],[[74689,60620],[-56,188],[75,246],[111,137]],[[74819,61191],[375,160]],[[75194,61351],[702,175]],[[75896,61526],[346,299],[636,-135],[599,-19]],[[77477,61671],[615,106],[461,-238],[824,-144],[481,-252],[-124,-451]],[[84087,78498],[6,-413]],[[84221,76978],[-112,-250],[81,-170],[-442,82],[-1204,31]],[[81044,77155],[-458,237],[-472,310]],[[80931,78819],[208,-61],[198,103],[886,637],[553,-340]],[[82776,79158],[286,-29],[839,-308],[186,-323]],[[63425,53201],[384,414],[-106,91]],[[63703,53706],[167,182],[-193,40],[146,159],[378,788],[669,628],[198,97],[278,373]],[[65346,55973],[564,-129]],[[84642,81118],[-888,-19],[-259,-76]],[[83495,81023],[-1551,814],[-419,347]],[[81525,82184],[-666,295]],[[80859,82479],[-496,432],[-543,222],[1501,1117],[451,150],[213,-33],[188,206]],[[82173,84573],[229,-99],[-82,-87],[60,-48],[935,-365],[933,-460],[1289,-477]],[[85537,83037],[1126,-232]],[[85598,53695],[-2173,486],[-743,-14]],[[80469,54403],[-1182,-11],[-158,-97]],[[76823,56899],[109,294],[306,393],[1261,1222],[150,287]],[[78649,59095],[-121,211],[167,151]],[[78695,59457],[1648,-551],[664,-61],[715,65],[475,-82],[510,-172],[406,-234],[446,-119],[2163,-205],[1418,453],[390,-100],[913,-612],[210,-541],[-45,-175],[-501,-376],[-445,-201],[-620,-149],[-1268,-48],[-930,-148],[-159,-86],[-147,-251],[65,-217],[866,-774],[353,-743],[407,-521]],[[59085,80394],[-110,-373]],[[57596,79739],[-2777,-147],[-1491,94],[-510,-71],[-1213,172],[-592,311],[-110,134],[-257,638],[135,384]],[[50781,81254],[-383,171],[91,103],[130,-43],[409,265],[264,-36]],[[51292,81714],[46,50],[28,81]],[[51366,81845],[-175,40],[-183,601]],[[51008,82486],[234,139],[182,-56],[173,104],[-541,366]],[[51056,83039],[573,968]],[[54774,84407],[127,-145],[31,-315],[109,-146],[-268,-439],[17,-53],[123,11],[26,-371],[93,-74],[80,-348],[129,-42],[629,49],[158,-342],[797,-334],[699,-174],[1105,-31],[292,-608],[164,-651]],[[77860,49798],[-655,-522],[-576,-716],[-385,-659],[-199,-144]],[[75993,47599],[-1799,465]],[[71477,49059],[-187,51]],[[63178,76642],[-309,-593],[165,-87],[-75,-212],[-323,-615],[121,-39],[-60,-251],[130,-62],[-57,-154],[206,-29],[-57,-132],[132,-76],[-15,-86]],[[63036,74306],[-495,-198],[-177,-6],[-725,-391],[-369,-86],[-186,502],[149,211],[-294,133],[-57,228],[-923,82],[-271,-84],[-252,-275],[-654,9],[-623,-218],[-927,84],[-170,-112],[-333,-50],[-655,-226],[-306,20],[-272,-95],[-135,-213],[-250,-156],[-408,-21],[-247,-298]],[[54456,73146],[-363,107]],[[54093,73253],[-138,154],[-50,178],[386,491],[-171,202]],[[54120,74278],[1102,364]],[[59889,77588],[1016,-590]],[[60905,76998],[1421,-172],[852,-184]],[[86229,53609],[264,-197],[191,-365],[-293,-612],[-558,-279],[-1000,-49],[-285,-279],[-40,-384],[220,-796],[-39,-275],[-100,-81],[-5802,-12],[-927,-482]],[[77860,49798],[-540,192]],[[77320,49990],[273,363],[79,1222]],[[78608,53340],[581,1024],[1280,39]],[[80469,54403],[1514,-253],[57,-86],[642,103]],[[82682,54167],[917,-5],[1999,-467]],[[85598,53695],[631,-86]],[[85515,73209],[-40,-160],[-262,-306],[-226,-658],[347,-291],[256,155],[202,-19],[223,-226],[52,-166],[378,-143],[59,-148],[-214,-213],[-41,-180],[25,-201],[250,-225],[-23,-69]],[[86501,70359],[-1207,39]],[[82140,70764],[-1572,614],[291,442]],[[80859,71820],[-318,92],[-202,247],[117,224]],[[80456,72383],[-447,163],[1148,737]],[[81157,73283],[248,-71],[100,59],[697,640],[793,-26]],[[82995,73885],[210,-94],[404,308],[-311,190],[-108,177],[321,190]],[[83511,74656],[37,304]],[[83548,74960],[465,241],[593,-261],[1137,-286],[-464,-531],[-373,-735],[609,-179]],[[89827,76457],[-239,264],[-101,256],[-374,32]],[[84747,78744],[490,576]],[[85237,79320],[-282,156]],[[84955,79476],[101,328],[241,369]],[[88312,78251],[536,-327],[770,-160],[-11,-333],[160,-350],[564,-468]],[[67819,62629],[-907,-546]],[[66143,61886],[-816,-821],[-47,-218],[507,-774],[440,-295]],[[66227,59778],[-39,-258],[-353,-122],[-874,432]],[[64961,59830],[-907,198],[-416,-100],[-151,27],[-414,213],[-313,-338],[-329,46],[-261,-251],[-26,-159],[-436,-472],[150,-104],[-119,-225]],[[61739,58665],[-481,58],[-391,-89],[-287,65]],[[59616,62269],[652,1241],[232,189],[687,-73]],[[71000,80440],[396,-211],[45,-113],[632,-262],[266,-263],[-126,-250],[498,-207],[143,-184]],[[72854,78950],[405,-191],[-252,-352],[-1742,-1741]],[[70071,76032],[-1379,1055],[-1543,407]],[[67149,77494],[-14,121]],[[67135,77615],[-325,115],[319,522]],[[67129,78252],[-101,65]],[[67028,78317],[28,238],[-109,121]],[[66947,78676],[-273,45]],[[66674,78721],[-3,94],[60,151],[533,527]],[[67264,79493],[-145,354]],[[67119,79847],[257,1033]],[[67376,80880],[459,23],[858,-248]],[[68693,80655],[697,68],[1610,-283]],[[60580,58699],[-169,-51],[-223,58],[-340,-70],[-380,130],[-115,-125],[-582,184],[-194,-32],[-205,46],[-114,-77],[-236,-2],[-317,103],[-118,-98],[-110,-48],[-89,35],[-88,-67],[-270,121],[-228,-274],[-1170,321]],[[55632,58853],[356,338],[998,544],[133,171],[471,326],[1093,957]],[[58683,61189],[703,726]],[[59386,61915],[230,354]],[[59616,62269],[1779,-554],[608,-328],[-48,-253],[-476,-966],[28,-143],[-244,-213],[-177,-454],[-506,-659]],[[72871,72522],[402,-131]],[[73273,72391],[-626,-632],[287,-127]],[[72934,71632],[-476,-392],[-78,24],[-217,-106],[3,-85],[-634,-538],[-1,-79],[224,-129]],[[71755,70327],[-362,-642],[-517,-490],[-212,-34],[-1025,207]],[[69639,69368],[-801,310]],[[68838,69678],[-1599,-423],[-186,-11],[-320,180],[-44,146],[114,234]],[[66789,70929],[670,456]],[[67459,71385],[628,553],[24,76],[-97,54],[261,158],[129,58]],[[70125,72230],[832,1007]],[[81546,46071],[-1474,484],[-310,-89]],[[79762,46466],[-827,195],[-1804,513],[-271,147],[-867,278]],[[75993,47599],[52,158]],[[76045,47757],[275,246],[309,557],[692,842],[539,396]],[[77860,49798],[864,477],[5865,17],[-634,-419],[-295,-409],[63,-395],[347,-505],[183,-45],[392,178],[971,179],[830,-63],[282,-74],[804,-304],[367,-229],[194,-367],[259,-286],[14,-242],[-195,-158],[-1286,-288]],[[90331,76613],[789,-286],[1412,-113],[514,-143],[251,-185],[121,-219],[-25,-225],[-178,-255],[-681,-384],[-1064,-283]],[[91470,74520],[-370,251]],[[91100,74771],[-725,241],[-921,213],[-596,26],[-1083,-755],[-677,-326],[-858,363],[-1634,407],[-534,274],[170,339],[442,300],[65,117],[-113,200],[-394,217],[-122,281],[101,310]],[[84221,76978],[-191,226],[32,364],[-162,256],[193,261]],[[84093,78085],[-42,403],[460,111]],[[84511,78599],[236,145]],[[84747,78744],[684,-291],[609,-539],[500,-217],[1050,-150],[1523,-538]],[[89113,77009],[324,-11],[390,-541]],[[89827,76457],[504,156]],[[59889,77588],[-228,-359],[-564,-273],[-219,23],[-367,-247],[-89,30],[-269,-166],[-273,80],[-105,-114],[-170,-7],[-200,-146],[-185,56],[-377,-226],[-144,38],[-255,-390],[-117,9],[-207,-233],[-457,-692],[-441,-329]],[[55222,74642],[-397,-151],[-705,-213]],[[54120,74278],[-564,229],[-584,-223],[-998,306],[37,241],[368,492],[67,874],[-414,444]],[[52032,76641],[239,247]],[[52271,76888],[21,245]],[[52292,77133],[-384,191],[9,341],[134,539]],[[52051,78204],[885,1269]],[[52936,79473],[52,176],[1116,24],[715,-81],[1293,37],[291,76],[1193,34]],[[57596,79739],[1379,282]],[[58975,80021],[116,-302],[226,-182]],[[59317,79537],[77,-191],[26,-761],[132,-419],[30,-489],[307,-89]],[[80931,78819],[-959,-833],[266,-165],[-124,-119]],[[80114,77702],[930,-547]],[[81044,77155],[994,-368],[506,-116]],[[82544,76671],[1030,-29],[-71,-133],[-338,52],[-156,-284]],[[83009,76277],[-241,92],[58,-333],[-545,-444],[-416,179],[-89,-92],[552,-391],[108,87],[266,-166],[12,-83],[593,-97]],[[83307,75029],[-250,-462],[-354,-31],[-221,79],[-914,505],[-559,201],[-808,110]],[[80201,75431],[-809,-198],[-868,682],[-21,156],[-286,232],[153,197],[-149,565],[-429,122],[-288,-36]],[[77627,77579],[425,485]],[[78052,78064],[1871,1288],[1008,-533]],[[77614,50529],[-153,-417],[-141,-122]],[[77320,49990],[-306,33],[-910,489],[-135,9],[-131,-78],[33,-110],[-128,-114],[-221,51],[-504,-86],[-966,64],[-947,-154],[-240,-132],[-402,-77],[-472,47],[-501,-497],[-200,-325]],[[71290,49110],[-842,119],[-469,175],[-545,344]],[[68560,50460],[-91,474],[56,203],[368,564],[236,6]],[[71186,52719],[711,4],[1428,-134],[615,-259],[593,-166],[1016,-643]],[[60103,52584],[-772,-1181]],[[59230,51057],[-351,-446]],[[58879,50611],[-630,252],[-863,44],[-367,106],[-162,146],[-241,50],[-38,-63],[-203,61],[238,481],[-169,33],[12,117],[-515,128],[-146,217],[-440,137]],[[55355,52320],[316,911],[0,276],[48,40],[206,-53],[519,-195],[271,336]],[[56715,53635],[1373,-593],[330,-14],[1355,-304],[330,-140]],[[63106,52885],[-38,-151],[-706,-749],[-145,-354]],[[61177,50315],[-3,-167],[-99,-93],[-203,-79]],[[59519,49918],[-310,59],[-114,-84],[-260,141],[-99,175],[69,341],[425,507]],[[59230,51057],[101,346]],[[59331,51403],[639,1017],[644,730]],[[60614,53150],[214,-132],[564,-104],[257,12],[36,66],[1421,-107]],[[77855,88025],[-1217,-2055],[-60,-262]],[[76578,85708],[-478,-579],[-39,-394],[129,-147],[142,-36],[-84,-285],[-897,-66]],[[75351,84201],[-630,97],[-771,-55],[-114,-55],[-1317,181],[-59,-72],[-516,-54],[-50,-140],[-612,-386],[-285,-39],[-262,-334],[-598,-56],[-218,47],[-114,-164],[-533,28],[-307,168],[-577,71]],[[68388,83438],[-230,94],[16,63],[-151,82],[-72,-54]],[[67951,83623],[-149,88],[-107,140],[-530,139],[-1108,678]],[[66057,84668],[27,113],[-82,70],[-631,363],[369,202],[-22,94],[252,59],[-29,647],[-218,377],[25,271],[-118,158],[-204,81],[-17,203],[-320,204]],[[65089,87510],[-26,1170],[188,135],[557,-43],[420,147],[218,686],[-65,67],[1181,947],[286,109],[597,-15],[176,151],[258,48],[573,-11],[148,70],[242,-70],[212,72],[985,-362],[695,63],[1088,-405],[326,182],[537,-281],[641,-138],[539,-25],[726,-433],[745,-270],[439,-580],[1080,-699]],[[74316,74715],[245,-925]],[[74561,73790],[328,-373]],[[74889,73417],[-733,-450],[-183,-25],[-599,158]],[[73374,73100],[-213,-164],[-290,-414]],[[72871,72522],[-234,-138],[-160,38],[-1520,815]],[[70957,73237],[269,249]],[[70796,73872],[-71,1266],[-255,517],[-399,377]],[[70071,76032],[537,213],[182,-66],[208,124]],[[77627,77579],[-123,-428]],[[77504,77151],[-345,-386],[-287,-245],[-282,65]],[[76590,76585],[-556,-518],[-446,-529]],[[75588,75538],[-818,-1223],[-400,142],[-54,258]],[[74316,74715],[-689,460],[-1685,607],[-944,521]],[[70998,76303],[267,363]],[[71265,76666],[1848,1858],[132,280],[1637,-368]],[[74882,78436],[797,-274],[1045,-251],[903,-332]],[[70442,62054],[226,-315],[276,-72],[-2,-344],[182,-301],[225,-170],[70,-312],[224,-124],[408,-104],[-331,-248],[101,-234],[-45,-111],[-726,-399],[105,-134],[-376,-529]],[[70779,58657],[-778,-36],[-431,88],[-738,43],[-1473,504]],[[67359,59256],[-372,271],[-760,251]],[[66227,59778],[-389,226],[-558,843],[116,314],[747,725]],[[66143,61886],[273,114],[496,83]],[[66912,62083],[859,500],[199,613]],[[67970,63196],[874,-543],[472,-177]],[[69316,62476],[509,-55],[617,-367]],[[70071,76032],[536,-573],[150,-522],[39,-1065]],[[70796,73872],[430,-386]],[[71226,73486],[-329,-301],[-772,-955]],[[70125,72230],[-492,279],[-434,-244],[-358,89],[-295,-129],[-142,59]],[[68404,72284],[-390,-216],[-216,34],[-1275,451],[-795,358],[-1011,592],[551,269],[1155,1009]],[[66423,74781],[899,996],[403,556],[555,471],[454,254]],[[68734,77058],[1337,-1026]],[[66789,70929],[-52,-391],[100,-66],[-122,-248],[58,-76],[-89,-276],[119,-68]],[[66803,69804],[-90,-342],[340,-218],[428,43],[-221,-276]],[[67260,69011],[-176,-418],[165,-855],[-46,-486],[-181,-343],[32,-305],[277,16],[843,-122],[1642,-458]],[[69816,66040],[266,-23]],[[70082,66017],[-52,-120],[-937,-411],[-440,-524],[-206,-101],[-84,-255],[-237,-101],[-121,-209],[-563,-341]],[[67442,63955],[-683,-688],[1211,-71]],[[67970,63196],[-151,-567]],[[67819,62629],[-991,-38],[-480,48],[-222,135],[-1410,93],[-718,139],[-776,246],[-2035,374]],[[61187,63626],[-343,15]],[[61529,68493],[615,247],[-68,333],[67,197],[1028,801],[996,171]],[[64167,70242],[1452,22],[427,596]],[[66046,70860],[297,96],[446,-27]],[[71477,49059],[-2,-115],[303,-114],[1295,-387],[330,-45],[791,-334]],[[74194,48064],[2288,-614],[649,-276],[-207,-307]],[[74898,45248],[-545,277]],[[72288,46129],[136,329]],[[70406,46803],[-188,75],[-905,427],[3,107],[251,252]],[[69232,47743],[-686,361]],[[70055,49371],[700,-208],[722,-104]],[[85294,70398],[1756,-59]],[[87050,70339],[346,-371]],[[87396,69968],[-141,-169],[-171,-855],[262,-509],[123,-663],[-92,-304],[-283,-85],[-1502,-158],[-535,0],[-1967,553],[-294,-35],[213,694]],[[83009,68437],[-785,442]],[[82224,68879],[-1161,434],[-730,165],[-197,13],[-320,-124],[-297,95],[-110,-92]],[[79409,69370],[-179,56],[862,951],[2,150],[752,734]],[[80846,71261],[1294,-497]],[[82140,70764],[2425,-18],[729,-348]],[[70779,58657],[376,-111],[217,-178],[814,-205],[296,-4],[236,-145]],[[72718,58014],[307,104],[872,-100],[194,137],[24,329],[146,36],[411,11]],[[74672,58531],[302,-90],[408,20],[864,-261]],[[76246,58200],[505,21],[480,168],[67,84],[636,145],[662,386],[-175,-280],[-1319,-1292],[-279,-533]],[[76823,56899],[0,-434],[539,-589],[60,-259],[642,-345],[474,-594],[278,-255],[313,-128]],[[79129,54295],[-521,-955]],[[78608,53340],[-469,-541],[-280,-891],[-187,-333]],[[77672,51575],[-58,-1046]],[[77614,50529],[-597,117],[-466,204],[-667,170],[22,133],[-288,153],[-69,215]],[[75549,51521],[-833,555],[-1551,543],[-116,-42],[-1243,182],[-77,-42],[-228,39],[-162,-71],[-153,34]],[[71186,52719],[-505,-242],[-485,-38],[-1067,-732]],[[69129,51707],[-185,17],[-85,-105]],[[68017,52039],[546,529],[136,411],[409,601],[-187,242],[65,130],[-174,203],[-28,190],[187,211],[-148,152],[0,169],[-964,738],[-422,5],[-679,-114],[-848,338]],[[65910,55844],[-477,96],[-353,176],[-32,103],[78,49],[102,362],[17,407]],[[65245,57037],[-108,222],[21,272],[-166,65],[171,253]],[[65163,57849],[737,380]],[[65900,58229],[211,278],[600,216],[648,533]],[[67359,59256],[1394,-488],[1370,-151],[656,40]],[[61529,68493],[-205,-656],[-538,-1042],[-174,-180],[-106,-395],[6,-258],[204,-532],[208,-168],[-563,-523],[333,-271],[42,-117],[-156,-173],[-27,-308],[291,-229]],[[60844,63641],[-344,58],[-372,-389]],[[60128,63310],[-242,139],[-1100,374],[-828,456]],[[57958,64279],[-1330,369]],[[56628,64648],[-1247,114],[-776,217]],[[54605,64979],[-1178,512],[-407,97]],[[53020,65588],[-4,114],[-530,50],[-182,85]],[[52304,65837],[-44,151]],[[52260,65988],[-212,93],[235,570],[590,683],[395,940],[731,545]],[[53999,68819],[616,223],[1186,286],[1770,305],[448,-105],[485,-31],[1748,-853],[910,-14],[367,-137]],[[53886,89035],[1035,-333],[1155,-551]],[[56076,88151],[-236,-370],[-15,-194],[-562,-688],[373,-119],[-772,-911],[187,-102],[-100,-102],[391,-232],[-69,-72]],[[55273,85361],[627,-252],[-749,-340]],[[55151,84769],[-377,-362]],[[54774,84407],[-430,-136],[-2715,-264]],[[51629,84007],[226,165],[173,255],[-206,500],[-226,209],[-336,84],[-1960,124],[-427,136]],[[48873,85480],[-211,144],[732,687]],[[49394,86311],[-23,124],[-205,115]],[[49166,86550],[9,334],[703,284]],[[52723,88894],[814,-204],[349,345]],[[90002,83613],[1491,-871],[971,-391],[1000,-527],[78,-110],[-19,-469],[138,-383],[507,291],[367,74],[102,165],[351,205],[668,-14],[1076,-577],[389,-135],[1558,-777],[221,46],[346,-112],[753,-516],[-294,-803],[-222,-223],[-285,-158],[-737,-58],[-1105,62],[-1086,166],[-856,391],[-829,254],[-569,395],[-361,163],[-875,8],[-702,-86],[-903,-285],[-813,-444],[-419,-363],[-280,-530],[-45,-237],[-540,85],[-393,163],[-373,239]],[[88312,78251],[133,130],[-1260,804],[139,255],[-2027,733]],[[85297,80173],[271,235],[-926,710]],[[84642,81118],[488,335],[842,205],[621,611],[2,195],[208,228],[-182,36],[42,77]],[[86663,82805],[851,-240]],[[87514,82565],[302,107],[522,-199],[1400,1090],[264,50]],[[60385,46058],[-224,-224],[-1085,398]],[[59076,46232],[-1139,615],[-667,260]],[[57270,47107],[216,340],[906,869]],[[58392,48316],[214,302],[68,392]],[[58674,49010],[480,960],[365,-52]],[[59519,49918],[538,19],[220,84],[595,-45]],[[60872,49976],[302,172],[278,-113]],[[64323,48939],[-39,-187],[187,-202]],[[64735,48451],[-33,-142],[-287,-601]],[[68017,52039],[842,-420]],[[68859,51619],[-350,-523],[51,-636]],[[68560,50460],[713,-518],[161,-194]],[[69434,49748],[621,-377]],[[70055,49371],[-308,-335],[-1201,-932]],[[68546,48104],[-547,320]],[[68061,48500],[-58,30],[-510,192],[-185,-107],[-870,-653]],[[64512,45817],[-1003,541]],[[63509,46358],[195,233],[165,455],[546,662]],[[64415,47708],[320,743]],[[64735,48451],[-264,99]],[[64471,48550],[-163,173],[15,216]],[[64323,48939],[-2693,1172],[-178,-76]],[[61452,50035],[-223,72],[-52,208]],[[61177,50315],[486,383],[587,757],[-33,176]],[[62217,51631],[278,550],[420,382],[199,236],[28,158],[283,244]],[[63425,53201],[1238,-518],[340,-31],[692,-186],[1135,-482],[694,-108],[493,163]],[[49839,90877],[-47,-309]],[[49792,90568],[2018,-950]],[[51810,89618],[280,279]],[[52090,89897],[572,-290],[177,-190],[-116,-523]],[[52723,88894],[-817,-971],[-382,-268],[-591,-278],[-502,179],[-148,-9],[-405,-379]],[[49878,87168],[-654,-251]],[[49224,86917],[-304,135],[-132,-78],[-72,24],[-458,258],[-404,-36],[-655,156],[-923,-130],[-750,55],[-600,-179],[-577,-279],[-99,17]],[[44250,86860],[-669,-374]],[[39922,89033],[827,688]],[[43693,92167],[201,46],[292,276],[835,291],[582,326],[333,-28],[273,322],[4554,-1293],[-604,-781],[-337,-241],[-305,-86],[1,-161],[321,39]],[[17076,74934],[-1103,-1034]],[[15973,73900],[-951,91],[-82,-77],[-552,204],[-532,-27],[-753,184]],[[13103,74275],[-1986,5]],[[13676,76302],[320,407]],[[15780,75597],[1296,-663]],[[14381,79434],[263,73]],[[15829,78142],[901,-398]],[[14523,77462],[-108,-290]],[[12232,77745],[-699,128],[-666,100]],[[8088,78084],[-599,196],[-718,124]],[[4180,77472],[-870,472],[-329,513],[-67,397],[-564,815],[152,91],[0,185],[455,53],[227,95],[-192,884]],[[2992,80977],[181,53],[607,-128],[1900,-181],[1263,-22],[1372,-136],[2131,-506],[1175,-528],[190,132],[557,-71],[51,44],[1209,-431],[330,304],[423,-73]],[[36067,78267],[112,-124]],[[36179,78143],[437,-224],[301,-119]],[[36917,77800],[442,-50],[533,-157]],[[37892,77593],[509,-260],[-31,-52],[152,-164],[569,-352],[-66,-65],[155,-290]],[[39180,76410],[-1090,-1394],[-1345,-1195]],[[36745,73821],[-790,127],[-824,331],[-933,521],[-582,415],[-650,278],[66,76],[-433,209],[63,80],[-1759,844]],[[30903,76702],[63,447]],[[34234,79018],[361,32],[510,-46]],[[13623,96516],[-1346,-1088]],[[7401,99273],[647,0],[2623,-438],[64,47],[238,-49],[80,66],[753,-204],[126,148],[1218,-458],[343,57],[262,-111],[1038,-816],[-423,-435],[-128,-429]],[[17629,81668],[-78,-89],[335,-155],[894,-189]],[[18830,81272],[812,-341],[713,-210]],[[18499,77985],[147,-24]],[[18259,77564],[-1031,100]],[[17143,77592],[-1314,550]],[[15829,78142],[159,171],[-331,216],[112,94],[-254,128],[17,105],[-314,201],[61,112],[-90,116],[-545,222]],[[14644,79507],[404,355]],[[15048,79862],[272,472],[1100,888],[329,431],[115,-15],[262,141],[503,-111]],[[39606,65197],[1027,-708]],[[40633,64489],[55,-149]],[[40688,64340],[-172,-490]],[[40516,63850],[-293,55],[-186,-177],[-291,-3],[-272,-255],[-620,23],[-885,-331]],[[37969,63162],[-1035,-105],[-244,-76]],[[36690,62981],[-126,-197],[-1263,-65],[226,651],[1039,-80],[356,180],[385,325],[60,187],[792,433],[95,156],[583,287],[165,8],[604,331]],[[18693,91447],[760,-203],[65,52]],[[22890,90006],[261,-99]],[[21760,87460],[-1880,726]],[[17212,89352],[-521,119]],[[17528,91095],[431,8],[285,328]],[[6771,78404],[1317,-320]],[[8088,78084],[343,132],[285,-135],[317,49],[654,-211],[871,-20],[309,74]],[[10867,77973],[297,-41],[1068,-187]],[[12232,77745],[465,-177],[201,42],[188,-40],[1329,-398]],[[14415,77172],[-739,-870]],[[13676,76302],[-904,-45],[-778,-244],[-62,-133],[139,-39],[40,-100],[-342,-600],[-301,-312],[-351,-549]],[[11117,74280],[-1349,79]],[[9768,74359],[-125,-104],[-503,129]],[[9140,74384],[-3500,-285],[-1059,176],[-1475,140],[183,683],[-33,196],[211,271],[295,863],[490,838],[-72,206]],[[4180,77472],[1880,629],[386,203],[166,-9],[159,109]],[[43693,92167],[-1056,-771],[-245,-43],[-626,-455],[-177,-249],[-5,-455],[-835,-473]],[[40749,89721],[-1291,-1040],[-121,58],[-156,317],[-1038,-108],[-920,93]],[[35443,94014],[207,-66],[183,-165],[591,-166],[363,211],[1002,-36],[382,118],[608,72],[246,-27],[231,315],[3362,-1555],[864,-524],[211,-24]],[[22053,73746],[503,-240]],[[22556,73506],[-101,-169],[-678,-590],[25,-61],[-302,-341],[-81,-247],[215,-427]],[[21634,71671],[-461,-499],[-486,-37]],[[20687,71135],[-250,121],[-1376,164],[-1337,268],[-592,235],[-774,133],[-409,199]],[[15949,72255],[-796,211]],[[15153,72466],[-167,106],[224,528]],[[15210,73100],[894,965],[972,869]],[[16730,77744],[413,-152]],[[17143,77592],[85,72]],[[17228,77664],[297,-12],[1096,-129],[372,-111]],[[18306,74794],[-1071,171],[-159,-31]],[[17076,74934],[-220,81],[-1076,582]],[[15780,75597],[97,106],[-205,293],[-406,291],[-400,62],[-870,360]],[[13996,76709],[237,200],[290,553]],[[14523,77462],[409,57],[246,131],[326,28],[205,148],[470,-79],[127,34],[221,-110],[203,73]],[[35443,94014],[195,-1092],[308,-218],[221,-313],[-122,-626],[579,-895],[5,-222],[213,-413],[68,-327],[-126,-268],[146,-81],[-434,-201],[727,-317]],[[37223,89041],[-525,-344],[-321,-451]],[[35666,87714],[-576,-622],[-2336,-1509],[-370,-350],[-152,-80]],[[27208,83966],[-231,-157]],[[23048,86755],[-1288,705]],[[21760,87460],[711,1123],[-132,572],[812,752]],[[23151,89907],[548,-119]],[[32776,94705],[564,42],[1130,-530],[973,-203]],[[17067,90969],[-84,-118],[667,-87],[-141,-403],[-382,-337],[-436,-553]],[[16691,89471],[-689,24]],[[15691,89105],[-124,-417],[-974,-631]],[[10833,86964],[-2039,48],[-523,-57]],[[8271,86955],[-600,57],[-142,-71]],[[7529,86941],[-2172,184]],[[5357,87125],[-602,184]],[[4755,87309],[227,152],[59,233],[-260,461],[-135,619],[211,307],[67,1686],[-220,71],[-177,272]],[[4892,91098],[747,-173],[589,130]],[[32776,94705],[-1197,-998],[-974,-234],[-331,-371],[-925,-521],[-367,-324],[-417,-87],[-386,-289],[-228,52],[-146,-254],[-372,-256],[58,-33],[-635,-385],[-55,-150],[315,-98],[-807,-1179],[-258,128],[-241,20],[51,126],[-691,150],[-276,-35],[-8,-121],[-189,9],[-51,-89],[-166,-6],[-259,-307],[-605,249],[83,86]],[[23699,89788],[-809,218]],[[22890,90006],[-380,279],[-26,105],[-808,301],[-96,-51],[-338,77],[-1724,579]],[[19518,91296],[-140,-40],[-685,191]],[[18693,91447],[-156,-5],[0,-51],[-293,40]],[[18244,91431],[3,337]],[[18728,92192],[375,178],[387,531]],[[19474,95029],[-380,327],[633,395],[360,-13],[766,122],[19,61],[679,30],[271,-97],[399,125],[648,46],[-27,147],[1192,-27],[378,140],[495,-6],[1174,146],[651,170],[233,125],[747,81],[389,165],[387,-128],[428,-19],[320,-116],[358,31],[1630,-282],[327,120],[162,130],[105,-118],[-93,-147],[526,-1117],[-210,-278],[110,-128],[22,-201],[603,-8]],[[26869,77613],[-266,-199],[-103,16],[-430,-444]],[[24236,73241],[-734,141],[-548,30],[-508,124],[-393,210]],[[22053,73746],[-129,-69],[-149,-2],[-56,60],[-120,-36],[-176,155],[-1065,296],[-235,145],[-639,226],[-1178,273]],[[18306,74794],[-17,668],[195,1167],[480,620],[29,163]],[[18993,77412],[-734,152]],[[18259,77564],[387,397]],[[18646,77961],[600,-74]],[[27399,78833],[361,193],[172,65],[349,-447]],[[27241,81974],[1868,-596]],[[28492,79813],[-566,-726],[-472,116]],[[24536,80596],[-572,29]],[[26247,83460],[597,298]],[[14173,92160],[-91,-96],[-419,163],[-287,-170],[-266,-307],[-636,97],[-138,-77],[-230,14],[-296,-364],[-835,122],[-62,-110],[-260,4],[-78,-91],[-151,30],[-100,-177],[-1036,-58],[-485,133],[-486,-19],[-55,-60],[-270,114],[-822,62],[-247,-174],[-601,-4],[-94,-137]],[[6228,91055],[-648,-124],[-688,167]],[[4892,91098],[-365,12]],[[4527,91110],[-781,1107],[-728,143],[-673,536]],[[39922,89033],[281,-88],[650,-703],[1529,-1025],[374,-391],[538,-314],[287,-26]],[[43581,86486],[-153,-149],[-310,-648]],[[43118,85689],[-576,-614],[-312,-604],[-242,25],[-104,-217],[-206,-73],[-259,22],[-336,-165],[-439,43],[-258,-107],[-335,-36],[-392,-358],[-454,-79],[-288,-120],[-222,-277]],[[38695,83129],[-156,7],[-69,96],[-183,-12],[-378,-142],[-380,-243]],[[32232,85153],[522,430],[2427,1581],[485,550]],[[35666,87714],[711,532]],[[36377,88246],[208,333],[360,312],[278,150]],[[37223,89041],[1107,-92],[825,111],[277,-383],[490,356]],[[26977,83809],[-730,-349]],[[26247,83460],[-185,-1],[-178,-259],[-787,-47],[-272,-487],[-32,-332],[-146,-219],[70,-112],[-113,-73],[329,-124],[-851,-861],[-118,-320]],[[23964,80625],[-577,61]],[[20957,80624],[-777,117],[-1350,531]],[[18830,81272],[-50,-37]],[[18780,81235],[-731,149],[-498,195],[331,474]],[[17882,82053],[-2,194]],[[17880,82247],[297,559]],[[17923,82846],[116,156],[339,431]],[[19115,84194],[211,205],[1277,1056],[239,294]],[[21924,87376],[1124,-621]],[[23048,86755],[231,-320],[158,-662],[1182,-447],[851,-448],[355,-216],[834,-702],[318,-151]],[[30134,77116],[-370,-417],[-302,-208],[110,-76],[-316,-265],[-876,-1142],[134,-103],[-293,-442],[175,-80],[-167,-818],[118,-31],[-85,-121],[122,-34],[-67,-131],[227,-140],[-127,-176],[174,-41],[-242,-303]],[[28349,72588],[-286,-38],[-644,-400]],[[27419,72150],[-621,225],[-452,348],[-378,122],[-1216,-24],[142,236],[-658,184]],[[24236,73241],[299,518],[-410,145],[-84,-76],[-343,165],[260,377],[155,89],[-220,116],[225,175],[-65,195],[1007,1243],[1010,798]],[[26070,76986],[351,383],[264,88],[184,156]],[[26869,77613],[142,5],[1270,1026]],[[28281,78644],[508,-583],[804,-394]],[[23387,80686],[1149,-90]],[[24536,80596],[686,-244],[61,79],[1003,-221],[-47,-107],[1374,-303],[-248,-214],[80,-26],[-37,-93],[112,-35],[-129,-163],[63,-66]],[[27454,79203],[469,-115],[-524,-255]],[[27399,78833],[-5,-268],[-1433,-982],[-330,206],[-585,120],[-389,-299],[-427,96],[-1971,109],[-329,-314],[-513,104],[-564,-15],[-270,74],[4,50],[-537,76],[-158,15],[-268,-82],[-378,164]],[[19246,77887],[-747,98]],[[18499,77985],[-23,452],[238,261],[-50,23],[98,168],[494,278],[628,726],[471,828]],[[20355,80721],[602,-97]],[[20957,80624],[377,-157],[2053,219]],[[16002,89495],[872,-31],[338,-112]],[[17212,89352],[1876,-710],[792,-456]],[[19880,88186],[2044,-810]],[[21924,87376],[-712,-665],[-207,-44],[-122,-330],[-41,-588]],[[20842,85749],[-224,-245]],[[16736,87586],[-328,-224],[-289,121]],[[15419,88547],[206,216],[66,342]],[[15691,89105],[311,390]],[[37529,82835],[-808,-1507],[-175,-141],[79,-64],[1029,-188]],[[37654,80935],[-186,-532],[213,-64],[-2,-224],[-260,-337],[-761,-597],[-568,-738],[66,-34],[-89,-142]],[[36067,78267],[-784,307],[8,86],[-138,92],[-48,252]],[[35105,79004],[-871,14]],[[34234,79018],[-457,-349],[-133,72],[-1170,-284],[-376,29],[-92,-52],[-350,-786],[-428,46],[-262,-545]],[[30966,77149],[-14,-207]],[[30952,76942],[-530,66],[-288,108]],[[30134,77116],[-541,551]],[[29593,77667],[-860,441],[-804,982],[563,723]],[[28492,79813],[426,315],[-108,383],[299,867]],[[29109,81378],[560,-153],[548,177]],[[31679,82585],[281,205],[311,435]],[[32627,83461],[362,431],[173,132]],[[33162,84024],[569,49],[1946,-621],[1536,-374],[316,-243]],[[32232,85153],[67,-95],[-95,-187],[53,-243],[-127,-139],[1032,-465]],[[33162,84024],[-535,-563]],[[32627,83461],[-356,-236]],[[32271,83225],[-365,-489],[-227,-151]],[[31679,82585],[-239,-652],[-668,-520],[-398,130],[-157,-141]],[[30217,81402],[-618,-175],[-2358,747]],[[27241,81974],[-123,342],[539,665],[-390,142],[-34,286],[-389,349]],[[26844,83758],[364,208]],[[27208,83966],[436,493],[168,-9],[699,566],[558,-92],[1460,-53],[545,147],[421,290],[288,10],[449,-165]],[[7401,99273],[-381,-875],[19,-389],[-72,-246],[-242,-338],[-59,-410],[273,-83],[177,-168],[-27,-253],[457,-184],[54,94],[361,-190],[1238,-217],[811,-228],[111,185],[274,166],[1327,-568],[555,-141]],[[12277,95428],[-229,-271],[-905,-1938]],[[11143,93219],[-378,-325],[-220,118],[-344,71],[-50,-175],[-542,195],[-880,145],[75,-127],[-1184,127],[-327,-159],[-623,-3],[-567,68],[-469,180],[-180,-71],[-436,160],[-466,11],[-556,-106],[-861,-291],[-790,-141]],[[2345,92896],[-87,156],[133,161],[-404,670],[130,533],[526,343],[141,378],[551,736],[306,683],[5,597],[1197,919],[272,868],[-155,70],[199,330],[180,132],[372,527],[1690,-726]],[[16119,87483],[301,-117],[316,220]],[[16736,87586],[474,-103],[1587,-798],[300,-395],[-25,-510],[664,-270],[175,203],[707,-209]],[[20618,85504],[-1503,-1310]],[[19115,84194],[-203,-398],[-250,-112],[-284,-251]],[[18378,83433],[-455,-587]],[[17923,82846],[254,-40]],[[18177,82806],[-112,-234]],[[18065,82572],[-1247,392],[-2827,496],[-1257,503],[3,131],[-612,230],[-27,176],[-947,434],[-6,57],[-203,47],[23,83],[-323,162],[59,91],[-347,150],[133,1292]],[[10487,86816],[-589,64],[0,94],[935,-10]],[[10833,86964],[1118,594],[172,-37],[43,123],[2052,-272],[375,685]],[[14593,88057],[826,490]],[[15419,88547],[764,-278],[-304,-232],[266,-82],[-3,-92],[213,-58],[-236,-322]],[[19474,95029],[-124,-246],[26,-287],[-253,-585],[435,-225],[-83,-479],[124,-21],[-109,-285]],[[19490,92901],[-275,-434],[-237,-176],[-250,-99]],[[18728,92192],[-307,63],[-170,-70],[-128,-241],[124,-176]],[[18247,91768],[-6,-381],[-213,-251],[-127,-50],[-373,9]],[[17528,91095],[-252,-141],[-209,15]],[[17067,90969],[-716,394],[-2178,797]],[[14173,92160],[-761,384],[-1697,665],[-28,-127],[-544,137]],[[11143,93219],[959,2026],[1226,1074],[295,197]],[[13623,96516],[619,135]],[[14242,96651],[814,-264],[239,19],[2472,-751],[113,-18],[144,121],[1246,-316],[-174,-140],[378,-273]],[[52276,7257],[-754,-729]],[[38197,24386],[-91,-194]],[[37865,22573],[-1776,-2041]],[[34378,24000],[66,190],[444,514],[45,181]],[[43476,25890],[1537,-492],[73,123]],[[45086,25521],[1012,-355],[585,-260]],[[48487,19934],[-404,-149],[-576,-46],[-1550,425],[-614,38],[-38,86],[-2839,818],[-403,-34],[-387,311],[-178,322],[-257,203]],[[42382,25116],[1094,774]],[[64710,5719],[-377,-27]],[[63465,3096],[82,-169],[70,-308]],[[63710,1800],[-360,102],[-457,-73],[-714,-9],[-627,315],[208,211],[-992,419],[60,361],[-112,176],[134,114],[-200,207],[480,337],[-613,542],[-1136,778]],[[61693,7273],[1047,-638],[291,78]],[[63031,6713],[788,639]],[[56387,6491],[1728,-862],[-186,-434],[-1214,-1571],[-139,63],[-306,-180],[-799,267],[-870,398],[-2095,425],[-835,289]],[[50917,5945],[47,126],[284,380]],[[51248,6451],[274,77]],[[51522,6528],[1445,1332]],[[52967,7860],[370,-88],[78,123],[1506,-494],[271,-205],[-65,-213],[170,-119],[757,-321],[333,-52]],[[47116,13270],[182,-103]],[[42745,10047],[-2558,1017]],[[40768,12351],[182,195],[205,-17],[497,129],[287,441],[311,200],[356,55],[1186,446],[337,-9],[153,179],[353,-41],[1418,-440],[1063,-219]],[[23626,11728],[-780,709],[53,938],[95,241]],[[22994,13616],[503,11],[158,82],[243,-2],[272,266],[802,199],[551,443]],[[49697,17752],[319,-404]],[[47651,13502],[-1100,890]],[[46551,14392],[670,989],[469,1193],[109,445],[9,733],[1889,0]],[[47973,13307],[902,-626]],[[43356,9742],[-611,305]],[[42745,10047],[1433,628],[268,-74],[161,82],[436,417],[467,759],[557,669],[170,-56],[156,85],[194,-16],[23,267],[688,359]],[[47298,13167],[427,-95]],[[47725,13072],[248,235]],[[72600,3895],[166,-452],[428,-664],[103,-539],[214,-361],[84,-768],[-1251,-513],[-760,-12],[-558,-276],[-343,-310],[-1491,549],[-188,-15],[-695,194],[-1210,44],[-592,179],[-192,-76],[-1044,268],[-814,244],[-747,413]],[[72338,14064],[1894,-521],[466,-201],[408,-330],[-155,-108],[487,-264],[344,-417],[-492,-617],[-1084,-145],[-276,206],[-1154,-360],[-59,-429],[-132,-191],[-3255,-746]],[[64059,11157],[-395,204]],[[63664,11361],[-178,512]],[[63894,11783],[422,427],[345,576]],[[64657,13104],[179,334],[652,924],[773,-602]],[[51248,6451],[-331,-506]],[[50917,5945],[754,-1059]],[[51671,4886],[-562,-660],[-533,-443],[-121,-220],[-1088,28],[-349,-81],[-455,20],[-855,-271],[-1283,-578],[-591,466],[47,129],[-540,305],[84,75],[-631,273],[191,114],[-749,625],[492,784],[95,227],[-104,56],[404,462]],[[47037,7487],[337,-9],[826,-157],[988,-249],[353,-192],[43,101],[603,-189],[124,114],[937,-455]],[[47652,9257],[-86,-381],[-254,-202],[-90,-213],[120,-99],[-305,-875]],[[47037,7487],[-295,-222],[-285,-862],[-659,198],[-443,-389],[-232,-15]],[[45123,6197],[-2175,887],[236,434],[-9,302],[177,722],[6,142],[-129,44],[-43,411],[77,473],[93,130]],[[43356,9742],[722,205],[224,6],[79,-60],[828,-45],[1015,-322],[600,-64],[828,-205]],[[38850,29586],[1729,-171]],[[40579,29415],[606,-273],[598,-28]],[[41783,29114],[-149,-458],[121,-127],[-461,-1106]],[[41294,27423],[136,-297],[-17,-762]],[[41413,26364],[-137,-362]],[[41276,26002],[-283,-331],[-168,-25]],[[38486,24788],[-289,-402]],[[38197,24386],[-1462,535],[-186,-73],[-493,81],[-248,-238],[-275,116],[-600,78]],[[34933,24885],[494,729]],[[35793,27672],[1407,-25]],[[37200,27647],[192,67],[237,575],[260,363]],[[37889,28652],[961,934]],[[32902,15574],[397,-121]],[[33299,15453],[630,-43]],[[33929,15410],[1403,-318],[248,-80]],[[35580,15012],[388,-500],[49,-251],[-301,-511]],[[35716,13750],[401,-108],[1042,-647]],[[37159,12995],[1067,-350],[546,-141]],[[38772,12504],[138,-15],[74,82],[1784,-220]],[[40768,12351],[-378,-1024],[-203,-263]],[[40187,11064],[-928,134],[-1092,-27],[-282,-145],[-381,-56],[-1261,7]],[[36243,10977],[-169,114],[40,178],[174,143]],[[36288,11412],[-27,392],[-203,113],[-461,50]],[[35597,11967],[-582,-1],[-442,-408],[-284,-42],[-144,-127],[-239,-51]],[[33375,12013],[395,118],[207,234],[1413,850],[100,423],[226,112]],[[35793,27672],[-325,-321],[-83,-470],[64,-177],[339,-222],[58,-139],[-105,-326],[-368,-330],[54,-73]],[[35427,25614],[-1049,-1614]],[[34378,24000],[46,-649],[109,-221],[431,-387],[58,-231],[-42,-624],[284,-106],[-238,-559],[241,-36],[-67,-136],[889,-519]],[[36089,20532],[-596,-387]],[[25732,21429],[22,943],[122,201],[692,302],[519,386],[108,180],[-69,950],[464,657],[106,344],[-107,476]],[[27589,25868],[2114,-83],[295,50],[22,115],[199,-34],[28,161],[1224,145],[368,251],[920,314]],[[32759,26787],[190,125],[138,143]],[[33087,27055],[146,587]],[[33233,27642],[472,591],[672,-82]],[[34377,28151],[1096,-421]],[[35473,27730],[320,-58]],[[59446,15688],[-525,496]],[[59628,17508],[1339,226]],[[62409,17844],[201,124],[2538,-912]],[[65240,14613],[248,-251],[-831,-1258]],[[64657,13104],[4,-318]],[[64661,12786],[-120,-252],[-647,-751]],[[63894,11783],[-408,90]],[[63486,11873],[-1922,939],[-1914,836]],[[61433,14621],[325,3],[695,323],[555,373]],[[72616,18927],[420,-253],[1084,-1277],[-519,-768],[-278,-280],[-55,-222],[144,-385],[-457,-597],[-393,-352],[121,-281],[-345,-448]],[[72338,14064],[-633,-186],[-627,170],[-693,101],[-1483,-98],[-1682,421],[-959,-712]],[[66261,13760],[-1021,853]],[[66094,15112],[1048,1151],[344,618],[-274,196]],[[53611,25028],[2288,-986],[-361,-226]],[[54695,22632],[-164,-371]],[[51015,22817],[-118,185],[-814,630]],[[50083,23632],[728,600],[364,436],[196,452],[235,193]],[[52413,25287],[795,-45],[33,-135]],[[65240,14613],[-204,-15],[-442,126],[-503,249],[-1083,347]],[[63008,15320],[993,806],[-90,99],[1034,594],[203,237]],[[65148,17056],[-185,75]],[[66052,17459],[465,-24],[331,-128],[638,-426],[-75,-223],[-742,-967],[-575,-579]],[[66094,15112],[-854,-499]],[[35493,20145],[-312,-309],[-701,-446],[-621,-239]],[[33859,19151],[-251,32],[-559,-438],[-842,-13]],[[25393,18626],[-483,300],[-68,183],[92,243],[-70,124],[80,25],[-95,83]],[[24849,19584],[1066,462],[90,197],[-273,1186]],[[25732,21429],[162,60],[416,16],[530,-95],[105,77],[1483,311],[57,170],[793,-172],[1061,-34],[916,-269],[907,-157],[629,-340],[545,39],[957,-406],[376,-92],[456,-223],[3,-87],[365,-82]],[[58575,16488],[88,-234],[258,-70]],[[58921,16184],[303,-225],[222,-271]],[[59446,15688],[1615,-730],[372,-337]],[[61433,14621],[-1247,-632],[-536,-341]],[[59650,13648],[-402,-37],[-410,-146],[-391,-50],[-706,40],[-1284,255],[-356,137],[-140,-111],[-257,55],[-178,146],[-1002,-986],[-640,-448],[-396,-420],[-436,88],[-194,-189],[-437,-63]],[[48708,12814],[-1057,688]],[[47651,13502],[1374,1502],[209,321],[1206,494]],[[51531,10101],[-148,-320]],[[51383,9781],[691,-574],[939,-1176],[-46,-171]],[[52967,7860],[-691,-603]],[[52276,7257],[-802,525],[-390,390],[-815,454],[-464,165],[-439,-6],[-1243,433],[-471,39]],[[47652,9257],[1181,927],[309,278],[-141,101],[574,422]],[[32033,13631],[411,-237],[319,-95],[881,-588],[-316,-338],[-123,-323],[170,-37]],[[33375,12013],[199,-158],[-8,-245],[340,-272]],[[33906,11338],[0,-235]],[[33906,11103],[-393,-490],[-816,-692],[-92,-172],[-405,-259],[3,-115],[-253,-52],[30,-311],[-456,-190],[-412,111]],[[25780,12706],[184,335],[105,56],[72,-54],[380,-13],[1220,134]],[[52421,11919],[-114,-461]],[[52307,11458],[-776,-1357]],[[51531,10101],[-379,227],[-1022,380],[-555,277]],[[49575,10985],[-240,354],[-867,623],[406,596],[1,123]],[[48875,12681],[-167,133]],[[48708,12814],[577,338],[1638,-659],[70,65],[310,-141],[138,8],[980,-506]],[[65740,8243],[2044,-150]],[[71735,6438],[-309,-447],[-967,-803]],[[65451,5661],[-741,58]],[[64710,5719],[41,142],[-932,1491]],[[63819,7352],[840,760]],[[70459,5188],[173,-136],[2091,-998],[-123,-159]],[[72600,3895],[-622,-104],[-603,35],[-461,-125],[-1024,-53],[-416,69],[-408,175],[-389,-127],[453,-326],[-1487,-454],[-1567,-334],[-2366,-851]],[[63710,1800],[-27,312],[-214,344],[148,163]],[[63617,2619],[-152,477]],[[63465,3096],[-613,369],[-785,322],[-603,354],[1827,886],[1042,665]],[[64333,5692],[1118,-31]],[[65451,5661],[284,-97],[1325,74],[1340,-84],[538,83],[333,-41],[1188,-408]],[[57261,20672],[1740,413],[539,-453]],[[58810,17634],[818,-126]],[[59628,17508],[-244,-169],[-305,-396],[-504,-455]],[[58575,16488],[-301,164],[-207,-99],[-240,7],[-290,-222],[-144,36],[-750,-336],[-247,51],[-825,-431],[-103,57],[-773,-620],[-175,46],[-127,-188],[-977,400],[-1130,215],[-49,-88],[-530,158],[-176,-118],[-827,353],[-78,-123],[-186,69]],[[50440,15819],[-71,491],[-337,678],[-16,360]],[[50016,17348],[-538,723]],[[49478,18071],[-176,924],[-283,765],[-532,174]],[[48487,19934],[589,454],[192,67]],[[54409,22073],[123,191],[766,-830],[832,-502]],[[54531,22261],[-122,-188]],[[54409,22073],[20,-180],[-113,-304],[-386,-422],[-17,-464],[-301,-846],[-217,-269],[-153,1],[-92,-149],[-133,8],[-191,-115],[-2232,527],[-559,231],[-178,-31],[-589,395]],[[49268,20455],[192,423],[1243,1112],[255,341],[-240,183],[297,303]],[[51015,22817],[1112,61],[829,-215],[145,89],[381,-102],[525,-309],[524,-80]],[[31619,16449],[163,-152],[494,-107],[329,-247]],[[32605,15943],[-22,-280]],[[32583,15663],[319,-89]],[[32902,15574],[-692,-391],[-457,-424],[-17,-766],[304,-240],[-7,-122]],[[32033,13631],[-424,20],[-140,114],[-601,-13],[-1051,-143],[-753,95],[-1323,-540]],[[27741,13164],[-97,330],[-325,370],[-1116,357],[-258,202],[-422,192]],[[25523,14615],[77,168],[284,151],[10,198],[-108,157],[263,44],[-13,159],[175,51],[-123,253],[72,84],[416,120],[247,145],[-613,356],[135,443],[-177,133],[-381,27],[-284,131],[60,172],[-412,281],[-123,227],[-243,116],[-13,151],[621,444]],[[25393,18626],[1758,-576],[207,3],[277,346],[223,-3],[169,143],[542,58],[521,-45],[311,87],[820,-115],[245,66],[1312,-179],[207,241],[222,80]],[[32207,18732],[-82,-157],[197,-423],[-239,-366],[-205,-131],[73,-224],[-102,-326],[155,-224],[-385,-432]],[[71735,6438],[-679,335],[53,97],[-388,192],[-221,383],[105,104],[-494,120],[-368,205],[8,70],[-287,26],[-717,259]],[[69330,9941],[1646,-1296],[1593,-23],[-567,-351],[1459,-1169],[-508,-257],[-1008,-276],[-210,-131]],[[69330,9941],[-583,-1712]],[[68747,8229],[-324,-88],[-181,64],[-458,-112]],[[67784,8093],[-687,92],[-1357,58]],[[65740,8243],[-361,-39],[-65,-67],[-655,-25]],[[64659,8112],[-1912,1144],[159,826]],[[62906,10082],[1049,1109]],[[63955,11191],[104,-34]],[[64059,11157],[559,64],[657,-127],[1094,-39],[463,54],[497,-59],[1374,-707],[627,-402]],[[25780,12706],[352,-37],[750,-401],[518,-74],[82,-105],[939,-249],[998,-140],[367,121],[-103,-674],[435,-857],[3,-771],[588,-76],[162,-317],[241,-193]],[[31112,8933],[-1775,100],[-212,-75],[-1767,-173],[-751,33],[-371,131],[-174,153],[108,489],[-812,660],[266,196],[-1335,536],[-663,745]],[[23626,11728],[355,785],[327,333],[249,87],[400,-115],[68,53],[116,-32],[60,81],[448,-111],[131,-103]],[[40825,25646],[169,26],[333,-335],[1055,-221]],[[42382,25116],[159,-131],[-253,-572],[168,-152],[-204,-164],[73,-385],[-513,-1106],[-228,-375],[-343,-323]],[[41241,21908],[-873,144],[-1266,325],[-286,3],[-660,185],[-291,8]],[[37865,22573],[119,294],[-293,204],[673,870],[-207,84],[-51,167]],[[38106,24192],[380,596]],[[38486,24788],[620,461],[484,527],[188,31],[690,-188],[192,83],[165,-56]],[[59030,8503],[982,-655],[1681,-575]],[[61693,7273],[-1140,-1140],[-250,-173],[-287,-66],[-307,-226],[-328,-388]],[[59381,5280],[-1266,349],[-1041,507]],[[57074,6136],[166,253],[-4,218],[174,234],[-70,208],[136,228],[-41,440],[278,515],[179,171],[445,231],[693,-131]],[[90610,34908],[-826,-424],[-1067,-749],[-259,-253],[-135,-265],[-1627,320]],[[79503,34535],[-972,398]],[[77086,35578],[456,687],[417,397],[938,1238]],[[80286,38993],[804,-386],[536,-168],[101,59],[824,-216],[156,76],[611,-295]],[[86696,33537],[1988,-435],[821,-129],[475,-162],[327,-196],[124,-21],[363,168],[38,-253],[-292,-174],[-1734,-631],[-1207,110]],[[81069,33926],[-1566,609]],[[79503,34535],[413,227],[724,571],[-45,138],[513,289],[2011,-624],[691,-384],[163,21],[220,-193],[403,17],[473,-98],[-54,-68],[389,-195],[199,-4],[252,-399],[216,-49],[361,-291],[264,44]],[[74353,45525],[825,-401]],[[75520,43297],[-138,-10],[-184,-126],[-369,-318]],[[70490,44381],[242,-115],[98,31],[311,656],[345,381]],[[72183,45888],[105,241]],[[72288,46129],[986,-359],[1079,-245]],[[54940,40861],[1691,-475]],[[55071,37512],[-1617,84]],[[53454,37596],[-587,-194],[-831,90],[-1389,282],[-128,-136]],[[50519,37638],[-2002,771]],[[48517,38409],[466,501],[24,213],[671,799],[-102,159],[-190,11],[-31,179],[-300,142],[-90,188]],[[48965,40601],[782,582],[1593,746]],[[48828,29421],[-1335,569]],[[47493,29990],[-356,276],[-403,137],[-738,422]],[[45996,30825],[1210,699],[319,258],[205,-17],[125,108],[153,-11],[522,639]],[[48530,32501],[347,197]],[[59228,44926],[-201,-76],[-592,-696],[62,-104],[-459,-546],[258,-183],[-603,-508],[-415,-497],[-277,51],[-490,-555],[-1124,-1039]],[[55387,40773],[-447,88]],[[54940,40861],[-177,-67],[-345,269],[-785,268],[-836,234],[-285,-29],[-524,254],[-648,139]],[[51340,41929],[864,511],[-4,116],[149,143],[164,-23],[310,241],[134,304],[-239,107],[200,114],[-205,104],[0,127],[-219,100],[8,154],[-220,90],[169,272],[-223,32],[-111,103],[188,237],[-40,102],[218,9],[260,180],[78,-11],[477,463]],[[53298,45404],[1559,-437]],[[54857,44967],[938,-136],[70,90],[719,-30],[573,-173],[566,454],[454,-138],[194,163],[857,-271]],[[82571,42347],[-280,-737]],[[82305,40942],[-470,-719],[-314,-277],[-1311,-92]],[[78748,40383],[-301,167],[-533,213]],[[77432,40838],[-2011,597],[-261,161],[-820,273]],[[74370,42391],[287,164],[172,288]],[[74829,42843],[577,451],[1120,-338]],[[71996,19086],[-814,-509],[24,-141],[-809,-634],[-354,-94],[-1135,26],[-833,-132],[-863,-525]],[[67212,17077],[-364,230],[-541,155],[-255,-3]],[[66052,17459],[-267,-122],[-822,-206]],[[64963,17131],[-1175,372],[-1173,463]],[[60211,35685],[323,-22]],[[58685,31933],[-429,-353],[-571,-354]],[[54117,31615],[-1189,95],[-431,66]],[[50990,32266],[-324,253],[-523,64],[-798,10],[-213,-47],[-255,152]],[[48877,32698],[191,434],[495,700],[123,494],[-132,474],[-250,167],[165,108],[350,593],[74,266],[848,277],[468,52],[67,162],[917,255],[283,296],[209,-7],[88,139],[291,36],[1,112],[215,6],[7,110],[184,-14],[111,217]],[[53582,37575],[1489,-63]],[[55071,37512],[217,-68],[826,48]],[[71777,31726],[-450,-500]],[[71390,30824],[-525,-401],[-117,-14],[-478,-440]],[[66374,29898],[646,638]],[[67360,25747],[106,-121],[237,-62],[32,-70]],[[68783,25313],[-248,-273]],[[67285,21881],[-424,-163],[-726,-481],[-228,-234],[-408,-198],[-316,141],[-499,113]],[[63293,22519],[-1376,405],[-1835,203]],[[59005,21080],[-1744,-408]],[[57261,20672],[-342,-1],[-789,261]],[[56130,20932],[-342,163],[-689,487],[-421,581],[-151,104],[168,365]],[[54695,22632],[-202,98],[1045,1086]],[[55538,23816],[356,224],[741,-243]],[[58642,26210],[1531,739]],[[60173,26949],[252,-55],[469,201],[312,-15],[136,50]],[[87257,31804],[1549,-100],[-143,-545],[63,-234],[133,-371],[441,-404],[101,-522],[-89,-88],[-1277,-536],[-313,-489],[-905,199],[-1433,74],[-1410,193],[-263,-444],[-698,105]],[[81821,29649],[-2721,644],[-239,148],[-852,302]],[[77562,30822],[-1001,323],[-514,290]],[[73541,31708],[-451,200]],[[83013,28642],[-14,-570],[-170,-320],[671,-397],[-685,-523],[-717,-117]],[[75651,29586],[512,517],[432,764],[64,266],[903,-311]],[[77562,30822],[447,-79]],[[78009,30743],[1364,-530],[2448,-564]],[[81821,29649],[162,66],[325,-286],[156,73],[258,-241],[114,-411],[177,-208]],[[58339,37277],[-2225,215]],[[56114,37492],[-464,1165],[930,1387],[51,342]],[[56631,40386],[421,117],[1235,50],[1434,-250]],[[78531,34933],[2538,-1007]],[[81069,33926],[865,-202],[633,-2],[371,-96],[319,-247],[507,-213],[275,16],[1331,-435],[1167,-240],[1196,-366],[-134,-327]],[[87599,31814],[-342,-10]],[[87257,31804],[-499,130],[-548,42],[-3,-91],[-214,-28],[-293,77],[-23,-90],[-1771,469],[-137,-44],[-941,398],[-458,88],[-217,-96],[-353,202],[-2982,982],[-1067,145],[-1236,346],[-271,154]],[[76692,35095],[394,483]],[[77086,35578],[282,-25],[1163,-620]],[[90440,39440],[-608,-908],[32,-578],[116,-330],[333,-375],[318,-209],[1105,-396],[428,-342],[-73,-300],[-233,-234],[-1248,-860]],[[90610,34908],[-726,440],[-738,259],[-90,118],[-372,134],[-226,36],[-339,-100],[-298,48],[-594,205],[-1662,399],[-666,417],[-260,-13],[-1205,299],[-116,913]],[[83318,38063],[1288,359],[1383,794],[759,616]],[[86748,39832],[465,-165]],[[64507,40922],[570,-270]],[[66694,40613],[762,-367],[303,-35],[589,-237]],[[67405,37284],[-368,-676]],[[66464,35929],[-685,-151]],[[60845,35667],[-634,18]],[[60211,35685],[-418,143],[-263,238],[-1431,848],[240,363]],[[58339,37277],[1286,909],[665,851],[-569,1266]],[[59721,40303],[579,283],[-49,96],[155,115],[281,-7],[373,381],[500,347]],[[77496,21076],[298,-254],[-681,-985],[-898,-213],[-1668,-231],[-389,-146],[-94,63],[-595,-84],[-724,126],[-129,-425]],[[72616,18927],[-620,159]],[[71996,19086],[-125,205],[-318,215],[23,109],[-119,31],[-222,248],[62,175],[-210,4],[-56,163],[221,135],[-81,147],[146,69],[-13,106],[129,139],[-459,153],[-918,452],[-409,21],[-927,-94],[-1435,517]],[[67285,21881],[503,430],[241,485],[-59,977],[611,760],[64,245],[-110,262]],[[68535,25040],[617,580]],[[50990,32266],[526,-148],[275,16],[706,-358]],[[52497,31776],[964,-124],[656,-37]],[[54117,31615],[170,111],[706,-30],[247,273],[1564,-335],[881,-408]],[[57755,29557],[-590,-274],[-346,-390],[82,-163],[-375,-268],[-1,-306],[138,-169],[191,-94],[-169,-468],[221,-71],[-147,-385],[352,-320],[833,501],[643,217],[434,-348],[118,-9],[464,-309]],[[59603,26701],[-961,-491]],[[58642,26210],[-365,-271],[-123,-519],[-637,-735],[126,-104],[-410,-455],[-97,-336],[-391,95],[-110,-88]],[[56635,23797],[-733,239],[-2291,992]],[[53611,25028],[-370,79]],[[53241,25107],[-35,141],[-793,39]],[[52413,25287],[-239,-202],[-568,228]],[[51606,25313],[-236,-197]],[[48141,26808],[983,1096],[136,69],[579,975]],[[49839,28948],[-1011,473]],[[48828,29421],[1113,888],[-176,62],[931,812],[439,530],[-176,65],[31,488]],[[63509,46358],[1088,-580],[491,-140],[152,54],[471,-152]],[[66201,45570],[1095,-379],[228,-245],[437,-165],[634,-439],[-945,-869]],[[67403,42724],[-67,-142],[-505,-552]],[[64874,40791],[-367,131]],[[64507,40922],[-300,-45],[-332,147],[-1074,196],[-295,135],[-121,-62],[-825,225]],[[61560,41518],[-48,764],[-135,256],[-182,91],[-37,218],[-429,677],[9,161],[-1031,575],[22,314],[-501,352]],[[59228,44926],[145,325]],[[59373,45251],[450,470],[182,172],[190,-48],[190,213]],[[60385,46058],[586,-202],[496,-13],[937,250],[796,338],[309,-73]],[[72425,32123],[1116,-415]],[[73541,31708],[1230,-317],[275,48],[371,213],[630,-217]],[[76047,31435],[612,-302],[-233,-602],[-500,-723],[-275,-222]],[[71720,25827],[-600,259],[-230,191],[-549,-97]],[[71064,30625],[326,199]],[[71390,30824],[-159,188],[125,79],[-29,135]],[[71327,31226],[604,666]],[[70086,44142],[731,-502],[965,-380],[-28,-86],[292,-173],[933,-172],[443,7],[658,-465],[290,20]],[[74370,42391],[28,-71],[-202,-256],[144,-195]],[[72280,40476],[-252,45],[-1131,563],[-988,-121],[-849,871],[-543,383],[-344,237],[-770,270]],[[67403,42724],[-48,204],[138,149],[157,396]],[[67650,43473],[795,771],[105,19],[22,137],[427,-144],[373,-49],[123,43],[591,-108]],[[71064,30625],[514,-194],[42,126],[281,-18],[122,-223],[288,-154],[328,-45],[740,-236],[-17,-103],[-476,-488],[-1836,-1500],[-860,-994],[-364,-139],[515,-477]],[[70341,26180],[-372,-203],[200,-197],[-435,-166],[-125,95],[-181,-86],[-276,-3]],[[69152,25620],[-369,-307]],[[68783,25313],[-559,-90],[-150,223],[-339,48]],[[67735,25494],[-375,253]],[[67360,25747],[138,169],[-281,524]],[[69756,29030],[-57,212],[617,583],[-46,144]],[[70270,29969],[794,656]],[[80843,43645],[2117,-324]],[[82616,42572],[-45,-225]],[[82571,42347],[-168,-15],[-140,-111],[-1197,28],[-917,253],[-240,-15],[-327,-168],[-340,-287],[-819,-144],[-543,64],[-59,99],[-400,28],[-862,459],[-33,418]],[[76526,42956],[-1006,341]],[[75520,43297],[73,174],[683,602],[-396,214],[-2,261],[-85,107],[-615,469]],[[75178,45124],[-280,124]],[[74898,45248],[406,292],[860,885],[497,364],[263,78]],[[76924,46867],[250,305],[2588,-706]],[[86885,46865],[-993,-132],[-91,-145],[68,-130],[1550,-1161],[10,-117],[-310,-536],[150,-431],[-538,-83]],[[82817,43511],[-26,-175],[-135,-6],[-1813,315]],[[80843,43645],[-1997,909],[577,628],[-24,186],[141,519],[146,260],[-44,163],[120,156]],[[79762,46466],[154,60],[156,29],[327,-148],[125,27],[1022,-363]],[[81546,46071],[2303,-345],[1153,566],[305,239],[164,347],[174,-15],[84,151],[153,82],[1003,-231]],[[75651,29586],[382,-124],[37,-215],[968,-433],[184,2],[1037,-520],[554,15],[808,-297],[1188,-267],[359,-228],[930,-804]],[[82098,26715],[-905,-1561],[-177,-233],[-560,-415],[-223,-256],[-518,-1328],[224,-142],[-734,-604],[126,-123],[-1306,-379],[-529,-598]],[[77496,21076],[-344,135],[-16,192],[-198,143],[-1147,289],[-222,-109],[-169,18],[-695,371],[-153,339],[-302,370],[27,112],[-415,565],[-3,119],[-207,100],[63,91],[-765,840],[-449,323],[-145,243],[-188,139],[-134,407],[-314,64]],[[71720,25827],[88,132],[427,76],[117,214],[381,65],[199,186],[534,231],[190,-1],[114,114],[163,11],[379,323],[-167,111],[352,705],[-190,56],[338,676],[-361,269],[1009,796],[358,-205]],[[69975,32898],[-402,-419],[-987,-819],[-881,-615],[-194,-12],[-273,-460],[-218,-37]],[[67020,30536],[-210,-186]],[[68412,33915],[690,-365]],[[60082,23127],[1138,-112],[697,-91],[942,-253],[434,-152]],[[63293,22519],[1136,-1286],[268,-68],[-13,-106]],[[64684,21059],[-1872,-1434],[-123,-165],[331,-416],[-199,-349],[-206,-729]],[[62615,17966],[-206,-122]],[[62409,17844],[-455,-131],[-497,39],[-335,-68],[-155,50]],[[60967,17734],[-1356,-229],[-801,129]],[[58810,17634],[23,261],[-446,52],[-35,141],[115,272],[652,902],[1082,966],[-661,404]],[[59540,20632],[-535,448]],[[59005,21080],[196,243],[-34,125],[424,522],[-746,1191],[1237,-34]],[[68130,34124],[282,-209]],[[68412,33915],[-752,-481],[-199,-9],[-559,-302],[-999,-67],[-816,-1083],[209,-181],[-178,-179],[652,-295],[-93,-139],[280,-138],[-131,-214],[984,-477]],[[66810,30350],[-436,-452]],[[66374,29898],[101,-285]],[[62581,28586],[-824,412],[-1219,442]],[[58685,31933],[199,536],[335,422],[60,386],[-73,379],[75,330],[348,316],[366,1072],[368,17],[171,272]],[[60534,35663],[311,4]],[[60845,35667],[2718,-990],[1273,-37],[666,635],[277,503]],[[65779,35778],[295,41]],[[68049,34956],[863,-151]],[[69380,39825],[777,-862],[87,-700],[-62,-326],[-61,-193]],[[68293,35279],[-184,158],[-457,72],[-321,141],[-1257,169]],[[66074,35819],[390,110]],[[66464,35929],[573,679]],[[67037,36608],[268,447],[100,229]],[[67405,37284],[-192,281],[1033,2067],[-80,98],[182,244]],[[68348,39974],[747,-21],[121,-114],[164,-14]],[[90440,39440],[-1876,-22],[-1351,249]],[[87213,39667],[-693,262]],[[86520,39929],[-1518,201],[-577,161],[-1022,-9],[-115,-94],[-514,94],[-198,-54],[-582,167]],[[81994,40395],[311,547]],[[82305,40942],[-126,124],[220,504],[-108,40]],[[82291,41610],[325,962]],[[82616,42572],[296,412],[-114,150],[162,187]],[[82960,43321],[-187,53],[44,137]],[[82817,43511],[90,35],[95,544],[-197,106],[299,593],[728,-118],[233,85],[490,-305],[998,-227],[1178,-94]],[[86731,44130],[566,92],[922,-644],[291,-332],[38,-284],[-69,-132],[-646,-192],[-334,-486],[-84,-258],[111,-308],[212,-280],[355,-247],[443,-130],[1055,-65],[407,75],[851,-87],[76,-153],[-106,-397],[-325,-608],[-54,-254]],[[67999,48424],[1233,-681]],[[69232,47743],[335,-79]],[[69567,47664],[-280,-321],[128,-97],[-353,-263],[-358,-416],[-216,-563],[-416,-651],[-319,-289],[-61,-171],[-244,107],[-99,167],[-1148,403]],[[66201,45570],[-490,-30]],[[65711,45540],[-513,160],[-110,-62],[-576,179]],[[64512,45817],[825,929],[435,608],[75,267],[591,341]],[[66438,47962],[1019,740],[604,-202]],[[68061,48500],[-62,-76]],[[61461,27777],[-27,222],[-1554,711],[-321,-203],[-288,74],[-271,158],[-15,173],[-270,132],[-24,122],[-936,391]],[[57755,29557],[-326,311],[103,136],[-239,126],[214,382],[-254,103],[235,183],[24,222],[173,206]],[[57685,31226],[1000,707]],[[58685,31933],[698,-108],[424,-149],[96,-153],[-132,-356],[238,-93],[-17,-123],[579,-231],[-98,-149],[167,-114],[-44,-225],[352,-144],[5,-193],[-415,-455]],[[60538,29440],[1664,-630]],[[80864,39884],[-239,-225],[-339,-666]],[[80286,38993],[-488,-421],[-493,72],[-234,-205],[-174,1],[0,-540]],[[78897,37900],[-788,-1022]],[[70169,38709],[-12,254],[-211,222]],[[69946,39185],[788,665],[638,17],[191,134],[253,64],[26,181],[360,81],[78,149]],[[72280,40476],[374,133],[491,2],[474,372],[721,886]],[[74340,41869],[500,-145],[1035,-448],[1557,-438]],[[77432,40838],[482,-75]],[[77914,40763],[834,-380]],[[78748,40383],[197,-271],[424,-149],[841,-109]],[[80210,39854],[654,30]],[[50083,23632],[-968,259],[-131,-70],[-325,96],[-608,363],[-902,269],[-466,357]],[[46683,24906],[-581,258]],[[46102,25164],[25,353],[819,595],[1195,696]],[[48141,26808],[1384,-153],[520,-136],[7,-70],[237,-71],[14,-116],[98,-12],[-58,-135],[190,-24],[-17,-119],[350,-86],[-78,-117],[189,-13],[-130,-234],[300,-128],[-139,-137],[362,-141]],[[51370,25116],[-195,-448],[-782,-820],[-310,-216]],[[66694,40613],[-241,14],[-160,-105],[-639,-17],[-577,147]],[[65077,40652],[-203,139]],[[64874,40791],[693,745],[-3,99],[535,434],[732,-39]],[[66831,42030],[-56,-348],[267,-225],[-151,-610],[-197,-234]],[[66475,29613],[288,-248],[201,125],[281,-13],[124,120],[804,-215],[69,71],[1048,-367],[466,-56]],[[69756,29030],[-449,-354],[-143,-361],[-465,-495],[-540,-765],[-499,-385],[-443,-230]],[[67217,26440],[-931,394],[-1119,-862],[-368,15],[-486,200],[-284,267],[-1163,295],[-239,126],[-1285,255]],[[61342,27130],[254,568],[-135,79]],[[61461,27777],[315,403],[251,-33],[102,178],[-216,59],[289,426]],[[62202,28810],[379,-224]],[[62581,28586],[576,-131],[749,89],[576,26],[360,-63],[758,86],[523,308],[321,20],[-186,416],[217,276]],[[76692,35095],[114,-57],[-268,-453],[-294,-97]],[[76244,34488],[-332,-508],[-272,16],[-564,-466],[-504,-42],[-1482,-1580]],[[73090,31908],[-665,215]],[[72425,32123],[-207,-260],[-287,29]],[[71931,31892],[-154,-166]],[[71777,31726],[-725,844],[-1077,328]],[[69975,32898],[-998,561],[125,91]],[[69102,33550],[-388,173],[-584,401]],[[68130,34124],[47,136],[735,545]],[[68912,34805],[-682,92],[-181,59]],[[68049,34956],[-14,115],[258,208]],[[68293,35279],[190,-50],[110,92],[356,-115],[0,174],[561,546],[237,447],[243,967],[-125,237],[256,167]],[[70121,37744],[123,519],[-75,446]],[[70169,38709],[1375,-325],[1328,-168],[1154,-318],[991,-133],[79,-86],[1197,-382],[1816,-419]],[[78109,36878],[-567,-613],[-850,-1170]],[[70406,46803],[276,-37],[68,39],[380,-131],[78,100],[1216,-316]],[[72424,46458],[-241,-570]],[[72183,45888],[-697,-554]],[[71486,45334],[-303,-330],[-396,-737],[-297,114]],[[70490,44381],[-404,-239]],[[70086,44142],[-1265,159],[-315,112],[-814,480],[17,102],[404,412],[480,788],[111,372],[588,600],[123,79],[102,-19],[889,-424]]]}