{"type":"Topology","objects":{"panchayats":{"geometries":[{"properties":{"gpcode":"","gpname":"","dtname":"Barpeta","stname":"ASSAM","sdtname":"Kalgachia","blkname":"RUPOSHI"},"type":"MultiPolygon","arcs":[[[0,-842,1,-867,2,-638,3,-636,4,-808]],[[-875,5,-877,6]],[[7,-861,8,-859,9,-683,10,-669,11,-641,12,-863]],[[13,-852,14,-919,15,-698,16,-983,17,-688,-914]],[[18,-855,19,-686]],[[20,-845,21,-989]],[[22,-979,-691]],[[-675,23,-650,24,-678,25]],[[26,-995,27,-907]],[[-992,-843,28,-1009,-909]],[[29,-657,30,-963,31,-1259,32,-1257]],[[-895,33,-973,34,-1226,35,-1213,36]],[[-307,37,-1183,38]],[[39,-1197,40,-1140]],[[41,-333,42,-360]],[[-329,-345,43]],[[-404,44,-387,45,-1415,46]],[[47,-805,48,-803,49,-801,50,-556,51,-796,52,-794,53,-450,54,-427]],[[55,-644,56,-830,57,-834]],[[58,-826,59,-431,60,-824,61,-822,62,-563,63,-828]],[[-735,-553,-632,64]],[[-550,65,-770,66,-768,67,-533,68,-521,69,-572,70,-423,71,-425,72,-581,73,-415,74,-421,75,-201,76,-926,77,-412,78,-409,79,-568,80,-566,81,-570,82,-443,83,-816,84,-814,85]],[[-763,86,-778,87,-542,88,-714]],[[-889,89,-274,90,-272,91,-248,92,-246,93,-176,94,-219,95]],[[96,-887,97,-276]],[[98,-281,99,-286]],[[-1179,100,-1177,101,-1156,102]],[[-312,103,-1392,104]],[[105,-1384,-352,106,-517,107,-349,108,-341,109,-397,110,-503]],[[-792,111]],[[112,-482,113,-440]],[[114,-1303,115,-1322,116,-1297]],[[117,-471,118,-462,119,-453]],[[120,-1300,121,-1317,122,-1315,123,-1313]],[[-1287,124]],[[-1279,125,-1277,126,-1330,127,-1342,128,-1061,129]],[[130,-1015,131,-1034,132,-1073,133,-1116,134,-1102,135,-1376]],[[136,-261,137,-259,138,-196]]],"id":0},{"properties":{"gpcode":"105604","gpname":"SARUPETA","dtname":"Barpeta","stname":"ASSAM","sdtname":"Barpeta","blkname":"BARPETA"},"type":"Polygon","arcs":[[-1367,139,-146,140,-144,141]],"id":1},{"properties":{"gpcode":"105608","gpname":"BAGODI","dtname":"Barpeta","stname":"ASSAM","sdtname":"Barpeta","blkname":"BARPETA"},"type":"Polygon","arcs":[[-1369,142,143,144,145,146,-1365,147,-208,148,-230,149,-228,150,-226,151,-1095,152,-1093,153,-1046,154]],"id":2},{"properties":{"gpcode":"105609","gpname":"BHELLA","dtname":"Barpeta","stname":"ASSAM","sdtname":"Barpeta","blkname":"BARPETA"},"type":"MultiPolygon","arcs":[[[-592,155,-590,156,-621,157,-173,158,-234,159]],[[-188,160,-238,161,-179,162,-182,163,-185,164,-252,165,-1027,166]]],"id":3},{"properties":{"gpcode":"105610","gpname":"KEOTKUCHI","dtname":"Barpeta","stname":"ASSAM","sdtname":"Barpeta","blkname":"BARPETA"},"type":"MultiPolygon","arcs":[[[167,-213,168,-620,169,-215]],[[170,-171]],[[171,172,173,-211,174,175,176,-244,177,178,179,-236]],[[180,181,182,-242,183,184]],[[-1023,185,-1021,186,187,188,-1025,189]]],"id":4},{"properties":{"gpcode":"105611","gpname":"MADHYA PAKA","dtname":"Barpeta","stname":"ASSAM","sdtname":"Sarthebari","blkname":"PAKABETBARI"},"type":"Polygon","arcs":[[190,-257,191,-255,192,-265,-1035,193,-1109,194,195]],"id":5},{"properties":{"gpcode":"105612","gpname":"NAGAON","dtname":"Barpeta","stname":"ASSAM","sdtname":"Barpeta","blkname":"BARPETA"},"type":"Polygon","arcs":[[196,-1361,197,-459,198,-928,199,200,201,-419,202,-417,203,-579,204,-577,205,-232,206,207,208,-1363]],"id":6},{"properties":{"gpcode":"105613","gpname":"PATBAUSHI","dtname":"Barpeta","stname":"ASSAM","sdtname":"Barpeta","blkname":"BARPETA"},"type":"Polygon","arcs":[[209,210,211,212,213,214,215,-548,216,-546,217,218]],"id":7},{"properties":{"gpcode":"105614","gpname":"PUB PAKA","dtname":"Barpeta","stname":"ASSAM","sdtname":"Sarthebari","blkname":"PAKABETBARI"},"type":"Polygon","arcs":[[-1283,219,-1058,220,-1040,221,-1038,222,-263,223]],"id":8},{"properties":{"gpcode":"105615","gpname":"RADHAKUCHI","dtname":"Barpeta","stname":"ASSAM","sdtname":"Barpeta","blkname":"BARPETA"},"type":"Polygon","arcs":[[-1097,224,225,226,227,228,229,230,231,232,233,234,235,236,237,238,-1019,239,-1099,240]],"id":9},{"properties":{"gpcode":"105616","gpname":"SUNDARIDIA","dtname":"Barpeta","stname":"ASSAM","sdtname":"Barpeta","blkname":"BARPETA"},"type":"Polygon","arcs":[[241,242,243,244,245,246,247,248,-270,249,-1029,250,251,252]],"id":10},{"properties":{"gpcode":"105617","gpname":"UTTAR PAKA","dtname":"Barpeta","stname":"ASSAM","sdtname":"Sarthebari","blkname":"PAKABETBARI"},"type":"Polygon","arcs":[[-267,253,254,255,256,257,258,259,260,261]],"id":11},{"properties":{"gpcode":"105618","gpname":"UTTAR PUB PAKA","dtname":"Barpeta","stname":"ASSAM","sdtname":"Sarthebari","blkname":"PAKABETBARI"},"type":"Polygon","arcs":[[262,263,-1036,264,265,266,267]],"id":12},{"properties":{"gpcode":"105619","gpname":"BAHMURA","dtname":"Barpeta","stname":"ASSAM","sdtname":"Barpeta","blkname":"BARPETA"},"type":"Polygon","arcs":[[-1031,268,269,270,271,272,273,274,275,276,-885,277,-898,278,-627,279,280,281,-1053,282]],"id":13},{"properties":{"gpcode":"105620","gpname":"DABALIAPARA","dtname":"Barpeta","stname":"ASSAM","sdtname":"Barpeta","blkname":"BARPETA"},"type":"Polygon","arcs":[[-1086,283,-1055,284,285,286,-625,287,-623,288,-310,289,-319,290,-1385,291,-316,292]],"id":14},{"properties":{"gpcode":"105623","gpname":"HAZIPARA","dtname":"Barpeta","stname":"ASSAM","sdtname":"Barpeta","blkname":"BARPETA"},"type":"Polygon","arcs":[[293,-324,294,-1154,295,-378,296,-336,297,-356]],"id":15},{"properties":{"gpcode":"105625","gpname":"KUMULIAPARA","dtname":"Barpeta","stname":"ASSAM","sdtname":"Barpeta","blkname":"GOMAPHULBARI"},"type":"MultiPolygon","arcs":[[[-598,298,-536,299,-710,300,-539,301,-608,302]],[[303,-896,304,-1185,305,306,307,-321,308,309,310,-629]]],"id":16},{"properties":{"gpcode":"105626","gpname":"MAIRAMARA","dtname":"Barpeta","stname":"ASSAM","sdtname":"Barpeta","blkname":"BARPETA"},"type":"Polygon","arcs":[[311,312,-1131,313,-1088,314,315,316,-1387,317,318,319,320,321,-1181,322,323,324]],"id":17},{"properties":{"gpcode":"105630","gpname":"PUTHIMARI","dtname":"Barpeta","stname":"ASSAM","sdtname":"Barnagar (Pt)","blkname":"CHAKCHAKA"},"type":"Polygon","arcs":[[325,-1410,326,-401,327,-346,328,329,-343,-364,330,-362,331,332,333,-358,334,335,336,-385,337,-371,338,-390]],"id":18},{"properties":{"gpcode":"105631","gpname":"NICHUKA","dtname":"Barpeta","stname":"ASSAM","sdtname":"Barnagar (Pt)","blkname":"CHAKCHAKA"},"type":"Polygon","arcs":[[339,340,341,-365,342,343,344,345,346,-399]],"id":19},{"properties":{"gpcode":"105632","gpname":"KALAHBANGA","dtname":"Barpeta","stname":"ASSAM","sdtname":"Barnagar (Pt)","blkname":"CHAKCHAKA"},"type":"Polygon","arcs":[[347,348,349,-515,350,351,-1383,352,-1381,353,-512,354,355,356,357,358,359,360,361,362,363,364]],"id":20},{"properties":{"gpcode":"105633","gpname":"MEDA","dtname":"Barpeta","stname":"ASSAM","sdtname":"Barnagar (Pt)","blkname":"CHAKCHAKA"},"type":"Polygon","arcs":[[365,-383,366,-1152,367,-373,368,-376,369,370]],"id":21},{"properties":{"gpcode":"105634","gpname":"FEURAKHOWA","dtname":"Barpeta","stname":"ASSAM","sdtname":"Barnagar (Pt)","blkname":"CHAKCHAKA"},"type":"Polygon","arcs":[[371,372,373,-1150,374,375]],"id":22},{"properties":{"gpcode":"105635","gpname":"MADULIJHAR","dtname":"Barpeta","stname":"ASSAM","sdtname":"Barnagar (Pt)","blkname":"CHAKCHAKA"},"type":"MultiPolygon","arcs":[[[1171]],[[376,377,378,-1171,379,-1169,380,-1146,381,382,383,384]]],"id":23},{"properties":{"gpcode":"105636","gpname":"SULIAKATA","dtname":"Barpeta","stname":"ASSAM","sdtname":"Barnagar (Pt)","blkname":"GOBARDHANA"},"type":"Polygon","arcs":[[-1417,385,386,387,-1412,388,389,390,-1419,391]],"id":24},{"properties":{"gpcode":"105637","gpname":"KAMARGAON","dtname":"Barpeta","stname":"ASSAM","sdtname":"Barnagar (Pt)","blkname":"GOBARDHANA"},"type":"Polygon","arcs":[[-493,392,-491,393,-507,394,-505,395,396,397,398,399,400,401,-1414,402,403,404]],"id":25},{"properties":{"gpcode":"105638","gpname":"BAHARI","dtname":"Barpeta","stname":"ASSAM","sdtname":"Chenga","blkname":"CHENGA"},"type":"Polygon","arcs":[[405,-465,406,-445,407,408,409,-456]],"id":26},{"properties":{"gpcode":"105639","gpname":"BATGAON","dtname":"Barpeta","stname":"ASSAM","sdtname":"Chenga","blkname":"CHENGA"},"type":"MultiPolygon","arcs":[[[410,411,412,-924]],[[413,414,415,416,417,418,419,420]]],"id":27},{"properties":{"gpcode":"105640","gpname":"HARIPUR","dtname":"Barpeta","stname":"ASSAM","sdtname":"Chenga","blkname":"GOMAPHULBARI"},"type":"Polygon","arcs":[[421,422,423,424]],"id":28},{"properties":{"gpcode":"105641","gpname":"KACHUMARA","dtname":"Barpeta","stname":"ASSAM","sdtname":"Chenga","blkname":"CHENGA"},"type":"MultiPolygon","arcs":[[[425,426,427,-448]],[[428,-835]],[[429,430]]],"id":29},{"properties":{"gpcode":"105642","gpname":"DAKHIN GODHANI","dtname":"Barpeta","stname":"ASSAM","sdtname":"Chenga","blkname":"CHENGA"},"type":"MultiPolygon","arcs":[[[-787,431,-785,432,-790,433,-473]],[[434,-559,435,-797]],[[-783,436,-781,437,-478,438]],[[439,440,-480,-818,441,442,443,444,445,-484,446]]],"id":30},{"properties":{"gpcode":"105643","gpname":"MAHCHARA","dtname":"Barpeta","stname":"ASSAM","sdtname":"Chenga","blkname":"CHENGA"},"type":"Polygon","arcs":[[447,448,449,450]],"id":31},{"properties":{"gpcode":"105644","gpname":"NIZ CHENGA","dtname":"Barpeta","stname":"ASSAM","sdtname":"Chenga","blkname":"CHENGA"},"type":"Polygon","arcs":[[451,452,453,-467,454,455,456,-922,457,458,459,-1359,460,-1326]],"id":32},{"properties":{"gpcode":"105645","gpname":"CHENGA MUSALMANPARA","dtname":"Barpeta","stname":"ASSAM","sdtname":"Chenga","blkname":"CHENGA"},"type":"MultiPolygon","arcs":[[[461,462,-486,463,464,465,466,467]],[[468,-488,469,470,471,-1324]]],"id":33},{"properties":{"gpcode":"105646","gpname":"ROUMARI PATHAR","dtname":"Barpeta","stname":"ASSAM","sdtname":"Chenga","blkname":"CHENGA"},"type":"MultiPolygon","arcs":[[[472,473,-788]],[[474,-1307,475,-664,476,477,478,-779,479,480,481,482,483,484,485,486,487]],[[-662,488]]],"id":34},{"properties":{"gpcode":"105647","gpname":"BAGARIGURI","dtname":"Barpeta","stname":"ASSAM","sdtname":"Barnagar (Pt)","blkname":"GOBARDHANA"},"type":"Polygon","arcs":[[-1407,489,490,491,492,493]],"id":35},{"properties":{"gpcode":"105649","gpname":"GOBARDHANA","dtname":"Barpeta","stname":"ASSAM","sdtname":"Barnagar (Pt)","blkname":"GOBARDHANA"},"type":"MultiPolygon","arcs":[[[-501,494,-499,-1404,495]],[[-1402,496,-1391,497]]],"id":36},{"properties":{"gpcode":"105650","gpname":"KHAIRABARI","dtname":"Barpeta","stname":"ASSAM","sdtname":"Barnagar (Pt)","blkname":"GOBARDHANA"},"type":"Polygon","arcs":[[-1405,498,499,500,501,502,503,504,505,506,507]],"id":37},{"properties":{"gpcode":"105651","gpname":"PASCHIM HOWLY","dtname":"Barpeta","stname":"ASSAM","sdtname":"Barnagar (Pt)","blkname":"CHAKCHAKA"},"type":"MultiPolygon","arcs":[[[-1398,508,-1396,509,-1394,510,511,512]],[[513,514,515,516]]],"id":38},{"properties":{"gpcode":"105653","gpname":"PAZARBHANGA","dtname":"Barpeta","stname":"ASSAM","sdtname":"Barpeta","blkname":"GOMAPHULBARI"},"type":"Polygon","arcs":[[517,-585,518,-574,519,520,521,-531,522,-600,523,-606,524,-604,525,-612,526,-616,527,-587]],"id":39},{"properties":{"gpcode":"105654","gpname":"DONGRA","dtname":"Barpeta","stname":"ASSAM","sdtname":"Barpeta","blkname":"GOMAPHULBARI"},"type":"MultiPolygon","arcs":[[[528,-602,529,530,531,532,533,-597,534,535]],[[536,-610,537,538,539,-716,540,541,542,-720,543,-761,544,545,546,547,548,-618]]],"id":40},{"properties":{"gpcode":"105655","gpname":"GUMA","dtname":"Barpeta","stname":"ASSAM","sdtname":"Baghbor","blkname":"MANDIA"},"type":"MultiPolygon","arcs":[[[549,550,-812,551,-633,552,-744,553]],[[554,555,556,-799,557,558]],[[559,-681,560,-653,561,-671]],[[562,563,-820,564]],[[565,566,567,568,569,570]],[[571,572,573,574,-583,575]]],"id":41},{"properties":{"gpcode":"105656","gpname":"BARBILA","dtname":"Barpeta","stname":"ASSAM","sdtname":"Chenga","blkname":"GOMAPHULBARI"},"type":"Polygon","arcs":[[576,577,578,579,580,581,582,583,584,585,586,587,-614,588,589,590,591,592]],"id":42},{"properties":{"gpcode":"105657","gpname":"AZAD","dtname":"Barpeta","stname":"ASSAM","sdtname":"Barpeta","blkname":"GOMAPHULBARI"},"type":"MultiPolygon","arcs":[[[593,-766,594,-712,595,596]],[[597,598,599,600,601,602]],[[603,604,605,606,607,608,609,610,611,612]],[[613,614,615,616,617,618,619,620,621]],[[622,623,624,625,626,627,628,629]]],"id":43},{"properties":{"gpcode":"105659","gpname":"KHOLABANDHA","dtname":"Barpeta","stname":"ASSAM","sdtname":"Chenga","blkname":"GOMAPHULBARI"},"type":"MultiPolygon","arcs":[[[630,-837]],[[631,632,633,-810,634,635,636,637,638,-865,639,640,641]],[[-832,642,643,644]]],"id":44},{"properties":{"gpcode":"105664","gpname":"BAGHBAR","dtname":"Barpeta","stname":"ASSAM","sdtname":"Baghbor","blkname":"MANDIA"},"type":"MultiPolygon","arcs":[[[-726,645,-724,646,-707,647,-705,648,649,650,-673,651,652,653,-693,654,-959,655,656,657,-1255,658,-968,659,-890,-947,660]],[[661,662,663,664,-1305,665]]],"id":45},{"properties":{"gpcode":"105665","gpname":"MANIKPUR","dtname":"Barpeta","stname":"ASSAM","sdtname":"Baghbor","blkname":"MANDIA"},"type":"Polygon","arcs":[[-703,666,-737,667,668,669,670,671,672,673,674,675,-741,676,677,678]],"id":46},{"properties":{"gpcode":"105666","gpname":"RAMAPARA","dtname":"Barpeta","stname":"ASSAM","sdtname":"Baghbor","blkname":"MANDIA"},"type":"MultiPolygon","arcs":[[[679,680,681,682,683,-857,684,685,686,-915,687,688,-981,689,690,-978,691,692]],[[693,-918,694,-850,695,-985,696,697]]],"id":47},{"properties":{"gpcode":"105667","gpname":"SATRA KANARA","dtname":"Barpeta","stname":"ASSAM","sdtname":"Baghbor","blkname":"MANDIA"},"type":"Polygon","arcs":[[698,-750,699,-731,700,-739,701,702,703,704,705,706,707,-752]],"id":48},{"properties":{"gpcode":"105668","gpname":"AGMANDIA-JADAVPUR","dtname":"Barpeta","stname":"ASSAM","sdtname":"Baghbor","blkname":"MANDIA"},"type":"MultiPolygon","arcs":[[[708,709,710,711,712,-764,713,714,715]],[[716,-776,717,-756,718,719]]],"id":49},{"properties":{"gpcode":"105669","gpname":"MANDIA","dtname":"Barpeta","stname":"ASSAM","sdtname":"Baghbor","blkname":"MANDIA"},"type":"Polygon","arcs":[[-774,720,-746,-734,721,-754,722,723,724,725,726,-882,727,-758,728]],"id":50},{"properties":{"gpcode":"105670","gpname":"CHACHRA","dtname":"Barpeta","stname":"ASSAM","sdtname":"Baghbor","blkname":"MANDIA"},"type":"MultiPolygon","arcs":[[[729,730,731,-748,732,733,-745,734,735,736,737,738]],[[739,740]]],"id":51},{"properties":{"gpcode":"105671","gpname":"DIGHIRPAM","dtname":"Barpeta","stname":"ASSAM","sdtname":"Baghbor","blkname":"MANDIA"},"type":"MultiPolygon","arcs":[[[741,-772,742,743,744,745]],[[746,747,748,749,750,751,752,753]]],"id":52},{"properties":{"gpcode":"105672","gpname":"BHATKUCHI","dtname":"Barpeta","stname":"ASSAM","sdtname":"Baghbor","blkname":"MANDIA"},"type":"Polygon","arcs":[[754,755,756,757,758,-880,759,760]],"id":53},{"properties":{"gpcode":"105673","gpname":"BAMUN DONGRA","dtname":"Barpeta","stname":"ASSAM","sdtname":"Baghbor","blkname":"MANDIA"},"type":"Polygon","arcs":[[761,762,763,764,765,766,767,768,769,770,771,772,773,774,775,776,777]],"id":54},{"properties":{"gpcode":"105674","gpname":"ALOPATI MAJARCHAR","dtname":"Barpeta","stname":"ASSAM","sdtname":"Chenga","blkname":"CHENGA"},"type":"Polygon","arcs":[[778,779,780,781,782,783,784,785,786,787,788,789,790,791,792,793,794,795,796,797,798,799,800,801,802,803,804,805,-839,806,807,808,809,810,811,812,813,814,815,816,817],[818,819,820,821,822,823,824,825,826,827],[828,829,830,831,832,833,834],[835,836]],"id":55},{"properties":{"gpcode":"105675","gpname":"BAGHMARA CHAR","dtname":"Barpeta","stname":"ASSAM","sdtname":"Baghbor","blkname":"MANDIA"},"type":"Polygon","arcs":[[837,838,839,-869,840,841]],"id":56},{"properties":{"gpcode":"105676","gpname":"CHATALA","dtname":"Barpeta","stname":"ASSAM","sdtname":"Kalgachia","blkname":"MANDIA"},"type":"Polygon","arcs":[[842,-991,843,844,845,-873,846]],"id":57},{"properties":{"gpcode":"105677","gpname":"DHARMAPUR-BHATNAPAITY","dtname":"Barpeta","stname":"ASSAM","sdtname":"Baghbor","blkname":"MANDIA"},"type":"MultiPolygon","arcs":[[[847,-987,848,849,850,851,852,-917,853,854,855,856,857,858,859,860,861,862,863,864,865,866,867,868,869,-1011,870,-1013,871,872],[873,874,875,876]],[[877,-1148,-1166]]],"id":58},{"properties":{"gpcode":"105678","gpname":"GAJIA","dtname":"Barpeta","stname":"ASSAM","sdtname":"Baghbor","blkname":"MANDIA"},"type":"Polygon","arcs":[[878,879,880,881,882,-946,883,884,885,886,887,888]],"id":59},{"properties":{"gpcode":"105679","gpname":"GOBINDAPUR","dtname":"Barpeta","stname":"ASSAM","sdtname":"Baghbor","blkname":"MANDIA"},"type":"Polygon","arcs":[[889,890,-966,891,-930,-948]],"id":60},{"properties":{"gpcode":"105680","gpname":"JANATA","dtname":"Barpeta","stname":"ASSAM","sdtname":"Baghbor","blkname":"MANDIA"},"type":"Polygon","arcs":[[892,-975,893,894]],"id":61},{"properties":{"gpcode":"105681","gpname":"JANIA","dtname":"Barpeta","stname":"ASSAM","sdtname":"Baghbor","blkname":"MANDIA"},"type":"Polygon","arcs":[[895,896,897,898,-944,899,-951,900,-934,901,-1193,902]],"id":62},{"properties":{"gpcode":"105682","gpname":"JOYPUR SIKARTARY","dtname":"Barpeta","stname":"ASSAM","sdtname":"Kalgachia","blkname":"MANDIA"},"type":"MultiPolygon","arcs":[[[-940,903,-938,904,-997,905,906,907,-993,908,-1008,909]],[[910,-1245,911,-942]]],"id":63},{"properties":{"gpcode":"105683","gpname":"KADAMTOLA","dtname":"Barpeta","stname":"ASSAM","sdtname":"Baghbor","blkname":"MANDIA"},"type":"MultiPolygon","arcs":[[[912,913,914,915,916]],[[917,918,919]],[[920,921,922,923,924,925,926,927]]],"id":64},{"properties":{"gpcode":"105684","gpname":"KADANG","dtname":"Barpeta","stname":"ASSAM","sdtname":"Baghbor","blkname":"MANDIA"},"type":"Polygon","arcs":[[928,-949,929,-964,930,-1211,931,-1201,932,933]],"id":65},{"properties":{"gpcode":"105685","gpname":"MOINBORI","dtname":"Barpeta","stname":"ASSAM","sdtname":"Kalgachia","blkname":"MANDIA"},"type":"MultiPolygon","arcs":[[[934,-956,935,-999,-1240,-1267]],[[936,937,938,939,940,941,942,-1243]]],"id":66},{"properties":{"gpcode":"105686","gpname":"SITOLI","dtname":"Barpeta","stname":"ASSAM","sdtname":"Baghbor","blkname":"MANDIA"},"type":"Polygon","arcs":[[943,944,945,946,947,948,949,950,951]],"id":67},{"properties":{"gpcode":"105687","gpname":"SONABORI","dtname":"Barpeta","stname":"ASSAM","sdtname":"Kalgachia","blkname":"RUPOSHI"},"type":"MultiPolygon","arcs":[[[952,-1003,953,-1001,954,955,956,-1265]],[[957,958,959,-1006,960,-1261,961,962]]],"id":68},{"properties":{"gpcode":"105688","gpname":"SONAPUR RUVI","dtname":"Barpeta","stname":"ASSAM","sdtname":"Baghbor","blkname":"MANDIA"},"type":"Polygon","arcs":[[963,964,965,966,967,968,-1253,969,-1233,970,-1228,971,972,973,974,975]],"id":69},{"properties":{"gpcode":"105689","gpname":"TARAKANDI","dtname":"Barpeta","stname":"ASSAM","sdtname":"Kalgachia","blkname":"MANDIA"},"type":"MultiPolygon","arcs":[[[976,977,978,979,980,981,982,983,984,985,986,987,988,989,990,991,992,993,994,995,996,997,-1241,998,999,1000,1001,1002,1003,-1263,1004,1005]],[[1006,1007,1008]]],"id":70},{"properties":{"gpcode":"105690","gpname":"UZIRAR CHAR","dtname":"Barpeta","stname":"ASSAM","sdtname":"Baghbor","blkname":"MANDIA"},"type":"MultiPolygon","arcs":[[[1009,1010]],[[1011,1012]]],"id":71},{"properties":{"gpcode":"105691","gpname":"DAKHIN BETBARI","dtname":"Barpeta","stname":"ASSAM","sdtname":"Barpeta","blkname":"PAKABETBARI"},"type":"Polygon","arcs":[[1013,1014,1015,-1374,1016,-1372,1017,1018,1019,1020,1021,1022,1023,1024,1025,1026,1027,1028,1029,1030,1031,-1051,1032,1033]],"id":72},{"properties":{"gpcode":"105692","gpname":"DAKHIN PAKA","dtname":"Barpeta","stname":"ASSAM","sdtname":"Sarthebari","blkname":"PAKABETBARI"},"type":"Polygon","arcs":[[1034,1035,1036,1037,1038,1039,1040,-1070,1041,-1068,1042,-1066,1043,-1371,1044,1045,1046,-1091,1047]],"id":73},{"properties":{"gpcode":"105693","gpname":"DAKHIN PASCHIM BETBARI","dtname":"Barpeta","stname":"ASSAM","sdtname":"Barpeta","blkname":"PAKABETBARI"},"type":"Polygon","arcs":[[1048,-1075,1049,1050,1051,1052,1053,1054,1055,-1084]],"id":74},{"properties":{"gpcode":"105694","gpname":"DAKHIN PUB PAKA","dtname":"Barpeta","stname":"ASSAM","sdtname":"Sarthebari","blkname":"PAKABETBARI"},"type":"Polygon","arcs":[[1056,1057,1058,-1281,1059,1060,1061,-1340,-1344,1062,-1353,1063,-1351,1064,1065,1066,1067,1068,1069]],"id":75},{"properties":{"gpcode":"105695","gpname":"MADHYA BETBARI","dtname":"Barpeta","stname":"ASSAM","sdtname":"Barpeta","blkname":"PAKABETBARI"},"type":"Polygon","arcs":[[-1120,1070,-1118,1071,1072,1073,1074,1075,-1082,1076,-1125,1077,-1137,1078]],"id":76},{"properties":{"gpcode":"105696","gpname":"PASCHIM BETBARI","dtname":"Barpeta","stname":"ASSAM","sdtname":"Barpeta","blkname":"PAKABETBARI"},"type":"Polygon","arcs":[[-1129,1079,-1127,1080,1081,1082,1083,1084,1085,1086,1087,1088]],"id":77},{"properties":{"gpcode":"105697","gpname":"PASCHIM PAKA","dtname":"Barpeta","stname":"ASSAM","sdtname":"Sarthebari","blkname":"PAKABETBARI"},"type":"Polygon","arcs":[[1089,1090,1091,1092,1093,1094,1095,1096,1097,1098,1099,-1378,1100,1101,1102,-1114,1103,-1112,1104,-1110,1105,-1123,1106,-1133,1107,1108]],"id":78},{"properties":{"gpcode":"105698","gpname":"PUB BETBARI","dtname":"Barpeta","stname":"ASSAM","sdtname":"Barpeta","blkname":"PAKABETBARI"},"type":"Polygon","arcs":[[1109,1110,1111,1112,1113,1114,1115,1116,1117,1118,1119,1120,-1135,1121,1122,1123]],"id":79},{"properties":{"gpcode":"105699","gpname":"UTTAR BETBARI","dtname":"Barpeta","stname":"ASSAM","sdtname":"Barpeta","blkname":"PAKABETBARI"},"type":"Polygon","arcs":[[1124,1125,1126,1127,1128,1129,1130,1131]],"id":80},{"properties":{"gpcode":"105700","gpname":"UTTAR PUB BETBARI","dtname":"Barpeta","stname":"ASSAM","sdtname":"Barpeta","blkname":"PAKABETBARI"},"type":"Polygon","arcs":[[1132,1133,1134,1135,1136,1137]],"id":81},{"properties":{"gpcode":"105701","gpname":"HALDIA","dtname":"Barpeta","stname":"ASSAM","sdtname":"Kalgachia","blkname":"RUPOSHI"},"type":"MultiPolygon","arcs":[[[-1188,1138,1139,1140,-1164,1141,-1162,1142,-1160,1143]],[[1144,1145,1146,-1167,1147,1148,1149,1150,1151]]],"id":82},{"properties":{"gpcode":"105702","gpname":"GUILEZA","dtname":"Barpeta","stname":"ASSAM","sdtname":"Kalgachia","blkname":"RUPOSHI"},"type":"Polygon","arcs":[[1152,1153,1154,1155,1156,-1175,1157,-1173,1158,1159,1160,1161,1162,1163,1164,1165,1166,1167,1168,1169,1170],[1171]],"id":83},{"properties":{"gpcode":"105703","gpname":"LACHANGA","dtname":"Barpeta","stname":"ASSAM","sdtname":"Kalgachia","blkname":"RUPOSHI"},"type":"Polygon","arcs":[[1172,1173,1174,1175,1176,1177,1178,1179,1180,1181,1182,1183,1184,1185,-1195,-1206,1186,-1199,1187,1188]],"id":84},{"properties":{"gpcode":"105704","gpname":"BALAIPATHAR","dtname":"Barpeta","stname":"ASSAM","sdtname":"Kalgachia","blkname":"RUPOSHI"},"type":"MultiPolygon","arcs":[[[1189,-1238,1190,-1252]],[[1191,1192,1193,-1207,1194]],[[1195,1196,1197,1198]]],"id":85},{"properties":{"gpcode":"105705","gpname":"KALGACHIA","dtname":"Barpeta","stname":"ASSAM","sdtname":"Kalgachia","blkname":"RUPOSHI"},"type":"Polygon","arcs":[[1199,1200,1201,-1209,1202,-1217,1203,-1222,1204,1205,1206]],"id":86},{"properties":{"gpcode":"105706","gpname":"SAWPUR","dtname":"Barpeta","stname":"ASSAM","sdtname":"Kalgachia","blkname":"RUPOSHI"},"type":"Polygon","arcs":[[1207,1208,1209,1210,1211,1212,1213,-1224,1214,-1219]],"id":87},{"properties":{"gpcode":"105707","gpname":"TAPESWARA","dtname":"Barpeta","stname":"ASSAM","sdtname":"Kalgachia","blkname":"RUPOSHI"},"type":"Polygon","arcs":[[1215,1216,1217,1218,1219,-1231,1220,1221]],"id":88},{"properties":{"gpcode":"105708","gpname":"TITAPANI","dtname":"Barpeta","stname":"ASSAM","sdtname":"Kalgachia","blkname":"RUPOSHI"},"type":"Polygon","arcs":[[1222,1223,1224,1225,1226,1227,1228,-1237,1229,1230]],"id":89},{"properties":{"gpcode":"105709","gpname":"BONGHUGI","dtname":"Barpeta","stname":"ASSAM","sdtname":"Kalgachia","blkname":"RUPOSHI"},"type":"Polygon","arcs":[[1231,1232,1233,-1271,1234,-1248,1235,1236]],"id":90},{"properties":{"gpcode":"105710","gpname":"ISABPUR","dtname":"Barpeta","stname":"ASSAM","sdtname":"Kalgachia","blkname":"RUPOSHI"},"type":"Polygon","arcs":[[1237,1238,-1250,-1268,1239,1240,1241,1242,1243,1244,1245]],"id":91},{"properties":{"gpcode":"105711","gpname":"BARVITHA","dtname":"Barpeta","stname":"ASSAM","sdtname":"Kalgachia","blkname":"RUPOSHI"},"type":"Polygon","arcs":[[1246,1247,1248,-1269,1249,1250,1251]],"id":92},{"properties":{"gpcode":"105712","gpname":"CHIKNI","dtname":"Barpeta","stname":"ASSAM","sdtname":"Kalgachia","blkname":"RUPOSHI"},"type":"Polygon","arcs":[[1252,1253,1254,1255,1256,1257,1258,1259,1260,1261,1262,1263,1264,1265,1266,1267,1268,1269,1270,1271]],"id":93},{"properties":{"gpcode":"105713","gpname":"UTTAR PUB SARUKHETRI","dtname":"Barpeta","stname":"ASSAM","sdtname":"Sarthebari","blkname":"SARUKHETRI"},"type":"MultiPolygon","arcs":[[[-1285,1272]],[[-1293,1273,-1291,1274,-1289,-1332,1275,1276,1277,1278,1279,1280,1281,1282,1283]]],"id":94},{"properties":{"gpcode":"105714","gpname":"PUB SARUKHETRI","dtname":"Barpeta","stname":"ASSAM","sdtname":"Sarthebari","blkname":"SARUKHETRI"},"type":"Polygon","arcs":[[1284,1285,1286,-1295,-1310,-1334,1287,1288,1289,1290,1291,1292,1293]],"id":95},{"properties":{"gpcode":"105715","gpname":"DAKHIN PUB SARUKHETRI","dtname":"Barpeta","stname":"ASSAM","sdtname":"Sarthebari","blkname":"SARUKHETRI"},"type":"Polygon","arcs":[[1294,1295,1296,1297,-1320,1298,1299,1300,-1311]],"id":96},{"properties":{"gpcode":"105716","gpname":"DAKHIN PASCHIM SARUKHETRI","dtname":"Barpeta","stname":"ASSAM","sdtname":"Chenga","blkname":"CHENGA"},"type":"MultiPolygon","arcs":[[[1301,1302,1303,1304,1305,1306]],[[1307,-1336,1308,1309,1310,1311,1312,1313,1314,1315,1316,1317,1318,1319,1320,1321,1322,1323,1324,1325,1326,-1357,1327,-1347,1328,-1338]]],"id":97},{"properties":{"gpcode":"105717","gpname":"MADHYA SARUKHETRI","dtname":"Barpeta","stname":"ASSAM","sdtname":"Sarthebari","blkname":"SARUKHETRI"},"type":"Polygon","arcs":[[1329,1330,1331,1332,1333,1334,1335,1336,1337,1338,-1345,1339,1340,1341,1342]],"id":98},{"properties":{"gpcode":"105718","gpname":"MADHYA PASCHIM SARUKHETRI","dtname":"Barpeta","stname":"ASSAM","sdtname":"Sarthebari","blkname":"SARUKHETRI"},"type":"Polygon","arcs":[[1343,1344,1345,1346,1347,-1355,1348]],"id":99},{"properties":{"gpcode":"105719","gpname":"PASCHIM SARUKHETRI","dtname":"Barpeta","stname":"ASSAM","sdtname":"Sarthebari","blkname":"SARUKHETRI"},"type":"Polygon","arcs":[[1349,1350,1351,1352,1353,1354,1355,1356,1357,1358,1359,1360,1361,1362,1363,1364,1365,1366,1367,1368,1369,1370]],"id":100},{"properties":{"gpcode":"105737","gpname":"BONGAIGAON","dtname":"Barpeta","stname":"ASSAM","sdtname":"Sarthebari","blkname":"PAKABETBARI"},"type":"Polygon","arcs":[[1371,1372,1373,1374,1375,1376,1377,1378]],"id":101},{"properties":{"gpcode":"253426","gpname":"BALLAMGURI","dtname":"Barpeta","stname":"ASSAM","sdtname":"Barnagar (Pt)","blkname":"CHAKCHAKA"},"type":"Polygon","arcs":[[1379,1380,1381,1382,1383]],"id":102},{"properties":{"gpcode":"261102","gpname":"Silbari","dtname":"Barpeta","stname":"ASSAM","sdtname":"Barpeta","blkname":"BARPETA"},"type":"Polygon","arcs":[[1384,1385,1386,1387]],"id":103},{"properties":{"gpcode":"261107","gpname":"Borphena","dtname":"Barpeta","stname":"ASSAM","sdtname":"Barnagar (Pt)","blkname":"GOBARDHANA"},"type":"Polygon","arcs":[[1388,-1400,1389,1390]],"id":104},{"properties":{"gpcode":"261123","gpname":"Paschim Howly","dtname":"Barpeta","stname":"ASSAM","sdtname":"Barnagar (Pt)","blkname":"CHAKCHAKA"},"type":"Polygon","arcs":[[1391,1392,1393,1394,1395,1396,1397,1398]],"id":105},{"properties":{"gpcode":"261126","gpname":"Gobardhana","dtname":"Barpeta","stname":"ASSAM","sdtname":"Barnagar (Pt)","blkname":"GOBARDHANA"},"type":"Polygon","arcs":[[1399,1400,1401,1402,1403,1404,1405,1406,1407]],"id":106},{"properties":{"gpcode":"261128","gpname":"Mainamata Pathar","dtname":"Barpeta","stname":"ASSAM","sdtname":"Barnagar (Pt)","blkname":"GOBARDHANA"},"type":"Polygon","arcs":[[1408,1409,1410,1411,1412,1413]],"id":107},{"properties":{"gpcode":"261162","gpname":"Bhangnamari","dtname":"Barpeta","stname":"ASSAM","sdtname":"Barnagar (Pt)","blkname":"GOBARDHANA"},"type":"Polygon","arcs":[[1414,1415,1416,1417,1418,1419]],"id":108}],"type":"GeometryCollection"}},"bbox":[90.6533959,26.0896566,91.28261,26.6270077],"transform":{"scale":[6.292203922039207e-06,5.3735647356473426e-06],"translate":[90.6533959,26.0896566]},"arcs":[[[47332,5932],[-568,-478],[-934,-307]],[[31926,5336],[-655,108],[-1037,1411]],[[45570,9535],[154,-139]],[[46927,9272],[557,417]],[[47940,10330],[392,232],[693,-113]],[[11599,12040],[-949,1451]],[[10974,16028],[1678,-168]],[[35210,12399],[-540,440]],[[35910,13499],[474,523]],[[31190,15200],[87,911]],[[33600,18284],[555,-14]],[[44100,18777],[-1228,-468]],[[38825,14385],[453,-486]],[[20420,11020],[-578,480]],[[17458,14910],[-24,508]],[[17798,16981],[30,595],[110,489]],[[18326,20961],[564,6]],[[20433,20403],[524,-350]],[[27562,14396],[658,-536]],[[27595,13259],[-678,-869]],[[11607,19908],[-967,-118],[-1501,-67]],[[9477,23887],[1944,-150]],[[21824,21902],[-62,295],[11,525],[31,329]],[[37314,24833],[772,53]],[[38738,25000],[599,190]],[[39456,23564],[95,-390],[-1399,-203]],[[14498,26338],[-97,-2594],[-1031,-51]],[[12680,26534],[321,46]],[[9057,31122],[412,-229]],[[29947,30278],[75,-200]],[[27444,30078],[307,589]],[[27577,31331],[-110,573],[73,214]],[[29148,33021],[157,-57],[124,-120]],[[31829,39337],[-425,-491]],[[29189,38957],[110,407]],[[29125,40218],[107,171]],[[34224,42750],[338,-9],[-2151,-2957]],[[42778,52703],[-116,-213]],[[43201,55328],[1044,-346],[-114,-127],[-43,-191],[-11,-94],[105,-303]],[[33208,57355],[-209,-716]],[[30914,56056],[-213,341],[-84,373],[98,305],[-7,159],[-280,827],[79,741],[30,97],[446,447],[455,1104],[649,16],[895,124]],[[40837,71770],[-161,50]],[[41297,73852],[75,-263]],[[37563,75727],[10,-1117]],[[35486,84562],[-968,-118]],[[33649,85770],[-80,666],[-148,582],[31,614],[-16,238],[-84,157]],[[33958,88215],[765,78],[666,-4],[159,-575],[32,-533],[173,-249],[-46,-1186],[-115,-1016]],[[58439,8300],[-363,-409],[-558,-1067],[-961,170],[-447,145]],[[64672,13231],[1058,331],[1324,606],[365,209]],[[67802,14882],[809,656],[166,304]],[[70354,18388],[620,240]],[[75999,20798],[842,-407],[523,-141],[1164,-184]],[[73120,14942],[-1409,-1069]],[[71380,13912],[-286,120],[-330,22],[-820,-62],[-526,-101],[-1616,-602]],[[63133,12461],[-2401,-994]],[[57816,13056],[-126,156]],[[58395,16605],[585,959]],[[59327,17908],[435,101],[1315,-4347]],[[64262,13902],[-308,595],[-1437,2396],[-651,734]],[[61230,17998],[-396,350]],[[60510,19656],[34,253]],[[61272,21187],[429,508]],[[61853,21639],[104,-622],[103,-310],[199,-389]],[[63240,22292],[92,408]],[[48650,17978],[-1496,36],[-484,75],[-100,1785],[477,169]],[[55602,21572],[440,177],[-136,750],[1658,242]],[[58992,23017],[519,474],[130,191]],[[59599,24038],[495,485],[808,655]],[[61927,25849],[1254,-1364]],[[69427,25808],[741,52],[785,-88]],[[74352,30851],[393,37]],[[72935,31650],[-330,571],[-402,419]],[[71264,32532],[-57,37]],[[71090,34804],[-1151,468]],[[72556,34700],[572,34],[301,86],[264,214],[18,345]],[[74132,37198],[384,-78],[232,-114]],[[74901,37051],[348,-721]],[[76128,35706],[-225,-335]],[[76726,33453],[115,-268],[375,-248],[322,-355],[250,-443],[153,-80]],[[76944,30486],[297,-676]],[[74820,28693],[177,-589],[352,-760]],[[76118,26458],[936,123]],[[77397,26816],[209,327],[152,732],[62,628]],[[79514,23515],[-672,60]],[[74544,24144],[-1069,-295],[-1024,-558]],[[57048,20270],[-1843,-25],[-1151,150]],[[54010,31111],[-36,295],[28,118]],[[54378,31981],[510,-443]],[[55847,31310],[207,37]],[[53020,43644],[230,56]],[[54587,45400],[366,-802],[153,-239]],[[55244,44278],[305,31],[185,81],[248,331],[220,437]],[[57963,44652],[513,-43],[118,-44],[183,-185],[41,-226],[-62,-249]],[[58776,42743],[29,-479],[-122,-103],[-549,-60]],[[57933,41520],[219,-666]],[[55016,38395],[-134,365],[-422,570],[-396,254],[-1187,207]],[[52366,43580],[-40,-397]],[[48066,40257],[22,321]],[[52676,49112],[1111,-115],[51,-648],[-691,-1311]],[[51206,48177],[327,610],[220,286]],[[43554,56628],[-136,221],[66,309]],[[43268,57506],[-130,100],[-191,366],[-200,251],[-36,78]],[[42741,58388],[231,133],[548,-654],[714,-575],[-243,-1051],[-72,12]],[[54062,61128],[-564,-175],[-952,-187],[-361,6],[-153,55],[-999,798],[-1392,1247]],[[50301,63115],[879,-85],[12,-105],[117,-108],[431,-147],[315,71],[273,-56],[141,28],[799,431],[144,268],[54,573],[144,72],[284,-104],[118,72],[50,200],[-72,733],[111,72],[532,-261],[207,-260],[34,-70],[-195,-59],[-89,-186],[3,-151],[236,-844],[620,-931],[210,-425]],[[50186,74961],[-260,-190]],[[47970,76885],[-176,1],[-691,150],[-355,134],[-158,140],[-696,-215]],[[44593,76144],[-1397,190]],[[40624,77561],[242,763]],[[43802,78772],[465,38],[560,-120]],[[47203,78691],[411,-47],[1726,-358]],[[86519,16270],[-930,-162],[-506,-180],[-771,40],[-875,-100],[-745,-248],[-2052,-1077],[-2536,-1527],[-1368,-28],[-540,-96],[-2582,-814],[-186,56],[-362,529],[-479,84],[-271,349],[-579,575]],[[83548,26932],[-648,-224],[-368,1840],[11,333],[107,223],[215,228],[210,-235]],[[84137,27891],[208,-502]],[[88731,33715],[1139,473],[-222,-325],[-118,-570],[-127,-247],[68,-93],[221,-26],[264,-124],[172,-130],[108,-171],[-118,-62],[-225,31],[-79,-67],[-10,-512],[-216,-79],[-469,-3],[-713,134],[-328,398]],[[87925,32794],[-2009,139],[-1056,160],[340,518],[477,1294]],[[86321,35336],[380,-51],[241,-129],[429,-400]],[[83343,35977],[389,-675]],[[83289,34829],[-852,-1149]],[[82129,34347],[-1449,-114],[-60,47],[-154,1584]],[[89493,40120],[-63,-338]],[[88195,37361],[-95,38],[-307,285]],[[87136,37598],[-20,113],[13,169]],[[89143,40425],[85,-74],[90,-22]],[[96033,42263],[-226,-251],[-111,-515],[64,-230],[176,-23],[319,71],[202,-82],[265,-645],[-83,-675],[-156,-215],[-288,-147],[-1030,393]],[[89316,52623],[329,-101],[124,-203],[727,181],[167,126],[155,9]],[[90028,50796],[16,-994]],[[89033,49443],[-190,171],[-211,270]],[[88412,50346],[93,713]],[[87982,52934],[954,-169],[126,-76],[101,-149]],[[66153,50741],[-375,68],[-332,-75]],[[64823,50499],[-1111,594],[-83,109]],[[63572,51494],[88,440],[127,322]],[[63918,52398],[798,151]],[[65658,52682],[308,52]],[[67119,52207],[-133,-152]],[[73511,65252],[-465,221],[241,229],[184,279],[85,159],[-23,98]],[[76136,65683],[33,-1050]],[[76278,64499],[387,-159]],[[75197,45266],[228,-316]],[[73353,46122],[440,493],[289,430],[181,531],[24,513]],[[74810,49483],[132,-190]],[[74567,50824],[160,-531],[83,-810]],[[74810,49483],[-242,-545],[-281,-849]],[[74287,48089],[10,-296],[-120,-539],[-236,-449],[-588,-683]],[[73353,46122],[213,-241],[641,-426],[456,-516],[762,11]],[[75425,44950],[70,-211],[-2,-192]],[[75564,44439],[194,-77]],[[73249,41934],[199,116]],[[73440,42305],[-159,290],[-151,154],[-471,184],[-61,655],[-60,179],[-159,108],[-364,-355]],[[70741,45403],[-77,18],[-20,1640]],[[70177,47330],[58,202]],[[70146,48527],[-102,749],[95,210]],[[72949,51171],[2116,889]],[[75640,51980],[86,-237]],[[68347,38056],[-106,-890]],[[66886,37008],[-409,-147],[-1021,-232]],[[63685,36237],[246,1017],[-51,1895],[131,506],[53,65],[77,-6]],[[66107,40934],[261,81],[541,96]],[[69290,42817],[23,-669],[-63,-455],[-356,-122],[-148,-221]],[[65391,45232],[34,-553]],[[65414,42831],[29,-104],[148,-64],[27,-388],[-963,-191],[-205,156]],[[63606,42108],[-183,107],[-340,-67],[-171,98],[-786,1045],[-535,979]],[[61339,44594],[-112,330],[-300,-160]],[[60351,45026],[-53,457],[-209,365]],[[61008,47561],[341,-232],[142,-321],[33,-207]],[[61244,45245],[96,-148],[438,-90],[205,47],[152,170],[432,71],[1173,6]],[[62119,38054],[190,-4],[187,64]],[[63931,37336],[-38,-361],[-208,-738]],[[62947,36501],[-451,230],[-931,-426],[-140,805],[-64,1235]],[[66107,40934],[0,0]],[[65923,41071],[71,-136],[113,-1]],[[66107,40934],[-457,-268],[-1259,-470],[-250,-482]],[[64141,39714],[-95,-11],[-53,-132]],[[58821,40014],[-259,105],[-232,295],[-250,572],[-147,534]],[[57933,41520],[27,361],[174,220]],[[58134,42101],[630,99],[49,177],[-26,222]],[[62903,42043],[9,203],[202,-114],[354,79],[138,-103]],[[63606,42108],[188,148],[165,-53],[491,37]],[[64450,42240],[174,-140],[111,-12],[410,125],[448,43],[32,47],[-34,360],[321,7]],[[60927,44764],[258,171],[97,-91],[57,-250]],[[61339,44594],[252,-324]],[[61591,44270],[569,-1027]],[[60118,44547],[233,479]],[[60351,45026],[164,-20],[412,-242]],[[65125,46215],[62,-56],[98,-161]],[[65386,45607],[99,-137],[-94,-238]],[[65391,45232],[-821,-107],[-830,176]],[[63740,45301],[-967,5],[-638,-82],[182,783]],[[63926,46393],[61,-181],[143,-132],[133,-39]],[[76665,64340],[886,-386]],[[78070,63970],[121,-77],[104,-9]],[[81725,63154],[-57,-309]],[[74603,62538],[140,388]],[[72849,63070],[-164,166],[433,286],[274,354],[148,352],[128,746],[-32,137],[-125,141]],[[73511,65252],[83,66],[305,49],[156,-72],[303,19],[338,-162],[343,-43],[100,-866],[-233,-486],[-157,-511],[430,30],[1228,-318],[128,307],[164,215],[-63,759],[29,101]],[[77784,43065],[267,-530],[124,-764]],[[78334,39053],[-124,-451]],[[78285,38015],[-88,-571]],[[74954,36971],[-53,80]],[[74901,37051],[-153,-45]],[[74748,37006],[-438,178],[-679,15]],[[72729,37325],[-673,276],[-752,-777]],[[70226,35971],[-194,-107],[-331,-93]],[[69728,38357],[23,693],[34,144]],[[70814,41080],[427,287],[435,516]],[[71900,42004],[213,22],[60,-51],[-79,-255],[-9,-240],[77,-113],[553,232],[324,290],[210,45]],[[73249,41934],[309,-530],[106,-447],[1127,1609],[232,821],[152,48],[583,927]],[[75758,44362],[291,-142]],[[58152,40854],[253,-548],[207,-224],[209,-68]],[[58821,40014],[389,3],[302,-259],[167,-32],[184,-140],[867,-136],[562,80],[765,676],[54,130],[-15,214],[1120,-808],[777,-171]],[[63993,39571],[-134,-588],[72,-1647]],[[63931,37336],[-281,238],[-1154,540]],[[62496,38114],[-377,-60]],[[62119,38054],[-22,330],[-194,-137],[-542,98]],[[61361,38345],[58,-1116]],[[59664,34265],[-1058,-156],[-494,-2]],[[55216,36771],[225,465],[-425,1159]],[[55016,38395],[353,1551],[87,755],[1515,-163],[160,144],[1021,172]],[[89762,54568],[-336,-202]],[[87840,56397],[-78,73],[-94,333]],[[87446,57110],[-16,157],[114,404]],[[85909,59123],[-890,548],[-361,132]],[[86981,62915],[135,-123],[701,-78],[331,49],[126,66],[186,215],[33,195],[402,196],[62,174],[132,65],[634,-110],[787,231],[1217,134],[12,-139],[279,-538],[2,-91],[-156,-282],[39,-327],[153,-183],[297,-96],[479,-2757],[187,-501],[521,-478],[-118,-51],[-449,17],[-287,-99],[-210,-165],[-201,-377],[-68,-476],[63,-737],[173,-469],[229,-260]],[[68952,46553],[1225,777]],[[70177,47330],[467,-269]],[[70644,47061],[10,-1588],[87,-70]],[[70741,45403],[17,-122],[446,23],[295,-104],[585,431],[-107,-1368],[38,-743]],[[72015,43520],[315,329],[131,12],[124,-205],[74,-723],[53,-58],[342,-78],[178,-141],[208,-351]],[[73440,42305],[8,-255]],[[73448,42050],[-250,-147],[-219,-49],[-343,-302],[-474,-185],[-60,49],[-24,187],[95,391],[-273,10]],[[71900,42004],[-224,-121]],[[71676,41883],[-526,-598],[-768,-417],[-219,-39],[-254,180],[-653,236],[-43,108],[123,1053],[-46,411]],[[69290,42817],[-578,-2],[-98,-651],[-484,188],[-383,-76],[-88,-669],[-299,-526],[-451,30]],[[66909,41111],[-764,-172],[-178,17],[-44,115]],[[65923,41071],[118,1160],[-23,340],[-106,99]],[[65912,42670],[-393,6],[-94,73],[-11,82]],[[65414,42831],[24,912],[-56,337],[43,599]],[[65425,44679],[-43,456],[50,223],[53,112],[325,-27]],[[67064,47148],[365,78]],[[67875,47445],[521,91],[138,-12],[151,-152],[179,-774]],[[60118,44547],[-234,-15],[-236,-90],[-168,-137],[293,-297],[496,-232],[10,-204],[-184,-227],[49,-281],[528,-6],[1488,185]],[[62160,43243],[720,-911],[23,-289]],[[62903,42043],[-994,-1399],[-1039,439],[-597,323],[-527,698],[-725,416],[-234,79]],[[58787,42599],[-11,144]],[[58776,42743],[87,254],[-328,538],[221,370]],[[58756,43905],[58,393],[-220,267],[-631,87]],[[57963,44652],[-634,-95],[-316,37],[-300,157],[-511,407]],[[56202,45158],[269,146],[973,110]],[[58033,45670],[281,287]],[[60575,47523],[433,38]],[[61008,47561],[-284,-328],[-360,-979],[-275,-406]],[[60089,45848],[152,-217],[110,-455],[-34,-265],[-199,-364]],[[81637,63643],[88,-489]],[[81725,63154],[-168,-118],[-320,-54],[-328,204],[-272,289],[-313,219],[-656,181],[-477,-94],[-80,147],[29,198],[-223,10],[-622,-252]],[[78295,63884],[-225,86]],[[78070,63970],[-519,-16]],[[77551,63954],[-1273,545]],[[76278,64499],[-109,134]],[[76169,64633],[-26,128],[-7,922]],[[76136,65683],[-225,654],[-92,452],[59,124],[-76,104],[5,108],[-1504,2],[-329,293],[-166,-194],[-11,-140],[61,-123],[-35,-463],[-64,-106],[-226,-156]],[[73533,66238],[-529,56],[-184,207],[-142,50],[-129,-27],[-171,-261],[-119,-54],[-198,23],[-518,363],[-161,189],[32,432],[206,481],[107,138],[338,-92],[127,232],[96,69],[497,3],[387,83],[165,171],[-137,433],[18,82],[340,198],[220,270],[81,18],[217,-94],[315,414],[436,149],[461,361],[126,143],[35,138],[1,741],[140,97],[65,-15],[92,-148],[11,-257],[87,-52],[109,87],[153,262],[367,123],[75,-51],[220,-939],[413,-705],[61,-318],[131,-93],[282,-30],[288,-203],[116,10],[96,318],[261,253],[488,42],[388,273],[260,-9],[351,-169],[656,187],[232,-230]],[[86981,62915],[-260,-171],[-1049,-444],[-868,14],[-83,-478],[32,-868],[-95,-1165]],[[84658,59803],[-361,-49],[-939,182]],[[81581,60866],[115,1329],[-28,650]],[[81668,62845],[59,320],[-90,478]],[[81637,63643],[20,264],[243,1027],[-1999,185],[-140,60],[21,127],[-48,100],[-197,-101],[-111,16],[73,415],[269,322],[-59,234],[69,261],[85,124],[609,-108],[379,74],[39,1016],[-115,985],[17,943]],[[80792,69587],[526,78],[662,347],[643,176],[761,89],[238,18],[605,-325],[173,-34],[161,50],[134,168],[100,43],[86,-71],[11,-168],[103,-85],[-77,-300],[-10,-438],[43,-80],[609,-220],[94,-171],[37,-316],[-157,-714],[-18,-324],[544,-313],[506,-598],[-66,-231],[183,-475],[17,-174],[-57,-270],[-429,-1105],[258,-339],[375,-249],[120,-170],[14,-471]],[[58574,47124],[32,-216],[-41,-320],[-168,-309],[-81,-320],[-283,-289]],[[58033,45670],[-589,-256]],[[57444,45414],[-822,-80],[-309,-86],[-140,-113],[-335,-647],[-104,-98],[-341,-110],[-149,-2]],[[55244,44278],[-138,81]],[[55106,44359],[-519,1041]],[[54587,45400],[-423,17],[-341,190],[-137,-21],[-117,-152],[-32,-146],[-124,-1251],[-163,-337]],[[53250,43700],[-894,-220],[10,100]],[[52366,43580],[-160,185],[-498,7],[-320,84],[-417,366],[-785,397],[-359,866],[-271,148],[-159,-101],[-90,-337],[118,-763],[214,-339],[624,-658],[248,-605],[-153,-457],[-473,-385],[-779,-256],[-911,-6],[-233,-210],[-56,-465],[182,-473]],[[48088,40578],[-24,-335],[-80,-179]],[[47101,40425],[-719,1110],[2,320],[108,581]],[[46551,43680],[125,368],[98,164],[370,302],[575,594],[79,280]],[[48595,46454],[788,887],[203,29],[213,-78],[254,-7],[268,34],[86,-147],[238,-40],[255,339],[306,706]],[[51206,48177],[1941,-1139]],[[53147,47038],[647,1199],[50,165],[-57,595],[268,296],[189,-54]],[[56864,50969],[863,230],[408,92],[-23,-640],[276,-1701]],[[52767,54301],[197,-292],[708,-262]],[[53932,49510],[123,-217],[-283,-301],[-1096,120]],[[52676,49112],[-923,-39]],[[51753,49073],[-456,-692],[-511,-1115],[-141,-134],[-204,26],[-127,179],[-160,738]],[[50000,48145],[-205,400],[-78,429],[-99,254],[196,37],[468,-51],[65,40],[4,89]],[[50109,49623],[58,356],[-49,279],[174,194],[110,249],[-69,15],[-784,-568],[-190,-81],[-1461,424],[-252,1276]],[[46913,53064],[-51,300]],[[49205,54842],[-35,158]],[[51683,55181],[56,-317],[173,28],[42,1095]],[[51892,57068],[1166,81],[88,-109]],[[44777,67282],[910,-569],[746,-577],[3471,-3487]],[[44210,57332],[-286,267],[-404,268],[-539,637],[179,148]],[[42299,62967],[-164,178]],[[41595,67589],[-181,1062]],[[41010,70272],[893,135],[113,-38],[63,-77]],[[62008,29310],[2,350]],[[59071,29788],[-12,59]],[[59235,31334],[-40,110]],[[59483,32148],[462,76],[1616,57],[182,-183],[51,-215]],[[63591,30807],[200,-319],[632,-173],[-81,-1140],[-122,-689]],[[47555,45765],[-371,762]],[[42134,51029],[146,46]],[[42366,51867],[151,378],[261,458]],[[42778,52703],[213,187],[580,213],[291,355],[26,228],[-121,225],[7,89],[53,76],[238,20],[71,59],[46,112]],[[44182,54267],[-101,338]],[[46569,53851],[229,-322],[115,-465]],[[46913,53064],[733,-1297]],[[47646,51767],[243,-1122],[9,-154],[-151,-133],[-25,-123],[98,-1285]],[[54062,61128],[1597,715]],[[55659,61843],[1152,-1945],[121,-398]],[[56926,59297],[-327,-972],[-233,-184],[-691,-183],[-394,116]],[[52712,57334],[309,-156],[-1129,-110]],[[51892,57068],[62,-1081]],[[51954,55987],[-19,-957],[-48,-152],[-148,-14],[-322,1657],[-469,55],[-616,431]],[[48749,56878],[456,-2036]],[[49205,54842],[-434,-171],[133,-582],[-68,-112],[-598,-156],[-238,-237],[-1138,-220]],[[46862,53364],[-293,487]],[[46569,53851],[-88,893],[-2400,-139]],[[44081,54605],[50,250],[215,227],[203,109]],[[44156,56157],[-170,69],[243,983],[-19,123]],[[44210,57332],[580,135],[132,-229],[197,-175],[404,47],[287,-53],[505,18],[397,281],[309,301],[634,217],[299,367],[-871,-48],[-116,1194],[-47,1466],[1688,1],[339,592],[957,1203]],[[49904,62649],[1916,-1661],[365,-216],[781,60],[1096,296]],[[34203,81464],[308,-163]],[[35889,80237],[1013,-518]],[[38103,78861],[-74,-267],[-591,-914]],[[37275,77282],[-1936,-217],[-536,-92],[-89,-75],[-161,-453],[89,-987],[-76,-962],[107,-279],[245,-79],[226,117],[99,-8],[405,-214],[294,28],[691,-258],[764,-54],[176,861]],[[37573,74610],[-17,1103],[159,243]],[[39376,75714],[1241,-277],[239,-152]],[[40888,74816],[371,-602],[54,-171],[-16,-191]],[[41297,73852],[-441,-96],[-1771,-120],[-332,-87],[-270,48],[-107,-408],[-99,-171],[745,-359],[160,84],[132,-19],[194,-95],[303,-421],[509,-112],[356,-276]],[[40676,71820],[756,-158]],[[41987,70378],[-977,-106]],[[41010,70272],[-173,-130],[-80,-165],[-14,-185],[132,-327],[504,2],[161,-207],[-126,-609]],[[41414,68651],[68,-459]],[[35445,71177],[200,1861]],[[31459,79111],[-158,1575],[215,706],[341,296],[-13,122],[-279,76],[250,290]],[[44178,79074],[89,-273],[-465,-29]],[[43802,78772],[15,-257],[102,-202],[-60,-137],[-94,-27],[-561,108],[-452,231],[-1599,219],[-287,-383]],[[40866,78324],[-223,-749],[-602,-330]],[[39029,76844],[-1314,-888]],[[37715,75956],[-152,-229]],[[37563,75727],[-123,432],[-33,916],[-132,207]],[[37275,77282],[22,139],[141,259]],[[37438,77680],[539,833]],[[40041,77245],[583,316]],[[40624,77561],[322,-302],[344,-213],[300,-474],[796,-330],[810,92]],[[43196,76334],[1405,-191],[264,-512]],[[46583,77307],[165,-137],[711,-243],[511,-42]],[[47970,76885],[568,205],[146,-52],[554,-922],[11,-425],[-152,-759]],[[49038,74765],[-108,-97],[-207,-89],[-337,-34],[-1135,40]],[[47349,73541],[-1775,-13],[-89,-297],[-288,-293],[-372,-104],[-4,-196],[106,-84],[106,-222],[61,-565],[110,-80],[140,-224],[91,-610],[61,-104],[231,-133]],[[45036,67131],[-259,151]],[[44777,67282],[-205,246],[-389,154],[225,268],[-13,94],[-85,43],[-376,-19],[-23,59],[87,251],[141,247],[-79,135],[-173,-43],[-191,-199],[-41,-556],[-70,-23],[-555,217],[-438,58],[-87,114],[-114,382],[-362,-13],[-105,44],[-99,138],[-89,459],[31,227],[290,621],[22,106]],[[42079,70292],[-92,86]],[[41987,70378],[14,163],[-377,445],[-82,235],[5,299],[-115,142]],[[41432,71662],[-595,108]],[[40837,71770],[95,151],[27,258],[-145,531],[71,162],[312,265],[175,452]],[[41372,73589],[-79,288],[20,166],[-169,391],[-256,382]],[[40888,74816],[-32,469]],[[40856,75285],[-77,86],[-1403,343]],[[39376,75714],[-74,130],[74,434],[-123,265],[-224,301]],[[39029,76844],[107,378],[29,959],[227,-318],[649,-618]],[[35645,73038],[-102,-1228],[-105,-519],[90,-371]],[[33584,67249],[-66,60]],[[31450,67372],[-670,-321]],[[31502,75544],[244,582],[134,815]],[[30707,77126],[370,536],[382,1449]],[[31459,79111],[391,10],[604,267],[325,-20],[44,-605],[153,-335],[65,-407],[206,-254],[143,-345],[60,-27],[124,-253],[97,-259],[-16,-594],[94,-201],[146,-141],[32,-304],[210,-375],[-62,-127],[-115,-653],[-99,-133],[-185,-97],[-304,-51],[-404,115],[-339,4],[-175,-191],[0,-285],[103,-190],[-123,-231],[37,-301],[298,-3],[233,87],[1823,-195],[820,21]],[[31880,76941],[-204,-1049],[-174,-348]],[[31502,75544],[-182,-927],[-100,-1692],[-290,-343],[-61,-165],[-644,24],[-247,63],[-222,133],[-646,88],[288,-432],[66,-306],[-143,-1021],[-225,-570],[189,-210],[-154,-450],[-343,-501],[1066,-639],[608,-530],[226,-341],[89,-373],[3,-301]],[[30780,67051],[131,42],[-125,-148]],[[30765,65862],[-305,75],[-174,-192],[-348,-232],[-271,-444],[-1490,-1366],[-166,-56],[-992,152],[-368,-16],[-995,-425],[-681,-392],[-1877,-217],[-279,32],[-494,194],[-322,657],[-351,305],[-84,498],[-118,334],[-189,267],[16,151],[174,153],[1362,650],[301,-144],[125,-198],[352,-341],[347,-23],[621,-165],[546,-261],[795,-23],[743,498],[980,1409],[45,180],[-56,251],[45,393],[-40,105],[-521,259],[-580,587],[-202,471],[107,467],[-91,179],[-323,117],[-97,111],[45,500],[346,473],[40,258],[-154,533],[21,208],[-88,54],[-346,-114],[-384,27],[-758,182],[-171,192],[-162,-42],[-406,114],[28,362],[-34,204],[-204,210],[-57,194],[300,1115],[317,770],[-11,210],[-205,329],[148,283],[491,572],[128,4],[328,-129],[383,-292],[346,-700],[198,-245],[501,-432],[339,-104],[162,30],[92,82],[268,447],[21,849],[63,238],[426,405],[946,265],[675,35],[46,-74],[345,-181],[9,-323],[765,755]],[[30707,77126],[1173,-185]],[[41482,68192],[113,-603]],[[41595,67589],[-18,-608],[-164,-847],[29,-612],[136,-556],[586,-901],[-29,-920]],[[42135,63145],[-925,-363]],[[38709,64597],[-131,-68],[-99,-106]],[[34000,64456],[-545,574]],[[34011,66746],[-427,503]],[[33584,67249],[193,174],[73,152],[111,635],[-14,183],[174,708],[73,87],[159,117],[239,-2],[591,-136],[66,65],[31,572],[285,561],[-47,183],[10,372]],[[35528,70920],[-83,257]],[[35445,71177],[1191,-657],[981,-443],[934,-134],[353,-187],[173,-32],[522,-503],[417,-312],[1466,-717]],[[32670,88477],[687,-449],[79,-158],[-15,-852],[187,-879],[41,-369]],[[33649,85770],[-68,-561],[129,-742],[808,-23]],[[34518,84444],[988,120],[472,-866]],[[35450,82875],[-945,-1583],[-302,172]],[[34203,81464],[-299,376],[-148,19],[-197,-92],[-63,-109],[-224,97],[-322,521],[-234,148],[-646,-108],[-255,-140]],[[31815,82176],[249,268],[-158,302],[-275,221],[-440,-27],[-334,-303],[-395,147],[-501,555],[-297,37]],[[31471,88883],[167,50],[771,-55]],[[42115,81555],[377,-25],[1512,-258],[539,-15],[447,28]],[[44947,84856],[803,142]],[[49377,79121],[-280,-56],[-301,11]],[[48472,78600],[-272,-110],[-997,201]],[[47203,78691],[-494,-52],[-700,547],[-322,53],[-275,-150],[-70,-368],[-515,-31]],[[44827,78690],[-551,93],[-98,291]],[[44178,79074],[-149,197],[-1452,-119],[-235,-113],[-313,-1],[-185,205],[-286,-179],[-205,-49],[-347,571],[-1059,284],[-191,-209],[-135,-478],[-138,-161],[-212,17],[-299,-134],[-131,-426],[-864,34]],[[37977,78513],[126,348]],[[38103,78861],[-34,143],[-215,335],[-303,248],[-649,132]],[[36902,79719],[-292,138]],[[36827,83193],[-869,519],[-247,514],[-225,336]],[[35486,84562],[106,168]],[[35592,84730],[26,170],[113,1174],[22,858],[738,-433],[1005,-226],[289,-185],[527,-527],[660,-176],[619,-380],[262,-50],[156,-192],[585,-101]],[[79727,34088],[-367,-1443]],[[80632,31428],[-67,-313],[-142,60]],[[78134,29699],[-156,-491],[-163,-731],[-57,-602],[-189,-791],[134,2002],[-344,476],[-415,924]],[[76944,30486],[-283,458],[884,-66],[554,97],[-93,931],[-65,153]],[[77941,32059],[687,167]],[[77011,34938],[260,-201],[22,-124],[-515,-796],[-52,-364]],[[76726,33453],[-348,-78],[-297,-211],[-302,-125],[-747,-183],[22,890],[30,68],[184,92],[-197,398],[153,946],[197,81],[482,40]],[[75903,35371],[264,-354]],[[73711,35379],[-40,-378],[-333,-223],[-782,-78]],[[72556,34700],[-332,219],[-235,-17],[-339,95],[-198,209],[-258,-154],[-1255,220]],[[69939,35272],[-757,426],[619,89],[425,184]],[[70226,35971],[258,253],[148,37],[672,563]],[[71304,36824],[717,768],[105,7],[603,-274]],[[72729,37325],[902,-126]],[[73631,37199],[501,-1]],[[74132,37198],[-48,-387],[-214,-449],[-281,-372],[20,-95],[191,-156],[45,-100],[-134,-260]],[[72203,32640],[353,-358],[379,-632]],[[72935,31650],[402,47],[289,118],[210,-234],[844,30],[476,-79],[-346,-408],[-65,-236]],[[74745,30888],[-75,-22],[-466,-7],[-2290,319],[-477,258],[-173,1096]],[[71264,32532],[447,164],[492,-56]],[[64595,9872],[-475,-401],[-390,-423],[-718,-1277],[-186,-152],[-340,-141],[-870,-200],[-170,-191],[-436,-135],[-58,-124],[-21,-523],[-798,-513],[-313,-315],[-346,-45],[-367,33],[-629,192],[-255,298],[-330,607],[-375,262],[392,819],[529,657]],[[58439,8300],[735,571],[327,376],[198,433],[78,419],[111,266],[125,130],[1039,645],[-320,327]],[[60732,11467],[1318,536]],[[61077,13662],[-300,949],[-1015,3398],[446,34]],[[60834,18348],[-648,394],[324,914]],[[60510,19656],[685,230],[265,9],[224,-157],[150,-341],[27,-362],[-178,-286],[-849,-401]],[[85680,21998],[898,-524],[166,-64]],[[89522,16779],[-626,18],[-1594,-383]],[[84830,20432],[59,77]],[[78528,20066],[-1513,278]],[[75103,23282],[794,170]],[[88695,20125],[-268,844]],[[86783,23615],[387,-27]],[[89346,24639],[-46,-152],[86,-295],[325,-397],[609,-183],[1133,-133],[543,-344],[639,-532],[264,-338],[343,-845],[218,-290],[371,-177],[705,-130],[46,-166],[-26,-220],[-269,-214],[-380,-164],[-614,-589],[-168,-238],[-3565,308]],[[83548,26932],[797,457]],[[84345,27389],[94,-227]],[[80649,24309],[-780,-732],[-111,-59],[-244,-3]],[[79514,23515],[-920,1284],[-273,579],[891,346],[-209,1016],[-21,510],[-88,169],[-497,581],[-577,503]],[[77820,28503],[314,1196]],[[78134,29699],[226,434],[242,324],[397,379],[902,314],[522,25]],[[80423,31175],[610,-257]],[[82592,29595],[273,-263],[-285,-353],[-54,-277],[374,-1993],[648,223]],[[64595,9872],[-2030,-341],[-304,-80],[-215,-129],[-284,2],[-333,140],[-816,-30],[242,504],[-78,77],[1973,904],[-455,590],[-245,494]],[[62050,12003],[1083,458]],[[63133,12461],[1085,-997],[832,278],[361,49],[670,877],[485,389],[322,158],[417,101],[497,-27]],[[67802,13289],[-296,-157],[-1420,-1109],[-445,-835],[-516,-827],[-530,-489]],[[83986,35657],[26,-136],[184,-290],[98,-334],[-593,432],[-358,648]],[[83343,35977],[-648,759],[-455,685],[-371,125],[-245,202],[-849,0],[-292,120],[-148,-290],[-49,-241],[150,-616],[30,-857]],[[80466,35864],[98,-784]],[[80002,35133],[-275,-1045]],[[79727,34088],[-136,-2],[-128,-213],[-184,-558],[-208,-435],[-43,-250],[-169,-210],[-231,-194]],[[78628,32226],[-203,-72],[-382,-97],[-214,37],[-291,488],[-402,426],[-324,210],[-87,243],[91,439],[477,713],[525,-208]],[[78243,35624],[-63,1086],[14,713],[91,592]],[[78285,38015],[-75,587]],[[78210,38602],[104,431],[200,171],[573,220],[298,103]],[[79628,39532],[394,-148],[429,-265]],[[82129,34347],[115,-110],[193,-557]],[[82437,33680],[-663,-788]],[[81060,32100],[-428,-672]],[[80632,31428],[-323,543],[-216,178],[-221,3],[-512,493]],[[79360,32645],[642,2488]],[[80002,35133],[562,-53]],[[80564,35080],[24,-651],[42,-171],[1499,89]],[[85113,33917],[377,552],[-290,-858],[-231,-373],[-520,-681],[-376,-31],[-405,5]],[[82478,33729],[811,1100]],[[83289,34829],[443,473]],[[83732,35302],[562,-405],[37,-202],[122,-227],[73,-393]],[[84088,23437],[-258,189],[-451,89],[-229,-39],[-29,-106],[113,-140],[693,-521],[333,-122],[-50,-202],[-320,-161],[74,-571],[102,-370],[161,-310],[251,-304],[411,-360]],[[84889,20509],[-12,-64],[-179,-21]],[[83668,32531],[781,26],[411,536],[1140,-162]],[[87598,29602],[1456,-1135]],[[89352,27396],[44,-599],[589,-1063],[45,-161],[-15,-102],[-669,-832]],[[89346,24639],[-1671,-873],[-505,-178]],[[87170,23588],[-306,13],[-667,121]],[[83815,25670],[503,360],[227,495],[-106,637]],[[84439,27162],[-302,729]],[[84137,27891],[-74,441],[292,1503],[-566,-753],[-182,-122],[-270,12],[-262,125]],[[83075,29097],[-483,498]],[[82592,29595],[-392,125],[-205,155],[-508,604],[-454,439]],[[81033,30918],[-468,197],[93,400],[402,585]],[[81060,32100],[44,195],[670,597]],[[81774,32892],[704,837]],[[82478,33729],[167,-144],[356,-135],[116,-103],[455,-761],[96,-55]],[[90251,31922],[710,434],[981,72],[963,-145],[196,-109],[274,-280],[0,-161],[-310,-1029],[-349,-788],[-288,-375],[-482,-491],[-285,780]],[[45668,85002],[72,13],[-793,-159]],[[44947,84856],[-715,-894],[-239,-546],[-41,-562],[336,-801],[702,-768]],[[44990,81285],[-986,-13],[-1889,283]],[[42115,81555],[-461,-93],[-912,1083],[71,86],[-217,986],[-41,587],[39,458]],[[40594,84662],[1208,151],[261,-21],[538,1345],[102,1008],[254,-339],[593,-227],[730,-11],[107,59]],[[50611,83585],[-575,-190],[-303,-20],[-891,179]],[[49200,87152],[6,53],[1294,-307],[702,-243],[943,-143],[-28,-164],[69,-558],[-47,-924],[47,-903],[-1184,64]],[[49268,90857],[1894,-214],[-83,1363],[-39,67]],[[50140,92634],[-148,566],[3357,9],[173,737],[115,1206],[625,-33],[-66,-359],[25,-804],[274,-823],[83,-1641],[-200,-71],[-86,-97],[-60,-356],[58,-196],[31,-719],[80,-357],[-557,163],[-705,423],[-389,72],[-38,-405],[26,-1105],[-61,-520],[-634,-45],[-1772,40],[-1184,-159]],[[47349,84801],[-117,-488],[17,-337],[83,-236],[174,-138],[142,-11],[734,195],[320,-88],[140,-144]],[[48842,83554],[357,-47],[293,-112],[350,-20],[769,210]],[[50611,83585],[391,442]],[[51002,84027],[510,-30],[-97,-72],[-28,-176],[22,-1878],[-200,-723],[70,-1036],[80,-170],[38,-264],[-37,-424],[30,-1132],[95,-1535],[-55,-223],[-350,-447],[-335,-547],[-559,-409]],[[50186,74961],[69,674],[-84,2021],[-225,130],[-218,-1],[-388,501]],[[49340,78286],[-1089,225],[221,89]],[[48472,78600],[324,476]],[[48796,79076],[581,45]],[[49377,79121],[171,105],[0,172],[-276,168],[-968,-185],[-362,30],[-251,510],[16,210],[121,281],[349,303],[235,126],[88,178],[12,158],[-197,487],[-36,360],[-247,232],[-515,-10],[-318,118],[-239,337],[-196,572],[-25,346],[-302,157],[-415,-349],[-307,-81],[-511,227],[-233,244],[-25,346],[196,275],[463,478],[145,82]],[[45750,84998],[-60,-11],[193,108],[447,96]],[[48533,69267],[-175,-377],[-232,-224],[-133,-40]],[[49745,68615],[-406,-316],[-34,-206],[106,-185],[-26,-152],[-687,-508],[-130,-233],[-102,-405],[140,-442],[-148,-228],[-239,-180],[-146,-394],[50,-204],[288,-180],[220,-217],[513,233]],[[49326,64468],[294,-1577],[-3187,3245],[-313,269],[-1084,726]],[[45036,67131],[72,356],[274,18],[78,74],[-5,153],[-195,375],[4,135],[90,169],[175,162],[186,45],[252,238],[245,500],[-107,132],[-45,291],[-299,636],[-34,201]],[[45727,70616],[264,-139],[292,-1],[546,272],[665,240],[607,-117],[193,-186],[121,-248],[19,-433],[121,-219],[201,-184]],[[45894,77095],[689,212]],[[46583,77307],[49,-663],[-51,-1356],[-372,-1341],[-223,45],[-556,-233],[-565,1872]],[[44865,75631],[-272,513]],[[44593,76144],[-51,665],[44,261],[269,242],[192,51],[585,-246],[262,-22]],[[67511,35215],[256,-499]],[[68479,31210],[317,-1988],[545,-141],[-45,-52],[8,-123],[208,-1084],[570,-686]],[[70268,25849],[-841,-41]],[[69427,25808],[-704,-148],[-2555,-1403],[-342,-75],[-234,54],[-272,152],[-519,20],[-265,-70],[-222,-211],[-399,22],[-734,336]],[[63181,24485],[-940,1005]],[[62329,26103],[-20,374],[84,427],[183,374],[330,308],[822,255]],[[64185,27872],[6,389],[185,1233],[47,821],[885,-347]],[[65253,30778],[300,1215],[-50,207]],[[65000,32667],[-388,247],[-295,94]],[[64085,32812],[-90,3],[-453,668],[-208,693]],[[66100,35038],[950,124]],[[62010,29660],[-3,-361],[-150,-425]],[[62518,27177],[-178,-453],[-11,-621]],[[62329,26103],[-88,-613]],[[62241,25490],[-314,359]],[[61927,25849],[-1025,-671]],[[60902,25178],[-706,-581]],[[59629,27217],[-558,2571]],[[59071,29788],[1333,285],[94,273],[103,97],[603,108],[84,-89],[573,79],[149,-881]],[[62722,33133],[755,115],[24,345],[499,-780],[-112,-85],[-162,-9],[-2247,42]],[[61434,32295],[-1001,-24],[-950,-123]],[[59483,32148],[-70,-365],[-218,-339]],[[59195,31444],[-41,114]],[[56292,31468],[-445,-158]],[[55847,31310],[-959,228]],[[54888,31538],[-481,395],[-319,519]],[[53969,33195],[10,423],[389,415],[402,895],[274,768]],[[54979,36415],[237,356]],[[55216,36771],[1220,174],[661,-32],[-118,-1367],[29,-1066],[215,97],[471,421],[-37,-302],[65,-285],[390,-304]],[[58112,34107],[124,-27],[1428,185]],[[59664,34265],[49,166],[41,950],[670,627],[70,1130],[925,91]],[[61419,37229],[159,-1102],[47,-1385]],[[55602,21572],[-1016,-149],[-552,-216],[-280,-183],[-925,-228],[120,-442],[1105,41]],[[54054,20395],[568,-36],[583,-114],[1847,5],[77,-422]],[[54938,18505],[-751,-90]],[[49301,18190],[-203,1980],[-142,770]],[[51428,21937],[2816,427],[1672,117],[119,-732],[-433,-177]],[[77015,20344],[-1016,454]],[[75999,20798],[-325,-222],[-240,356],[-136,-43],[-163,-116],[-95,-166],[-62,-288],[-144,-270],[-237,-154],[-361,-848],[-803,-1015],[-187,-169],[-166,-18],[-341,234],[-774,358],[-614,160],[-377,31]],[[70974,18628],[-452,-136],[-527,-325]],[[74863,23213],[240,69]],[[75103,23282],[636,-744],[540,-853],[736,-1341]],[[33239,19815],[79,301]],[[31060,22040],[479,-253]],[[33152,22185],[336,-637]],[[63240,22292],[1068,-1607],[-152,-154],[-403,-80],[-439,84],[-881,-310],[-174,93]],[[62259,20318],[-302,699],[-37,408]],[[62983,22060],[138,32],[119,78],[0,122]],[[76118,26458],[-769,886]],[[75349,27344],[-135,239],[-394,1110]],[[74820,28693],[1262,729],[578,249],[581,139]],[[77241,29810],[471,-797],[-143,-1929],[-172,-268]],[[77397,26816],[-343,-235]],[[77054,26581],[-757,-119],[-179,-4]],[[74352,30851],[45,-742],[120,-512],[-293,163],[-1347,-55],[-29,-1255],[79,-586],[-30,-2506],[-501,1],[-1443,413]],[[70953,25772],[-685,77]],[[70268,25849],[-62,1040],[-124,247]],[[70082,27136],[-351,372],[-245,381],[-182,1017],[9,168],[1798,42],[47,93],[-23,101],[-266,572]],[[70753,30411],[-28,503],[55,236],[154,169],[386,3],[117,114],[338,-193],[342,-109],[2235,-283]],[[70814,41080],[165,-607],[61,-1108],[-1255,-171]],[[69785,39194],[-66,-382],[9,-455]],[[69728,38357],[-184,-1206],[206,-774],[-49,-606]],[[69701,35771],[-519,-73],[1037,-577],[871,-317]],[[71090,34804],[-38,-510],[-123,-128],[94,-181],[6,-375],[68,-109],[359,-183],[55,-87],[-83,-161],[-140,-110],[-75,-200],[-6,-191]],[[71207,32569],[84,-79],[143,-1076],[-114,-92],[-316,21],[-136,-58],[-140,-332],[25,-542]],[[70753,30411],[116,-529]],[[70869,29882],[115,-183],[174,-490],[-72,-114],[-788,31],[-924,-48],[-569,120],[-326,2012]],[[68479,31210],[-108,-79],[-54,-210],[-116,-28],[-173,50],[-156,221],[-210,168],[-412,181],[218,496],[65,279],[8,432],[-112,927],[215,186],[228,461],[-140,22],[35,400]],[[67767,34716],[-67,169],[-189,330]],[[67511,35215],[-394,-146],[-67,93]],[[67050,35162],[-753,-105]],[[66500,36107],[-55,202],[33,553],[408,146]],[[66886,37008],[1355,158]],[[68241,37166],[22,44],[84,846]],[[68347,38056],[-283,218],[-370,451],[39,226],[-80,346],[-17,458],[589,303],[485,74],[36,1218]],[[68746,41350],[74,154],[163,119],[267,70],[-37,-340],[61,-127],[635,-217],[192,-146],[201,-22],[512,239]],[[60196,24597],[-582,-561],[-289,47]],[[58013,25395],[653,473],[868,455]],[[59731,26779],[-102,438]],[[59629,27217],[783,-50],[-216,-2570]],[[62008,29310],[917,-123],[1295,-701]],[[64220,28486],[-35,-614]],[[64185,27872],[-457,-31]],[[63728,27841],[-642,-178],[-344,-193],[-224,-293]],[[62518,27177],[-184,244],[-306,240],[-466,494],[12,156],[283,563]],[[61857,28874],[151,436]],[[65000,32667],[503,-467]],[[65503,32200],[43,-100],[0,-206],[-293,-1116]],[[65253,30778],[55,-810]],[[65308,29968],[-1035,415],[-443,73],[-239,351]],[[63591,30807],[-397,396],[-322,216],[-1078,464]],[[61794,31883],[-22,163],[-162,208],[-176,41]],[[61434,32295],[45,466]],[[61479,32761],[2368,-39],[238,90]],[[64085,32812],[232,196]],[[64317,33008],[194,-43],[489,-298]],[[66500,36107],[-171,-416],[-32,-634]],[[66297,35057],[-197,-19]],[[66100,35038],[-728,-321],[-846,-629],[-338,301],[-400,-206],[-105,73],[-349,-80]],[[63334,34176],[167,-583],[-6,-318],[-54,-47],[-719,-95]],[[62722,33133],[-620,880],[-339,333],[-227,41],[89,355]],[[61625,34742],[-60,1563],[840,409],[140,9],[402,-222]],[[62947,36501],[738,-264]],[[63685,36237],[287,28],[406,210],[825,-14],[253,168]],[[65456,36629],[1022,233],[-27,-594],[49,-161]],[[50109,49623],[242,-280]],[[50351,49343],[-17,-105],[-716,-10],[235,-824],[147,-259]],[[50000,48145],[154,-70]],[[50154,48075],[167,-756],[-522,-27],[-309,86],[-185,-90],[-710,-834]],[[48595,46454],[-797,-1066]],[[47798,45388],[-35,163],[-208,214]],[[47555,45765],[218,469],[-22,987],[69,1729]],[[47820,48950],[-73,1408],[170,136],[1232,-394],[263,-26],[975,652],[-43,-193],[-226,-275],[48,-321],[-68,-180],[11,-134]],[[57380,13810],[136,-1017]],[[48650,17978],[651,212]],[[49301,18190],[482,-405],[670,461],[726,200],[981,122],[974,-153],[1053,0]],[[54187,18415],[1205,190]],[[48312,10550],[-372,-220]],[[47940,10330],[-456,-641]],[[47484,9689],[-248,-201],[-309,-216]],[[46927,9272],[-398,-52],[-349,38],[-456,138]],[[45724,9396],[-290,261],[-598,620]],[[39512,13775],[-221,109],[-466,501]],[[38825,14385],[-331,708],[771,895],[622,588],[849,548],[2136,1185]],[[42872,18309],[1213,460],[2485,1105],[22,-843],[78,-942],[1001,-115],[979,4]],[[57866,16099],[529,506]],[[58395,16605],[443,-1467],[15,-465],[-70,-197],[-139,-182],[-954,-1082]],[[57690,13212],[-73,90]],[[46814,34788],[-847,-4207],[-26,-309]],[[45999,29927],[-874,98]],[[44760,29977],[-338,-460],[-504,-557]],[[43088,28184],[-1197,-1385],[-1081,-769],[-1222,-738],[-850,-292]],[[38738,25000],[-652,-114]],[[38086,24886],[-1137,-79],[-1056,27],[-999,44]],[[32944,25081],[208,-2896]],[[33152,22185],[-1317,-681],[-296,283]],[[31539,21787],[-1768,817]],[[24919,24371],[311,2060],[30,1091]],[[27281,29811],[163,267]],[[27444,30078],[987,-836],[685,-243],[268,36],[265,173],[148,261],[225,609]],[[30022,30078],[102,-224]],[[30062,31538],[-13,369],[50,256]],[[32833,31951],[370,425],[768,-583]],[[46187,36120],[768,-18],[240,-149],[-67,-1086]],[[90251,31922],[1043,-1426],[367,-666]],[[91661,29830],[292,-800],[-465,-358],[-1274,205],[-133,-273],[-714,-791],[-15,-417]],[[89352,27396],[-298,1071]],[[89054,28467],[-1162,906]],[[88319,32020],[190,-118],[273,-64],[592,-30],[430,84],[-25,-146],[49,-31],[423,207]],[[43626,25263],[43,-380]],[[44581,19028],[-481,-251]],[[44100,18777],[-949,347],[-1463,-171],[-1369,-90],[-365,50],[-152,-87],[-247,1],[-376,289],[59,-922],[188,-425],[173,-246],[45,-216],[-993,-354],[-1555,-376],[-1034,954],[-569,313],[-1338,426]],[[34155,18270],[-759,62],[-258,194],[-120,781],[221,508]],[[33239,19815],[787,-43],[472,-122],[-74,1714],[92,209],[-1028,-25]],[[33488,21548],[-307,513],[-106,751],[-131,2269]],[[32944,25081],[966,-63],[984,-140]],[[34894,24878],[2420,-45]],[[37314,24833],[191,-367],[176,-639],[471,-856]],[[38152,22971],[940,92],[459,111],[68,-455]],[[39516,23369],[-60,195]],[[39456,23564],[44,384],[-34,618],[-129,624]],[[39337,25190],[1473,840],[882,598],[840,889]],[[29771,22604],[1289,-564]],[[31060,22040],[93,-2051],[2165,127]],[[33318,20116],[-300,-809],[61,-560],[59,-221],[88,-93],[374,-149]],[[33600,18284],[-394,-129],[-395,-11],[-254,-78],[-398,-198],[-324,-313],[-249,-446],[-309,-998]],[[31277,16111],[-86,-909],[-169,-260]],[[28419,13721],[-857,675]],[[27562,14396],[-12,217],[289,402],[-12,116],[-320,199],[1144,676],[216,974],[299,999],[-221,-246],[-318,-61],[-1229,-138],[-1222,-13],[130,-550],[93,-714],[276,-301],[-311,-623],[-57,-284],[112,-1080],[262,-616],[236,-963]],[[26917,12390],[-362,-482]],[[20913,17137],[-64,798],[0,941],[108,1177]],[[20957,20053],[366,-241]],[[22038,20367],[-214,1535]],[[21824,21902],[1530,236],[-26,1376]],[[24750,24140],[169,231]],[[24919,24371],[94,-556],[16,-1374],[53,-587],[-626,65],[-1097,-91],[-82,-1675],[336,91],[1165,42],[853,106],[1090,-198],[331,92],[84,-614],[746,-46],[841,-140],[472,47],[249,1803],[-81,658],[159,311],[249,299]],[[17938,18065],[-153,-808],[13,-276]],[[17301,16951],[-1508,-382],[-525,460]],[[14044,19373],[284,400]],[[17872,20927],[454,34]],[[18326,20961],[36,-690],[-108,-1399],[-56,-304],[-260,-503]],[[45623,28539],[175,-1339],[209,-74]],[[46616,25119],[-127,-316]],[[46264,24689],[-1466,-261],[-975,-145]],[[43664,24528],[-38,735]],[[43626,25263],[-624,1251],[-263,775],[-207,228]],[[42532,27517],[556,667]],[[43088,28184],[830,776]],[[43918,28960],[842,1017]],[[44760,29977],[365,48]],[[45125,30025],[746,-86],[-145,-341]],[[59154,31558],[81,-224]],[[59235,31334],[-176,-1487]],[[59059,29847],[672,-3068]],[[59731,26779],[-33,-298],[-164,-158]],[[59534,26323],[-1114,-632]],[[54653,29956],[1147,1030],[254,361]],[[56054,31347],[238,121]],[[56292,31468],[604,-39],[406,59],[771,-24],[1081,94]],[[54088,32452],[-664,56]],[[50674,31662],[-509,786],[-65,226]],[[52196,34188],[524,83],[478,-164],[785,-485],[-14,-427]],[[53969,33195],[119,-743]],[[52034,28745],[-196,-1520]],[[48813,23960],[-455,1128]],[[47516,29960],[-766,-149],[-751,116]],[[45999,29927],[-58,345]],[[45941,30272],[358,2100],[515,2416]],[[46814,34788],[314,79]],[[47128,34867],[52,710],[1141,18]],[[49246,35447],[144,-842]],[[49652,32831],[448,-158],[65,-225],[511,-790],[265,-600]],[[43823,24283],[2441,406]],[[46264,24689],[225,114]],[[46489,24803],[0,-97]],[[46609,24591],[251,-50],[1760,-115],[193,-466]],[[48813,23960],[44,-461],[104,-409]],[[48956,20940],[-838,-109],[-181,-139],[-394,-555],[-147,-70],[-349,-24]],[[47047,20043],[-466,-164],[-2000,-851]],[[44581,19028],[-44,3670],[55,349],[-1205,-50],[-1121,49],[17,1747],[1386,90]],[[43669,24883],[-5,-355]],[[43664,24528],[78,-193],[81,-52]],[[39619,22719],[-103,650]],[[39516,23369],[849,166],[233,133],[547,39],[150,-95],[439,-1083],[81,-465],[-114,-385],[-11,-436],[-1014,108],[-721,295],[-23,331],[-117,364],[-196,378]],[[51838,27225],[72,-510]],[[52098,22050],[-670,-113]],[[51428,21937],[-442,-296],[-1236,-476],[-794,-225]],[[48956,20940],[-76,379],[93,929],[-12,842]],[[48961,23090],[305,382],[125,247],[-191,1744],[-45,1228],[130,758],[159,143],[1174,203],[753,-648],[467,78]],[[48358,25088],[185,-375],[77,-287],[-2011,165]],[[46609,24591],[-120,115]],[[46489,24706],[127,413]],[[46616,25119],[-45,264],[-338,792],[-44,321],[393,428],[198,463],[-773,-261]],[[46007,27126],[-120,10],[-125,124],[16,246],[-128,572],[-27,461]],[[45623,28539],[193,473],[-105,298],[15,288]],[[45726,29598],[87,283],[58,58],[879,-128],[323,37],[443,112]],[[47516,29960],[864,475],[70,-672],[155,-659],[127,-1326],[-631,-129],[194,-347],[19,-796],[154,-887],[-110,-531]],[[55044,35696],[-676,-1663],[-385,-411],[-1002,580],[-261,69],[-293,-12],[-231,-71]],[[52196,34188],[-356,-288],[-394,-505],[-242,-193],[-880,-467],[-224,-61]],[[50100,32674],[-448,157]],[[49652,32831],[-230,160],[118,250],[-57,149],[-93,1215]],[[49390,34605],[-263,1690]],[[52009,39420],[848,377],[728,-94],[710,-230],[153,-127],[434,-586],[559,-1524],[-108,-289],[-354,-532]],[[54979,36415],[-47,-202],[112,-517]],[[54002,31524],[8,-413]],[[54010,31111],[548,-356],[95,-799]],[[54653,29956],[253,-630],[2499,10],[-36,-810],[69,-517],[-36,-2213],[1018,-105]],[[58420,25691],[-407,-296]],[[58013,25395],[-112,-186],[32,-163],[213,-190],[468,19],[260,-147],[215,-316],[62,-189],[174,-140]],[[59325,24083],[274,-45]],[[59599,24038],[55,-173],[-13,-183]],[[59641,23682],[-320,-408],[-329,-257]],[[58992,23017],[-1026,-129],[-402,-147]],[[57564,22741],[-1958,-316],[-1362,-61],[-2146,-314]],[[52098,22050],[-187,1885],[47,668],[-16,1165],[-32,947]],[[51910,26715],[-82,393],[206,1637]],[[52034,28745],[-17,685],[474,1236],[-458,404],[-421,148],[-671,-160]],[[50941,31058],[-267,604]],[[50674,31662],[724,354],[1143,400],[883,92]],[[53424,32508],[665,-58],[289,-469]],[[54378,31981],[-94,-184],[-282,-273]],[[83815,25670],[75,-585],[457,-467],[563,-359],[1287,-537]],[[86197,23722],[586,-107]],[[86783,23615],[70,-357],[-1000,-10],[-977,379],[-656,467],[-17,-309],[179,-442],[295,-177],[388,-119],[187,-334],[377,-256],[340,-123],[1268,-150],[341,21],[746,-430],[-2,-256],[105,-550]],[[88427,20969],[173,-611],[95,-233]],[[88695,20125],[260,-310],[605,-275]],[[89560,19540],[293,-57],[782,-66],[202,41],[341,-75],[1947,-151],[-87,-470],[111,-855],[-335,-1060],[-386,-11],[-563,296],[-279,65],[-274,-48],[-512,-204],[-407,-262],[-871,96]],[[89522,16779],[-746,942],[-722,589],[-399,971],[-108,86],[826,257],[98,95],[77,222],[-241,621],[-228,1140],[-276,248],[-403,186],[-97,-14],[243,-223],[-102,-85],[-1170,250],[470,-654]],[[86744,21410],[-1064,588]],[[85680,21998],[-1010,812],[-582,627]],[[84088,23437],[34,178],[-98,428],[37,214],[-33,111],[-255,159],[-415,35],[-926,-219],[-916,-617],[-1204,-570],[-394,-61],[-478,12],[-94,-58],[-39,-62],[29,-74],[461,-430],[359,-500],[562,-441],[71,-143],[-35,-106],[-270,233],[-421,230],[-107,-150],[-232,-906],[-47,-532],[39,-206],[-100,-56],[-113,45],[-49,-24],[16,-60],[392,-517],[335,-187],[681,-43],[1045,-384],[188,129],[-194,334],[-165,79],[-612,-43],[-77,72],[33,70],[103,99],[224,68],[301,-3],[1125,-220],[311,39],[275,194],[354,527],[366,230],[28,91],[-61,100],[47,75],[192,13],[337,-166]],[[84698,20424],[132,8]],[[84830,20432],[1197,-1426],[72,-42],[527,100],[421,-43],[92,-58],[5,-109],[-116,-91],[-380,39],[-585,-132],[-880,132],[-156,-74],[-78,-130],[13,-96],[137,-185],[1586,-1284],[617,-619]],[[87302,16414],[-783,-144]],[[86519,16270],[-784,550],[-865,319],[-348,290],[-468,101],[-288,176],[-189,-57],[-21,168],[-138,-10],[-225,193],[-411,-277],[-226,-285],[-699,88],[-1816,-27],[-1437,-176],[-1199,-298],[-399,-212],[-610,-564],[-58,-133],[57,-62],[345,36],[22,-74],[-169,-247],[-222,-165],[-2304,-799],[-1093,-444],[-1237,-690]],[[71737,13671],[-357,241]],[[71380,13912],[285,171],[46,-210]],[[71711,13873],[446,299],[963,770]],[[73120,14942],[361,437],[319,81],[350,-206],[234,63],[763,273],[846,480],[999,1307],[505,396],[1182,107],[932,351],[-103,269],[-980,1566]],[[78528,20066],[-210,451],[-170,741],[-379,464],[-313,613],[-36,339],[100,653],[-269,110],[-1354,15]],[[75897,23452],[-1034,-239]],[[74863,23213],[-739,-415],[-457,-342],[-1140,-1169],[-466,-330],[-492,-274],[-574,-114],[-528,-206],[-573,-386],[-779,-673],[-11,-835],[-78,-503],[44,-362],[82,-137],[843,700]],[[69995,18167],[359,221]],[[70354,18388],[-454,-661],[-443,-426],[-487,-621],[-119,-222],[-74,-616]],[[68777,15842],[-75,-182],[-231,-255],[-669,-523]],[[67802,14882],[-112,-223],[-271,-282]],[[67419,14377],[-752,-399],[-1493,-616],[-502,-131]],[[64672,13231],[-1633,-67],[-822,-521],[-1008,-409],[-904,-474],[-829,-11],[-385,-214],[-235,-259],[36,-68],[130,-4],[358,122],[235,-55],[84,-72],[-39,-55],[-891,-483],[-1298,-558],[-648,480],[-201,53],[-166,158],[-109,17],[-468,-229],[-490,-155],[-429,-334],[-174,-21],[176,-311],[568,-187],[159,-181],[183,-561],[-11,-684],[249,-1009]],[[56110,7139],[-1194,128],[-160,-39],[27,-180],[362,-439],[1160,-1011],[329,-660],[-53,-129],[-101,-79],[-181,0],[-655,567],[-298,185],[-721,167],[-280,-98],[-761,-430],[-1339,-1023],[-2140,-1393],[-1060,-787],[-706,-348],[-643,-411],[-214,-5],[-1080,-365],[-802,-185],[-385,809]],[[46746,5448],[586,484]],[[47332,5932],[667,756],[595,1126],[475,703],[538,655],[323,617],[-39,469],[-368,-46],[-249,34],[-249,203]],[[49025,10449],[-713,101]],[[48312,10550],[332,987],[38,928],[194,43],[705,369],[993,696],[1442,633],[1820,441],[934,501],[1624,502],[273,173],[537,701],[406,302],[458,823],[-80,115],[-860,310],[-977,110],[-255,347],[-173,-123],[-331,197]],[[55392,18605],[-454,-100]],[[54938,18505],[20,312],[392,156],[335,-106],[285,-6],[2138,-367],[-451,1411],[-528,-77]],[[57129,19828],[-81,442]],[[57048,20270],[14,-38],[762,69],[1192,335],[1043,388],[425,562],[1353,1385],[851,556],[930,372],[332,6],[948,-233],[665,-253],[538,-297],[302,-266],[381,-134],[107,70],[1130,-633],[644,-536],[439,-234],[1257,860],[1147,639],[943,403]],[[72451,23291],[1312,666],[781,187]],[[74544,24144],[858,15],[1299,136],[325,143],[174,191],[311,-148],[23,-206],[266,-330],[663,-275],[379,-95]],[[78842,23575],[916,-57],[891,791]],[[80649,24309],[793,158],[396,294],[952,334],[557,-4],[195,65],[273,514]],[[63332,22700],[-93,-267],[1,-263],[-257,-110]],[[62983,22060],[-172,47],[-374,-144],[-266,-230],[-80,-235],[-112,-111],[-59,38]],[[61920,21425],[-67,214]],[[61853,21639],[-152,56]],[[61701,21695],[-158,-173],[-271,-335]],[[61272,21187],[-344,-586],[-132,-373],[-252,-319]],[[60544,19909],[-45,-336],[-313,-831],[606,-357],[438,-387]],[[61230,17998],[636,-371]],[[61866,17627],[345,-380],[306,-354],[455,-717],[1290,-2274]],[[64262,13902],[195,-170],[181,-70],[225,91],[574,753],[192,488],[247,1087],[271,726],[317,642],[813,887],[243,615],[303,1148],[250,373],[-1517,316],[-720,367],[-1539,1136],[-495,173],[-190,245],[-151,57],[-129,-66]],[[60208,18043],[-881,-135]],[[59327,17908],[-347,-344]],[[58980,17564],[-534,-910],[-580,-555]],[[57866,16099],[-83,-420],[177,-399],[-24,-469],[-373,-1252],[54,-257]],[[57617,13302],[199,-246]],[[57816,13056],[250,-131],[427,-112],[968,-102],[514,221],[1102,730]],[[61077,13662],[978,51],[355,201],[118,187],[1,296],[-237,579],[-375,1204],[-267,472],[-427,540],[-510,524],[-505,327]],[[57516,12793],[-73,332],[-63,685]],[[57380,13810],[70,266],[196,381],[-65,992],[-166,175],[-238,-177],[-214,-381],[-325,-379],[-505,-234],[-881,-193],[-343,-168],[-302,-499],[-176,-147],[-463,88],[-445,-111],[-316,-253],[-135,-206],[17,-127],[118,-108],[298,-81],[170,-119],[250,-376],[823,-733],[155,-328],[83,-35],[144,156],[529,362],[658,841],[46,-94],[-70,-141],[-371,-543],[183,-30],[44,-115],[-36,-137],[61,-68],[435,244],[602,447],[470,185],[121,123],[-20,176],[-266,330]],[[45830,5147],[916,301]],[[46746,5448],[-168,-546],[-204,-1091],[-166,-1269],[-212,-344],[-781,-785]],[[45215,1413],[-413,736],[-278,12],[-929,-503],[-463,-303],[-160,-614],[-271,-165],[-353,-324],[-421,-240],[-134,-12],[-3020,574],[-989,76],[-1439,341],[-1023,22],[-727,114],[-214,158],[-197,303],[-854,1845],[-335,617],[-151,180],[-469,94],[-273,129],[-412,319],[-407,395]],[[31267,5449],[659,-113]],[[31926,5336],[1172,14],[697,-112],[247,-203],[592,-684],[609,-324],[876,-346],[994,-290],[1509,-200],[673,274],[579,972],[507,693],[344,362],[473,283],[425,90],[1472,0],[-34,-173],[187,-135],[810,-264],[878,-182],[894,36]],[[9057,31122],[-418,-1061]],[[9632,24314],[-155,-427]],[[9477,23887],[-269,-390],[-83,-386],[-56,-2824],[70,-564]],[[9139,19723],[-3312,-565]],[[2817,20453],[-337,318],[276,51],[106,206],[-960,2869],[-255,612],[-1647,2963],[266,581],[490,597],[374,570],[289,276],[366,144],[346,287],[1274,731],[1203,532],[237,75],[1740,-150],[1284,-191],[1318,848],[-130,-650]],[[5827,19158],[3320,567],[1493,65],[1738,220]],[[13803,19316],[241,57]],[[14044,19373],[206,-1113],[1018,-1231]],[[15268,17029],[535,-457],[1655,-1662]],[[17458,14910],[203,-333],[608,-726],[240,-445],[265,-677],[259,-374],[809,-855]],[[19842,11500],[1011,-836]],[[25041,10185],[595,593],[668,752],[1291,1729]],[[27595,13259],[625,601]],[[28220,13860],[199,-139]],[[28419,13721],[852,-91],[493,75],[286,430],[972,807]],[[31022,14942],[168,258]],[[31190,15200],[809,-263],[471,-358],[480,271],[1006,89],[51,230],[686,1111],[1256,-578],[-5,188],[-211,217],[-77,160],[46,116],[221,163],[245,73],[311,-146],[738,-773],[-1061,-885],[204,-582],[24,-211]],[[36384,14022],[-260,-296],[-214,-227]],[[35910,13499],[-743,-485],[-497,-175]],[[34670,12839],[398,-342],[142,-98]],[[35210,12399],[206,-6],[548,119],[2637,1045],[677,342]],[[39278,13899],[234,-124]],[[39512,13775],[539,-44],[710,83],[276,-97],[1373,-726],[738,-503],[763,-823],[516,-867],[409,-521]],[[44836,10277],[734,-742]],[[45570,9535],[-2041,-1241],[-586,-215],[-704,-129],[-577,-238],[-1343,-229],[-1016,-78],[-419,89],[-179,103],[-108,217],[-380,196],[-1103,506],[-527,153],[-783,349],[-652,152],[-737,269],[-1334,119],[-1289,511],[-653,152],[-383,-2],[-1039,-749],[-648,-637],[-387,-1095],[78,-214],[148,-100],[206,126],[187,6],[510,-249],[423,-452]],[[30234,6855],[1033,-1406]],[[31267,5449],[16,-282]],[[31283,5167],[819,-714],[309,-146],[-332,-2],[-401,289],[-241,84],[-513,-14],[-177,-96],[-929,-859],[-225,-95],[-208,150],[-174,353],[-307,135],[-1650,1121],[-863,52],[-589,170],[-1958,984],[-1465,467],[-207,297],[-327,-2],[-584,132],[-3210,827],[-358,2],[-785,161],[-630,-14],[-333,102],[-1977,96]],[[7512,10970],[-396,177],[-337,78]],[[4031,16465],[-338,703],[-19,1477],[-437,1344],[-420,464]],[[2817,20453],[1129,-624],[783,-163],[790,-323],[308,-185]],[[10650,13491],[491,-777],[458,-674]],[[11599,12040],[571,-469],[1533,-840],[561,-472],[265,-311],[474,-258],[827,519],[-844,1445],[-974,2279],[-360,621],[-1000,1306]],[[12652,15860],[-1094,77],[-584,91]],[[10974,16028],[-504,205],[-966,111],[-860,3],[-455,-117],[-298,-261],[977,-824],[1842,-1398],[-62,-89],[2,-167]],[[33258,60684],[-603,-154],[-1217,-80],[315,864],[605,247],[725,1984],[-339,554]],[[52877,39791],[-868,-371]],[[52009,39420],[-1149,-657],[-801,-564],[-241,-237],[-617,-400],[-85,-744],[11,-523]],[[49127,36295],[119,-848]],[[49246,35447],[-925,148]],[[48321,35595],[-1138,-18],[12,376],[-175,141],[-833,26]],[[46516,41353],[585,-928]],[[47101,40425],[691,-460],[192,99]],[[47984,40064],[82,193]],[[48066,40257],[1468,96],[2,98],[64,57],[550,396],[808,314],[-92,561],[-1,424],[257,254],[836,447],[368,279]],[[52326,43183],[30,297],[664,164]],[[53020,43644],[310,-214],[401,-934],[330,-418],[255,-519],[164,-222],[-666,-777],[-937,-769]],[[41090,30772],[-571,392],[-296,60],[-382,-105],[-408,11],[-745,263],[-806,116],[-455,-30],[-874,396],[-61,146],[-203,38],[-269,-32],[-225,-274],[-158,-52],[-253,53],[-199,222],[-264,-108],[-367,181],[-183,15],[-400,-271]],[[33971,31793],[-600,494],[-172,85]],[[39620,36201],[177,1978],[-32,353]],[[32411,39784],[282,-2160]],[[31404,37441],[-112,139],[-125,435],[4,432],[112,229],[289,408],[257,253]],[[31829,39337],[582,447]],[[42134,51029],[-101,-869],[177,-243],[863,-71],[276,-229],[1312,-1780],[588,-564],[1343,-476],[592,-270]],[[47184,46527],[259,-606],[320,-370],[40,-187],[-84,-256],[-236,-267],[-709,-629],[-223,-532]],[[46551,43680],[-206,-292],[-48,-202],[195,-750]],[[46492,42436],[-102,-550]],[[44002,42451],[-110,268],[-195,225],[-117,-113]],[[43762,42435],[-1312,57]],[[39630,47518],[-306,721],[-535,704]],[[39522,50412],[-274,633],[805,-107],[2081,91]],[[13923,28588],[358,11],[73,34]],[[15241,30570],[1176,524]],[[15237,23744],[-836,0],[103,1777],[-6,817]],[[14498,26338],[-660,151],[-772,-4],[-65,95]],[[13001,26580],[-691,-96],[-1043,-34]],[[11203,29172],[-17,360],[-77,300],[95,587],[-154,754]],[[11169,31289],[244,-281],[115,-47],[1301,354],[-17,-2273]],[[12720,31516],[-29,464],[-176,681]],[[13408,34442],[885,515]],[[20853,10664],[-433,356]],[[20420,11020],[852,972],[390,250],[-380,1763],[-18,691],[-228,1256],[-123,1185]],[[20913,17137],[3027,640],[133,-763],[614,-2105],[454,-2591],[773,-142],[641,-268]],[[26555,11908],[-251,-378],[-1263,-1345]],[[25041,10185],[-664,-505],[-290,-49],[-338,28],[-1486,351],[-972,410],[-438,244]],[[17301,16951],[497,30]],[[17798,16981],[-364,-1563]],[[17434,15418],[24,-519],[-1655,1673],[1498,379]],[[78197,37444],[46,-1820]],[[78243,35624],[135,-74],[-2,-263],[-91,-86],[24,-285],[163,-638],[-654,127]],[[77818,34405],[-524,204],[-82,213],[-201,116]],[[77011,34938],[-569,-9],[-275,88]],[[76167,35017],[-211,233],[-51,140],[223,316]],[[76128,35706],[286,282],[19,155],[-261,198],[-280,27],[-494,-77],[-149,39]],[[75249,36330],[-295,641]],[[74954,36971],[2233,9],[523,361],[487,103]],[[42450,42492],[1243,-64]],[[39797,39135],[-173,-51],[141,-552]],[[35573,42747],[524,100]],[[38066,46510],[201,-23]],[[39900,46923],[-270,595]],[[39630,47518],[487,20],[157,-2880],[118,-809],[166,-529],[426,145],[590,38],[621,-98],[-31,-635],[89,-183],[197,-95]],[[20433,29244],[180,-39],[-931,-471]],[[19016,28482],[-574,-75],[-47,1630]],[[16392,31083],[-1151,-513]],[[15241,30570],[-835,-192],[-71,-1112],[19,-633]],[[14354,28633],[-235,-64],[-196,19]],[[13923,28588],[-234,292],[-80,27],[-716,-15],[-81,150]],[[12812,29042],[-10,298],[35,1851],[-8,124],[-105,-20],[-4,221]],[[12720,31516],[704,406],[818,-72],[-28,1046],[132,1424],[-53,637]],[[14293,34957],[745,481]],[[44002,42451],[182,-36],[77,-151],[326,39],[74,-45],[95,-194],[153,-113],[169,40],[246,411],[277,125],[376,-259],[413,-382]],[[46390,41886],[-8,-351],[134,-182]],[[46516,41353],[-363,-758],[-193,-566],[-243,-1044],[57,-1058],[99,-760],[238,-649],[76,-398]],[[46187,36120],[-238,-177],[-342,-595],[-598,-661],[-214,-381],[-68,-1047],[-108,-258],[-166,-217],[-284,-157],[-443,-367],[-426,-488],[-832,-1949],[-116,-98],[-96,0],[-138,156],[-216,680],[-155,114],[-657,97]],[[41090,30772],[43,1456],[-32,1825],[-173,2553],[403,163],[200,207],[194,299],[38,242],[-200,455],[-1087,452],[-529,320],[-150,391]],[[39797,39135],[76,285],[325,105],[1287,55],[398,145],[1334,893],[656,296],[190,144],[77,300],[7,276],[-454,794]],[[43693,42428],[69,7]],[[43762,42435],[-182,396]],[[43580,42831],[40,76],[77,37],[92,-58],[213,-435]],[[22520,28724],[-281,-198]],[[19010,25640],[-517,118],[-120,1177]],[[18383,27945],[56,462],[577,75]],[[19016,28482],[666,252]],[[19682,28734],[1294,631]],[[27751,30667],[-470,-856]],[[27281,29811],[108,-844],[-111,-787],[-440,-238],[-1087,-229],[-491,-191]],[[25260,27522],[216,2400]],[[25436,31540],[117,-190]],[[27466,31823],[111,-492]],[[27577,31331],[189,-326],[-15,-338]],[[35573,42747],[-9,-417],[-110,-380],[-30,-415],[2575,-231],[-3,-304],[-75,-286],[-305,-530],[-336,-1140],[26,-304],[85,-223],[450,86],[1060,42],[505,2],[359,-115]],[[39765,38532],[14,-887],[-159,-1444]],[[39620,36201],[-657,-158],[-203,-171],[-88,-266],[21,-419],[-232,250],[-215,367],[-508,49],[-1547,-82],[-458,1553],[-85,116],[-187,-42],[-2335,173],[244,-674],[175,-223],[141,-299],[206,-168],[418,-164],[205,-644],[914,-182],[68,-92],[631,236],[282,-502],[650,-1634],[144,-193],[-374,-171],[-300,-30],[-167,90],[-345,614],[-236,561],[-244,183],[-270,-195],[-50,-256],[66,-504],[-70,-255],[-168,-192],[-298,-149],[-373,-46],[-1034,312],[-110,-89],[36,-219],[-68,-314]],[[33199,32372],[-366,-421]],[[32833,31951],[-264,-520],[-337,-266],[-298,-138],[-295,24],[-378,313],[-321,655],[-315,329],[-238,106],[-184,-126],[-104,-165]],[[30099,32163],[-58,-398],[4,509]],[[28566,34433],[-1049,1608]],[[27523,37730],[22,180],[117,169]],[[28890,38688],[299,269]],[[29189,38957],[663,38],[445,-101],[597,27],[510,-75]],[[31404,38846],[-233,-399],[-15,-208],[62,-458],[186,-340]],[[31404,37441],[925,62],[364,121]],[[32693,37624],[-285,2180],[64,132],[531,641],[741,1093],[818,1071],[805,-34],[206,40]],[[25476,29922],[-246,-3491],[-306,-2053],[-174,-238]],[[24750,24140],[-394,-256],[-1028,-370]],[[23328,23514],[-1150,-104],[-240,-110],[-134,-249]],[[21804,23051],[-42,-854],[276,-1830]],[[22038,20367],[15,-261],[-59,-254],[-115,-70],[-556,30]],[[21323,19812],[-890,591]],[[20433,20403],[-964,431],[-579,133]],[[18890,20967],[-1018,-40]],[[17872,20927],[-321,-104],[-231,-183],[-832,233],[-1709,-757],[-451,-343]],[[14328,19773],[-315,-434],[-210,-23]],[[13803,19316],[-281,302],[-469,318],[-675,74]],[[12378,20010],[-771,-102]],[[11607,19908],[-118,1514],[88,2168],[-156,147]],[[11421,23737],[-1954,150],[165,427]],[[9632,24314],[48,416],[-75,208],[-369,115],[-267,209],[-120,184],[-630,440],[-455,681],[-212,167],[-298,94],[-653,71],[-372,292],[146,345],[275,1178],[6,202],[294,134],[360,559],[119,365],[347,143],[863,-56]],[[8639,30061],[69,-285],[319,-292],[427,-145],[489,-73],[701,-249],[192,3],[367,152]],[[11203,29172],[-107,-395],[-52,-489],[130,-1740],[93,-98]],[[11267,26450],[1413,84]],[[12680,26534],[-86,-2737],[250,-80],[526,-24]],[[13370,23693],[1867,51]],[[15237,23744],[1537,186],[44,149],[-135,885],[-62,1384],[-74,428],[-112,1499],[-4,1378],[-67,1194],[53,247]],[[16417,31094],[275,-291]],[[18245,30708],[150,-671]],[[18395,30037],[32,-597],[15,-1033],[-59,-462]],[[18383,27945],[-10,-1010]],[[18373,26935],[129,-1180],[508,-115]],[[19010,25640],[566,104],[668,336],[1310,1363],[685,1083]],[[22239,28526],[292,206],[388,-211]],[[25165,31607],[271,-67]],[[25436,31540],[40,-1618]],[[9469,30893],[-413,229],[131,650],[1037,602],[945,-1085]],[[11169,31289],[-119,-116]],[[11050,31173],[-660,-318],[-411,-92],[-510,130]],[[13968,8647],[-1255,-29],[-453,-388],[-1396,-213],[-942,-513],[-207,12],[-148,149],[-459,1585],[-247,589],[-76,386],[-108,231],[-1165,514]],[[7512,10970],[532,238],[973,273],[861,7],[466,-147],[1532,-738],[1114,-802],[363,-281],[615,-873]],[[6779,11225],[-213,50],[-99,93],[-715,1916],[-824,1816],[-49,228],[-204,357],[-644,780]],[[4031,16465],[1179,-174],[569,-298],[669,-503],[679,-789],[140,66],[-115,283],[-53,410],[59,105],[161,74],[381,-41],[416,-264],[385,-557],[746,-860],[12,-133],[-141,-76],[-333,125],[-323,410],[-394,141],[-639,-91],[-236,-123],[-133,-264],[50,-311],[197,-432],[446,-420],[281,-132],[175,-452],[-1430,-934]],[[63629,51202],[250,-225],[944,-478]],[[64823,50499],[407,-302],[94,43],[36,316],[86,178]],[[65446,50734],[138,66],[594,-62],[215,-121]],[[65169,48313],[296,-331]],[[66552,47561],[128,-240],[-10,-127],[394,-46]],[[67064,47148],[-833,-1583],[-421,-122]],[[65810,45443],[-323,26],[-101,138]],[[65386,45607],[-101,391]],[[65285,45998],[-160,217]],[[65125,46215],[-208,17],[-654,-191]],[[64263,46041],[-216,97],[-121,255]],[[63926,46393],[188,825],[-12,242],[-26,122],[-245,71],[-127,-59],[-508,-654],[-718,-592],[-161,-341]],[[62317,46007],[-161,-750],[-173,-203],[-90,-31],[-471,39],[-119,71],[-59,112]],[[61244,45245],[55,651],[186,557],[39,348]],[[61524,46801],[-91,364],[-144,248],[-351,167],[-363,-57]],[[60575,47523],[-321,-163],[-1350,-1159],[-590,-244]],[[58314,45957],[83,322],[195,428],[-18,417]],[[58574,47124],[-147,201],[-369,321],[-182,80],[96,1043],[89,81],[327,100]],[[58388,48950],[-117,920],[-159,781],[31,787]],[[60114,51367],[437,-51],[205,-72],[1,-109],[191,-10],[281,124],[984,643],[294,134],[217,19],[578,-52],[342,-134],[-72,-365]],[[63572,51494],[57,-292]],[[74603,62538],[3185,-609],[364,-177],[746,44],[184,-166],[1094,-358],[390,-210],[783,-213],[232,17]],[[81581,60866],[1160,-930],[617,0]],[[83358,59936],[785,-177],[508,46],[213,-55],[1045,-627]],[[85909,59123],[930,-766],[445,-140],[148,17],[104,80],[634,1702],[12,208],[209,-195],[416,-65],[317,-152],[403,-446],[-549,-377],[-595,-879],[-277,-324],[-171,52],[-391,-167]],[[87544,57671],[-88,-244],[-10,-317]],[[87446,57110],[222,-307]],[[87668,56803],[7,-102]],[[83226,54868],[-161,184],[-134,78],[-285,24],[-830,-131],[-350,-184]],[[79525,55059],[131,344],[-53,226],[-286,-168],[-350,-370]],[[78450,51354],[-103,-447],[-470,374]],[[75701,51812],[-61,168]],[[75640,51980],[-176,149],[-399,-69]],[[75065,52060],[-721,-306]],[[74234,62304],[369,234]],[[59218,54575],[411,-265],[688,96],[446,140]],[[60691,51851],[65,-607],[-642,123]],[[60114,51367],[-545,416],[-1426,-345]],[[58143,51438],[-8,-147],[-1271,-322]],[[56864,50969],[-410,-159],[-277,-184],[-409,-489],[-145,-316],[-73,-350],[-321,117],[-236,1],[-242,-68],[-507,-282]],[[54244,49239],[-180,43],[-132,228]],[[53932,49510],[36,583],[198,686],[-263,530],[-249,176],[-58,107],[-74,718],[245,465],[763,910],[41,251],[-203,165],[-175,-4],[-521,-350]],[[53672,53747],[-421,122],[-353,214]],[[87675,56701],[165,-304]],[[87840,56397],[836,-259],[679,-6],[119,-276],[41,-380],[-89,-1110]],[[89426,54366],[-171,-285]],[[88441,53225],[-459,-291]],[[87982,52934],[-39,-145],[121,-614],[286,-298],[85,-162],[70,-656]],[[88505,51059],[-89,-699],[-62,-261]],[[81951,49529],[-406,405]],[[81645,50490],[44,492],[-252,184]],[[78615,50655],[-269,242],[104,457]],[[78450,51354],[4,236],[-17,149],[-130,137],[-8,547],[-66,335],[92,658],[207,899],[435,776]],[[78967,55091],[536,510],[100,28],[34,-106],[5,-207],[-117,-257]],[[79525,55059],[101,-149],[417,150],[316,-77],[192,228],[435,-266],[480,-106]],[[81466,54839],[156,119],[472,131],[349,67],[488,-26],[295,-262]],[[83226,54868],[253,-80],[148,-182],[337,-240],[526,282],[611,-2],[953,779],[391,441],[260,392],[310,299],[551,65],[109,79]],[[65546,54176],[-352,-591],[-590,-609]],[[64287,52493],[-369,-95]],[[63918,52398],[-131,-142]],[[63787,52256],[-143,-397],[-410,147],[-727,20],[-465,-230],[-998,-650],[-287,-11],[-66,716]],[[60691,51851],[65,195],[13,437],[-109,215],[-50,276],[150,165],[42,258],[49,579],[-81,203],[-7,367]],[[60763,54546],[-812,-213],[-347,-17]],[[60732,57346],[172,166],[283,176]],[[61966,57943],[109,179]],[[65708,57546],[11,-423],[78,-285],[163,-1247],[-30,-306]],[[57234,57980],[647,185],[647,-12],[1258,-157],[373,-165]],[[60967,57548],[-235,-202]],[[60732,57346],[-85,-419],[-980,-758],[-392,-241],[505,-1100],[-176,-512]],[[59604,54316],[-317,258],[-69,1]],[[59218,54575],[-108,-181],[-329,-162],[-153,-240],[-267,-141],[-490,-439],[-291,1526],[-2481,-449],[-2009,-263],[-192,-143]],[[52898,54083],[-131,218]],[[52767,54301],[13,179],[93,187],[378,375],[274,98],[749,49],[154,126],[6,78],[-995,1115],[-158,105],[-135,427]],[[53146,57040],[-158,165],[-276,129]],[[52712,57334],[-5,167],[202,67],[684,4],[529,306],[63,74],[48,412],[260,380],[174,157],[120,-33],[278,-568],[216,-226]],[[55281,58074],[207,-91],[466,17],[412,141],[185,130]],[[74743,62926],[-146,-402],[-363,-220]],[[74234,62304],[-301,-382],[-393,-857],[-681,-1012],[129,-1338],[193,-423],[-23,-589],[-178,-1054],[-1310,116],[-200,-530],[-46,-240],[49,-278],[-141,-387],[635,-14],[361,51],[68,-131],[54,-766],[-39,-248],[-587,-421],[491,77],[324,-71],[212,-128],[-10,-422],[-105,-656],[151,-323],[137,-130],[244,-109],[1076,-285]],[[74344,51754],[-1395,-583]],[[72949,51171],[-693,-204],[-126,-143],[-582,-334],[-249,-587],[-161,-168],[-469,-204],[-344,16],[-186,-61]],[[70139,49486],[-67,-84],[-37,-247],[111,-628]],[[70146,48527],[-82,-367],[19,-238],[152,-390]],[[70235,47532],[-24,-164],[-106,-119],[-882,-553],[-271,-143]],[[68952,46553],[-88,45]],[[68864,46598],[-136,680],[-194,246],[-351,-3],[-308,-76]],[[67875,47445],[-446,-219]],[[67429,47226],[-315,-82],[-421,39],[73,218]],[[67745,52480],[-626,-273]],[[67119,52207],[-1153,527]],[[65966,52734],[512,148]],[[67345,54461],[369,498]],[[68370,55626],[-155,275],[86,184],[273,3],[365,-209]],[[68957,56842],[338,208],[177,220],[-2,300],[-236,403]],[[69335,58695],[219,500],[44,258]],[[70690,60458],[35,144],[-61,165],[-120,86],[-314,97],[30,142],[223,71],[583,-62],[511,-451],[514,161],[257,-47],[390,32],[80,172],[-64,355],[56,187],[171,260],[17,146],[-69,210],[123,264],[-305,300],[-69,134],[-3,429],[174,-183]],[[72849,63070],[390,-114],[392,-195],[133,-4],[577,225],[420,247],[-18,-303]],[[68957,56842],[-132,-232],[11,-167],[163,-333],[21,-199],[-81,-32]],[[68939,55879],[-473,231],[-165,-25],[-75,-108],[19,-162],[125,-189]],[[68370,55626],[-31,-87],[-530,-282],[-95,-298]],[[67714,54959],[-318,-381],[-51,-117]],[[67345,54461],[103,-494],[-31,-253],[-343,-374],[-596,-458]],[[66478,52882],[-820,-200]],[[65658,52682],[-396,-197],[-546,64]],[[64716,52549],[-429,-56]],[[64287,52493],[317,483]],[[64604,52976],[515,524],[275,368],[152,308]],[[65546,54176],[384,1109]],[[65930,55285],[13,484],[-239,1476],[58,680],[1351,559],[422,549]],[[69545,59170],[-210,-475]],[[69335,58695],[-116,-599],[15,-123]],[[69234,57973],[264,-520],[-26,-183],[-172,-214],[-343,-214]],[[61966,57943],[-584,-235],[-195,-20]],[[61187,57688],[-220,-140]],[[60967,57548],[-239,305],[-218,129],[-200,-133],[-151,-18]],[[60159,57831],[-479,185],[-1724,152],[-327,-44],[-395,-144]],[[57234,57980],[-683,291]],[[56551,58271],[375,1026]],[[56926,59297],[6,203]],[[56932,59500],[-72,269],[-1203,2079],[-208,420],[-9,116],[29,326],[144,112],[201,-2],[451,-185],[233,13],[435,-142],[896,-88],[701,7],[818,104],[758,177],[849,295],[136,3],[245,-473],[79,-7],[997,385],[1667,203],[69,-70],[-122,-2338],[-1103,58],[-198,-68],[-388,-321],[-107,-420],[-46,-497],[236,-411],[-6,-270],[-448,-832]],[[70690,60458],[-112,-125],[-310,-166],[1,-399],[-44,-105],[-76,-51],[-384,51],[-167,-210]],[[69598,59453],[-53,-283]],[[69545,59170],[-1304,276],[-497,187],[-209,-600]],[[67535,59033],[-364,-497],[-132,-101],[-1277,-510],[-54,-379]],[[65708,57546],[-1230,77],[-551,149],[-705,291],[-480,345],[-667,-286]],[[62075,58122],[366,746],[-58,270],[-195,270],[99,853],[50,112],[459,358],[309,43],[921,-70],[93,-139],[856,17],[957,725],[800,266],[70,110],[74,345],[213,213],[513,86],[233,138],[589,71],[265,-26],[372,-179],[332,-430],[151,-604],[149,-174],[444,23],[120,-91],[-27,-105],[51,-49],[263,-48],[163,-160],[-17,-235]],[[33458,57423],[-250,-68]],[[33208,57355],[-243,67],[-189,1940],[206,1228]],[[32982,60590],[248,94],[589,-20]],[[33958,60195],[877,11],[570,329]],[[35395,61333],[331,28],[2104,57]],[[38679,61385],[26,-393],[-81,-1464],[-70,-347],[-1994,-822]],[[33518,67309],[493,-563]],[[34011,66746],[379,-230],[291,-281],[-682,-450],[-243,-235],[-301,-520]],[[33455,65030],[548,-559],[-75,-101]],[[33126,64184],[-382,-85]],[[32744,64099],[-674,1016],[-936,582],[-369,165]],[[30765,65862],[-97,555],[118,528]],[[30786,66945],[298,270],[366,157]],[[31450,67372],[266,21],[159,-56],[279,-274],[502,-212],[140,88],[78,158],[137,118],[237,128],[270,-34]],[[41210,62782],[929,363],[160,-178]],[[42299,62967],[783,-91],[221,-419],[97,27],[226,366],[148,23],[71,-71],[-6,-209],[-379,-708],[-16,-344],[65,-80],[112,41],[64,160],[84,48],[128,-256],[-19,-328],[-307,-240],[-192,-39],[-76,2],[-123,194],[-156,73],[-84,-48],[-37,-156],[279,-358],[162,-558],[-70,-379],[-92,-83],[-228,-16],[-50,-96],[22,-151],[257,-371],[15,-111],[-38,-137]],[[43160,58652],[-419,-264]],[[42741,58388],[-30,-87]],[[42711,58301],[177,-268]],[[40845,56860],[-163,-70],[-432,-105]],[[38050,58470],[-202,395],[706,316],[112,929],[13,1275]],[[38679,61385],[-849,33]],[[37830,61418],[-2435,-85]],[[35395,61333],[-280,-143],[53,-105],[274,-169],[53,-105],[-90,-276]],[[35405,60535],[-400,-261],[-364,-108],[-683,29]],[[33958,60195],[-45,104],[-3,312],[-91,53]],[[33819,60664],[-561,20]],[[33258,60684],[100,541],[-168,2624],[-64,335]],[[33126,64184],[231,182],[571,4]],[[33928,64370],[72,86]],[[34000,64456],[859,5],[97,-43],[94,-393],[747,42],[52,-328],[878,-212],[228,34],[473,199],[337,43],[563,-163],[202,576],[-51,207]],[[38479,64423],[230,174]],[[38709,64597],[387,17],[345,-81],[180,97],[264,-138],[-61,-571],[58,-351],[552,-766],[96,171],[113,9],[567,-202]],[[35050,64025],[0,0]],[[38050,58470],[203,-1702],[1997,-83]],[[40250,56685],[595,175]],[[40845,56860],[122,1206],[1080,-100],[841,67]],[[42888,58033],[163,-320],[217,-207]],[[43268,57506],[258,89],[91,-108],[4,-145],[-137,-184]],[[43484,57158],[-51,-170],[28,-263],[93,-97]],[[43554,56628],[271,-42],[57,-70],[37,-263]],[[43919,56253],[237,-96]],[[44156,56157],[150,-272],[164,-88],[14,-76],[-258,-219],[79,-81],[335,-78],[-91,-152]],[[44549,55191],[-295,-200],[-1053,337]],[[43201,55328],[-1326,231],[-1055,264],[-147,-251],[-64,-314],[296,-729],[149,-576],[129,-225],[361,-453],[463,-424],[655,-361]],[[42662,52490],[-296,-623]],[[42366,51867],[-88,-432],[2,-360]],[[42280,51075],[-175,-56],[-2052,-81],[-815,125]],[[34733,54047],[-431,27]],[[33458,57423],[87,136],[946,877],[420,254],[455,-44],[505,-176],[689,-111]],[[36560,58359],[1305,513],[185,-402]],[[16331,38864],[-444,-439]],[[15236,39992],[187,287],[183,641],[1200,478],[450,-44],[161,-97],[491,-527],[46,-186]],[[39238,51063],[284,-651]],[[39522,50412],[58,-365],[-96,-272],[-179,-115],[-435,-124],[-81,-593]],[[38789,48943],[522,-687]],[[35312,54336],[197,156],[549,-45],[-273,-394],[-11,-150],[547,-145],[298,-141],[361,99],[487,371],[165,-14],[404,-547],[4,-258],[-200,-119],[-497,-112],[-152,-98],[-101,-182],[-12,-244],[348,-641],[734,-103],[-176,-709],[1254,3]],[[34302,54074],[-1244,-667],[-166,383],[-1978,2266]],[[30914,56056],[1163,450],[922,133]],[[32999,56639],[210,719],[249,65]],[[33458,57423],[246,-529],[430,-1738],[110,-163],[13,-148],[-123,-174],[55,-108],[148,25],[-35,-514]],[[39311,48256],[589,-1333]],[[39900,46923],[-21,-278],[-290,-216],[-621,-69],[-60,-175],[-133,-129],[-508,431]],[[38267,46487],[-454,101]],[[36511,46335],[-2558,130],[-110,317],[22,300]],[[33964,47365],[-9,556]],[[29792,49872],[806,420],[419,148],[367,45],[977,-30],[317,149],[169,335],[275,1343],[37,409],[-101,716],[954,478],[276,192],[445,-30]],[[34733,54047],[579,289]],[[35312,54336],[50,-261],[-44,-603],[-191,-1180],[-77,-1048],[165,-203],[169,-75],[737,148],[-58,-792],[550,-584],[0,-870],[-78,-196],[767,-944],[2009,528]],[[33854,46733],[99,-268],[1060,-86],[523,36],[975,-80]],[[36511,46335],[397,61],[568,220],[337,-28]],[[37813,46588],[253,-78]],[[38066,46510],[-64,-411],[138,-1470],[-269,-697],[-188,-245],[-548,-235],[-461,-352],[-577,-253]],[[36097,42847],[-730,-140],[-1143,43]],[[34224,42750],[-426,-125],[-597,-531],[-249,-29],[-756,151],[-304,-15],[-265,-138],[-192,-193],[-74,-855],[-299,-325],[-1830,-301]],[[29232,40389],[-855,116]],[[28840,44721],[-58,913]],[[33955,47921],[27,-309],[-18,-247]],[[33964,47365],[-99,-283]],[[33865,47082],[-11,-349]],[[33854,46733],[-219,-368],[-326,-256],[-894,-307],[-140,-147],[-533,-54],[-370,30],[-484,214],[-347,368],[-145,208],[-510,1090],[-285,464],[-439,-1072],[-184,-857],[-196,-412]],[[28782,45634],[29,-445]],[[24041,47029],[70,236],[-7,216],[-225,439],[0,67],[668,801],[430,626],[105,171],[57,380],[483,474],[92,328],[500,834],[835,-201],[317,-134],[626,-402],[1800,-992]],[[29792,49872],[-812,-673],[-249,-292],[426,-173],[324,-412],[138,-97],[1197,37],[2025,387],[72,-79],[433,-115],[527,-344],[82,-190]],[[28811,45189],[29,-468]],[[28840,44721],[-49,-750],[-375,-689],[-69,-267],[-32,-430],[101,-1540],[-39,-540]],[[28377,40505],[845,-98],[-97,-189]],[[29125,40218],[138,-311],[36,-543]],[[29299,39364],[-117,-430],[-292,-246]],[[28890,38688],[-427,-275],[-445,-123],[-356,-211]],[[27662,38079],[-109,-158]],[[24358,41364],[-451,1017],[-463,607],[-682,140],[-956,469],[-58,674],[-112,328],[1231,641],[160,139],[416,574],[147,357],[289,395],[162,324]],[[24041,47029],[757,-147],[422,-187],[329,-426],[403,-216],[479,-364],[312,-491],[148,-12],[524,387],[338,168],[186,-236],[243,-166],[629,-150]],[[27553,37921],[-30,-191]],[[27523,37730],[299,-704],[-12,-428],[-107,-291],[-186,-266]],[[27517,36041],[-346,-341]],[[23867,33647],[-1251,2212]],[[20690,39549],[897,68],[682,269],[610,325],[316,-67],[577,38],[219,260],[344,603],[23,319]],[[24358,41364],[1341,-95],[349,-868],[312,-99],[1078,173],[-41,-561],[-95,-198],[-147,-1210],[-90,-371],[488,-214]],[[15236,39992],[501,-1080],[150,-487]],[[15887,38425],[-297,-494]],[[19306,32419],[-299,-112],[-262,-402],[-366,-975],[-134,-222]],[[18245,30708],[-437,-278],[-438,42],[-678,331]],[[16692,30803],[-300,280]],[[16392,31083],[-500,756],[-306,589],[-72,773],[355,909],[124,638],[-89,455],[-291,238],[-575,-3]],[[15038,35438],[-1630,-996]],[[13408,34442],[-158,-263],[-321,-985],[-255,-384],[-159,-149]],[[12515,32661],[-188,610],[-1720,-19],[-32,88],[180,2243],[-102,285],[371,366],[731,1076],[403,518],[193,156],[1057,716],[806,464],[206,114],[224,21],[254,470],[181,19],[157,204]],[[17954,40544],[271,-245],[197,0],[379,-335],[232,-96],[1242,-304],[415,-15]],[[20690,39549],[-202,-941],[-35,-481],[-478,-1138],[21,-517],[992,-646],[1353,650],[275,-617]],[[22616,35859],[1265,-2235],[-488,-641]],[[19278,32906],[-145,241],[-1046,458],[-186,162],[60,829],[-229,680],[-329,431],[-456,429],[-693,373],[-520,467],[-138,238],[-39,260],[33,457]],[[15590,37931],[317,526],[424,407]],[[16331,38864],[296,68],[320,-142],[316,-364],[89,172],[37,518],[159,435],[311,361],[-32,369],[127,263]],[[28566,34433],[1571,-1932],[-92,-227]],[[30045,32274],[17,-736]],[[30062,31538],[946,-1171],[27,-217],[-156,-252],[-222,-122],[-312,-65],[-221,143]],[[30124,29854],[-177,424]],[[29947,30278],[-50,679],[-274,727],[-84,926],[-110,234]],[[29429,32844],[-281,177]],[[29148,33021],[-220,-32],[-641,-482],[-541,-216],[-206,-173]],[[27540,32118],[-74,-295]],[[27466,31823],[-857,125],[-536,-24],[-374,-1164],[-146,590]],[[25553,31350],[-123,200],[-265,57]],[[25165,31607],[-457,-16],[-156,-215],[-67,-259],[-102,-1216],[-382,-828],[-547,-485],[-535,-67]],[[22919,28521],[-399,203]],[[22520,28724],[24,490],[282,614],[311,1241],[-38,361],[-263,211],[-383,1],[-425,-340],[-401,-721],[-269,-664],[-382,-552]],[[20976,29365],[-355,-161],[-188,40]],[[20433,29244],[-147,220],[17,225],[343,493],[-78,1484],[-98,247],[-302,398],[-265,101],[-597,7]],[[19306,32419],[-28,487]],[[19278,32906],[366,332],[217,350],[516,-91],[603,-416],[504,-176],[316,-44],[389,-240],[303,-444],[901,806]],[[23393,32983],[280,333],[194,331]],[[23867,33647],[602,538],[169,-13],[155,184],[241,46],[586,317],[134,150],[91,336],[333,294],[993,201]],[[27171,35700],[336,359],[1059,-1626]],[[97080,51384],[140,319],[-15,614],[786,169],[134,-36],[78,-117],[114,-13],[112,45],[98,127],[361,86],[-6,135],[-161,380],[422,192],[193,274],[367,-138],[120,-136],[139,-53],[37,-154],[-207,-26],[-157,177],[-92,-106],[87,-570],[-407,-131],[-1053,-1230]],[[93744,50426],[0,-751],[-129,-130],[-60,35]],[[93141,49667],[-137,-45],[-82,21],[-293,291],[-97,174]],[[91554,50143],[-180,15],[-408,-106],[-334,-164],[-588,-91],[-16,999]],[[90028,50796],[98,362],[217,366],[354,332],[179,250],[3,413],[-61,116]],[[90818,52635],[-1049,-316],[-60,131],[-146,101],[-247,72]],[[89316,52623],[-153,-83]],[[89163,52540],[-166,205],[-1006,187],[450,293]],[[88441,53225],[320,431],[494,425]],[[89255,54081],[125,255],[382,232]],[[89762,54568],[213,226],[220,137],[185,-60],[344,8],[179,236],[802,516],[967,289]],[[92672,55920],[351,-227],[533,-148],[-874,-1122],[-152,-315],[-19,-239],[102,-329],[127,-159],[232,-115],[201,-16],[188,110],[193,520],[327,334],[174,-190],[69,-425],[179,-227],[-4,-148],[-152,-335],[-14,-203],[445,-1064]],[[97080,51384],[1090,-192]],[[98170,51192],[-6,-97],[353,-574],[296,-840],[204,-85],[445,-18],[109,-85],[-3,-114],[-472,-564],[-78,-500],[32,-892],[152,-587],[-96,-130],[-220,-20],[-1010,383],[-405,-502],[-75,-219],[22,-304],[188,-599],[277,-511],[112,-350],[-270,-544],[-484,-709],[-339,-877],[-234,-98],[-512,-18],[-123,-75]],[[96033,42263],[-469,82],[-970,-624],[536,-1065],[72,-250],[-37,-462]],[[91467,49082],[12,250],[170,407],[58,287]],[[91707,50026],[257,-29],[568,111]],[[92532,50108],[13,-78],[377,-387],[219,24]],[[93141,49667],[240,208],[70,-5],[104,-290]],[[93555,49580],[133,3],[86,208],[-30,635]],[[93744,50426],[119,279],[463,663],[252,254]],[[94578,51622],[498,-188],[138,-463],[550,-49],[73,152],[679,-153],[171,-65],[114,-288],[495,-126],[95,162],[-17,289],[-289,364],[-5,127]],[[92062,39590],[739,168],[370,-16],[1375,239],[619,-37]],[[95165,39944],[-174,-82],[-139,-381],[20,-547],[109,-409],[235,-313],[402,-221],[258,-23],[474,125],[238,-280],[56,-468],[-56,-203],[-120,-103],[-1082,-405],[-623,-376],[-190,-60],[-764,-477],[-501,-419],[-402,-57],[-1744,634],[-117,-83],[-241,-362],[-493,-567],[-348,-258],[-93,-421],[-463,-165],[-436,-239],[-240,-69]],[[88731,33715],[-107,28],[-202,349],[-290,242],[-188,316],[-573,106]],[[87371,34756],[-267,297],[-412,234]],[[88095,37148],[-2,59],[102,154]],[[88195,37361],[154,58],[87,133],[225,1216],[116,234],[276,228],[41,270],[336,282]],[[89430,39782],[67,337],[173,-65]],[[86000,32931],[1925,-137]],[[87925,32794],[153,-452]],[[88078,32342],[241,-322]],[[88319,32020],[-427,-2647]],[[87892,29373],[-294,229]],[[87598,29602],[-1802,723],[38,972],[152,922],[14,712]],[[89395,43874],[403,-139],[1062,-141]],[[91232,44058],[192,43],[156,-74]],[[91580,44027],[248,-701],[184,-804],[-16,-116],[155,-163],[65,-167],[16,-341],[54,-147],[-175,-152],[-49,-1846]],[[92062,39590],[-915,-455],[-561,-105],[-321,13],[-478,890],[-117,121]],[[89670,40054],[-177,66]],[[89493,40120],[99,206],[-17,128],[-130,-17],[-127,-108]],[[89318,40329],[-175,96]],[[89143,40425],[0,103],[-907,-152],[-822,143],[-23,-410],[-83,-348],[-82,-1649],[-97,-232]],[[87129,37880],[7,-282]],[[87136,37598],[219,-343],[236,-109],[214,56],[-84,369],[14,88],[58,25]],[[87793,37684],[240,-250],[162,-73]],[[88195,37361],[-100,-213]],[[88095,37148],[330,-80],[-60,-238],[-447,15],[-162,73],[-431,43],[-304,-41],[-284,-146],[-151,-711],[58,-161],[48,-615]],[[86692,35287],[-371,49]],[[86321,35336],[-393,-152],[-251,-279]],[[85677,34905],[-149,-371],[-415,-617]],[[85113,33917],[-332,-68],[-134,69],[-121,157]],[[84526,34075],[-255,945],[-285,637]],[[83986,35657],[132,711],[2,262],[163,725],[-41,99],[-67,63],[-190,-22],[-312,-134],[-174,181],[-27,277],[-131,30],[-186,-54],[-615,146],[-506,349],[-763,57],[-176,-81],[-148,128],[-496,725]],[[80451,39119],[-451,275]],[[80706,40802],[203,275],[945,371]],[[85399,44959],[872,513]],[[89033,49443],[340,-43],[671,402]],[[90044,49802],[588,86],[585,239],[337,16]],[[91554,50143],[153,-117]],[[91707,50026],[-260,-832],[20,-112]],[[91467,49082],[244,-287],[163,-346],[-39,-877],[141,-535],[-21,-490],[245,-1564],[-61,-534],[-149,-451],[-410,29]],[[91580,44027],[-240,81],[-108,-50]],[[91232,44058],[-286,-442],[-86,-22]],[[90860,43594],[-828,84],[-637,196]],[[89395,43874],[-294,559],[20,442],[-101,53],[-124,-64],[-169,-289],[-218,85],[-569,506],[-15,260],[-86,74],[-263,-155],[-187,-189],[-451,60],[-667,256]],[[86271,45472],[-870,-512],[5,710]],[[84196,48514],[367,309],[377,-9],[484,-181],[480,56],[280,-98],[176,-170],[236,-123],[136,-21],[166,67],[319,326],[101,230],[-68,205],[-97,73],[41,117],[888,539],[272,265]],[[88354,50099],[58,247]],[[88412,50346],[220,-462]],[[88632,49884],[401,-441]],[[81951,49529],[608,-345],[896,195],[238,-94],[294,-276],[69,-391],[140,-104]],[[84196,48514],[-17,-605],[178,-702],[386,-631],[609,-695],[54,-211]],[[85406,45670],[-7,-711]],[[85399,44959],[39,-134],[-176,-385],[75,-316],[-59,-121],[-82,-67],[-258,7],[-206,-227],[-32,-145],[82,-207],[133,-156],[0,-271],[-269,-149],[-500,-143],[-277,-332],[-78,-289],[-97,-73],[-682,-186],[-721,-279],[-215,25],[-222,-63]],[[81854,41448],[-668,-225],[-331,-209]],[[80950,49709],[501,239],[110,-16],[390,-403]],[[77877,51281],[738,-626]],[[78615,50655],[820,20],[471,204],[313,-19],[407,99],[332,-57],[479,264]],[[81437,51166],[188,-105],[64,-79],[3,-148],[-47,-344]],[[81645,50490],[-132,-366],[32,-190]],[[81545,49934],[-244,-18],[-351,-207]],[[80950,49709],[-141,-10],[-383,121],[-259,-282],[-139,-69],[-127,69],[-68,-236],[227,-337],[256,-694],[168,-739],[91,-192],[102,-822],[544,256],[383,352],[309,11],[352,215],[31,-143],[-90,-1264],[11,-511],[-154,-282],[76,-288],[-74,-237],[-91,-142],[-584,-14],[-80,-38],[-68,-157],[-85,-15],[-108,150],[-409,-47],[56,-367],[-70,-283],[-176,-103],[-137,226],[-65,-25],[-97,-80],[-139,-262],[-26,-171],[87,-237],[-81,-1168],[54,-212],[84,-184],[302,-270],[423,-214]],[[80855,41014],[-149,-212]],[[80706,40802],[-706,-1408]],[[80000,39394],[-372,138]],[[79628,39532],[-243,-5]],[[79385,39527],[-871,-323],[-180,-151]],[[78334,39053],[-161,199],[-154,1005],[72,1042],[84,472]],[[78175,41771],[-54,496],[-184,533],[-153,265]],[[77784,43065],[-144,95],[-813,56],[-778,346],[-72,102],[72,556]],[[76049,44220],[-485,219]],[[75564,44439],[-71,108]],[[75493,44547],[-56,380],[-240,339]],[[75197,45266],[-24,251],[140,251],[71,307],[128,177],[31,170],[331,375],[190,355],[55,404],[220,761],[33,755],[-53,106],[-241,84],[-927,-88],[-209,119]],[[74942,49293],[-122,151],[-46,180],[-8,455],[-199,745]],[[74567,50824],[42,239],[117,105],[437,8],[563,567]],[[75726,51743],[-25,69]],[[75701,51812],[195,7],[409,409],[276,-141],[416,-612],[126,-99],[754,-95]],[[66552,47561],[-367,190],[-720,231]],[[65465,47982],[-187,162],[-109,169]],[[65169,48313],[-62,382],[45,201],[208,347],[298,263],[334,100],[238,207],[245,357],[-6,326],[-76,121]],[[66393,50617],[-240,124]],[[66153,50741],[330,402],[503,912]],[[66986,52055],[145,165],[614,260]],[[67745,52480],[-90,-487],[142,-817],[-85,-1328],[-476,-271],[-468,-1868],[-2,-308]],[[66766,47401],[-69,-208],[-62,259],[-83,109]],[[49926,74771],[-351,-257],[-320,-112],[-784,-853],[-1122,-8]],[[47349,73541],[36,257],[-194,545],[60,242]],[[47251,74585],[707,-49],[765,43],[315,186]],[[49038,74765],[59,167]],[[49097,74932],[829,-161]],[[51683,55181],[-1026,17],[-1487,-198]],[[49170,55000],[-421,1878]],[[48749,56878],[-100,1106],[1194,-486],[489,-491]],[[50332,57007],[534,-385],[227,-95],[324,-6],[266,-1340]],[[51040,92073],[122,-1430],[-1892,213],[-226,96],[-479,-27],[-225,177],[-63,164],[-11,357]],[[48506,91901],[772,-65],[292,255],[-325,1229],[46,1411],[406,132],[34,-30],[-68,-375],[11,-286],[466,-1538]],[[50140,92634],[219,-428],[129,-64],[552,-69]],[[50301,63115],[-660,-243]],[[49641,62872],[-315,1596]],[[49326,64468],[-182,530]],[[49144,64998],[249,197],[235,391],[269,36],[133,115],[-3,212],[-202,631],[73,762],[-34,705],[213,149],[-583,242],[251,177]],[[49745,68615],[-3,216],[-198,143],[-114,8],[-224,-80],[-198,-204],[-401,-24],[-125,-228],[90,-336],[-64,-92],[-153,-64],[-125,24],[-306,232],[-652,340],[-198,-68],[-105,-307],[-152,-101],[-106,49],[-107,212],[110,328],[278,152],[501,52],[353,-221],[147,-20]],[[47993,68626],[251,140],[193,220],[96,281]],[[48533,69267],[223,147],[19,63],[-19,124]],[[48756,69601],[-292,325],[-42,355],[822,-22],[1716,84],[-252,-2096],[297,-166],[-13,-182],[404,88],[213,140],[178,-104],[-159,-369],[-46,-423],[-167,-464],[-235,-186],[-338,-115],[-368,-16],[-209,-224],[-22,-285],[132,-244],[189,-56],[303,-268],[507,-297],[239,16],[289,316],[-152,589],[19,100],[84,64],[447,-52],[171,-291],[8,-317],[-92,-168],[-337,-183],[-163,-360],[56,-699],[-341,-477],[-368,-292],[-52,-262],[-881,55]],[[48506,91901],[-240,-278]],[[48266,91623],[-11,-144],[85,-377],[141,-130],[271,-62],[292,42],[224,-95]],[[49268,90857],[-211,-338],[-42,-175],[214,-166],[696,240],[104,-127],[-219,-280],[-158,-612],[-42,-562],[-523,-677]],[[49087,88160],[23,-353],[124,-354],[-34,-301]],[[49200,87152],[-274,-137],[-378,-8],[-390,-180],[-219,-247],[-22,-805],[-331,-740],[-237,-234]],[[47349,84801],[-1019,390]],[[46330,85191],[-662,-189]],[[45668,85002],[-367,677],[-914,948]],[[44387,86627],[131,174],[134,2035],[1817,-235],[466,108],[-112,524],[83,614],[-26,1005],[83,271],[-21,581],[605,222],[959,-25]],[[36610,79857],[-721,380]],[[35889,80237],[-1378,1064]],[[34511,81301],[939,1574]],[[35450,82875],[326,647],[202,176]],[[35978,83698],[849,-505]],[[36827,83193],[-62,-109],[-13,-249],[145,-458],[21,-242],[-162,-609],[224,-1115],[-52,-254],[-318,-300]],[[33958,88215],[-606,-188]],[[33352,88027],[-682,450]],[[32670,88477],[-261,401]],[[32409,88878],[-594,63],[-344,-58]],[[31471,88883],[-172,-209],[-240,-109],[-1413,-443],[136,-756],[-63,-401],[-59,-1357],[4,-2232]],[[29664,83376],[108,-49],[-307,-132],[-142,8],[-648,314],[-304,49],[-65,113],[-49,512],[-50,57],[-261,-9],[-137,144],[34,654],[-66,689],[53,223],[-103,953],[-170,408],[-894,455],[-495,462],[-86,235],[-15,237],[13,181],[103,247],[132,122],[332,70],[94,72],[325,691],[263,323],[300,-63],[605,-255],[210,-126],[133,-217],[128,-86],[172,-40],[723,27],[-553,975],[801,874],[1028,-681],[171,65],[321,297],[379,527],[-420,107],[582,1359],[-17,262],[-107,181],[492,1042],[77,72],[193,36],[1561,170],[360,577],[532,1136],[135,696],[13,375],[186,485],[206,194],[846,553],[1724,738],[223,314],[141,-519],[70,-664],[27,-1199],[-77,-438],[130,-94],[-47,-285],[44,-659],[-94,-440],[42,-262],[197,-242],[235,-126],[244,-20],[104,-116],[11,-120],[-95,-185],[-120,-98],[-513,-34],[-980,-414],[-307,-18],[-631,-239],[-38,-209],[370,-363],[12,-209],[-257,-435],[-698,-603],[-60,-218],[-719,117],[-553,-292],[-337,-424],[-72,-331],[13,-195],[61,-91],[336,-63],[121,-81],[-247,-309],[-9,-122],[22,-80],[507,-321],[41,-82],[-33,-184],[211,-1020],[-1427,-97]]]}