{
"type": "FeatureCollection",
"name": "barpeta_forecasts",
"crs": { "type": "name", "properties": { "name": "urn:ogc:def:crs:OGC:1.3:CRS84" } },
"features": [
{ "type": "Feature", "properties": { "gpcode": "105604", "gpname": "SARUPETA", "dtname": "Barpeta", "stname": "ASSAM", "sdtname": "Barpeta", "blkname": "BARPETA", "expected_mm": 15.6, "likely_min_mm": 15.6, "likely_max_mm": 15.6, "tmax_c": 32.3, "tmin_c": 24.8, "temp_c": 28.5, "rh_pct": 93.5, "wind_kph": 11.2, "heat_stress_level": "NONE", "disease_risk_flag": false, "ragi_stage": "vegetative", "paddy_stage": "vegetative", "forecast_date": "2026-09-10", "timestamp_utc": "2026-09-28T15:52:05Z" }, "geometry": { "type": "Polygon", "coordinates": [ [ [ 91.1249472, 26.3545373 ], [ 91.1262616, 26.3538943 ], [ 91.1281747, 26.3539981 ], [ 91.1302541, 26.3542618 ], [ 91.1320915, 26.3543711 ], [ 91.1330604, 26.3541303 ], [ 91.1336115, 26.3539199 ], [ 91.1336115, 26.3539199 ], [ 91.1336296, 26.3538891 ], [ 91.1339435, 26.3533464 ], [ 91.1338614, 26.3519789 ], [ 91.1336279, 26.3506223 ], [ 91.1337369, 26.3492922 ], [ 91.1334109, 26.3481825 ], [ 91.1329523, 26.34643 ], [ 91.1323494, 26.3452026 ], [ 91.1321897, 26.3442527 ], [ 91.1320061, 26.3430299 ], [ 91.1315558, 26.342238 ], [ 91.1308106, 26.3411239 ], [ 91.1302209, 26.3404792 ], [ 91.1293256, 26.3398222 ], [ 91.1287299, 26.3391093 ], [ 91.1285354, 26.3381962 ], [ 91.1282574, 26.3376324 ], [ 91.1277301, 26.3372427 ], [ 91.1274988, 26.3367785 ], [ 91.1274828, 26.3361616 ], [ 91.1272805, 26.3355924 ], [ 91.1267546, 26.3348059 ], [ 91.1264009, 26.3342475 ], [ 91.1263848, 26.3336307 ], [ 91.1265489, 26.332898 ], [ 91.126952, 26.3322855 ], [ 91.1276956, 26.3316488 ], [ 91.1279828, 26.3311999 ], [ 91.1279784, 26.3311997 ], [ 91.1279783, 26.3311997 ], [ 91.1231934, 26.3311371 ], [ 91.1230032, 26.3313046 ], [ 91.1229148, 26.3314649 ], [ 91.1227683, 26.3317421 ], [ 91.1224906, 26.33208 ], [ 91.1217931, 26.3326597 ], [ 91.1209816, 26.3332718 ], [ 91.1207809, 26.3334502 ], [ 91.1203208, 26.333914 ], [ 91.1199228, 26.3341784 ], [ 91.119326, 26.3346098 ], [ 91.118776, 26.3349356 ], [ 91.1183413, 26.3351932 ], [ 91.1173928, 26.3356712 ], [ 91.1168391, 26.3359775 ], [ 91.1162895, 26.3362013 ], [ 91.1158847, 26.3365048 ], [ 91.1154268, 26.3368657 ], [ 91.1150146, 26.337357 ], [ 91.1149882, 26.3374109 ], [ 91.1149469, 26.3374952 ], [ 91.1149934, 26.3376355 ], [ 91.1158502, 26.3384641 ], [ 91.1177169, 26.3401475 ], [ 91.1186491, 26.3411689 ], [ 91.1195352, 26.342454 ], [ 91.1201351, 26.3435812 ], [ 91.1206737, 26.3453079 ], [ 91.1208899, 26.3464727 ], [ 91.1209456, 26.3472384 ], [ 91.120897, 26.3479808 ], [ 91.1208249, 26.348068 ], [ 91.1220927, 26.3511845 ], [ 91.1225918, 26.3526301 ], [ 91.1231469, 26.3536525 ], [ 91.1240944, 26.3555126 ], [ 91.1241172, 26.3555572 ], [ 91.1241592, 26.3554181 ], [ 91.1241806, 26.3553472 ], [ 91.1249472, 26.3545373 ] ] ] } },
{ "type": "Feature", "properties": { "gpcode": "105608", "gpname": "BAGODI", "dtname": "Barpeta", "stname": "ASSAM", "sdtname": "Barpeta", "blkname": "BARPETA", "expected_mm": 15.6, "likely_min_mm": 15.6, "likely_max_mm": 15.6, "tmax_c": 32.3, "tmin_c": 24.8, "temp_c": 28.5, "rh_pct": 93.5, "wind_kph": 11.2, "heat_stress_level": "NONE", "disease_risk_flag": false, "ragi_stage": "vegetative", "paddy_stage": "vegetative", "forecast_date": "2026-09-10", "timestamp_utc": "2026-09-28T15:52:05Z" }, "geometry": { "type": "Polygon", "coordinates": [ [ [ 91.1276381, 26.3656276 ], [ 91.1263342, 26.3646563 ], [ 91.1253472, 26.3646923 ], [ 91.1235883, 26.3646117 ], [ 91.1228532, 26.3640461 ], [ 91.122588, 26.3627604 ], [ 91.1228934, 26.3614683 ], [ 91.1235941, 26.3599078 ], [ 91.1238358, 26.3587576 ], [ 91.1238733, 26.3574503 ], [ 91.123888, 26.3563163 ], [ 91.1241172, 26.3555572 ], [ 91.1240944, 26.3555126 ], [ 91.1231469, 26.3536525 ], [ 91.1225918, 26.3526301 ], [ 91.1220927, 26.3511845 ], [ 91.1208249, 26.348068 ], [ 91.120897, 26.3479808 ], [ 91.1209456, 26.3472384 ], [ 91.1208899, 26.3464727 ], [ 91.1206737, 26.3453079 ], [ 91.1201351, 26.3435812 ], [ 91.1195352, 26.342454 ], [ 91.1186491, 26.3411689 ], [ 91.1177169, 26.3401475 ], [ 91.1158502, 26.3384641 ], [ 91.1149934, 26.3376355 ], [ 91.1149469, 26.3374952 ], [ 91.1149882, 26.3374109 ], [ 91.1150146, 26.337357 ], [ 91.1154268, 26.3368657 ], [ 91.1158847, 26.3365048 ], [ 91.1162895, 26.3362013 ], [ 91.1168391, 26.3359775 ], [ 91.1173928, 26.3356712 ], [ 91.1183413, 26.3351932 ], [ 91.118776, 26.3349356 ], [ 91.119326, 26.3346098 ], [ 91.1199228, 26.3341784 ], [ 91.1203208, 26.333914 ], [ 91.1207809, 26.3334502 ], [ 91.1209816, 26.3332718 ], [ 91.1217931, 26.3326597 ], [ 91.1224906, 26.33208 ], [ 91.1227683, 26.3317421 ], [ 91.1229148, 26.3314649 ], [ 91.1230032, 26.3313046 ], [ 91.1231934, 26.3311371 ], [ 91.1279783, 26.3311997 ], [ 91.1279784, 26.3311997 ], [ 91.1279828, 26.3311999 ], [ 91.1280041, 26.3311666 ], [ 91.1280434, 26.3311052 ], [ 91.1280638, 26.3310733 ], [ 91.128065, 26.3310701 ], [ 91.1284288, 26.3300637 ], [ 91.1284146, 26.3290347 ], [ 91.1288585, 26.3284537 ], [ 91.1297804, 26.3281133 ], [ 91.1300831, 26.3280394 ], [ 91.1264144, 26.3230577 ], [ 91.1262154, 26.3228666 ], [ 91.1259629, 26.3228436 ], [ 91.1257158, 26.3228817 ], [ 91.1254579, 26.3227975 ], [ 91.1252827, 26.3223583 ], [ 91.1251342, 26.321445 ], [ 91.1249382, 26.3210279 ], [ 91.1246272, 26.3205985 ], [ 91.1244168, 26.3200181 ], [ 91.1239933, 26.3183889 ], [ 91.1220241, 26.3161889 ], [ 91.1208471, 26.3147125 ], [ 91.1189649, 26.3124653 ], [ 91.1169078, 26.3097429 ], [ 91.1169078, 26.3097429 ], [ 91.1167187, 26.310666 ], [ 91.1165942, 26.3112743 ], [ 91.1162376, 26.3121414 ], [ 91.1158667, 26.3128453 ], [ 91.1152095, 26.3139186 ], [ 91.1142926, 26.3149932 ], [ 91.1144275, 26.3152223 ], [ 91.1146314, 26.3153412 ], [ 91.1151451, 26.315356 ], [ 91.1155434, 26.315615 ], [ 91.1156224, 26.315866 ], [ 91.1156266, 26.3161736 ], [ 91.1156213, 26.3165024 ], [ 91.1154927, 26.3169838 ], [ 91.1153966, 26.3171857 ], [ 91.1151492, 26.3176754 ], [ 91.1145271, 26.3185027 ], [ 91.1144967, 26.318543 ], [ 91.1141842, 26.3188733 ], [ 91.1135447, 26.3193704 ], [ 91.1130666, 26.3196303 ], [ 91.1124646, 26.3197758 ], [ 91.1114517, 26.3199095 ], [ 91.1109175, 26.3200502 ], [ 91.1105805, 26.3203616 ], [ 91.1104281, 26.3207009 ], [ 91.1102996, 26.3213772 ], [ 91.1102071, 26.3227901 ], [ 91.1102001, 26.3238786 ], [ 91.1101183, 26.3242437 ], [ 91.1098177, 26.3248399 ], [ 91.1093383, 26.3253462 ], [ 91.1091427, 26.3254525 ], [ 91.1090296, 26.3254605 ], [ 91.1088214, 26.325424 ], [ 91.108513, 26.3252818 ], [ 91.1081729, 26.3250392 ], [ 91.1077569, 26.3247095 ], [ 91.1071199, 26.3240671 ], [ 91.106804, 26.3237099 ], [ 91.1066334, 26.3233705 ], [ 91.1065317, 26.3235138 ], [ 91.1062874, 26.3275078 ], [ 91.1064296, 26.3293263 ], [ 91.1069638, 26.3348556 ], [ 91.1063324, 26.3345848 ], [ 91.1046553, 26.3336367 ], [ 91.1032843, 26.3325437 ], [ 91.1025497, 26.3328562 ], [ 91.1021524, 26.3329453 ], [ 91.1019467, 26.3329915 ], [ 91.1014255, 26.3331004 ], [ 91.1008824, 26.3331391 ], [ 91.1000831, 26.3331138 ], [ 91.0994763, 26.3330749 ], [ 91.0986169, 26.3329795 ], [ 91.0985595, 26.3334043 ], [ 91.0985113, 26.3336336 ], [ 91.0984271, 26.3337114 ], [ 91.0981528, 26.3337 ], [ 91.0980302, 26.3337293 ], [ 91.0980017, 26.3337929 ], [ 91.0979638, 26.3340111 ], [ 91.0979624, 26.3343989 ], [ 91.0979567, 26.3358794 ], [ 91.0978808, 26.3373444 ], [ 91.0980235, 26.3388428 ], [ 91.0979259, 26.3418874 ], [ 91.0979036, 26.3425422 ], [ 91.0978565, 26.3425474 ], [ 91.0949622, 26.3439865 ], [ 91.0951757, 26.3441917 ], [ 91.0953291, 26.3450734 ], [ 91.0947616, 26.3464184 ], [ 91.0943702, 26.3471672 ], [ 91.0942538, 26.3484458 ], [ 91.0947672, 26.3504191 ], [ 91.0945959, 26.3519419 ], [ 91.0940727, 26.3537962 ], [ 91.0940737, 26.3537966 ], [ 91.0940731, 26.3537987 ], [ 91.0940841, 26.3539241 ], [ 91.0941299, 26.3544469 ], [ 91.0943032, 26.3551213 ], [ 91.0947235, 26.355572 ], [ 91.0958946, 26.3559007 ], [ 91.0970997, 26.3557464 ], [ 91.0980577, 26.3558156 ], [ 91.099191, 26.356147 ], [ 91.1005508, 26.3567177 ], [ 91.1006234, 26.3567482 ], [ 91.1010096, 26.3569103 ], [ 91.102021, 26.3578158 ], [ 91.1026027, 26.3588044 ], [ 91.1029832, 26.3596699 ], [ 91.1031625, 26.3604125 ], [ 91.1035918, 26.3609656 ], [ 91.1048567, 26.3614935 ], [ 91.1068274, 26.3625392 ], [ 91.1068637, 26.3625584 ], [ 91.107253, 26.3627649 ], [ 91.1080439, 26.3635326 ], [ 91.1107709, 26.3642311 ], [ 91.1124053, 26.3646298 ], [ 91.1144163, 26.3654135 ], [ 91.1173307, 26.3665106 ], [ 91.1190967, 26.3671057 ], [ 91.1210662, 26.3677228 ], [ 91.1210663, 26.3677228 ], [ 91.1211211, 26.36774 ], [ 91.1211859, 26.3677622 ], [ 91.1226132, 26.3682516 ], [ 91.125723, 26.3694033 ], [ 91.1273365, 26.3695629 ], [ 91.1281502, 26.3697548 ], [ 91.1282309, 26.3697738 ], [ 91.1293412, 26.3689737 ], [ 91.1297195, 26.3680736 ], [ 91.1297595, 26.3679784 ], [ 91.1297597, 26.367978 ], [ 91.1298767, 26.3676995 ], [ 91.1288785, 26.3667408 ], [ 91.1276754, 26.365661 ], [ 91.1276381, 26.3656276 ] ] ] } },
{ "type": "Feature", "properties": { "gpcode": "105609", "gpname": "BHELLA", "dtname": "Barpeta", "stname": "ASSAM", "sdtname": "Barpeta", "blkname": "BARPETA", "expected_mm": 15.6, "likely_min_mm": 15.2, "likely_max_mm": 15.7, "tmax_c": 32.1, "tmin_c": 24.9, "temp_c": 28.5, "rh_pct": 93.6, "wind_kph": 11.0, "heat_stress_level": "NONE", "disease_risk_flag": false, "ragi_stage": "vegetative", "paddy_stage": "vegetative", "forecast_date": "2026-09-10", "timestamp_utc": "2026-09-28T15:52:05Z" }, "geometry": { "type": "MultiPolygon", "coordinates": [ [ [ [ 91.0895253, 26.3161413 ], [ 91.0891627, 26.3139558 ], [ 91.0891292, 26.3136941 ], [ 91.0881512, 26.3135049 ], [ 91.0874517, 26.3133185 ], [ 91.0868924, 26.3130401 ], [ 91.0864285, 26.3126829 ], [ 91.086171, 26.312342 ], [ 91.0859576, 26.3118542 ], [ 91.0858834, 26.3113975 ], [ 91.0857986, 26.3095073 ], [ 91.0856785, 26.3078735 ], [ 91.0856657, 26.3065562 ], [ 91.0857217, 26.3055053 ], [ 91.0857313, 26.3053084 ], [ 91.0857312, 26.3053084 ], [ 91.084821, 26.3051509 ], [ 91.0837354, 26.3051049 ], [ 91.0831269, 26.3050455 ], [ 91.0826827, 26.3049128 ], [ 91.0818013, 26.3045957 ], [ 91.0810475, 26.304177 ], [ 91.0806717, 26.3039163 ], [ 91.0802186, 26.3036816 ], [ 91.0794444, 26.3034183 ], [ 91.0789768, 26.303281 ], [ 91.0789327, 26.3020762 ], [ 91.0790849, 26.3008233 ], [ 91.0795834, 26.298962 ], [ 91.0794815, 26.2981122 ], [ 91.0793413, 26.2977488 ], [ 91.0800082, 26.2971672 ], [ 91.0808749, 26.2962742 ], [ 91.0816683, 26.2953248 ], [ 91.0822304, 26.2948538 ], [ 91.0832099, 26.2942093 ], [ 91.0834499, 26.2941545 ], [ 91.0834499, 26.2941544 ], [ 91.0832479, 26.2920694 ], [ 91.083039, 26.2904624 ], [ 91.0829189, 26.2896087 ], [ 91.0827807, 26.2893715 ], [ 91.0816569, 26.2892976 ], [ 91.0801113, 26.2891432 ], [ 91.0788465, 26.288979 ], [ 91.0768028, 26.288667 ], [ 91.0749679, 26.2885535 ], [ 91.0742574, 26.2885227 ], [ 91.0730392, 26.2881841 ], [ 91.0716918, 26.2877352 ], [ 91.0716816, 26.2877318 ], [ 91.0702289, 26.2874795 ], [ 91.069189, 26.2873094 ], [ 91.0680487, 26.28711 ], [ 91.0668697, 26.286767 ], [ 91.0663786, 26.2866901 ], [ 91.0655248, 26.2865342 ], [ 91.0652568, 26.2864852 ], [ 91.0650016, 26.2864018 ], [ 91.0643383, 26.2859688 ], [ 91.0642013, 26.2858794 ], [ 91.0636684, 26.285582 ], [ 91.0634875, 26.2855745 ], [ 91.0632963, 26.2855779 ], [ 91.062487, 26.285676 ], [ 91.0615501, 26.285783 ], [ 91.061067, 26.285797 ], [ 91.0607138, 26.2857415 ], [ 91.0606216, 26.285727 ], [ 91.0601537, 26.2856586 ], [ 91.0595584, 26.2856606 ], [ 91.0584766, 26.2856561 ], [ 91.0577917, 26.2855522 ], [ 91.0574986, 26.2854206 ], [ 91.057007, 26.2850795 ], [ 91.0562087, 26.2847095 ], [ 91.0559224, 26.2845265 ], [ 91.0553623, 26.2844342 ], [ 91.0548335, 26.2844412 ], [ 91.0541134, 26.284379 ], [ 91.0543829, 26.285065 ], [ 91.054749, 26.2861818 ], [ 91.0550329, 26.2870684 ], [ 91.0551469, 26.2874385 ], [ 91.0554267, 26.2883466 ], [ 91.0555882, 26.2890928 ], [ 91.0556607, 26.2898454 ], [ 91.0556644, 26.2902822 ], [ 91.0556675, 26.2906336 ], [ 91.0556237, 26.291396 ], [ 91.0556655, 26.2925854 ], [ 91.0556633, 26.2941382 ], [ 91.0552973, 26.2973574 ], [ 91.0552158, 26.2985556 ], [ 91.0552117, 26.2991351 ], [ 91.0553446, 26.3000263 ], [ 91.0559256, 26.3017116 ], [ 91.0560547, 26.3022928 ], [ 91.056109, 26.3025374 ], [ 91.0561684, 26.3027444 ], [ 91.0563838, 26.3030024 ], [ 91.056502, 26.3030934 ], [ 91.0567505, 26.3031006 ], [ 91.0569831, 26.3030648 ], [ 91.057242, 26.3035034 ], [ 91.0582053, 26.3048924 ], [ 91.0585014, 26.3054153 ], [ 91.0585547, 26.3056521 ], [ 91.0602734, 26.3061054 ], [ 91.0627047, 26.3070929 ], [ 91.0642557, 26.3075166 ], [ 91.0651455, 26.3077376 ], [ 91.0664815, 26.3081766 ], [ 91.068121, 26.3088302 ], [ 91.0687075, 26.309158 ], [ 91.0693537, 26.3096178 ], [ 91.0693538, 26.3096178 ], [ 91.0695952, 26.3096438 ], [ 91.0701738, 26.3098015 ], [ 91.0709948, 26.3100538 ], [ 91.0724806, 26.3103458 ], [ 91.0744012, 26.3105697 ], [ 91.0750205, 26.310563 ], [ 91.0764087, 26.3105265 ], [ 91.0772385, 26.3104055 ], [ 91.079122, 26.3132343 ], [ 91.0794, 26.3141263 ], [ 91.079615, 26.3153421 ], [ 91.0796736, 26.316828 ], [ 91.0799137, 26.3167947 ], [ 91.080516, 26.3167827 ], [ 91.0809218, 26.3168668 ], [ 91.0813564, 26.3170207 ], [ 91.0817328, 26.3171582 ], [ 91.0819079, 26.3172074 ], [ 91.0820811, 26.3172361 ], [ 91.0823622, 26.3171956 ], [ 91.0830509, 26.3168696 ], [ 91.0835852, 26.3166674 ], [ 91.0843308, 26.3164708 ], [ 91.0847143, 26.3162998 ], [ 91.0848683, 26.3162376 ], [ 91.0850013, 26.3161973 ], [ 91.0851293, 26.3162293 ], [ 91.0851912, 26.3162865 ], [ 91.0851668, 26.3170477 ], [ 91.085259, 26.3178418 ], [ 91.0856436, 26.3193746 ], [ 91.0857165, 26.3196877 ], [ 91.0857428, 26.3197269 ], [ 91.0878451, 26.3198135 ], [ 91.0893855, 26.319739 ], [ 91.0893829, 26.3193217 ], [ 91.0894937, 26.3186364 ], [ 91.0896479, 26.3180623 ], [ 91.0896693, 26.317527 ], [ 91.0895253, 26.3161413 ] ] ], [ [ [ 91.0421174, 26.3315024 ], [ 91.0428414, 26.3315902 ], [ 91.0434072, 26.3317589 ], [ 91.0441817, 26.3324244 ], [ 91.0443629, 26.3326708 ], [ 91.0458894, 26.3329508 ], [ 91.047082, 26.3330511 ], [ 91.0483795, 26.3331132 ], [ 91.0493822, 26.3331243 ], [ 91.0507446, 26.3331196 ], [ 91.052257, 26.3329715 ], [ 91.0526191, 26.3329458 ], [ 91.0533347, 26.3330593 ], [ 91.0537361, 26.3330924 ], [ 91.0544638, 26.3330819 ], [ 91.0552362, 26.3329864 ], [ 91.0562071, 26.3327638 ], [ 91.0566281, 26.3326313 ], [ 91.0569336, 26.3326097 ], [ 91.0571712, 26.3325929 ], [ 91.0575626, 26.3325138 ], [ 91.0577637, 26.3324688 ], [ 91.0582954, 26.3324311 ], [ 91.0584755, 26.3324081 ], [ 91.0587929, 26.3322624 ], [ 91.0591949, 26.3321723 ], [ 91.0596813, 26.3321378 ], [ 91.0610645, 26.332204 ], [ 91.0619528, 26.3323969 ], [ 91.0627382, 26.3325259 ], [ 91.0633779, 26.3325524 ], [ 91.0645976, 26.3327019 ], [ 91.0648497, 26.3327148 ], [ 91.0647939, 26.3321932 ], [ 91.0648179, 26.3315208 ], [ 91.0650296, 26.3304749 ], [ 91.0650618, 26.3297398 ], [ 91.0647718, 26.3275198 ], [ 91.064795, 26.3265245 ], [ 91.0651465, 26.324711 ], [ 91.0651459, 26.3244447 ], [ 91.0651445, 26.3237423 ], [ 91.0650268, 26.3217582 ], [ 91.0649944, 26.3198104 ], [ 91.0650662, 26.3193705 ], [ 91.0651797, 26.3192508 ], [ 91.0656522, 26.3189813 ], [ 91.0661101, 26.3189079 ], [ 91.0661889, 26.3177733 ], [ 91.0663239, 26.3169736 ], [ 91.0662765, 26.316823 ], [ 91.0661197, 26.3167212 ], [ 91.0658288, 26.3166495 ], [ 91.0652568, 26.3166155 ], [ 91.0652023, 26.3166123 ], [ 91.064763, 26.316664 ], [ 91.064259, 26.3166279 ], [ 91.0633023, 26.3164905 ], [ 91.0627573, 26.3163752 ], [ 91.0612165, 26.3159202 ], [ 91.0607231, 26.3158217 ], [ 91.06022, 26.3157957 ], [ 91.0600226, 26.3158816 ], [ 91.0599167, 26.3159712 ], [ 91.059816, 26.316122 ], [ 91.0596736, 26.3163168 ], [ 91.0594164, 26.3164992 ], [ 91.0591738, 26.3165883 ], [ 91.0589276, 26.3166365 ], [ 91.0585525, 26.3166426 ], [ 91.0580476, 26.3165962 ], [ 91.0573642, 26.31646 ], [ 91.0565766, 26.3164337 ], [ 91.0558368, 26.3164348 ], [ 91.055568, 26.3164847 ], [ 91.0552411, 26.3166515 ], [ 91.0549645, 26.3167429 ], [ 91.0548035, 26.3167235 ], [ 91.0545921, 26.3166274 ], [ 91.0539672, 26.3161174 ], [ 91.0536205, 26.3159266 ], [ 91.0534517, 26.3159488 ], [ 91.0533022, 26.3160619 ], [ 91.0531059, 26.3162914 ], [ 91.0529252, 26.3164376 ], [ 91.0527469, 26.316481 ], [ 91.052464, 26.3165011 ], [ 91.0521638, 26.3164505 ], [ 91.0517789, 26.3163443 ], [ 91.051118, 26.3162064 ], [ 91.0506966, 26.3160721 ], [ 91.0505243, 26.3160535 ], [ 91.0503269, 26.3161393 ], [ 91.0499478, 26.3163611 ], [ 91.0493339, 26.3166304 ], [ 91.0492486, 26.3166682 ], [ 91.0492309, 26.3167516 ], [ 91.0490477, 26.3171329 ], [ 91.0486948, 26.317582 ], [ 91.0472226, 26.3190475 ], [ 91.0461012, 26.3201428 ], [ 91.0445178, 26.3220275 ], [ 91.0443045, 26.3222814 ], [ 91.0434658, 26.3235192 ], [ 91.0430878, 26.3240945 ], [ 91.0427875, 26.3247336 ], [ 91.0417288, 26.3262918 ], [ 91.0409367, 26.3275465 ], [ 91.0403093, 26.328363 ], [ 91.0396122, 26.3289 ], [ 91.0393528, 26.329284 ], [ 91.0392672, 26.3295948 ], [ 91.0389968, 26.3306299 ], [ 91.0386512, 26.3310606 ], [ 91.0383859, 26.3311201 ], [ 91.0381307, 26.3310366 ], [ 91.0379357, 26.3308675 ], [ 91.0372574, 26.3303262 ], [ 91.036758, 26.3301989 ], [ 91.0361619, 26.3303426 ], [ 91.0356385, 26.3305422 ], [ 91.0346437, 26.331283 ], [ 91.0341668, 26.3314996 ], [ 91.0338773, 26.3315405 ], [ 91.0331359, 26.3316093 ], [ 91.0331606, 26.3316805 ], [ 91.0331343, 26.3324138 ], [ 91.0329947, 26.3333988 ], [ 91.0328047, 26.3340624 ], [ 91.0324458, 26.3348598 ], [ 91.031487, 26.3360226 ], [ 91.0317412, 26.3363891 ], [ 91.0324716, 26.337272 ], [ 91.0332177, 26.3382045 ], [ 91.0339231, 26.3397151 ], [ 91.0343846, 26.340485 ], [ 91.0347455, 26.3415871 ], [ 91.0352405, 26.3430427 ], [ 91.0352498, 26.3430702 ], [ 91.0354838, 26.343465 ], [ 91.0362718, 26.3444256 ], [ 91.0372731, 26.3452285 ], [ 91.037587, 26.3451548 ], [ 91.0385848, 26.3445874 ], [ 91.0390396, 26.344431 ], [ 91.0394139, 26.3439822 ], [ 91.0399433, 26.3431003 ], [ 91.0403105, 26.3422546 ], [ 91.0405171, 26.341147 ], [ 91.0402713, 26.3392765 ], [ 91.0399431, 26.3383558 ], [ 91.0392178, 26.3367723 ], [ 91.0391008, 26.3362791 ], [ 91.0388484, 26.334623 ], [ 91.038718, 26.3331515 ], [ 91.0387563, 26.3327823 ], [ 91.0389316, 26.3324409 ], [ 91.0391251, 26.3321815 ], [ 91.0393606, 26.3319882 ], [ 91.0398773, 26.3318 ], [ 91.0409628, 26.3315344 ], [ 91.0421174, 26.3315024 ] ] ] ] } },
{ "type": "Feature", "properties": { "gpcode": "105610", "gpname": "KEOTKUCHI", "dtname": "Barpeta", "stname": "ASSAM", "sdtname": "Barpeta", "blkname": "BARPETA", "expected_mm": 15.9, "likely_min_mm": 15.6, "likely_max_mm": 15.9, "tmax_c": 32.2, "tmin_c": 24.9, "temp_c": 28.6, "rh_pct": 93.6, "wind_kph": 11.1, "heat_stress_level": "NONE", "disease_risk_flag": false, "ragi_stage": "vegetative", "paddy_stage": "vegetative", "forecast_date": "2026-09-10", "timestamp_utc": "2026-09-28T15:52:05Z" }, "geometry": { "type": "MultiPolygon", "coordinates": [ [ [ [ 91.0441494, 26.2943764 ], [ 91.0442644, 26.2941448 ], [ 91.0446657, 26.2940961 ], [ 91.0454564, 26.2941214 ], [ 91.0458807, 26.2943351 ], [ 91.0462083, 26.2944745 ], [ 91.0464339, 26.2944788 ], [ 91.0466355, 26.2944645 ], [ 91.0469178, 26.2943429 ], [ 91.0473536, 26.2939724 ], [ 91.0479424, 26.2937478 ], [ 91.0496191, 26.2930805 ], [ 91.0508364, 26.2926488 ], [ 91.0516953, 26.2923442 ], [ 91.0532216, 26.2918245 ], [ 91.0538972, 26.2915634 ], [ 91.0544135, 26.2912829 ], [ 91.0549089, 26.2908922 ], [ 91.0556644, 26.2902822 ], [ 91.0556607, 26.2898454 ], [ 91.0555882, 26.2890928 ], [ 91.0554267, 26.2883466 ], [ 91.0551469, 26.2874385 ], [ 91.0550329, 26.2870684 ], [ 91.054749, 26.2861818 ], [ 91.0543829, 26.285065 ], [ 91.0541134, 26.284379 ], [ 91.0535758, 26.2845709 ], [ 91.0527496, 26.2849139 ], [ 91.0522349, 26.2850825 ], [ 91.0516383, 26.2852162 ], [ 91.0511371, 26.2852821 ], [ 91.0507196, 26.2854032 ], [ 91.0500785, 26.285672 ], [ 91.0494697, 26.2857964 ], [ 91.0491099, 26.2859337 ], [ 91.0486617, 26.2862194 ], [ 91.0480669, 26.2864331 ], [ 91.0474457, 26.2868022 ], [ 91.0469439, 26.2869901 ], [ 91.0466321, 26.2870325 ], [ 91.0463935, 26.2870087 ], [ 91.0460609, 26.2869409 ], [ 91.0456998, 26.286804 ], [ 91.0450782, 26.2865228 ], [ 91.0431215, 26.2856174 ], [ 91.0411323, 26.2848947 ], [ 91.0407739, 26.2847422 ], [ 91.0407738, 26.2847422 ], [ 91.0407662, 26.2848307 ], [ 91.0403449, 26.2862014 ], [ 91.0401583, 26.2876684 ], [ 91.0398973, 26.2890685 ], [ 91.0398551, 26.2897097 ], [ 91.03981, 26.2903953 ], [ 91.0395754, 26.2920982 ], [ 91.0395954, 26.2936207 ], [ 91.039491, 26.2957044 ], [ 91.0399151, 26.295656 ], [ 91.0406039, 26.2954636 ], [ 91.0412338, 26.295378 ], [ 91.0419749, 26.2952639 ], [ 91.0424898, 26.2951659 ], [ 91.0429006, 26.2951779 ], [ 91.0434612, 26.2953434 ], [ 91.0441245, 26.2959166 ], [ 91.0441956, 26.2951656 ], [ 91.0441494, 26.2943764 ] ] ], [ [ [ 91.0693537, 26.3096178 ], [ 91.0693538, 26.3096178 ], [ 91.069353682200813, 26.309617787335096 ], [ 91.0693537, 26.3096178 ] ] ], [ [ [ 91.0687954, 26.3184126 ], [ 91.0689422, 26.31757 ], [ 91.0689392, 26.3165889 ], [ 91.068862, 26.3160271 ], [ 91.0686842, 26.3150957 ], [ 91.0683739, 26.3130095 ], [ 91.0681968, 26.3103517 ], [ 91.068315, 26.3099707 ], [ 91.0684736, 26.3097359 ], [ 91.068643, 26.3096245 ], [ 91.0688999, 26.309569 ], [ 91.069353682200813, 26.309617787335096 ], [ 91.0687075, 26.309158 ], [ 91.068121, 26.3088302 ], [ 91.0664815, 26.3081766 ], [ 91.0651455, 26.3077376 ], [ 91.0642557, 26.3075166 ], [ 91.0627047, 26.3070929 ], [ 91.0602734, 26.3061054 ], [ 91.0585547, 26.3056521 ], [ 91.0585014, 26.3054153 ], [ 91.0582053, 26.3048924 ], [ 91.057242, 26.3035034 ], [ 91.0569831, 26.3030648 ], [ 91.0567505, 26.3031006 ], [ 91.056502, 26.3030934 ], [ 91.0563838, 26.3030024 ], [ 91.0561684, 26.3027444 ], [ 91.056109, 26.3025374 ], [ 91.0560547, 26.3022928 ], [ 91.0552432, 26.302479 ], [ 91.0545301, 26.3025702 ], [ 91.053672, 26.3025498 ], [ 91.0531452, 26.302709 ], [ 91.0523153, 26.3030116 ], [ 91.051561, 26.3031463 ], [ 91.0511613, 26.3032152 ], [ 91.0502009, 26.3037778 ], [ 91.0486887, 26.3046048 ], [ 91.0473344, 26.3054829 ], [ 91.0457924, 26.3064048 ], [ 91.0452917, 26.3067349 ], [ 91.0442258, 26.3075088 ], [ 91.0441143, 26.3075535 ], [ 91.0441143, 26.3075534 ], [ 91.0442333, 26.3068355 ], [ 91.0442093, 26.3064024 ], [ 91.044079, 26.3060142 ], [ 91.0438731, 26.3057057 ], [ 91.0428495, 26.3047099 ], [ 91.041914, 26.304093 ], [ 91.0402556, 26.3028844 ], [ 91.0390789, 26.3020907 ], [ 91.0390555, 26.3020749 ], [ 91.0384621, 26.3019057 ], [ 91.0377719, 26.301731 ], [ 91.0371893, 26.3016852 ], [ 91.0364561, 26.3016502 ], [ 91.0355186, 26.301642 ], [ 91.0351101, 26.3016957 ], [ 91.0347424, 26.3018209 ], [ 91.0339421, 26.3019644 ], [ 91.0330795, 26.3020254 ], [ 91.0321391, 26.3021417 ], [ 91.03168, 26.3022487 ], [ 91.0311766, 26.3023215 ], [ 91.0304193, 26.3023254 ], [ 91.0300655, 26.3023752 ], [ 91.029829, 26.3024897 ], [ 91.0294314, 26.3028284 ], [ 91.0294283, 26.3028303 ], [ 91.0290652, 26.303053 ], [ 91.0289062, 26.3031264 ], [ 91.0286187, 26.3031467 ], [ 91.0283554, 26.3031281 ], [ 91.0280974, 26.3031711 ], [ 91.0278606, 26.3032997 ], [ 91.0276144, 26.3034785 ], [ 91.027078, 26.3039636 ], [ 91.0268235, 26.3042053 ], [ 91.0263806, 26.3044974 ], [ 91.0259564, 26.3046889 ], [ 91.0257542, 26.3047404 ], [ 91.0254439, 26.3047375 ], [ 91.0245316, 26.3047026 ], [ 91.0237097, 26.3046807 ], [ 91.0237096, 26.3046807 ], [ 91.0235098, 26.3046754 ], [ 91.0228655, 26.30487 ], [ 91.0221916, 26.3050419 ], [ 91.021878, 26.3052379 ], [ 91.021799, 26.3053245 ], [ 91.0211988, 26.3059816 ], [ 91.0208925, 26.3062438 ], [ 91.0204194, 26.3068238 ], [ 91.0200961, 26.3075422 ], [ 91.0199286, 26.3081503 ], [ 91.0196746, 26.3087148 ], [ 91.0193025, 26.3091883 ], [ 91.0188441, 26.3098973 ], [ 91.0186561, 26.3108452 ], [ 91.0183434, 26.3113955 ], [ 91.0180931, 26.3121446 ], [ 91.0179218, 26.3127663 ], [ 91.017992, 26.3135739 ], [ 91.0180904, 26.3147048 ], [ 91.0185084, 26.315366 ], [ 91.0191848, 26.3158871 ], [ 91.0202879, 26.3161343 ], [ 91.0220454, 26.316132 ], [ 91.0226382, 26.316212 ], [ 91.023152, 26.3164196 ], [ 91.0234076, 26.3167672 ], [ 91.0234603, 26.3173729 ], [ 91.0233656, 26.3180484 ], [ 91.0232935, 26.3185631 ], [ 91.0232932, 26.3185663 ], [ 91.0243006, 26.3183052 ], [ 91.0247707, 26.3181398 ], [ 91.0256143, 26.3177348 ], [ 91.0268786, 26.3169852 ], [ 91.0279865, 26.3165107 ], [ 91.0284022, 26.3163424 ], [ 91.0288682, 26.3161538 ], [ 91.0293312, 26.3159078 ], [ 91.0299565, 26.3153251 ], [ 91.0303291, 26.3150055 ], [ 91.0305611, 26.3146945 ], [ 91.0307683, 26.3144868 ], [ 91.0309408, 26.3140074 ], [ 91.0311133, 26.3136599 ], [ 91.0314263, 26.3132792 ], [ 91.0317633, 26.3128796 ], [ 91.0319925, 26.3126496 ], [ 91.0321881, 26.3124534 ], [ 91.0326468, 26.3121568 ], [ 91.0338349, 26.3116969 ], [ 91.0350374, 26.3111445 ], [ 91.036405, 26.310418 ], [ 91.0370817, 26.3101669 ], [ 91.0382708, 26.3098491 ], [ 91.0388625, 26.309604 ], [ 91.0395392, 26.3093237 ], [ 91.0403526, 26.3089613 ], [ 91.0411017, 26.3087661 ], [ 91.041688, 26.3085112 ], [ 91.0424577, 26.3082943 ], [ 91.0429427, 26.3080573 ], [ 91.0439043, 26.3093589 ], [ 91.0446865, 26.3103194 ], [ 91.0457706, 26.3113805 ], [ 91.046476, 26.3122938 ], [ 91.0477385, 26.3138502 ], [ 91.048602, 26.3149675 ], [ 91.0491959, 26.3155756 ], [ 91.0492896, 26.3157304 ], [ 91.0493295, 26.316074 ], [ 91.0492953, 26.3164484 ], [ 91.0492486, 26.3166682 ], [ 91.0493339, 26.3166304 ], [ 91.0499478, 26.3163611 ], [ 91.0503269, 26.3161393 ], [ 91.0505243, 26.3160535 ], [ 91.0506966, 26.3160721 ], [ 91.051118, 26.3162064 ], [ 91.0517789, 26.3163443 ], [ 91.0521638, 26.3164505 ], [ 91.052464, 26.3165011 ], [ 91.0527469, 26.316481 ], [ 91.0529252, 26.3164376 ], [ 91.0531059, 26.3162914 ], [ 91.0533022, 26.3160619 ], [ 91.0534517, 26.3159488 ], [ 91.0536205, 26.3159266 ], [ 91.0539672, 26.3161174 ], [ 91.0545921, 26.3166274 ], [ 91.0548035, 26.3167235 ], [ 91.0549645, 26.3167429 ], [ 91.0552411, 26.3166515 ], [ 91.055568, 26.3164847 ], [ 91.0558368, 26.3164348 ], [ 91.0565766, 26.3164337 ], [ 91.0573642, 26.31646 ], [ 91.0580476, 26.3165962 ], [ 91.0585525, 26.3166426 ], [ 91.0589276, 26.3166365 ], [ 91.0591738, 26.3165883 ], [ 91.0594164, 26.3164992 ], [ 91.0596736, 26.3163168 ], [ 91.059816, 26.316122 ], [ 91.0599167, 26.3159712 ], [ 91.0600226, 26.3158816 ], [ 91.06022, 26.3157957 ], [ 91.0607231, 26.3158217 ], [ 91.0612165, 26.3159202 ], [ 91.0627573, 26.3163752 ], [ 91.0633023, 26.3164905 ], [ 91.064259, 26.3166279 ], [ 91.064763, 26.316664 ], [ 91.0652023, 26.3166123 ], [ 91.0652568, 26.3166155 ], [ 91.0658288, 26.3166495 ], [ 91.0661197, 26.3167212 ], [ 91.0662765, 26.316823 ], [ 91.0663239, 26.3169736 ], [ 91.0661889, 26.3177733 ], [ 91.0661101, 26.3189079 ], [ 91.0662092, 26.318892 ], [ 91.0668467, 26.3189731 ], [ 91.0678675, 26.3189877 ], [ 91.0681254, 26.3189445 ], [ 91.0683918, 26.3188387 ], [ 91.0685957, 26.3186503 ], [ 91.0687664, 26.318447 ], [ 91.0687954, 26.3184126 ] ] ], [ [ [ 91.0379357, 26.3308675 ], [ 91.0381307, 26.3310366 ], [ 91.0383859, 26.3311201 ], [ 91.0386512, 26.3310606 ], [ 91.0389968, 26.3306299 ], [ 91.0392672, 26.3295948 ], [ 91.0393528, 26.329284 ], [ 91.0396122, 26.3289 ], [ 91.0403093, 26.328363 ], [ 91.0409367, 26.3275465 ], [ 91.0417288, 26.3262918 ], [ 91.0427875, 26.3247336 ], [ 91.0430878, 26.3240945 ], [ 91.0434658, 26.3235192 ], [ 91.0443045, 26.3222814 ], [ 91.0445178, 26.3220275 ], [ 91.0445177, 26.3220275 ], [ 91.0428834, 26.3218359 ], [ 91.0410083, 26.3216536 ], [ 91.037637, 26.3212935 ], [ 91.0351577, 26.321032 ], [ 91.0339118, 26.3209576 ], [ 91.0320906, 26.3210051 ], [ 91.0318365, 26.3210637 ], [ 91.0317658, 26.3211311 ], [ 91.031618, 26.3212722 ], [ 91.0315563, 26.3214695 ], [ 91.0315245, 26.3220102 ], [ 91.0315265, 26.3225746 ], [ 91.0315527, 26.3225807 ], [ 91.0317226, 26.3227211 ], [ 91.0320634, 26.3230119 ], [ 91.0322999, 26.3232694 ], [ 91.0325253, 26.3235278 ], [ 91.0326834, 26.3237909 ], [ 91.0328012, 26.3241077 ], [ 91.0328172, 26.3244214 ], [ 91.0327599, 26.3246693 ], [ 91.0326216, 26.3248924 ], [ 91.0324676, 26.3250658 ], [ 91.0322448, 26.3252238 ], [ 91.0318643, 26.3253828 ], [ 91.0313234, 26.3255124 ], [ 91.0303231, 26.3257355 ], [ 91.0295018, 26.3261389 ], [ 91.0283108, 26.3269545 ], [ 91.0276573, 26.3277321 ], [ 91.0278646, 26.3280424 ], [ 91.0287132, 26.3284701 ], [ 91.0301977, 26.3289544 ], [ 91.0309922, 26.3290201 ], [ 91.0316694, 26.3290332 ], [ 91.0318974, 26.3293218 ], [ 91.032322, 26.3300738 ], [ 91.0329199, 26.3309864 ], [ 91.0331359, 26.3316093 ], [ 91.0338773, 26.3315405 ], [ 91.0341668, 26.3314996 ], [ 91.0346437, 26.331283 ], [ 91.0356385, 26.3305422 ], [ 91.0361619, 26.3303426 ], [ 91.036758, 26.3301989 ], [ 91.0372574, 26.3303262 ], [ 91.0379357, 26.3308675 ] ] ], [ [ [ 91.0608121, 26.3377141 ], [ 91.0618643, 26.3380867 ], [ 91.0625468, 26.3380135 ], [ 91.0631788, 26.3379936 ], [ 91.063566, 26.3376928 ], [ 91.0641795, 26.3368296 ], [ 91.0645019, 26.3355188 ], [ 91.0648185, 26.3347263 ], [ 91.0650702, 26.3343611 ], [ 91.065209, 26.3341986 ], [ 91.0653564, 26.3340492 ], [ 91.0653953, 26.3340173 ], [ 91.0654389, 26.3339938 ], [ 91.065105, 26.3333883 ], [ 91.0648691, 26.3328958 ], [ 91.0648497, 26.3327148 ], [ 91.0645976, 26.3327019 ], [ 91.0633779, 26.3325524 ], [ 91.0627382, 26.3325259 ], [ 91.0619528, 26.3323969 ], [ 91.0610645, 26.332204 ], [ 91.0596813, 26.3321378 ], [ 91.0591949, 26.3321723 ], [ 91.0587929, 26.3322624 ], [ 91.0584755, 26.3324081 ], [ 91.0582954, 26.3324311 ], [ 91.0577637, 26.3324688 ], [ 91.0575626, 26.3325138 ], [ 91.0571712, 26.3325929 ], [ 91.0569336, 26.3326097 ], [ 91.0566281, 26.3326313 ], [ 91.0562071, 26.3327638 ], [ 91.0552362, 26.3329864 ], [ 91.0544638, 26.3330819 ], [ 91.0537361, 26.3330924 ], [ 91.0533347, 26.3330593 ], [ 91.0526191, 26.3329458 ], [ 91.052257, 26.3329715 ], [ 91.0507446, 26.3331196 ], [ 91.0493822, 26.3331243 ], [ 91.0483795, 26.3331132 ], [ 91.047082, 26.3330511 ], [ 91.0458894, 26.3329508 ], [ 91.0443629, 26.3326708 ], [ 91.0444943, 26.3328495 ], [ 91.0455069, 26.3368764 ], [ 91.0461134, 26.338169 ], [ 91.046519, 26.3387116 ], [ 91.0472934, 26.3393771 ], [ 91.0485782, 26.3402053 ], [ 91.0499155, 26.3410049 ], [ 91.0510403, 26.3418939 ], [ 91.0525143, 26.3436278 ], [ 91.0538139, 26.3449915 ], [ 91.0542362, 26.3454086 ], [ 91.0550354, 26.3457246 ], [ 91.0558571, 26.3456664 ], [ 91.0565729, 26.3453425 ], [ 91.056736, 26.3446851 ], [ 91.0567975, 26.3436831 ], [ 91.0568156, 26.3433877 ], [ 91.0562915, 26.3414874 ], [ 91.0557594, 26.339811 ], [ 91.0556292, 26.3389509 ], [ 91.0560129, 26.3379797 ], [ 91.0563914, 26.3375804 ], [ 91.0569154, 26.33727 ], [ 91.0577515, 26.3370616 ], [ 91.0592584, 26.3372778 ], [ 91.0608121, 26.3377141 ] ] ] ] } },
{ "type": "Feature", "properties": { "gpcode": "105611", "gpname": "MADHYA PAKA", "dtname": "Barpeta", "stname": "ASSAM", "sdtname": "Sarthebari", "blkname": "PAKABETBARI", "expected_mm": 15.7, "likely_min_mm": 15.7, "likely_max_mm": 15.7, "tmax_c": 32.4, "tmin_c": 24.6, "temp_c": 28.5, "rh_pct": 93.1, "wind_kph": 11.7, "heat_stress_level": "NONE", "disease_risk_flag": false, "ragi_stage": "vegetative", "paddy_stage": "vegetative", "forecast_date": "2026-09-10", "timestamp_utc": "2026-09-28T15:52:05Z" }, "geometry": { "type": "Polygon", "coordinates": [ [ [ 91.1183852, 26.4409088 ], [ 91.1193651, 26.4405213 ], [ 91.1194099, 26.4405265 ], [ 91.1200454, 26.4405993 ], [ 91.1204338, 26.4406439 ], [ 91.1212697, 26.440624 ], [ 91.1221286, 26.4403643 ], [ 91.1227107, 26.4399654 ], [ 91.1233979, 26.4397576 ], [ 91.1241495, 26.4397835 ], [ 91.1255594, 26.4395266 ], [ 91.1255594, 26.4395266 ], [ 91.1259578, 26.437788 ], [ 91.126068, 26.4360326 ], [ 91.1261864, 26.4348724 ], [ 91.1256323, 26.4335866 ], [ 91.1247222, 26.4322613 ], [ 91.1240543, 26.4306805 ], [ 91.1237312, 26.4295121 ], [ 91.1237429, 26.4295138 ], [ 91.1245041, 26.429623 ], [ 91.1250259, 26.4296978 ], [ 91.1264347, 26.4296769 ], [ 91.1285902, 26.4291261 ], [ 91.1302305, 26.4287312 ], [ 91.1317798, 26.428303 ], [ 91.1336023, 26.4279746 ], [ 91.1341647, 26.4279639 ], [ 91.1345109, 26.4288925 ], [ 91.1349711, 26.4296142 ], [ 91.1359987, 26.4307722 ], [ 91.1360473, 26.4313249 ], [ 91.1358887, 26.4325276 ], [ 91.1357564, 26.43353 ], [ 91.1357488, 26.4335981 ], [ 91.1356082, 26.4348512 ], [ 91.1357898, 26.4353909 ], [ 91.1357898, 26.4353909 ], [ 91.1376007, 26.4346586 ], [ 91.1389309, 26.434246 ], [ 91.1396375, 26.4337587 ], [ 91.1413619, 26.4333179 ], [ 91.1422992, 26.4334497 ], [ 91.1438867, 26.4334555 ], [ 91.1446314, 26.4334024 ], [ 91.1453887, 26.4329909 ], [ 91.1460459, 26.432944 ], [ 91.1465012, 26.4331101 ], [ 91.1481777, 26.433626 ], [ 91.1499558, 26.4342933 ], [ 91.1513608, 26.4342396 ], [ 91.1511794, 26.4331802 ], [ 91.1513532, 26.4326515 ], [ 91.1516827, 26.4323896 ], [ 91.1520805, 26.432401 ], [ 91.1526604, 26.4324787 ], [ 91.1534295, 26.4327018 ], [ 91.1541951, 26.4328854 ], [ 91.1546804, 26.4328905 ], [ 91.1552097, 26.4325733 ], [ 91.1552316, 26.4325704 ], [ 91.1570829, 26.4323204 ], [ 91.1578102, 26.4320698 ], [ 91.1588108, 26.4319189 ], [ 91.1596153, 26.4315437 ], [ 91.1607792, 26.4307456 ], [ 91.1618346, 26.4297169 ], [ 91.1624937, 26.4291932 ], [ 91.1637925, 26.4284251 ], [ 91.1645567, 26.4280925 ], [ 91.1654063, 26.4282303 ], [ 91.1665661, 26.4283857 ], [ 91.1676265, 26.4290213 ], [ 91.1676137, 26.4289625 ], [ 91.1672665, 26.4273573 ], [ 91.1673338, 26.4261212 ], [ 91.1674407, 26.4238642 ], [ 91.1671337, 26.4213838 ], [ 91.1670822, 26.4203044 ], [ 91.1670298, 26.4192068 ], [ 91.1667228, 26.4167265 ], [ 91.1652583, 26.4166311 ], [ 91.1629348, 26.4172738 ], [ 91.1603346, 26.4177774 ], [ 91.1578776, 26.4189062 ], [ 91.1538298, 26.4199898 ], [ 91.1509945, 26.4208277 ], [ 91.1498406, 26.4217202 ], [ 91.1498375, 26.4217047 ], [ 91.1490283, 26.4215242 ], [ 91.1473568, 26.4215641 ], [ 91.1451458, 26.4214836 ], [ 91.1428558, 26.4224293 ], [ 91.1428548, 26.422437 ], [ 91.1395108, 26.4229856 ], [ 91.1367824, 26.4235377 ], [ 91.1341208, 26.4238467 ], [ 91.1314591, 26.4241556 ], [ 91.1288482, 26.4245403 ], [ 91.1268137, 26.4249633 ], [ 91.1250754, 26.425246 ], [ 91.1239504, 26.425485 ], [ 91.1228118, 26.42571 ], [ 91.1234049, 26.426983 ], [ 91.1236967, 26.4277962 ], [ 91.1236994, 26.4288287 ], [ 91.1238068, 26.4294193 ], [ 91.1237952, 26.4294176 ], [ 91.1226584, 26.4290219 ], [ 91.1211664, 26.4280956 ], [ 91.1197633, 26.4276792 ], [ 91.1185793, 26.4272472 ], [ 91.1175337, 26.4268847 ], [ 91.1166978, 26.4269045 ], [ 91.1162442, 26.4271119 ], [ 91.115257, 26.4275631 ], [ 91.1142333, 26.4279537 ], [ 91.1132904, 26.4282591 ], [ 91.1124212, 26.4284004 ], [ 91.1117746, 26.4285655 ], [ 91.1107458, 26.4294568 ], [ 91.1117214, 26.4302071 ], [ 91.1127419, 26.4305464 ], [ 91.1134663, 26.4309982 ], [ 91.1151956, 26.4329005 ], [ 91.1161236, 26.4347913 ], [ 91.1164647, 26.4360715 ], [ 91.116696, 26.4374074 ], [ 91.1169325, 26.4387981 ], [ 91.1167303, 26.4395335 ], [ 91.1160677, 26.4402329 ], [ 91.1160644, 26.4402344 ], [ 91.1159448, 26.4402905 ], [ 91.1160006, 26.4403288 ], [ 91.1164667, 26.4406482 ], [ 91.117185, 26.4407957 ], [ 91.1183852, 26.4409088 ] ] ] } },
{ "type": "Feature", "properties": { "gpcode": "105612", "gpname": "NAGAON", "dtname": "Barpeta", "stname": "ASSAM", "sdtname": "Barpeta", "blkname": "BARPETA", "expected_mm": 15.6, "likely_min_mm": 15.5, "likely_max_mm": 15.7, "tmax_c": 32.2, "tmin_c": 24.9, "temp_c": 28.6, "rh_pct": 93.6, "wind_kph": 11.0, "heat_stress_level": "NONE", "disease_risk_flag": false, "ragi_stage": "vegetative", "paddy_stage": "vegetative", "forecast_date": "2026-09-10", "timestamp_utc": "2026-09-28T15:52:05Z" }, "geometry": { "type": "Polygon", "coordinates": [ [ [ 91.1344472, 26.3228952 ], [ 91.1353144, 26.3226372 ], [ 91.1368086, 26.3218781 ], [ 91.1384293, 26.3216938 ], [ 91.1397276, 26.3217384 ], [ 91.1419219, 26.3215817 ], [ 91.1428285, 26.3210707 ], [ 91.1428286, 26.3210707 ], [ 91.1437944, 26.3196469 ], [ 91.1445066, 26.3182226 ], [ 91.1449511, 26.3167832 ], [ 91.1452063, 26.3153573 ], [ 91.1452875, 26.3141155 ], [ 91.1450041, 26.3126251 ], [ 91.1447598, 26.3115782 ], [ 91.1448709, 26.3106776 ], [ 91.1445269, 26.3093631 ], [ 91.1445581, 26.3079875 ], [ 91.1445059, 26.3069613 ], [ 91.1443055, 26.3059799 ], [ 91.1445429, 26.3047841 ], [ 91.1446678, 26.3036079 ], [ 91.1448792, 26.3021164 ], [ 91.1452768, 26.3005774 ], [ 91.1459991, 26.2997017 ], [ 91.1462091, 26.2995613 ], [ 91.1462867, 26.2995095 ], [ 91.1461646, 26.2994041 ], [ 91.1455101, 26.2970894 ], [ 91.1456334, 26.2956433 ], [ 91.1457254, 26.2948771 ], [ 91.1457556, 26.2944437 ], [ 91.145984, 26.2939347 ], [ 91.145849, 26.2929178 ], [ 91.1454305, 26.2908625 ], [ 91.1439027, 26.2907139 ], [ 91.1423645, 26.2903105 ], [ 91.1412754, 26.289834 ], [ 91.1396192, 26.2888641 ], [ 91.1390749, 26.2883691 ], [ 91.1344504, 26.2884724 ], [ 91.1313555, 26.2884881 ], [ 91.1281386, 26.2884096 ], [ 91.1261839, 26.2884464 ], [ 91.1256791, 26.2884003 ], [ 91.1250202, 26.2883229 ], [ 91.1249896, 26.2883897 ], [ 91.1246895, 26.2887502 ], [ 91.1246809, 26.2887446 ], [ 91.1245227, 26.2886406 ], [ 91.1241286, 26.2885445 ], [ 91.1237263, 26.2885111 ], [ 91.1233643, 26.2886239 ], [ 91.1228669, 26.2889202 ], [ 91.1222649, 26.2891246 ], [ 91.1214704, 26.2893303 ], [ 91.1209726, 26.2894651 ], [ 91.1199281, 26.2895396 ], [ 91.1199049, 26.2895412 ], [ 91.1198518, 26.2895413 ], [ 91.1166961, 26.2895464 ], [ 91.1143281, 26.2897649 ], [ 91.1123015, 26.2900584 ], [ 91.1110214, 26.2902241 ], [ 91.108651, 26.2911677 ], [ 91.1085937, 26.2911905 ], [ 91.1085019, 26.291227 ], [ 91.1084149, 26.2912617 ], [ 91.1081332, 26.2913738 ], [ 91.1072301, 26.2916993 ], [ 91.10679, 26.2917058 ], [ 91.1065655, 26.2916596 ], [ 91.1063488, 26.2914928 ], [ 91.1063292, 26.2914777 ], [ 91.1062835, 26.2914384 ], [ 91.106253, 26.2914122 ], [ 91.1053014, 26.2905945 ], [ 91.1035322, 26.2887952 ], [ 91.1020582, 26.2875338 ], [ 91.1010686, 26.2868998 ], [ 91.1000178, 26.2860679 ], [ 91.0990823, 26.2854513 ], [ 91.0984674, 26.2850355 ], [ 91.0978292, 26.2845095 ], [ 91.0968945, 26.2843108 ], [ 91.0962764, 26.2838579 ], [ 91.095274, 26.282948 ], [ 91.0940532, 26.2823765 ], [ 91.092598, 26.2819582 ], [ 91.0920436, 26.281884 ], [ 91.0919661, 26.2818737 ], [ 91.0919783, 26.2819785 ], [ 91.092187, 26.2837734 ], [ 91.0922594, 26.2843954 ], [ 91.0922785, 26.2851332 ], [ 91.0921082, 26.2860487 ], [ 91.0918879, 26.2863928 ], [ 91.0917462, 26.2868545 ], [ 91.0915914, 26.2876868 ], [ 91.0910354, 26.288876 ], [ 91.0909805, 26.2892905 ], [ 91.0910359, 26.289923 ], [ 91.091144, 26.2906454 ], [ 91.0914638, 26.2919571 ], [ 91.0917858, 26.2935561 ], [ 91.0921389, 26.2957687 ], [ 91.0920513, 26.2971094 ], [ 91.0920799, 26.298216 ], [ 91.092283, 26.299495 ], [ 91.0924829, 26.3002198 ], [ 91.0924997, 26.3002686 ], [ 91.0926195, 26.3002803 ], [ 91.0948237, 26.300493 ], [ 91.0978271, 26.300731 ], [ 91.0999027, 26.3010351 ], [ 91.1003946, 26.301185 ], [ 91.1003314, 26.302005 ], [ 91.1002809, 26.3035072 ], [ 91.1002, 26.3054428 ], [ 91.1000072, 26.30714 ], [ 91.099878, 26.3077445 ], [ 91.0998743, 26.3077545 ], [ 91.0995094, 26.3087356 ], [ 91.0989718, 26.3104017 ], [ 91.099689, 26.310713 ], [ 91.1010881, 26.311505 ], [ 91.1016618, 26.3119466 ], [ 91.1025396, 26.3128695 ], [ 91.1032749, 26.3136743 ], [ 91.1036225, 26.3140549 ], [ 91.1043938, 26.3147174 ], [ 91.1050789, 26.3151306 ], [ 91.1058054, 26.3153663 ], [ 91.1066135, 26.3154934 ], [ 91.1071479, 26.3154862 ], [ 91.1074489, 26.3154135 ], [ 91.1075201, 26.3153161 ], [ 91.1075224, 26.3152132 ], [ 91.1074593, 26.3150124 ], [ 91.1072055, 26.3144557 ], [ 91.1070266, 26.3138423 ], [ 91.1069258, 26.3132131 ], [ 91.1069704, 26.312553 ], [ 91.1070766, 26.3122067 ], [ 91.1072225, 26.3120526 ], [ 91.1074521, 26.3119439 ], [ 91.1076924, 26.3119575 ], [ 91.1080208, 26.3120676 ], [ 91.1090507, 26.3125875 ], [ 91.1098147, 26.3128616 ], [ 91.1104363, 26.3129405 ], [ 91.1109365, 26.3131923 ], [ 91.1120207, 26.3141312 ], [ 91.1125936, 26.3145625 ], [ 91.1129744, 26.3147509 ], [ 91.1133907, 26.314824 ], [ 91.1139712, 26.3148237 ], [ 91.1142535, 26.3149267 ], [ 91.1142926, 26.3149932 ], [ 91.1152095, 26.3139186 ], [ 91.1158667, 26.3128453 ], [ 91.1162376, 26.3121414 ], [ 91.1165942, 26.3112743 ], [ 91.1167187, 26.310666 ], [ 91.1169078, 26.3097429 ], [ 91.1169078, 26.3097429 ], [ 91.1189649, 26.3124653 ], [ 91.1208471, 26.3147125 ], [ 91.1220241, 26.3161889 ], [ 91.1239933, 26.3183889 ], [ 91.1244168, 26.3200181 ], [ 91.1246272, 26.3205985 ], [ 91.1249382, 26.3210279 ], [ 91.1251342, 26.321445 ], [ 91.1252827, 26.3223583 ], [ 91.1254579, 26.3227975 ], [ 91.1257158, 26.3228817 ], [ 91.1259629, 26.3228436 ], [ 91.1262154, 26.3228666 ], [ 91.1264144, 26.3230577 ], [ 91.1300831, 26.3280394 ], [ 91.1301973, 26.3280116 ], [ 91.1309732, 26.3278223 ], [ 91.1317118, 26.3275635 ], [ 91.1319148, 26.3272744 ], [ 91.1320242, 26.3267859 ], [ 91.1316466, 26.3259545 ], [ 91.1315019, 26.3251752 ], [ 91.1314618, 26.3242854 ], [ 91.1319087, 26.3237386 ], [ 91.1336448, 26.323134 ], [ 91.1343352, 26.3229286 ], [ 91.1344472, 26.3228952 ] ] ] } },
{ "type": "Feature", "properties": { "gpcode": "105613", "gpname": "PATBAUSHI", "dtname": "Barpeta", "stname": "ASSAM", "sdtname": "Barpeta", "blkname": "BARPETA", "expected_mm": 16.2, "likely_min_mm": 15.8, "likely_max_mm": 16.2, "tmax_c": 32.1, "tmin_c": 25.0, "temp_c": 28.6, "rh_pct": 93.9, "wind_kph": 11.1, "heat_stress_level": "NONE", "disease_risk_flag": false, "ragi_stage": "vegetative", "paddy_stage": "vegetative", "forecast_date": "2026-09-10", "timestamp_utc": "2026-09-28T15:52:05Z" }, "geometry": { "type": "Polygon", "coordinates": [ [ [ 91.0200961, 26.3075422 ], [ 91.0204194, 26.3068238 ], [ 91.0208925, 26.3062438 ], [ 91.0211988, 26.3059816 ], [ 91.021799, 26.3053245 ], [ 91.021878, 26.3052379 ], [ 91.0221916, 26.3050419 ], [ 91.0228655, 26.30487 ], [ 91.0235098, 26.3046754 ], [ 91.0237096, 26.3046807 ], [ 91.0237097, 26.3046807 ], [ 91.0245316, 26.3047026 ], [ 91.0254439, 26.3047375 ], [ 91.0257542, 26.3047404 ], [ 91.0259564, 26.3046889 ], [ 91.0263806, 26.3044974 ], [ 91.0268235, 26.3042053 ], [ 91.027078, 26.3039636 ], [ 91.0276144, 26.3034785 ], [ 91.0278606, 26.3032997 ], [ 91.0280974, 26.3031711 ], [ 91.0283554, 26.3031281 ], [ 91.0286187, 26.3031467 ], [ 91.0289062, 26.3031264 ], [ 91.0290652, 26.303053 ], [ 91.0294283, 26.3028303 ], [ 91.0294314, 26.3028284 ], [ 91.029829, 26.3024897 ], [ 91.0300655, 26.3023752 ], [ 91.0304193, 26.3023254 ], [ 91.0311766, 26.3023215 ], [ 91.03168, 26.3022487 ], [ 91.0321391, 26.3021417 ], [ 91.0330795, 26.3020254 ], [ 91.0339421, 26.3019644 ], [ 91.0347424, 26.3018209 ], [ 91.0351101, 26.3016957 ], [ 91.0355186, 26.301642 ], [ 91.0364561, 26.3016502 ], [ 91.0371893, 26.3016852 ], [ 91.0377719, 26.301731 ], [ 91.0384621, 26.3019057 ], [ 91.0390555, 26.3020749 ], [ 91.0390789, 26.3020907 ], [ 91.0402556, 26.3028844 ], [ 91.041914, 26.304093 ], [ 91.0428495, 26.3047099 ], [ 91.0438731, 26.3057057 ], [ 91.044079, 26.3060142 ], [ 91.0442093, 26.3064024 ], [ 91.0442333, 26.3068355 ], [ 91.0441143, 26.3075534 ], [ 91.0441143, 26.3075535 ], [ 91.0442258, 26.3075088 ], [ 91.0452917, 26.3067349 ], [ 91.0457924, 26.3064048 ], [ 91.0473344, 26.3054829 ], [ 91.0486887, 26.3046048 ], [ 91.0502009, 26.3037778 ], [ 91.0511613, 26.3032152 ], [ 91.051561, 26.3031463 ], [ 91.0523153, 26.3030116 ], [ 91.0531452, 26.302709 ], [ 91.053672, 26.3025498 ], [ 91.0545301, 26.3025702 ], [ 91.0552432, 26.302479 ], [ 91.0560547, 26.3022928 ], [ 91.0559256, 26.3017116 ], [ 91.0553446, 26.3000263 ], [ 91.0552117, 26.2991351 ], [ 91.0552158, 26.2985556 ], [ 91.0552973, 26.2973574 ], [ 91.0556633, 26.2941382 ], [ 91.0556655, 26.2925854 ], [ 91.0556237, 26.291396 ], [ 91.0556675, 26.2906336 ], [ 91.0556644, 26.2902822 ], [ 91.0549089, 26.2908922 ], [ 91.0544135, 26.2912829 ], [ 91.0538972, 26.2915634 ], [ 91.0532216, 26.2918245 ], [ 91.0516953, 26.2923442 ], [ 91.0508364, 26.2926488 ], [ 91.0496191, 26.2930805 ], [ 91.0479424, 26.2937478 ], [ 91.0473536, 26.2939724 ], [ 91.0469178, 26.2943429 ], [ 91.0466355, 26.2944645 ], [ 91.0464339, 26.2944788 ], [ 91.0462083, 26.2944745 ], [ 91.0458807, 26.2943351 ], [ 91.0454564, 26.2941214 ], [ 91.0446657, 26.2940961 ], [ 91.0442644, 26.2941448 ], [ 91.0441494, 26.2943764 ], [ 91.0441956, 26.2951656 ], [ 91.0441245, 26.2959166 ], [ 91.0434612, 26.2953434 ], [ 91.0429006, 26.2951779 ], [ 91.0424898, 26.2951659 ], [ 91.0419749, 26.2952639 ], [ 91.0412338, 26.295378 ], [ 91.0406039, 26.2954636 ], [ 91.0399151, 26.295656 ], [ 91.039491, 26.2957044 ], [ 91.0395954, 26.2936207 ], [ 91.0395754, 26.2920982 ], [ 91.03981, 26.2903953 ], [ 91.0398551, 26.2897097 ], [ 91.0384112, 26.2896452 ], [ 91.0362541, 26.2894524 ], [ 91.0351702, 26.289388 ], [ 91.0347825, 26.2893342 ], [ 91.0340519, 26.2892233 ], [ 91.034035, 26.2892201 ], [ 91.0339018, 26.2873259 ], [ 91.0337745, 26.2852186 ], [ 91.0336978, 26.2839473 ], [ 91.0336748, 26.2834278 ], [ 91.0335942, 26.2831491 ], [ 91.0332488, 26.2826758 ], [ 91.0326183, 26.2821616 ], [ 91.0315431, 26.2814554 ], [ 91.0306419, 26.2808081 ], [ 91.0297935, 26.2802484 ], [ 91.0295622, 26.2800514 ], [ 91.029381, 26.2797798 ], [ 91.0293054, 26.2794295 ], [ 91.0291475, 26.2782623 ], [ 91.0291569, 26.2777232 ], [ 91.0291257, 26.2765538 ], [ 91.0291823, 26.2753917 ], [ 91.0291199, 26.2746748 ], [ 91.0290062, 26.2741444 ], [ 91.028817, 26.2737819 ], [ 91.0286762, 26.2737017 ], [ 91.0275435, 26.2736294 ], [ 91.0269749, 26.2735631 ], [ 91.026838, 26.2735471 ], [ 91.0238558, 26.2731891 ], [ 91.0221562, 26.2729435 ], [ 91.0209598, 26.2728574 ], [ 91.0198271, 26.272785 ], [ 91.0195034, 26.2728181 ], [ 91.0190514, 26.2729313 ], [ 91.0179982, 26.2735136 ], [ 91.0168393, 26.2743066 ], [ 91.0165918, 26.2745679 ], [ 91.0164588, 26.2748516 ], [ 91.0162928, 26.2755338 ], [ 91.0161843, 26.2761002 ], [ 91.0161771, 26.2764055 ], [ 91.0162622, 26.2768667 ], [ 91.0164191, 26.2777183 ], [ 91.0155473, 26.2770139 ], [ 91.0142596, 26.2760784 ], [ 91.0141815, 26.2760182 ], [ 91.0134545, 26.2754578 ], [ 91.0128571, 26.2751304 ], [ 91.012716, 26.2750947 ], [ 91.0121025, 26.2749392 ], [ 91.0119262, 26.2776284 ], [ 91.0119172, 26.2806673 ], [ 91.0121804, 26.2829153 ], [ 91.0121872, 26.2845098 ], [ 91.0121887, 26.2848443 ], [ 91.0122393, 26.2856483 ], [ 91.0123265, 26.286258 ], [ 91.012659, 26.2880093 ], [ 91.0117088, 26.2880201 ], [ 91.0114352, 26.2880271 ], [ 91.01036, 26.2880545 ], [ 91.009013, 26.2881088 ], [ 91.0085787, 26.2880379 ], [ 91.0084999, 26.2881837 ], [ 91.0083753, 26.2881463 ], [ 91.0008261, 26.2872476 ], [ 91.0015635, 26.2881944 ], [ 91.0022442, 26.289747 ], [ 91.0008977, 26.2928797 ], [ 91.0008556, 26.2929777 ], [ 90.9996231, 26.2958449 ], [ 90.9995679, 26.2959734 ], [ 91.00179, 26.3043099 ], [ 91.0021468, 26.3061977 ], [ 91.0023364, 26.3083669 ], [ 91.0023507, 26.3083625 ], [ 91.0032161, 26.3082393 ], [ 91.0048085, 26.3080152 ], [ 91.0059249, 26.3078619 ], [ 91.008063, 26.3077358 ], [ 91.0100243, 26.3076347 ], [ 91.0113146, 26.3075809 ], [ 91.0118717, 26.3074919 ], [ 91.0121383, 26.3075476 ], [ 91.0127335, 26.3082136 ], [ 91.0128758, 26.3082657 ], [ 91.0136861, 26.3083949 ], [ 91.0153245, 26.3087015 ], [ 91.0163961, 26.3087973 ], [ 91.0171304, 26.3088448 ], [ 91.018046, 26.3089168 ], [ 91.0192888, 26.3091854 ], [ 91.0193025, 26.3091883 ], [ 91.0196746, 26.3087148 ], [ 91.0199286, 26.3081503 ], [ 91.0200961, 26.3075422 ] ] ] } },
{ "type": "Feature", "properties": { "gpcode": "105614", "gpname": "PUB PAKA", "dtname": "Barpeta", "stname": "ASSAM", "sdtname": "Sarthebari", "blkname": "PAKABETBARI", "expected_mm": 16.4, "likely_min_mm": 16.4, "likely_max_mm": 16.4, "tmax_c": 32.4, "tmin_c": 24.6, "temp_c": 28.5, "rh_pct": 93.1, "wind_kph": 11.8, "heat_stress_level": "NONE", "disease_risk_flag": false, "ragi_stage": "vegetative", "paddy_stage": "vegetative", "forecast_date": "2026-09-10", "timestamp_utc": "2026-09-28T15:52:05Z" }, "geometry": { "type": "Polygon", "coordinates": [ [ [ 91.2305621, 26.4331831 ], [ 91.2306354, 26.4324345 ], [ 91.231091, 26.4317753 ], [ 91.2316965, 26.4306828 ], [ 91.2323922, 26.429545 ], [ 91.2324068, 26.4290575 ], [ 91.2317393, 26.4281509 ], [ 91.2314229, 26.427542 ], [ 91.2313372, 26.4269012 ], [ 91.2314519, 26.4262874 ], [ 91.2316669, 26.4257862 ], [ 91.2321174, 26.4251451 ], [ 91.2326284, 26.4248017 ], [ 91.2331244, 26.4245937 ], [ 91.2336355, 26.4244263 ], [ 91.2345025, 26.4242858 ], [ 91.2346271, 26.4235501 ], [ 91.2348302, 26.4227367 ], [ 91.2348557, 26.4226345 ], [ 91.2353911, 26.4204897 ], [ 91.2359996, 26.4173122 ], [ 91.2366233, 26.4144956 ], [ 91.2366963, 26.4141016 ], [ 91.2369922, 26.4125052 ], [ 91.2372317, 26.4113813 ], [ 91.2374008, 26.4100859 ], [ 91.2375155, 26.409472 ], [ 91.2381506, 26.4080184 ], [ 91.2384054, 26.4072646 ], [ 91.2386906, 26.4067769 ], [ 91.2390396, 26.4063943 ], [ 91.2390861, 26.4063434 ], [ 91.2391432, 26.4063017 ], [ 91.2401929, 26.4055347 ], [ 91.2408038, 26.4050874 ], [ 91.24147, 26.4047529 ], [ 91.2417705, 26.404536 ], [ 91.2417759, 26.4045271 ], [ 91.2418328, 26.4044333 ], [ 91.2419705, 26.4042064 ], [ 91.241755, 26.4040531 ], [ 91.2412287, 26.4039363 ], [ 91.2397653, 26.4039871 ], [ 91.2391139, 26.4040146 ], [ 91.2384023, 26.4040288 ], [ 91.2380464, 26.4039252 ], [ 91.237124, 26.4036462 ], [ 91.2365976, 26.4034932 ], [ 91.2361113, 26.4032498 ], [ 91.2352737, 26.4026096 ], [ 91.2345915, 26.4017888 ], [ 91.2340089, 26.4005798 ], [ 91.233977, 26.4004795 ], [ 91.2339316, 26.4003365 ], [ 91.2336521, 26.3994564 ], [ 91.2335806, 26.3980213 ], [ 91.2336098, 26.3971142 ], [ 91.2337634, 26.3952547 ], [ 91.2339778, 26.3940631 ], [ 91.2346276, 26.3924516 ], [ 91.2350677, 26.3915442 ], [ 91.2355482, 26.390966 ], [ 91.2362041, 26.3903654 ], [ 91.2365089, 26.3901486 ], [ 91.235102, 26.3896593 ], [ 91.2345091, 26.3894531 ], [ 91.2330728, 26.3891592 ], [ 91.2322199, 26.3889823 ], [ 91.2304227, 26.3885953 ], [ 91.2285662, 26.3875372 ], [ 91.2268146, 26.3866701 ], [ 91.2261658, 26.3862877 ], [ 91.2253732, 26.3858205 ], [ 91.2249372, 26.3853752 ], [ 91.2242471, 26.3845509 ], [ 91.2235763, 26.3844403 ], [ 91.2228722, 26.3844512 ], [ 91.222084, 26.3845079 ], [ 91.2217442, 26.3846515 ], [ 91.2209228, 26.3848297 ], [ 91.2195356, 26.3840953 ], [ 91.2181942, 26.3828809 ], [ 91.2171284, 26.3822941 ], [ 91.2171338, 26.3822896 ], [ 91.2163018, 26.3819165 ], [ 91.2160816, 26.381795 ], [ 91.2161018, 26.3836389 ], [ 91.2162521, 26.3853361 ], [ 91.2165086, 26.3867357 ], [ 91.2166433, 26.3877588 ], [ 91.2165625, 26.3888371 ], [ 91.2163837, 26.3898032 ], [ 91.2160122, 26.3905846 ], [ 91.2156337, 26.3912871 ], [ 91.2155627, 26.3912816 ], [ 91.2143026, 26.391184 ], [ 91.2124932, 26.3911551 ], [ 91.2113616, 26.3913159 ], [ 91.2097255, 26.3917511 ], [ 91.2082312, 26.3922953 ], [ 91.2070559, 26.3924592 ], [ 91.2070449, 26.3924182 ], [ 91.2061052, 26.3927087 ], [ 91.2056111, 26.3931017 ], [ 91.2053674, 26.3938341 ], [ 91.2050649, 26.3943431 ], [ 91.2050222, 26.3944149 ], [ 91.2050208, 26.3947593 ], [ 91.2050203, 26.3948917 ], [ 91.2048523, 26.3951358 ], [ 91.2044737, 26.3956856 ], [ 91.2041074, 26.3960297 ], [ 91.2036239, 26.3965411 ], [ 91.203522, 26.3973824 ], [ 91.2036864, 26.3982445 ], [ 91.2039454, 26.3991792 ], [ 91.2042431, 26.399555 ], [ 91.2048509, 26.3999483 ], [ 91.2054884, 26.4001807 ], [ 91.2062505, 26.4003245 ], [ 91.2067023, 26.400451 ], [ 91.2070965, 26.4004227 ], [ 91.2077797, 26.4001751 ], [ 91.2081143, 26.4004688 ], [ 91.208736, 26.40102 ], [ 91.2095206, 26.4019169 ], [ 91.2103401, 26.4032086 ], [ 91.2119163, 26.4050813 ], [ 91.2119455, 26.4050717 ], [ 91.2119456, 26.4050717 ], [ 91.2132645, 26.4066372 ], [ 91.2139197, 26.4070668 ], [ 91.2143779, 26.4073531 ], [ 91.2149461, 26.407708 ], [ 91.2165699, 26.4086241 ], [ 91.2167167, 26.4086641 ], [ 91.2167166, 26.4086642 ], [ 91.2157779, 26.4096343 ], [ 91.2151804, 26.4103524 ], [ 91.2141851, 26.4110594 ], [ 91.2133372, 26.4114381 ], [ 91.2121861, 26.4118783 ], [ 91.2118388, 26.4118895 ], [ 91.2111753, 26.4119111 ], [ 91.210471, 26.4119219 ], [ 91.2095722, 26.4122248 ], [ 91.209199, 26.4124899 ], [ 91.2082546, 26.4132726 ], [ 91.2081788, 26.4121559 ], [ 91.2070183, 26.4095585 ], [ 91.2062724, 26.4081027 ], [ 91.2055931, 26.406355 ], [ 91.2054163, 26.4059001 ], [ 91.204849, 26.4044712 ], [ 91.2041908, 26.4030091 ], [ 91.2035357, 26.4025794 ], [ 91.202602, 26.4024876 ], [ 91.201346, 26.4027366 ], [ 91.1998043, 26.4032444 ], [ 91.1987652, 26.4039545 ], [ 91.197148, 26.4051031 ], [ 91.1956218, 26.406285 ], [ 91.1939537, 26.4073579 ], [ 91.1920527, 26.4082886 ], [ 91.1904616, 26.4092367 ], [ 91.188352, 26.4103015 ], [ 91.187376, 26.4107288 ], [ 91.1865946, 26.4108643 ], [ 91.1860796, 26.411011 ], [ 91.1860796, 26.411011 ], [ 91.1863259, 26.4123134 ], [ 91.1864675, 26.4134154 ], [ 91.1865419, 26.4147006 ], [ 91.18654, 26.4147346 ], [ 91.1864555, 26.4162161 ], [ 91.1866811, 26.4172723 ], [ 91.1866361, 26.4177967 ], [ 91.1865507, 26.418791 ], [ 91.1864573, 26.4202276 ], [ 91.186476, 26.4219341 ], [ 91.1866926, 26.4233882 ], [ 91.1870004, 26.4245041 ], [ 91.1878466, 26.4246025 ], [ 91.1898754, 26.424616 ], [ 91.1910617, 26.4245706 ], [ 91.1924599, 26.4244308 ], [ 91.1939945, 26.424837 ], [ 91.1954117, 26.4254107 ], [ 91.1976962, 26.4263193 ], [ 91.1990626, 26.4268171 ], [ 91.2006554, 26.4277097 ], [ 91.2006972, 26.4277331 ], [ 91.2007201, 26.4276151 ], [ 91.20072, 26.4276151 ], [ 91.20072, 26.427615 ], [ 91.2011761, 26.4271705 ], [ 91.2015487, 26.427075 ], [ 91.2024604, 26.4270439 ], [ 91.2033312, 26.4269815 ], [ 91.2033968, 26.4269693 ], [ 91.2034098, 26.4269668 ], [ 91.2038389, 26.4268869 ], [ 91.2039152, 26.4268727 ], [ 91.2039152, 26.4268724 ], [ 91.2042215, 26.4268157 ], [ 91.20596, 26.4266566 ], [ 91.2072216, 26.4267034 ], [ 91.2080408, 26.4269193 ], [ 91.2088343, 26.4272743 ], [ 91.209331, 26.4277193 ], [ 91.2100033, 26.4284262 ], [ 91.2100835, 26.4289012 ], [ 91.2102105, 26.4294757 ], [ 91.2107011, 26.4298525 ], [ 91.2114007, 26.4300082 ], [ 91.2123806, 26.4303155 ], [ 91.2127425, 26.4305299 ], [ 91.2128485, 26.4308656 ], [ 91.2131301, 26.4314633 ], [ 91.2133724, 26.4316176 ], [ 91.2139614, 26.4318155 ], [ 91.2147278, 26.4318636 ], [ 91.2155805, 26.4315963 ], [ 91.2168118, 26.4313018 ], [ 91.2178976, 26.431224 ], [ 91.2179483, 26.4312204 ], [ 91.2190607, 26.4314384 ], [ 91.2190784, 26.4314418 ], [ 91.2193101, 26.4314873 ], [ 91.2209048, 26.4318534 ], [ 91.222074, 26.432147 ], [ 91.2229024, 26.432465 ], [ 91.2244003, 26.4325977 ], [ 91.2260375, 26.4325831 ], [ 91.2273611, 26.4328999 ], [ 91.2302651, 26.4332022 ], [ 91.2305621, 26.4331831 ] ] ] } },
{ "type": "Feature", "properties": { "gpcode": "105615", "gpname": "RADHAKUCHI", "dtname": "Barpeta", "stname": "ASSAM", "sdtname": "Barpeta", "blkname": "BARPETA", "expected_mm": 15.5, "likely_min_mm": 15.3, "likely_max_mm": 15.6, "tmax_c": 32.2, "tmin_c": 24.9, "temp_c": 28.6, "rh_pct": 93.5, "wind_kph": 11.0, "heat_stress_level": "NONE", "disease_risk_flag": false, "ragi_stage": "vegetative", "paddy_stage": "vegetative", "forecast_date": "2026-09-10", "timestamp_utc": "2026-09-28T15:52:05Z" }, "geometry": { "type": "Polygon", "coordinates": [ [ [ 91.0859803, 26.343154 ], [ 91.0860311, 26.3429453 ], [ 91.0864876, 26.3410671 ], [ 91.0867038, 26.3400561 ], [ 91.0872534, 26.339811 ], [ 91.087981, 26.3401403 ], [ 91.0889581, 26.3405826 ], [ 91.0913101, 26.3417886 ], [ 91.0929949, 26.3427675 ], [ 91.0945105, 26.3435523 ], [ 91.0949195, 26.3439454 ], [ 91.0949622, 26.3439865 ], [ 91.0978565, 26.3425474 ], [ 91.0979036, 26.3425422 ], [ 91.0979259, 26.3418874 ], [ 91.0980235, 26.3388428 ], [ 91.0978808, 26.3373444 ], [ 91.0979567, 26.3358794 ], [ 91.0979624, 26.3343989 ], [ 91.0979638, 26.3340111 ], [ 91.0980017, 26.3337929 ], [ 91.0980302, 26.3337293 ], [ 91.0981528, 26.3337 ], [ 91.0984271, 26.3337114 ], [ 91.0985113, 26.3336336 ], [ 91.0985595, 26.3334043 ], [ 91.0986169, 26.3329795 ], [ 91.0994763, 26.3330749 ], [ 91.1000831, 26.3331138 ], [ 91.1008824, 26.3331391 ], [ 91.1014255, 26.3331004 ], [ 91.1019467, 26.3329915 ], [ 91.1021524, 26.3329453 ], [ 91.1025497, 26.3328562 ], [ 91.1032843, 26.3325437 ], [ 91.1046553, 26.3336367 ], [ 91.1063324, 26.3345848 ], [ 91.1069638, 26.3348556 ], [ 91.1064296, 26.3293263 ], [ 91.1062874, 26.3275078 ], [ 91.1065317, 26.3235138 ], [ 91.1066334, 26.3233705 ], [ 91.106804, 26.3237099 ], [ 91.1071199, 26.3240671 ], [ 91.1077569, 26.3247095 ], [ 91.1081729, 26.3250392 ], [ 91.108513, 26.3252818 ], [ 91.1088214, 26.325424 ], [ 91.1090296, 26.3254605 ], [ 91.1091427, 26.3254525 ], [ 91.1093383, 26.3253462 ], [ 91.1098177, 26.3248399 ], [ 91.1101183, 26.3242437 ], [ 91.1102001, 26.3238786 ], [ 91.1102071, 26.3227901 ], [ 91.1102996, 26.3213772 ], [ 91.1104281, 26.3207009 ], [ 91.1105805, 26.3203616 ], [ 91.1109175, 26.3200502 ], [ 91.1114517, 26.3199095 ], [ 91.1124646, 26.3197758 ], [ 91.1130666, 26.3196303 ], [ 91.1135447, 26.3193704 ], [ 91.1141842, 26.3188733 ], [ 91.1144967, 26.318543 ], [ 91.1145271, 26.3185027 ], [ 91.1151492, 26.3176754 ], [ 91.1153966, 26.3171857 ], [ 91.1154927, 26.3169838 ], [ 91.1156213, 26.3165024 ], [ 91.1156266, 26.3161736 ], [ 91.1156224, 26.315866 ], [ 91.1155434, 26.315615 ], [ 91.1151451, 26.315356 ], [ 91.1146314, 26.3153412 ], [ 91.1144275, 26.3152223 ], [ 91.1142926, 26.3149932 ], [ 91.1142535, 26.3149267 ], [ 91.1139712, 26.3148237 ], [ 91.1133907, 26.314824 ], [ 91.1129744, 26.3147509 ], [ 91.1125936, 26.3145625 ], [ 91.1120207, 26.3141312 ], [ 91.1109365, 26.3131923 ], [ 91.1104363, 26.3129405 ], [ 91.1098147, 26.3128616 ], [ 91.1090507, 26.3125875 ], [ 91.1080208, 26.3120676 ], [ 91.1076924, 26.3119575 ], [ 91.1074521, 26.3119439 ], [ 91.1072225, 26.3120526 ], [ 91.1070766, 26.3122067 ], [ 91.1069704, 26.312553 ], [ 91.1069258, 26.3132131 ], [ 91.1070266, 26.3138423 ], [ 91.1072055, 26.3144557 ], [ 91.1074593, 26.3150124 ], [ 91.1075224, 26.3152132 ], [ 91.1075201, 26.3153161 ], [ 91.1074489, 26.3154135 ], [ 91.1071479, 26.3154862 ], [ 91.1066135, 26.3154934 ], [ 91.1058054, 26.3153663 ], [ 91.1050789, 26.3151306 ], [ 91.1043938, 26.3147174 ], [ 91.1036225, 26.3140549 ], [ 91.1032749, 26.3136743 ], [ 91.1025396, 26.3128695 ], [ 91.1016618, 26.3119466 ], [ 91.1010881, 26.311505 ], [ 91.099689, 26.310713 ], [ 91.0989718, 26.3104017 ], [ 91.098612, 26.3102455 ], [ 91.0972539, 26.3096852 ], [ 91.0962511, 26.3092646 ], [ 91.0957485, 26.3091157 ], [ 91.0952088, 26.3090616 ], [ 91.094878, 26.3090544 ], [ 91.0944841, 26.3092363 ], [ 91.0938116, 26.3097461 ], [ 91.0932778, 26.3100201 ], [ 91.0921723, 26.3103964 ], [ 91.0915427, 26.3106156 ], [ 91.0906473, 26.3107922 ], [ 91.0900075, 26.3109909 ], [ 91.0895899, 26.3110309 ], [ 91.0892847, 26.3111861 ], [ 91.0891683, 26.3112867 ], [ 91.0890164, 26.3115028 ], [ 91.0889006, 26.3118703 ], [ 91.0889839, 26.3125623 ], [ 91.0891292, 26.3136941 ], [ 91.0891627, 26.3139558 ], [ 91.0895253, 26.3161413 ], [ 91.0896693, 26.317527 ], [ 91.0896479, 26.3180623 ], [ 91.0894937, 26.3186364 ], [ 91.0893829, 26.3193217 ], [ 91.0893855, 26.319739 ], [ 91.0878451, 26.3198135 ], [ 91.0857428, 26.3197269 ], [ 91.0857165, 26.3196877 ], [ 91.0856436, 26.3193746 ], [ 91.085259, 26.3178418 ], [ 91.0851668, 26.3170477 ], [ 91.0851912, 26.3162865 ], [ 91.0851293, 26.3162293 ], [ 91.0850013, 26.3161973 ], [ 91.0848683, 26.3162376 ], [ 91.0847143, 26.3162998 ], [ 91.0843308, 26.3164708 ], [ 91.0835852, 26.3166674 ], [ 91.0830509, 26.3168696 ], [ 91.0823622, 26.3171956 ], [ 91.0820811, 26.3172361 ], [ 91.0819079, 26.3172074 ], [ 91.0817328, 26.3171582 ], [ 91.0813564, 26.3170207 ], [ 91.0809218, 26.3168668 ], [ 91.080516, 26.3167827 ], [ 91.0799137, 26.3167947 ], [ 91.0796736, 26.316828 ], [ 91.079615, 26.3153421 ], [ 91.0794, 26.3141263 ], [ 91.079122, 26.3132343 ], [ 91.0772385, 26.3104055 ], [ 91.0764087, 26.3105265 ], [ 91.0750205, 26.310563 ], [ 91.0744012, 26.3105697 ], [ 91.0724806, 26.3103458 ], [ 91.0709948, 26.3100538 ], [ 91.0701738, 26.3098015 ], [ 91.0695952, 26.3096438 ], [ 91.0693538, 26.3096178 ], [ 91.0688999, 26.309569 ], [ 91.068643, 26.3096245 ], [ 91.0684736, 26.3097359 ], [ 91.068315, 26.3099707 ], [ 91.0681968, 26.3103517 ], [ 91.0683739, 26.3130095 ], [ 91.0686842, 26.3150957 ], [ 91.068862, 26.3160271 ], [ 91.0689392, 26.3165889 ], [ 91.0689422, 26.31757 ], [ 91.0687954, 26.3184126 ], [ 91.0687664, 26.318447 ], [ 91.0685957, 26.3186503 ], [ 91.0683918, 26.3188387 ], [ 91.0681254, 26.3189445 ], [ 91.0678675, 26.3189877 ], [ 91.0668467, 26.3189731 ], [ 91.0662092, 26.318892 ], [ 91.0661101, 26.3189079 ], [ 91.0656522, 26.3189813 ], [ 91.0651797, 26.3192508 ], [ 91.0650662, 26.3193705 ], [ 91.0649944, 26.3198104 ], [ 91.0650268, 26.3217582 ], [ 91.0651445, 26.3237423 ], [ 91.0651459, 26.3244447 ], [ 91.0651465, 26.324711 ], [ 91.064795, 26.3265245 ], [ 91.0647718, 26.3275198 ], [ 91.0650618, 26.3297398 ], [ 91.0650296, 26.3304749 ], [ 91.0648179, 26.3315208 ], [ 91.0647939, 26.3321932 ], [ 91.0648497, 26.3327148 ], [ 91.0648691, 26.3328958 ], [ 91.065105, 26.3333883 ], [ 91.0654389, 26.3339938 ], [ 91.0654558, 26.3339848 ], [ 91.0655709, 26.3339421 ], [ 91.0656879, 26.3339067 ], [ 91.0660723, 26.3338513 ], [ 91.0661925, 26.3338409 ], [ 91.0663215, 26.3338362 ], [ 91.0674883, 26.3338483 ], [ 91.0677195, 26.3338824 ], [ 91.0690795, 26.3340833 ], [ 91.0696464, 26.3342623 ], [ 91.070136, 26.3345051 ], [ 91.075377, 26.3430098 ], [ 91.0754945, 26.3430015 ], [ 91.0756927, 26.3429874 ], [ 91.0776731, 26.3434305 ], [ 91.0804792, 26.3446045 ], [ 91.082419, 26.3450161 ], [ 91.0837583, 26.3450926 ], [ 91.0846287, 26.3450308 ], [ 91.0855534, 26.3442345 ], [ 91.0855772, 26.344214 ], [ 91.0858455, 26.3437084 ], [ 91.0859803, 26.343154 ] ] ] } },
{ "type": "Feature", "properties": { "gpcode": "105616", "gpname": "SUNDARIDIA", "dtname": "Barpeta", "stname": "ASSAM", "sdtname": "Barpeta", "blkname": "BARPETA", "expected_mm": 16.1, "likely_min_mm": 16.0, "likely_max_mm": 16.1, "tmax_c": 32.2, "tmin_c": 24.9, "temp_c": 28.6, "rh_pct": 93.6, "wind_kph": 11.2, "heat_stress_level": "NONE", "disease_risk_flag": false, "ragi_stage": "vegetative", "paddy_stage": "vegetative", "forecast_date": "2026-09-10", "timestamp_utc": "2026-09-28T15:52:05Z" }, "geometry": { "type": "Polygon", "coordinates": [ [ [ 91.032322, 26.3300738 ], [ 91.0318974, 26.3293218 ], [ 91.0316694, 26.3290332 ], [ 91.0309922, 26.3290201 ], [ 91.0301977, 26.3289544 ], [ 91.0287132, 26.3284701 ], [ 91.0278646, 26.3280424 ], [ 91.0276573, 26.3277321 ], [ 91.0283108, 26.3269545 ], [ 91.0295018, 26.3261389 ], [ 91.0303231, 26.3257355 ], [ 91.0313234, 26.3255124 ], [ 91.0318643, 26.3253828 ], [ 91.0322448, 26.3252238 ], [ 91.0324676, 26.3250658 ], [ 91.0326216, 26.3248924 ], [ 91.0327599, 26.3246693 ], [ 91.0328172, 26.3244214 ], [ 91.0328012, 26.3241077 ], [ 91.0326834, 26.3237909 ], [ 91.0325253, 26.3235278 ], [ 91.0322999, 26.3232694 ], [ 91.0320634, 26.3230119 ], [ 91.0317226, 26.3227211 ], [ 91.0315527, 26.3225807 ], [ 91.0315265, 26.3225746 ], [ 91.0315245, 26.3220102 ], [ 91.0315563, 26.3214695 ], [ 91.031618, 26.3212722 ], [ 91.0317658, 26.3211311 ], [ 91.0318365, 26.3210637 ], [ 91.0320906, 26.3210051 ], [ 91.0339118, 26.3209576 ], [ 91.0351577, 26.321032 ], [ 91.037637, 26.3212935 ], [ 91.0410083, 26.3216536 ], [ 91.0428834, 26.3218359 ], [ 91.0445177, 26.3220275 ], [ 91.0445178, 26.3220275 ], [ 91.0461012, 26.3201428 ], [ 91.0472226, 26.3190475 ], [ 91.0486948, 26.317582 ], [ 91.0490477, 26.3171329 ], [ 91.0492309, 26.3167516 ], [ 91.0492486, 26.3166682 ], [ 91.0492953, 26.3164484 ], [ 91.0493295, 26.316074 ], [ 91.0492896, 26.3157304 ], [ 91.0491959, 26.3155756 ], [ 91.048602, 26.3149675 ], [ 91.0477385, 26.3138502 ], [ 91.046476, 26.3122938 ], [ 91.0457706, 26.3113805 ], [ 91.0446865, 26.3103194 ], [ 91.0439043, 26.3093589 ], [ 91.0429427, 26.3080573 ], [ 91.0424577, 26.3082943 ], [ 91.041688, 26.3085112 ], [ 91.0411017, 26.3087661 ], [ 91.0403526, 26.3089613 ], [ 91.0395392, 26.3093237 ], [ 91.0388625, 26.309604 ], [ 91.0382708, 26.3098491 ], [ 91.0370817, 26.3101669 ], [ 91.036405, 26.310418 ], [ 91.0350374, 26.3111445 ], [ 91.0338349, 26.3116969 ], [ 91.0326468, 26.3121568 ], [ 91.0321881, 26.3124534 ], [ 91.0319925, 26.3126496 ], [ 91.0317633, 26.3128796 ], [ 91.0314263, 26.3132792 ], [ 91.0311133, 26.3136599 ], [ 91.0309408, 26.3140074 ], [ 91.0307683, 26.3144868 ], [ 91.0305611, 26.3146945 ], [ 91.0303291, 26.3150055 ], [ 91.0299565, 26.3153251 ], [ 91.0293312, 26.3159078 ], [ 91.0288682, 26.3161538 ], [ 91.0284022, 26.3163424 ], [ 91.0279865, 26.3165107 ], [ 91.0268786, 26.3169852 ], [ 91.0256143, 26.3177348 ], [ 91.0247707, 26.3181398 ], [ 91.0243006, 26.3183052 ], [ 91.0232932, 26.3185663 ], [ 91.0232259, 26.3193399 ], [ 91.0235922, 26.3199236 ], [ 91.0237713, 26.3207029 ], [ 91.0232277, 26.3211882 ], [ 91.0217096, 26.3235957 ], [ 91.0219193, 26.323728 ], [ 91.0222368, 26.3240103 ], [ 91.0227229, 26.3248403 ], [ 91.0231032, 26.3255854 ], [ 91.0234898, 26.3269194 ], [ 91.0234669, 26.327693 ], [ 91.0232351, 26.3281361 ], [ 91.0225486, 26.328794 ], [ 91.0220822, 26.3291318 ], [ 91.0213364, 26.3293673 ], [ 91.0198115, 26.3294546 ], [ 91.0181109, 26.3295951 ], [ 91.0165272, 26.3295241 ], [ 91.014838, 26.3292776 ], [ 91.0141226, 26.3290843 ], [ 91.0134489, 26.3291115 ], [ 91.0121344, 26.3292856 ], [ 91.0109134, 26.3297578 ], [ 91.010467, 26.330007 ], [ 91.0102471, 26.3301298 ], [ 91.0095105, 26.3307303 ], [ 91.0082014, 26.331533 ], [ 91.0081625, 26.3315568 ], [ 91.0070321, 26.3323178 ], [ 91.0077293, 26.3328002 ], [ 91.00872, 26.3331029 ], [ 91.0096704, 26.3332594 ], [ 91.0116004, 26.3332722 ], [ 91.0131008, 26.3334148 ], [ 91.0139922, 26.3335258 ], [ 91.0148469, 26.333689 ], [ 91.0169508, 26.3344347 ], [ 91.018549, 26.335067 ], [ 91.0203193, 26.3366079 ], [ 91.0220029, 26.3370918 ], [ 91.0222887, 26.337174 ], [ 91.0240346, 26.3379201 ], [ 91.0255748, 26.3391526 ], [ 91.0266338, 26.3399224 ], [ 91.029007, 26.3415431 ], [ 91.0308399, 26.3426759 ], [ 91.0325292, 26.3441513 ], [ 91.0325441, 26.3441576 ], [ 91.0331692, 26.3444239 ], [ 91.034544, 26.3450222 ], [ 91.0356359, 26.3452182 ], [ 91.0368309, 26.3453324 ], [ 91.0372731, 26.3452285 ], [ 91.0362718, 26.3444256 ], [ 91.0354838, 26.343465 ], [ 91.0352498, 26.3430702 ], [ 91.0352405, 26.3430427 ], [ 91.0347455, 26.3415871 ], [ 91.0343846, 26.340485 ], [ 91.0339231, 26.3397151 ], [ 91.0332177, 26.3382045 ], [ 91.0324716, 26.337272 ], [ 91.0317412, 26.3363891 ], [ 91.031487, 26.3360226 ], [ 91.0324458, 26.3348598 ], [ 91.0328047, 26.3340624 ], [ 91.0329947, 26.3333988 ], [ 91.0331343, 26.3324138 ], [ 91.0331606, 26.3316805 ], [ 91.0331359, 26.3316093 ], [ 91.0329199, 26.3309864 ], [ 91.032322, 26.3300738 ] ] ] } },
{ "type": "Feature", "properties": { "gpcode": "105617", "gpname": "UTTAR PAKA", "dtname": "Barpeta", "stname": "ASSAM", "sdtname": "Sarthebari", "blkname": "PAKABETBARI", "expected_mm": 15.7, "likely_min_mm": 15.6, "likely_max_mm": 15.9, "tmax_c": 32.4, "tmin_c": 24.6, "temp_c": 28.5, "rh_pct": 93.0, "wind_kph": 11.8, "heat_stress_level": "NONE", "disease_risk_flag": false, "ragi_stage": "vegetative", "paddy_stage": "vegetative", "forecast_date": "2026-09-10", "timestamp_utc": "2026-09-28T15:52:05Z" }, "geometry": { "type": "Polygon", "coordinates": [ [ [ 91.1357333, 26.47042 ], [ 91.1359071, 26.4689315 ], [ 91.1364418, 26.4672112 ], [ 91.1371411, 26.4660628 ], [ 91.1384742, 26.46432 ], [ 91.1390429, 26.4634212 ], [ 91.1391373, 26.4627622 ], [ 91.139426, 26.4617117 ], [ 91.1401087, 26.4612972 ], [ 91.1402124, 26.4612343 ], [ 91.1402447, 26.4612147 ], [ 91.1402472, 26.4612132 ], [ 91.1402485, 26.4612132 ], [ 91.1402559, 26.4612129 ], [ 91.1414622, 26.4611609 ], [ 91.1420243, 26.4610522 ], [ 91.1426411, 26.4606992 ], [ 91.1438339, 26.4599618 ], [ 91.1442854, 26.4598953 ], [ 91.1445625, 26.4600129 ], [ 91.1448558, 26.4607471 ], [ 91.1451702, 26.4617203 ], [ 91.1456379, 26.4622705 ], [ 91.1461284, 26.4626474 ], [ 91.1468143, 26.4630791 ], [ 91.1475809, 26.4631275 ], [ 91.14907, 26.4631585 ], [ 91.1498833, 26.4633064 ], [ 91.1499592, 26.4633324 ], [ 91.1500142, 26.4633512 ], [ 91.15063, 26.4635621 ], [ 91.1515264, 26.4642189 ], [ 91.1523257, 26.4647765 ], [ 91.1531392, 26.4649244 ], [ 91.1539604, 26.4647285 ], [ 91.1547197, 26.4642623 ], [ 91.1561667, 26.4638156 ], [ 91.1571256, 26.4638844 ], [ 91.1580995, 26.4641238 ], [ 91.1590067, 26.464471 ], [ 91.1595989, 26.4647033 ], [ 91.1602957, 26.4648252 ], [ 91.1603729, 26.4647778 ], [ 91.1604396, 26.4647368 ], [ 91.1608018, 26.4645145 ], [ 91.1613507, 26.4638229 ], [ 91.1617571, 26.4635867 ], [ 91.1616881, 26.4599863 ], [ 91.1616474, 26.4585375 ], [ 91.1616469, 26.4585198 ], [ 91.1620423, 26.4565057 ], [ 91.1623703, 26.4532255 ], [ 91.1623528, 26.4515267 ], [ 91.1623874, 26.4494193 ], [ 91.1621273, 26.4477663 ], [ 91.1611242, 26.4475069 ], [ 91.1597451, 26.447367 ], [ 91.1587005, 26.4475211 ], [ 91.1584595, 26.4475441 ], [ 91.1570392, 26.4476795 ], [ 91.155909, 26.4479476 ], [ 91.1559089, 26.4479476 ], [ 91.1553729, 26.4472822 ], [ 91.1552804, 26.4467328 ], [ 91.1549411, 26.4458833 ], [ 91.1549314, 26.4453685 ], [ 91.1549292, 26.4452486 ], [ 91.1553151, 26.4446253 ], [ 91.1550647, 26.4442857 ], [ 91.1543957, 26.4436981 ], [ 91.1536225, 26.4428954 ], [ 91.1534792, 26.4422702 ], [ 91.1533151, 26.4414081 ], [ 91.1531613, 26.4406644 ], [ 91.1534576, 26.4405241 ], [ 91.1538589, 26.4405749 ], [ 91.1540549, 26.4407992 ], [ 91.1545174, 26.4410442 ], [ 91.1550974, 26.4411219 ], [ 91.1553428, 26.4409058 ], [ 91.1554026, 26.4405838 ], [ 91.1552666, 26.4399022 ], [ 91.1561515, 26.4395771 ], [ 91.1586556, 26.4394776 ], [ 91.1617625, 26.4392159 ], [ 91.1643402, 26.4389523 ], [ 91.1661189, 26.4386265 ], [ 91.167258, 26.438545 ], [ 91.1687124, 26.4385821 ], [ 91.1687246, 26.4385824 ], [ 91.1687028, 26.4385567 ], [ 91.168294, 26.4374767 ], [ 91.1683154, 26.4367205 ], [ 91.1679376, 26.4354368 ], [ 91.1674723, 26.4341594 ], [ 91.1671995, 26.4330669 ], [ 91.1670742, 26.431646 ], [ 91.1673237, 26.4304763 ], [ 91.1676388, 26.4290783 ], [ 91.1676265, 26.4290213 ], [ 91.1665661, 26.4283857 ], [ 91.1654063, 26.4282303 ], [ 91.1645567, 26.4280925 ], [ 91.1637925, 26.4284251 ], [ 91.1624937, 26.4291932 ], [ 91.1618346, 26.4297169 ], [ 91.1607792, 26.4307456 ], [ 91.1596153, 26.4315437 ], [ 91.1588108, 26.4319189 ], [ 91.1578102, 26.4320698 ], [ 91.1570829, 26.4323204 ], [ 91.1552316, 26.4325704 ], [ 91.1552097, 26.4325733 ], [ 91.1546804, 26.4328905 ], [ 91.1541951, 26.4328854 ], [ 91.1534295, 26.4327018 ], [ 91.1526604, 26.4324787 ], [ 91.1520805, 26.432401 ], [ 91.1516827, 26.4323896 ], [ 91.1513532, 26.4326515 ], [ 91.1511794, 26.4331802 ], [ 91.1513608, 26.4342396 ], [ 91.1499558, 26.4342933 ], [ 91.1481777, 26.433626 ], [ 91.1465012, 26.4331101 ], [ 91.1460459, 26.432944 ], [ 91.1453887, 26.4329909 ], [ 91.1446314, 26.4334024 ], [ 91.1438867, 26.4334555 ], [ 91.1422992, 26.4334497 ], [ 91.1413619, 26.4333179 ], [ 91.1396375, 26.4337587 ], [ 91.1389309, 26.434246 ], [ 91.1376007, 26.4346586 ], [ 91.1357898, 26.4353909 ], [ 91.1356603, 26.4354433 ], [ 91.1341548, 26.4358684 ], [ 91.1333502, 26.4362435 ], [ 91.1326645, 26.4369675 ], [ 91.1325045, 26.4376542 ], [ 91.1326594, 26.438914 ], [ 91.1326209, 26.4398824 ], [ 91.1326182, 26.4399496 ], [ 91.1326574, 26.4408869 ], [ 91.1324952, 26.4420503 ], [ 91.1324562, 26.4426091 ], [ 91.1319747, 26.4441527 ], [ 91.1313906, 26.4450284 ], [ 91.1310462, 26.4461253 ], [ 91.1309264, 26.4467692 ], [ 91.1306627, 26.4477809 ], [ 91.1306541, 26.4478144 ], [ 91.1304658, 26.4485496 ], [ 91.1308369, 26.4492177 ], [ 91.130837, 26.4492178 ], [ 91.1307964, 26.4492272 ], [ 91.1303594, 26.4497746 ], [ 91.130388, 26.4503546 ], [ 91.1297058, 26.4504163 ], [ 91.127552, 26.4504903 ], [ 91.1255665, 26.4504729 ], [ 91.1239649, 26.4503089 ], [ 91.1220233, 26.4502883 ], [ 91.1209279, 26.4503663 ], [ 91.1204529, 26.4504795 ], [ 91.1199723, 26.4510301 ], [ 91.1194916, 26.4515807 ], [ 91.1188556, 26.4519409 ], [ 91.1188556, 26.4519409 ], [ 91.1183909, 26.4514919 ], [ 91.1178097, 26.4508979 ], [ 91.1177438, 26.4501479 ], [ 91.1181264, 26.4494853 ], [ 91.1181538, 26.4482919 ], [ 91.1179079, 26.4469987 ], [ 91.1175054, 26.4464316 ], [ 91.1161671, 26.4456378 ], [ 91.1160836, 26.4455883 ], [ 91.1155246, 26.4457642 ], [ 91.115149, 26.4458253 ], [ 91.1138464, 26.4457463 ], [ 91.1130193, 26.4458738 ], [ 91.1127542, 26.4458927 ], [ 91.1119689, 26.4464978 ], [ 91.1115943, 26.4470051 ], [ 91.1107034, 26.4472745 ], [ 91.1098901, 26.4471263 ], [ 91.1094635, 26.4466074 ], [ 91.1088146, 26.4457267 ], [ 91.1080652, 26.4454366 ], [ 91.1068185, 26.4455597 ], [ 91.1058468, 26.4462124 ], [ 91.1047736, 26.4470096 ], [ 91.1035598, 26.4475078 ], [ 91.1025445, 26.4485246 ], [ 91.1025934, 26.4495167 ], [ 91.102748, 26.4508445 ], [ 91.1028703, 26.4511509 ], [ 91.1029272, 26.4512933 ], [ 91.1030411, 26.4515789 ], [ 91.1036053, 26.4523627 ], [ 91.104042, 26.4534302 ], [ 91.1047167, 26.4541718 ], [ 91.1052938, 26.4542337 ], [ 91.1060502, 26.4537336 ], [ 91.1067955, 26.4536806 ], [ 91.1068371, 26.4536777 ], [ 91.1068455, 26.4536771 ], [ 91.106998, 26.4541125 ], [ 91.107641, 26.454925 ], [ 91.1082451, 26.4552941 ], [ 91.1090144, 26.4553766 ], [ 91.1097659, 26.4552545 ], [ 91.1103748, 26.4552455 ], [ 91.1113715, 26.4553119 ], [ 91.1126423, 26.4554618 ], [ 91.1138114, 26.4557563 ], [ 91.114576, 26.4562168 ], [ 91.1145794, 26.4562227 ], [ 91.1148451, 26.4566783 ], [ 91.1148143, 26.4571954 ], [ 91.114632, 26.4577233 ], [ 91.1142634, 26.4582988 ], [ 91.1139825, 26.4590053 ], [ 91.1140971, 26.4594435 ], [ 91.1145468, 26.4597891 ], [ 91.1152934, 26.4600449 ], [ 91.1162402, 26.4605102 ], [ 91.1162411, 26.4605114 ], [ 91.1162412, 26.4605114 ], [ 91.1162894, 26.4605802 ], [ 91.1166759, 26.4611315 ], [ 91.1170742, 26.4616262 ], [ 91.1171409, 26.461709 ], [ 91.1171464, 26.4617159 ], [ 91.1176249, 26.4619565 ], [ 91.1181293, 26.4620579 ], [ 91.1185718, 26.4618891 ], [ 91.1194947, 26.4615488 ], [ 91.1197838, 26.4618028 ], [ 91.1202134, 26.4623558 ], [ 91.1206611, 26.4631135 ], [ 91.1214816, 26.463776 ], [ 91.1223599, 26.4642284 ], [ 91.1231035, 26.4644501 ], [ 91.1242198, 26.4645766 ], [ 91.1250572, 26.4649975 ], [ 91.1258901, 26.4654727 ], [ 91.1271253, 26.4665175 ], [ 91.127917, 26.4672851 ], [ 91.1281345, 26.4680248 ], [ 91.128052, 26.4688203 ], [ 91.1280265, 26.4702639 ], [ 91.1281416, 26.4720064 ], [ 91.129026, 26.472527 ], [ 91.1293366, 26.4724667 ], [ 91.1294322, 26.4724481 ], [ 91.1297491, 26.4721509 ], [ 91.1300101, 26.4716517 ], [ 91.1299152, 26.4710062 ], [ 91.1300794, 26.4702736 ], [ 91.1302539, 26.4700895 ], [ 91.1306266, 26.4699943 ], [ 91.1309795, 26.4701065 ], [ 91.1313155, 26.4704602 ], [ 91.1316846, 26.4711891 ], [ 91.1322779, 26.4718677 ], [ 91.132876, 26.4721684 ], [ 91.1337424, 26.4724843 ], [ 91.1345847, 26.4725272 ], [ 91.1350561, 26.4722533 ], [ 91.1353687, 26.4714758 ], [ 91.1357333, 26.47042 ] ] ] } },
{ "type": "Feature", "properties": { "gpcode": "105618", "gpname": "UTTAR PUB PAKA", "dtname": "Barpeta", "stname": "ASSAM", "sdtname": "Sarthebari", "blkname": "PAKABETBARI", "expected_mm": 15.9, "likely_min_mm": 15.9, "likely_max_mm": 15.9, "tmax_c": 32.4, "tmin_c": 24.6, "temp_c": 28.5, "rh_pct": 93.0, "wind_kph": 11.8, "heat_stress_level": "NONE", "disease_risk_flag": false, "ragi_stage": "vegetative", "paddy_stage": "vegetative", "forecast_date": "2026-09-10", "timestamp_utc": "2026-09-28T15:52:05Z" }, "geometry": { "type": "Polygon", "coordinates": [ [ [ 91.1833693, 26.4656423 ], [ 91.1844585, 26.4654613 ], [ 91.1854734, 26.4657319 ], [ 91.1860369, 26.4660692 ], [ 91.1863154, 26.4666329 ], [ 91.1869454, 26.4668624 ], [ 91.1874834, 26.4664806 ], [ 91.187517, 26.4659976 ], [ 91.1875565, 26.4655827 ], [ 91.1881444, 26.4653347 ], [ 91.1882021, 26.4651246 ], [ 91.1879206, 26.4645268 ], [ 91.1877164, 26.4635115 ], [ 91.1877834, 26.4625455 ], [ 91.1876563, 26.4611597 ], [ 91.1879231, 26.4607287 ], [ 91.1885747, 26.4603386 ], [ 91.1893261, 26.4602162 ], [ 91.1898734, 26.4601365 ], [ 91.1907183, 26.4600135 ], [ 91.1910075, 26.4598831 ], [ 91.1911136, 26.4598353 ], [ 91.1916505, 26.4595932 ], [ 91.1917564, 26.4595454 ], [ 91.1917615, 26.4595375 ], [ 91.1923489, 26.4586264 ], [ 91.1925037, 26.4577913 ], [ 91.1925797, 26.4569276 ], [ 91.1923937, 26.456117 ], [ 91.1919762, 26.4544055 ], [ 91.1915934, 26.453094 ], [ 91.1914363, 26.4521784 ], [ 91.1914716, 26.4514686 ], [ 91.1914773, 26.4513536 ], [ 91.1914774, 26.4513515 ], [ 91.1935967, 26.4503833 ], [ 91.1949056, 26.4496715 ], [ 91.1959632, 26.4487031 ], [ 91.1972148, 26.4473431 ], [ 91.1980891, 26.4464566 ], [ 91.1976745, 26.445216 ], [ 91.1980233, 26.4439895 ], [ 91.1987662, 26.4427522 ], [ 91.1988204, 26.442662 ], [ 91.1988208, 26.4426584 ], [ 91.1989282, 26.4417274 ], [ 91.1985712, 26.4402768 ], [ 91.1978801, 26.4388576 ], [ 91.197832, 26.4387589 ], [ 91.1977796, 26.4386513 ], [ 91.1969183, 26.4370995 ], [ 91.1963131, 26.4354263 ], [ 91.1958707, 26.4343407 ], [ 91.1965933, 26.4334649 ], [ 91.1974958, 26.4325154 ], [ 91.1987029, 26.4319482 ], [ 91.1998542, 26.431179 ], [ 91.2006118, 26.4302664 ], [ 91.2006512, 26.4298516 ], [ 91.2005108, 26.4286944 ], [ 91.2006972, 26.4277331 ], [ 91.2006554, 26.4277097 ], [ 91.1990626, 26.4268171 ], [ 91.1976962, 26.4263193 ], [ 91.1954117, 26.4254107 ], [ 91.1939945, 26.424837 ], [ 91.1924599, 26.4244308 ], [ 91.1910617, 26.4245706 ], [ 91.1898754, 26.424616 ], [ 91.1878466, 26.4246025 ], [ 91.1870004, 26.4245041 ], [ 91.1866926, 26.4233882 ], [ 91.186476, 26.4219341 ], [ 91.1864573, 26.4202276 ], [ 91.1865507, 26.418791 ], [ 91.1866361, 26.4177967 ], [ 91.1866811, 26.4172723 ], [ 91.1864555, 26.4162161 ], [ 91.18654, 26.4147346 ], [ 91.1865419, 26.4147006 ], [ 91.1864675, 26.4134154 ], [ 91.1863259, 26.4123134 ], [ 91.1860796, 26.411011 ], [ 91.1860796, 26.411011 ], [ 91.1860357, 26.4110235 ], [ 91.1850881, 26.4107736 ], [ 91.1838074, 26.4107462 ], [ 91.1828404, 26.4107758 ], [ 91.1817733, 26.4111699 ], [ 91.180759, 26.4111631 ], [ 91.1793679, 26.4113818 ], [ 91.1778996, 26.4117253 ], [ 91.1767136, 26.4117705 ], [ 91.1759551, 26.4116659 ], [ 91.1750318, 26.4116922 ], [ 91.174021, 26.4117249 ], [ 91.1723871, 26.4129849 ], [ 91.1720348, 26.4132044 ], [ 91.1702982, 26.4142862 ], [ 91.1685053, 26.4154472 ], [ 91.1680618, 26.4159158 ], [ 91.1667228, 26.4167265 ], [ 91.1670298, 26.4192068 ], [ 91.1670822, 26.4203044 ], [ 91.1671337, 26.4213838 ], [ 91.1674407, 26.4238642 ], [ 91.1673338, 26.4261212 ], [ 91.1672665, 26.4273573 ], [ 91.1676137, 26.4289625 ], [ 91.1676265, 26.4290213 ], [ 91.1676388, 26.4290783 ], [ 91.1673237, 26.4304763 ], [ 91.1670742, 26.431646 ], [ 91.1671995, 26.4330669 ], [ 91.1674723, 26.4341594 ], [ 91.1679376, 26.4354368 ], [ 91.1683154, 26.4367205 ], [ 91.168294, 26.4374767 ], [ 91.1687028, 26.4385567 ], [ 91.1687246, 26.4385824 ], [ 91.1687124, 26.4385821 ], [ 91.167258, 26.438545 ], [ 91.1661189, 26.4386265 ], [ 91.1643402, 26.4389523 ], [ 91.1617625, 26.4392159 ], [ 91.1586556, 26.4394776 ], [ 91.1561515, 26.4395771 ], [ 91.1552666, 26.4399022 ], [ 91.1554026, 26.4405838 ], [ 91.1553428, 26.4409058 ], [ 91.1550974, 26.4411219 ], [ 91.1545174, 26.4410442 ], [ 91.1540549, 26.4407992 ], [ 91.1538589, 26.4405749 ], [ 91.1534576, 26.4405241 ], [ 91.1531613, 26.4406644 ], [ 91.1533151, 26.4414081 ], [ 91.1534792, 26.4422702 ], [ 91.1536225, 26.4428954 ], [ 91.1543957, 26.4436981 ], [ 91.1550647, 26.4442857 ], [ 91.1553151, 26.4446253 ], [ 91.1549292, 26.4452486 ], [ 91.1549314, 26.4453685 ], [ 91.1549411, 26.4458833 ], [ 91.1552804, 26.4467328 ], [ 91.1553729, 26.4472822 ], [ 91.1559089, 26.4479476 ], [ 91.155909, 26.4479476 ], [ 91.1570392, 26.4476795 ], [ 91.1584595, 26.4475441 ], [ 91.1587005, 26.4475211 ], [ 91.1597451, 26.447367 ], [ 91.1611242, 26.4475069 ], [ 91.1621273, 26.4477663 ], [ 91.1623874, 26.4494193 ], [ 91.1623528, 26.4515267 ], [ 91.1623703, 26.4532255 ], [ 91.1620423, 26.4565057 ], [ 91.1616469, 26.4585198 ], [ 91.1616474, 26.4585375 ], [ 91.1616881, 26.4599863 ], [ 91.1617571, 26.4635867 ], [ 91.161822, 26.4635489 ], [ 91.1637836, 26.4637521 ], [ 91.1650636, 26.4640039 ], [ 91.1662419, 26.4644002 ], [ 91.1677125, 26.4650847 ], [ 91.16923, 26.4658688 ], [ 91.1712538, 26.4663421 ], [ 91.1716794, 26.4664416 ], [ 91.1718529, 26.4664821 ], [ 91.1732775, 26.4668152 ], [ 91.1744954, 26.46686 ], [ 91.1745609, 26.4668625 ], [ 91.1745609, 26.4668625 ], [ 91.1762485, 26.4670102 ], [ 91.1771346, 26.4671184 ], [ 91.1780647, 26.4672921 ], [ 91.17956, 26.4673911 ], [ 91.1805555, 26.4670109 ], [ 91.1810615, 26.4667001 ], [ 91.1824465, 26.465983 ], [ 91.1833693, 26.4656423 ] ] ] } },
{ "type": "Feature", "properties": { "gpcode": "105619", "gpname": "BAHMURA", "dtname": "Barpeta", "stname": "ASSAM", "sdtname": "Barpeta", "blkname": "BARPETA", "expected_mm": 16.7, "likely_min_mm": 16.6, "likely_max_mm": 16.7, "tmax_c": 32.2, "tmin_c": 25.0, "temp_c": 28.6, "rh_pct": 93.7, "wind_kph": 11.3, "heat_stress_level": "NONE", "disease_risk_flag": false, "ragi_stage": "vegetative", "paddy_stage": "vegetative", "forecast_date": "2026-09-10", "timestamp_utc": "2026-09-28T15:52:05Z" }, "geometry": { "type": "Polygon", "coordinates": [ [ [ 91.0201608, 26.3563153 ], [ 91.0203644, 26.3547312 ], [ 91.0207824, 26.3526916 ], [ 91.0199833, 26.3524745 ], [ 91.0187257, 26.3521529 ], [ 91.018412, 26.3519493 ], [ 91.0182297, 26.3517808 ], [ 91.0181645, 26.3517205 ], [ 91.0179616, 26.3512217 ], [ 91.0178015, 26.3501658 ], [ 91.0176871, 26.3472801 ], [ 91.0175648, 26.3461154 ], [ 91.0178065, 26.3460983 ], [ 91.0187077, 26.3456869 ], [ 91.0198377, 26.3447378 ], [ 91.0210299, 26.3439628 ], [ 91.0219552, 26.3428791 ], [ 91.0221128, 26.342322 ], [ 91.0221576, 26.3417222 ], [ 91.0220692, 26.3406421 ], [ 91.0218977, 26.3400018 ], [ 91.0211266, 26.3387397 ], [ 91.0208436, 26.3383375 ], [ 91.0203168, 26.3370334 ], [ 91.0202784, 26.3367288 ], [ 91.0203341, 26.3366208 ], [ 91.0203193, 26.3366079 ], [ 91.018549, 26.335067 ], [ 91.0169508, 26.3344347 ], [ 91.0148469, 26.333689 ], [ 91.0139922, 26.3335258 ], [ 91.0131008, 26.3334148 ], [ 91.0116004, 26.3332722 ], [ 91.0096704, 26.3332594 ], [ 91.00872, 26.3331029 ], [ 91.0077293, 26.3328002 ], [ 91.0070321, 26.3323178 ], [ 91.0068497, 26.3321916 ], [ 91.0060635, 26.3309586 ], [ 91.0056469, 26.3299696 ], [ 91.004739, 26.3287171 ], [ 91.0041593, 26.3282499 ], [ 91.0040872, 26.3281918 ], [ 91.0029194, 26.3277525 ], [ 91.0019416, 26.3275979 ], [ 91.001004, 26.3275895 ], [ 91.0001324, 26.3280236 ], [ 91.0000553, 26.3281265 ], [ 90.9991694, 26.3293086 ], [ 90.9978732, 26.3318342 ], [ 90.9973166, 26.3330409 ], [ 90.9968708, 26.3336188 ], [ 90.9963294, 26.3337315 ], [ 90.9954826, 26.333816 ], [ 90.9942057, 26.3337072 ], [ 90.993479, 26.3339075 ], [ 90.9927507, 26.3344059 ], [ 90.9920622, 26.3347276 ], [ 90.9915945, 26.3347358 ], [ 90.9911982, 26.3346146 ], [ 90.9904659, 26.3337969 ], [ 90.9902604, 26.3330165 ], [ 90.9901944, 26.3324528 ], [ 90.9898361, 26.3293949 ], [ 90.9895761, 26.3273514 ], [ 90.989484, 26.3262899 ], [ 90.9894151, 26.3261428 ], [ 90.9890783, 26.3254242 ], [ 90.9884554, 26.3244826 ], [ 90.9870075, 26.3241787 ], [ 90.9828294, 26.3233017 ], [ 90.9828294, 26.3233017 ], [ 90.982893, 26.3238379 ], [ 90.981887, 26.3248321 ], [ 90.9787503, 26.3248682 ], [ 90.9767415, 26.3253174 ], [ 90.9741135, 26.3272874 ], [ 90.9691787, 26.3294197 ], [ 90.9689331, 26.3299036 ], [ 90.9683039, 26.3311432 ], [ 90.9669192, 26.3340723 ], [ 90.9652134, 26.3348693 ], [ 90.9642105, 26.3343241 ], [ 90.9636446, 26.3325172 ], [ 90.9643891, 26.328414 ], [ 90.9647874, 26.3278754 ], [ 90.9657334, 26.3265958 ], [ 90.9696591, 26.3230573 ], [ 90.9699401, 26.3223604 ], [ 90.9712207, 26.319808 ], [ 90.9702572, 26.3173517 ], [ 90.9672797, 26.3152833 ], [ 90.9623826, 26.3139038 ], [ 90.9566471, 26.3138757 ], [ 90.9551845, 26.3127473 ], [ 90.9548319, 26.3102481 ], [ 90.955977, 26.3077053 ], [ 90.9557707, 26.3060733 ], [ 90.9558347, 26.3059793 ], [ 90.955825, 26.3059027 ], [ 90.955321, 26.3049434 ], [ 90.9541148, 26.3044125 ], [ 90.9540858, 26.304429 ], [ 90.9497673, 26.306882 ], [ 90.9471659, 26.3106189 ], [ 90.9461566, 26.3117881 ], [ 90.9460861, 26.3118698 ], [ 90.9452426, 26.3128469 ], [ 90.9452549, 26.3145696 ], [ 90.945283, 26.3146992 ], [ 90.9452906, 26.3147345 ], [ 90.9459306, 26.3176914 ], [ 90.9450406, 26.3200315 ], [ 90.9447085, 26.3217169 ], [ 90.9450071, 26.322804 ], [ 90.9463032, 26.3243751 ], [ 90.9470883, 26.3263515 ], [ 90.9477104, 26.3272312 ], [ 90.9500349, 26.3288533 ], [ 90.951329, 26.3299211 ], [ 90.9514228, 26.3299986 ], [ 90.9515086, 26.3300694 ], [ 90.9515804, 26.3301286 ], [ 90.9521663, 26.3306121 ], [ 90.9536556, 26.3320465 ], [ 90.9540453, 26.3330627 ], [ 90.9541844, 26.3334252 ], [ 90.9541518, 26.3335537 ], [ 90.9566488, 26.3363251 ], [ 90.958033, 26.3379917 ], [ 90.959164, 26.3392785 ], [ 90.9610312, 26.34111 ], [ 90.9630378, 26.3432793 ], [ 90.9636306, 26.3437593 ], [ 90.964124, 26.3440476 ], [ 90.9647991, 26.3442451 ], [ 90.9654017, 26.3442027 ], [ 90.9661855, 26.3440235 ], [ 90.9666362, 26.3438179 ], [ 90.9667437, 26.3437855 ], [ 90.9672663, 26.3437736 ], [ 90.9683389, 26.3437479 ], [ 90.9700253, 26.3439276 ], [ 90.9702014, 26.3435249 ], [ 90.9703003, 26.3433938 ], [ 90.9705676, 26.343139 ], [ 90.9707814, 26.3430619 ], [ 90.9711449, 26.3431232 ], [ 90.9714747, 26.3431125 ], [ 90.9716897, 26.3430477 ], [ 90.9719445, 26.3429677 ], [ 90.9720456, 26.3429292 ], [ 90.9720646, 26.3429219 ], [ 90.972402, 26.3431591 ], [ 90.9729537, 26.3436419 ], [ 90.9736695, 26.3447468 ], [ 90.9740589, 26.3454738 ], [ 90.974449, 26.3464772 ], [ 90.9748864, 26.3473905 ], [ 90.9755591, 26.3484734 ], [ 90.9755943, 26.3485404 ], [ 90.9763855, 26.3481803 ], [ 90.9767078, 26.348083 ], [ 90.9772994, 26.3475943 ], [ 90.9776615, 26.3473205 ], [ 90.9785924, 26.346932 ], [ 90.9812119, 26.345754 ], [ 90.9830293, 26.3447815 ], [ 90.9841055, 26.3443207 ], [ 90.9852448, 26.3437933 ], [ 90.9859609, 26.3434696 ], [ 90.986999, 26.3428873 ], [ 90.9877773, 26.342426 ], [ 90.9878051, 26.3424162 ], [ 90.9879016, 26.3426429 ], [ 90.9888499, 26.3439115 ], [ 90.9895235, 26.3448452 ], [ 90.9901784, 26.3460412 ], [ 90.9916327, 26.3483821 ], [ 90.991881, 26.3488614 ], [ 90.9921537, 26.3494632 ], [ 90.9921904, 26.3497453 ], [ 90.9921827, 26.3502924 ], [ 90.9920529, 26.3508605 ], [ 90.9919201, 26.351553 ], [ 90.99186, 26.3521252 ], [ 90.9918365, 26.352943 ], [ 90.9918831, 26.3529561 ], [ 90.9924698, 26.3535235 ], [ 90.9930449, 26.3541164 ], [ 90.993518, 26.354534 ], [ 90.9935747, 26.3544767 ], [ 90.9941559, 26.3541873 ], [ 90.9947123, 26.3542475 ], [ 90.996433, 26.3550205 ], [ 90.9979028, 26.3557614 ], [ 90.9994227, 26.3561262 ], [ 91.0009104, 26.3561207 ], [ 91.0020206, 26.3558935 ], [ 91.0029276, 26.355493 ], [ 91.0031241, 26.3564162 ], [ 91.0033892, 26.3573722 ], [ 91.0038468, 26.3583146 ], [ 91.0042997, 26.3590726 ], [ 91.0052545, 26.360242 ], [ 91.0058073, 26.3608392 ], [ 91.0068722, 26.3616977 ], [ 91.0076577, 26.3621917 ], [ 91.007679, 26.3622051 ], [ 91.0077925, 26.3622689 ], [ 91.0081816, 26.3624876 ], [ 91.0086186, 26.36269 ], [ 91.0096243, 26.3629985 ], [ 91.0102313, 26.3631712 ], [ 91.0111972, 26.3635443 ], [ 91.0124894, 26.3638737 ], [ 91.0136126, 26.3640919 ], [ 91.0166272, 26.3647801 ], [ 91.0185009, 26.3651197 ], [ 91.0191933, 26.365272 ], [ 91.0191934, 26.365272 ], [ 91.0191548, 26.3646375 ], [ 91.0190395, 26.3622655 ], [ 91.0190475, 26.3618341 ], [ 91.0191363, 26.3612841 ], [ 91.0194653, 26.3599654 ], [ 91.019567, 26.359618 ], [ 91.0197812, 26.3588864 ], [ 91.0200481, 26.3576364 ], [ 91.0201608, 26.3563153 ] ] ] } },
{ "type": "Feature", "properties": { "gpcode": "105620", "gpname": "DABALIAPARA", "dtname": "Barpeta", "stname": "ASSAM", "sdtname": "Barpeta", "blkname": "BARPETA", "expected_mm": 16.7, "likely_min_mm": 16.7, "likely_max_mm": 16.7, "tmax_c": 32.3, "tmin_c": 25.0, "temp_c": 28.6, "rh_pct": 93.4, "wind_kph": 11.4, "heat_stress_level": "NONE", "disease_risk_flag": false, "ragi_stage": "vegetative", "paddy_stage": "vegetative", "forecast_date": "2026-09-10", "timestamp_utc": "2026-09-28T15:52:05Z" }, "geometry": { "type": "Polygon", "coordinates": [ [ [ 90.9872471, 26.3967491 ], [ 90.9878028, 26.3961636 ], [ 90.9879115, 26.3955102 ], [ 90.9880358, 26.3951358 ], [ 90.9881608, 26.3947593 ], [ 90.9882831, 26.3943912 ], [ 90.9886512, 26.3938685 ], [ 90.989066, 26.3935661 ], [ 90.9896474, 26.3933058 ], [ 90.9896968, 26.3932569 ], [ 90.9904599, 26.3925034 ], [ 90.9911563, 26.3916347 ], [ 90.9931666, 26.3897049 ], [ 90.9933435, 26.3895785 ], [ 90.9943032, 26.3888927 ], [ 90.9956589, 26.3876796 ], [ 90.9959028, 26.3873146 ], [ 90.9958836, 26.3870924 ], [ 90.9958664, 26.3868949 ], [ 90.9956553, 26.3866863 ], [ 90.9953895, 26.3864815 ], [ 90.994898, 26.386218 ], [ 90.9930661, 26.3860738 ], [ 90.9911311, 26.3860113 ], [ 90.9901888, 26.3859535 ], [ 90.989238, 26.3857969 ], [ 90.9884618, 26.3854293 ], [ 90.9860815, 26.383411 ], [ 90.9854983, 26.3824089 ], [ 90.9854533, 26.3818905 ], [ 90.9854148, 26.381446 ], [ 90.9858157, 26.3806801 ], [ 90.9862405, 26.3802733 ], [ 90.9866556, 26.3798758 ], [ 90.9873212, 26.3796054 ], [ 90.988465, 26.3791275 ], [ 90.9900009, 26.3787213 ], [ 90.9911092, 26.3784694 ], [ 90.9915287, 26.3785392 ], [ 90.9921931, 26.3788898 ], [ 90.9927967, 26.3794932 ], [ 90.9935353, 26.3800621 ], [ 90.9943872, 26.3803498 ], [ 90.9947181, 26.3803513 ], [ 90.9954917, 26.3803714 ], [ 90.9962878, 26.3800172 ], [ 90.9965194, 26.3798271 ], [ 90.9967655, 26.3794868 ], [ 90.9968279, 26.378936 ], [ 90.9965106, 26.3781387 ], [ 90.9938001, 26.3751751 ], [ 90.9917087, 26.3732447 ], [ 90.9908362, 26.3717661 ], [ 90.9901687, 26.3707451 ], [ 90.9901716, 26.3706543 ], [ 90.9901909, 26.370048 ], [ 90.9905033, 26.3688835 ], [ 90.9904886, 26.3674439 ], [ 90.9906333, 26.3668872 ], [ 90.990997, 26.3663152 ], [ 90.9916583, 26.3659954 ], [ 90.9925632, 26.365367 ], [ 90.9930554, 26.3646865 ], [ 90.9934401, 26.3640385 ], [ 90.9940268, 26.3631775 ], [ 90.9940278, 26.3631741 ], [ 90.9942176, 26.3625183 ], [ 90.9941286, 26.3621271 ], [ 90.9934392, 26.3605363 ], [ 90.993075, 26.3597192 ], [ 90.9929705, 26.3588324 ], [ 90.9930055, 26.3587145 ], [ 90.9930992, 26.3578882 ], [ 90.9929393, 26.3566824 ], [ 90.9927763, 26.3560729 ], [ 90.9927441, 26.3557026 ], [ 90.9929413, 26.3551174 ], [ 90.993518, 26.354534 ], [ 90.9930449, 26.3541164 ], [ 90.9924698, 26.3535235 ], [ 90.9918831, 26.3529561 ], [ 90.9918365, 26.352943 ], [ 90.9917418, 26.3529164 ], [ 90.9912076, 26.3529541 ], [ 90.9891866, 26.3530094 ], [ 90.9878617, 26.3532519 ], [ 90.9861158, 26.3534617 ], [ 90.9852249, 26.3535332 ], [ 90.9848431, 26.3535638 ], [ 90.9837999, 26.3535633 ], [ 90.9816113, 26.353593 ], [ 90.9802445, 26.353565 ], [ 90.9796606, 26.3535068 ], [ 90.9790378, 26.3533546 ], [ 90.9786021, 26.3529231 ], [ 90.9782593, 26.3526243 ], [ 90.9780408, 26.3523292 ], [ 90.977654, 26.3518163 ], [ 90.9761696, 26.3496353 ], [ 90.9755943, 26.3485404 ], [ 90.9755591, 26.3484734 ], [ 90.9748864, 26.3473905 ], [ 90.974449, 26.3464772 ], [ 90.9740589, 26.3454738 ], [ 90.9736695, 26.3447468 ], [ 90.9729537, 26.3436419 ], [ 90.972402, 26.3431591 ], [ 90.9720646, 26.3429219 ], [ 90.9720456, 26.3429292 ], [ 90.9719445, 26.3429677 ], [ 90.9716897, 26.3430477 ], [ 90.9714747, 26.3431125 ], [ 90.9711449, 26.3431232 ], [ 90.9707814, 26.3430619 ], [ 90.9705676, 26.343139 ], [ 90.9703003, 26.3433938 ], [ 90.9702014, 26.3435249 ], [ 90.9700253, 26.3439276 ], [ 90.9699829, 26.3440247 ], [ 90.9697217, 26.3449871 ], [ 90.9695308, 26.3456464 ], [ 90.9694385, 26.3461673 ], [ 90.9694171, 26.3467153 ], [ 90.9693353, 26.3470439 ], [ 90.9690851, 26.3474963 ], [ 90.9689948, 26.3477262 ], [ 90.9689761, 26.3479884 ], [ 90.968873, 26.3480701 ], [ 90.9687518, 26.3481035 ], [ 90.9682377, 26.3482141 ], [ 90.968003, 26.3483672 ], [ 90.9678189, 26.3486286 ], [ 90.9675308, 26.3491208 ], [ 90.9670786, 26.3497578 ], [ 90.9667171, 26.3505161 ], [ 90.9664936, 26.351277 ], [ 90.9663178, 26.3522706 ], [ 90.9662278, 26.3528234 ], [ 90.9656015, 26.354184 ], [ 90.965609, 26.3542704 ], [ 90.9657798, 26.3543329 ], [ 90.9662772, 26.3543785 ], [ 90.9668357, 26.3543827 ], [ 90.9675875, 26.3543113 ], [ 90.9692379, 26.3541146 ], [ 90.9697821, 26.3541136 ], [ 90.9699729, 26.3541684 ], [ 90.97011, 26.3542396 ], [ 90.9701865, 26.3543273 ], [ 90.9702377, 26.3544417 ], [ 90.9702563, 26.354577 ], [ 90.970214, 26.3548036 ], [ 90.9701582, 26.3548758 ], [ 90.9697666, 26.3552077 ], [ 90.9690372, 26.3558552 ], [ 90.9687847, 26.3561213 ], [ 90.9686906, 26.356308 ], [ 90.9686459, 26.3566279 ], [ 90.9686253, 26.3570267 ], [ 90.96869, 26.3572955 ], [ 90.968841, 26.3576078 ], [ 90.9690514, 26.3579979 ], [ 90.969057, 26.3582211 ], [ 90.9690056, 26.3584234 ], [ 90.9688373, 26.3587085 ], [ 90.9687706, 26.35921 ], [ 90.9687459, 26.359721 ], [ 90.9688304, 26.3599013 ], [ 90.9693789, 26.3603472 ], [ 90.969842, 26.3607618 ], [ 90.9701693, 26.3611984 ], [ 90.9705105, 26.3617953 ], [ 90.9705372, 26.362104 ], [ 90.9705003, 26.3621529 ], [ 90.9704383, 26.3622352 ], [ 90.9703013, 26.3622448 ], [ 90.9701031, 26.3621842 ], [ 90.9695811, 26.361816 ], [ 90.9695747, 26.3618115 ], [ 90.968984, 26.3613561 ], [ 90.96757, 26.3605912 ], [ 90.9659788, 26.3597217 ], [ 90.9651698, 26.3591327 ], [ 90.9646363, 26.3588596 ], [ 90.9643084, 26.3587337 ], [ 90.9639743, 26.3586951 ], [ 90.9636286, 26.3586821 ], [ 90.9632621, 26.3587451 ], [ 90.9626531, 26.3588748 ], [ 90.9603896, 26.3596498 ], [ 90.9582458, 26.3601977 ], [ 90.9573768, 26.3605072 ], [ 90.9567668, 26.3606245 ], [ 90.9560976, 26.3606963 ], [ 90.9554624, 26.3608403 ], [ 90.9548967, 26.3609918 ], [ 90.9547797, 26.360974 ], [ 90.9547735, 26.3611266 ], [ 90.9547216, 26.3618009 ], [ 90.9546421, 26.3623086 ], [ 90.9541403, 26.3639955 ], [ 90.9537085, 26.365349 ], [ 90.9537066, 26.3653548 ], [ 90.953637, 26.3661422 ], [ 90.9534954, 26.3667358 ], [ 90.9531917, 26.3678307 ], [ 90.9525323, 26.3689699 ], [ 90.9518968, 26.3699088 ], [ 90.9509413, 26.3711308 ], [ 90.9502997, 26.3721569 ], [ 90.949173, 26.3739498 ], [ 90.9485849, 26.3747983 ], [ 90.9484461, 26.3751061 ], [ 90.9484284, 26.3754704 ], [ 90.9483606, 26.3761209 ], [ 90.948263, 26.3764111 ], [ 90.9482631, 26.3764111 ], [ 90.949237, 26.3764411 ], [ 90.9504844, 26.3767348 ], [ 90.951489, 26.3769396 ], [ 90.9523464, 26.3770701 ], [ 90.9533025, 26.377257 ], [ 90.9537032, 26.3772713 ], [ 90.9545838, 26.3774001 ], [ 90.9554232, 26.3775953 ], [ 90.9558151, 26.3777795 ], [ 90.9561136, 26.3779704 ], [ 90.9566679, 26.3786726 ], [ 90.9569196, 26.3788666 ], [ 90.9573546, 26.3790056 ], [ 90.9581904, 26.3791586 ], [ 90.9590907, 26.3792437 ], [ 90.9601297, 26.379573 ], [ 90.9606815, 26.3797037 ], [ 90.9610107, 26.379977 ], [ 90.9611099, 26.3803089 ], [ 90.9608637, 26.3818085 ], [ 90.9603795, 26.3830227 ], [ 90.9602739, 26.3834324 ], [ 90.960425, 26.3835488 ], [ 90.9615181, 26.3839592 ], [ 90.9630021, 26.3843514 ], [ 90.9629911, 26.3843687 ], [ 90.9628913, 26.3846489 ], [ 90.9627859, 26.3852027 ], [ 90.9627859, 26.3852027 ], [ 90.9634168, 26.3852911 ], [ 90.9642391, 26.3853948 ], [ 90.9647899, 26.3855486 ], [ 90.9652527, 26.3856403 ], [ 90.9657461, 26.3856864 ], [ 90.9665055, 26.3857013 ], [ 90.9671738, 26.3857316 ], [ 90.9678425, 26.3857618 ], [ 90.9688176, 26.3858796 ], [ 90.9695659, 26.3859263 ], [ 90.9701942, 26.3860188 ], [ 90.9710127, 26.3861966 ], [ 90.9721421, 26.3862663 ], [ 90.972715, 26.3862757 ], [ 90.9732441, 26.3862571 ], [ 90.9741173, 26.386233 ], [ 90.9749044, 26.3862083 ], [ 90.9759267, 26.3861551 ], [ 90.9763435, 26.3861133 ], [ 90.9770112, 26.3861037 ], [ 90.9785054, 26.3861694 ], [ 90.978595, 26.3861734 ], [ 90.9786085, 26.3861129 ], [ 90.9789488, 26.3844744 ], [ 90.9789522, 26.3844748 ], [ 90.9793104, 26.384511 ], [ 90.9798784, 26.3845456 ], [ 90.9800367, 26.3846213 ], [ 90.9801245, 26.3848388 ], [ 90.9801836, 26.3853619 ], [ 90.9801697, 26.3867912 ], [ 90.9802546, 26.3892319 ], [ 90.980299, 26.3905081 ], [ 90.98022, 26.3921198 ], [ 90.9801859, 26.3934759 ], [ 90.9801334, 26.3947593 ], [ 90.9801196, 26.3950951 ], [ 90.9801126, 26.3951358 ], [ 90.9799177, 26.3962644 ], [ 90.9799128, 26.3963136 ], [ 90.9799129, 26.3963136 ], [ 90.9807982, 26.3963084 ], [ 90.9826388, 26.39639 ], [ 90.9841505, 26.3964948 ], [ 90.9856001, 26.3966785 ], [ 90.987017, 26.3969075 ], [ 90.9872471, 26.3967491 ] ] ] } },
{ "type": "Feature", "properties": { "gpcode": "105623", "gpname": "HAZIPARA", "dtname": "Barpeta", "stname": "ASSAM", "sdtname": "Barpeta", "blkname": "BARPETA", "expected_mm": 17.1, "likely_min_mm": 17.1, "likely_max_mm": 17.1, "tmax_c": 32.5, "tmin_c": 25.0, "temp_c": 28.8, "rh_pct": 92.8, "wind_kph": 11.4, "heat_stress_level": "NONE", "disease_risk_flag": false, "ragi_stage": "vegetative", "paddy_stage": "vegetative", "forecast_date": "2026-09-10", "timestamp_utc": "2026-09-28T15:52:05Z" }, "geometry": { "type": "Polygon", "coordinates": [ [ [ 90.9162003, 26.463466 ], [ 90.9160096, 26.4622465 ], [ 90.9162635, 26.4607262 ], [ 90.916567, 26.4597803 ], [ 90.917188, 26.4590434 ], [ 90.9178519, 26.4588044 ], [ 90.9197531, 26.4590183 ], [ 90.9201259, 26.4588766 ], [ 90.9204851, 26.4580809 ], [ 90.9208472, 26.4568228 ], [ 90.921393, 26.4562067 ], [ 90.922358, 26.4559851 ], [ 90.9241475, 26.4558985 ], [ 90.9255278, 26.4555323 ], [ 90.9267639, 26.4549834 ], [ 90.9276404, 26.4547295 ], [ 90.9280791, 26.454853 ], [ 90.928132, 26.4554657 ], [ 90.9282179, 26.4564614 ], [ 90.9282874, 26.4572657 ], [ 90.928337, 26.4578401 ], [ 90.9287759, 26.4584643 ], [ 90.9295419, 26.4589116 ], [ 90.9298987, 26.4590792 ], [ 90.9299054, 26.4590798 ], [ 90.9299377, 26.4590827 ], [ 90.9306316, 26.4591435 ], [ 90.9309912, 26.4588487 ], [ 90.9311249, 26.4584155 ], [ 90.9307384, 26.4579032 ], [ 90.9302404, 26.4570905 ], [ 90.929696, 26.4557415 ], [ 90.9298397, 26.4554233 ], [ 90.9308211, 26.4553932 ], [ 90.9322019, 26.4555277 ], [ 90.9327382, 26.4552975 ], [ 90.9328228, 26.4547908 ], [ 90.9320336, 26.4540754 ], [ 90.9313762, 26.4535435 ], [ 90.9314021, 26.453349 ], [ 90.9319352, 26.4530805 ], [ 90.933855, 26.4525224 ], [ 90.9351438, 26.4512027 ], [ 90.9367697, 26.4503877 ], [ 90.9368423, 26.4503513 ], [ 90.9376453, 26.4499488 ], [ 90.9408691, 26.4481433 ], [ 90.9435925, 26.4464884 ], [ 90.9451574, 26.4453388 ], [ 90.9452366, 26.4452806 ], [ 90.9455637, 26.4450404 ], [ 90.9482797, 26.442808 ], [ 90.9497962, 26.4415459 ], [ 90.9511851, 26.4402927 ], [ 90.9516277, 26.4399058 ], [ 90.9516941, 26.4398478 ], [ 90.9542385, 26.4376238 ], [ 90.9564738, 26.4357718 ], [ 90.9588101, 26.4336043 ], [ 90.9592365, 26.4332326 ], [ 90.9593305, 26.4331507 ], [ 90.9611171, 26.4315931 ], [ 90.9623916, 26.4305018 ], [ 90.9655177, 26.4276776 ], [ 90.9656124, 26.4276068 ], [ 90.9656629, 26.4275691 ], [ 90.9657495, 26.4275044 ], [ 90.9658537, 26.4274266 ], [ 90.9668836, 26.426657 ], [ 90.9674049, 26.4263048 ], [ 90.9632579, 26.4217577 ], [ 90.9620526, 26.4205755 ], [ 90.9613823, 26.4198401 ], [ 90.9604413, 26.4183663 ], [ 90.9596978, 26.4172636 ], [ 90.9592475, 26.4166578 ], [ 90.9576067, 26.4166775 ], [ 90.9565722, 26.4167514 ], [ 90.9544523, 26.4167883 ], [ 90.9521753, 26.4167618 ], [ 90.9491476, 26.4166152 ], [ 90.9486406, 26.4166507 ], [ 90.9486276, 26.4166528 ], [ 90.9487844, 26.4155932 ], [ 90.9488756, 26.4147454 ], [ 90.9488281, 26.4137179 ], [ 90.9487607, 26.4127788 ], [ 90.9488161, 26.4113468 ], [ 90.9489237, 26.408777 ], [ 90.9490047, 26.4079193 ], [ 90.9490748, 26.4071768 ], [ 90.9494604, 26.403985 ], [ 90.949513, 26.4030001 ], [ 90.9495455, 26.4027871 ], [ 90.9495831, 26.4025407 ], [ 90.9496503, 26.4023622 ], [ 90.9497682, 26.4022918 ], [ 90.9504734, 26.4023169 ], [ 90.9513548, 26.4024662 ], [ 90.952313, 26.402548 ], [ 90.9538024, 26.4025553 ], [ 90.9551311, 26.4026187 ], [ 90.9547714, 26.402317 ], [ 90.9543504, 26.4019119 ], [ 90.954038, 26.4014867 ], [ 90.9537835, 26.4010948 ], [ 90.9532486, 26.4006479 ], [ 90.9527888, 26.4004318 ], [ 90.952269, 26.4003192 ], [ 90.9517028, 26.4001478 ], [ 90.9506456, 26.3998412 ], [ 90.9499582, 26.3997032 ], [ 90.9492633, 26.3994787 ], [ 90.9488151, 26.3992369 ], [ 90.9483858, 26.3988944 ], [ 90.9478834, 26.3983459 ], [ 90.9473179, 26.397864 ], [ 90.9469825, 26.3976516 ], [ 90.9455611, 26.3967871 ], [ 90.9448208, 26.3963547 ], [ 90.9446099, 26.3963257 ], [ 90.9444023, 26.3962971 ], [ 90.9425946, 26.3962748 ], [ 90.9416418, 26.3962546 ], [ 90.940864, 26.3963464 ], [ 90.9402033, 26.3965169 ], [ 90.9398334, 26.3965428 ], [ 90.9390871, 26.3965206 ], [ 90.9382074, 26.3963347 ], [ 90.9376887, 26.3962344 ], [ 90.9372935, 26.3962869 ], [ 90.9370395, 26.3963793 ], [ 90.9360517, 26.3972308 ], [ 90.9354864, 26.3978665 ], [ 90.935258, 26.3982551 ], [ 90.9352193, 26.398444 ], [ 90.9352206, 26.3984595 ], [ 90.933931, 26.398235 ], [ 90.932666, 26.397951 ], [ 90.9315979, 26.3977392 ], [ 90.9315725, 26.3977342 ], [ 90.931392, 26.3979009 ], [ 90.9304153, 26.3986193 ], [ 90.9297733, 26.3991672 ], [ 90.9293383, 26.3993964 ], [ 90.9290004, 26.3996167 ], [ 90.9287145, 26.3998168 ], [ 90.9283056, 26.3999509 ], [ 90.9281191, 26.4000262 ], [ 90.9276967, 26.4003227 ], [ 90.9272322, 26.4006098 ], [ 90.9268156, 26.4009743 ], [ 90.9238442, 26.4040312 ], [ 90.9240109, 26.4041152 ], [ 90.9249667, 26.4048269 ], [ 90.9252089, 26.4055617 ], [ 90.9251114, 26.4061591 ], [ 90.9239272, 26.407638 ], [ 90.9234945, 26.4081515 ], [ 90.9233562, 26.4089665 ], [ 90.9236689, 26.4094816 ], [ 90.9243301, 26.4095427 ], [ 90.9251074, 26.4095688 ], [ 90.9256823, 26.4100119 ], [ 90.925853, 26.4107626 ], [ 90.9258722, 26.4108473 ], [ 90.9258746, 26.4108575 ], [ 90.9261263, 26.412048 ], [ 90.925103, 26.4150458 ], [ 90.9244997, 26.4156315 ], [ 90.9244013, 26.415727 ], [ 90.9243878, 26.4157402 ], [ 90.9236679, 26.4163812 ], [ 90.9233491, 26.4169722 ], [ 90.9233813, 26.4170877 ], [ 90.9235824, 26.4178099 ], [ 90.9241116, 26.4180682 ], [ 90.9250916, 26.4176775 ], [ 90.9255128, 26.4170306 ], [ 90.9258658, 26.41663 ], [ 90.9263423, 26.4166235 ], [ 90.9275531, 26.4168341 ], [ 90.9288942, 26.4175188 ], [ 90.929483, 26.4181219 ], [ 90.9295748, 26.4188404 ], [ 90.9296054, 26.4198852 ], [ 90.9292026, 26.4207456 ], [ 90.9287995, 26.421257 ], [ 90.9282703, 26.4209988 ], [ 90.9278683, 26.420141 ], [ 90.9271636, 26.4199219 ], [ 90.9267537, 26.4203532 ], [ 90.9268304, 26.4212428 ], [ 90.9268343, 26.4212872 ], [ 90.9268353, 26.4213389 ], [ 90.9268533, 26.4221986 ], [ 90.9281503, 26.4244435 ], [ 90.9292392, 26.4260049 ], [ 90.9292767, 26.4271298 ], [ 90.9288324, 26.4275098 ], [ 90.9284494, 26.4275635 ], [ 90.9278976, 26.4273874 ], [ 90.9275458, 26.4267676 ], [ 90.9264753, 26.4254198 ], [ 90.9258665, 26.4252744 ], [ 90.9254814, 26.4256504 ], [ 90.9248428, 26.4267094 ], [ 90.9244764, 26.4275227 ], [ 90.9230281, 26.4278209 ], [ 90.9220555, 26.4279382 ], [ 90.9212875, 26.4278935 ], [ 90.9204192, 26.4279542 ], [ 90.919551, 26.4280149 ], [ 90.9189879, 26.4284481 ], [ 90.9185416, 26.4289716 ], [ 90.9185197, 26.4289713 ], [ 90.9185197, 26.4289713 ], [ 90.9187033, 26.4339154 ], [ 90.9171999, 26.4360063 ], [ 90.9171333, 26.436099 ], [ 90.9170991, 26.4361466 ], [ 90.9150141, 26.438758 ], [ 90.9148247, 26.4394204 ], [ 90.9147964, 26.4395193 ], [ 90.9141595, 26.4417459 ], [ 90.9139724, 26.4450339 ], [ 90.9141367, 26.445947 ], [ 90.9142699, 26.4463793 ], [ 90.9142958, 26.4464635 ], [ 90.9146714, 26.4476819 ], [ 90.9150066, 26.4495849 ], [ 90.9151172, 26.452852 ], [ 90.914425, 26.456014 ], [ 90.9144083, 26.4560905 ], [ 90.9143806, 26.4562168 ], [ 90.9139833, 26.4585562 ], [ 90.9146635, 26.4605297 ], [ 90.9147758, 26.4618318 ], [ 90.9142823, 26.4625598 ], [ 90.9137591, 26.4629431 ], [ 90.9130328, 26.4629553 ], [ 90.9115636, 26.4627882 ], [ 90.910592, 26.4629332 ], [ 90.9100527, 26.4636258 ], [ 90.909759, 26.4646865 ], [ 90.9098448, 26.4656822 ], [ 90.9103494, 26.4665716 ], [ 90.9114362, 26.4672663 ], [ 90.914342, 26.4677182 ], [ 90.9170612, 26.4679906 ], [ 90.9175871, 26.4678397 ], [ 90.9176563, 26.4678198 ], [ 90.9177711, 26.4677869 ], [ 90.9181634, 26.4673742 ], [ 90.9180479, 26.4668863 ], [ 90.9180288, 26.4668057 ], [ 90.9180232, 26.4667957 ], [ 90.9172894, 26.4654925 ], [ 90.9170687, 26.4651006 ], [ 90.9162003, 26.463466 ] ] ] } },
{ "type": "Feature", "properties": { "gpcode": "105625", "gpname": "KUMULIAPARA", "dtname": "Barpeta", "stname": "ASSAM", "sdtname": "Barpeta", "blkname": "GOMAPHULBARI", "expected_mm": 17.3, "likely_min_mm": 17.2, "likely_max_mm": 17.4, "tmax_c": 32.3, "tmin_c": 25.0, "temp_c": 28.6, "rh_pct": 93.6, "wind_kph": 11.3, "heat_stress_level": "NONE", "disease_risk_flag": false, "ragi_stage": "vegetative", "paddy_stage": "vegetative", "forecast_date": "2026-09-10", "timestamp_utc": "2026-09-28T15:52:05Z" }, "geometry": { "type": "MultiPolygon", "coordinates": [ [ [ [ 91.054782, 26.2534843 ], [ 91.0550288, 26.2533127 ], [ 91.0558979, 26.2532306 ], [ 91.0568288, 26.2531137 ], [ 91.0568958, 26.2531006 ], [ 91.0578134, 26.2529207 ], [ 91.0583186, 26.2527103 ], [ 91.058749, 26.2525566 ], [ 91.0587598, 26.2525552 ], [ 91.0587648, 26.2518641 ], [ 91.0587657, 26.2517256 ], [ 91.0586166, 26.2506685 ], [ 91.0585005, 26.2495987 ], [ 91.0584646, 26.2481435 ], [ 91.0583571, 26.2472936 ], [ 91.0582476, 26.2464287 ], [ 91.058068, 26.2458049 ], [ 91.0579188, 26.245138 ], [ 91.0575701, 26.2434834 ], [ 91.0574817, 26.2427299 ], [ 91.057481, 26.2427257 ], [ 91.0569074, 26.2429565 ], [ 91.0563324, 26.2432796 ], [ 91.0557146, 26.2436714 ], [ 91.0552729, 26.2438926 ], [ 91.0548047, 26.2440696 ], [ 91.0539431, 26.2443669 ], [ 91.0533705, 26.2445871 ], [ 91.0527889, 26.2449447 ], [ 91.051695, 26.245515 ], [ 91.0509031, 26.2458945 ], [ 91.0498297, 26.2462875 ], [ 91.0493298, 26.2464924 ], [ 91.0489189, 26.2466088 ], [ 91.0484079, 26.2466657 ], [ 91.0469034, 26.246834 ], [ 91.0460486, 26.2468843 ], [ 91.0458685, 26.2469073 ], [ 91.0454808, 26.2468988 ], [ 91.0451541, 26.2468706 ], [ 91.0447673, 26.2468724 ], [ 91.0443241, 26.2469448 ], [ 91.0437501, 26.247083 ], [ 91.043564, 26.2471553 ], [ 91.0436037, 26.2475341 ], [ 91.0436177, 26.2484775 ], [ 91.0435751, 26.2490348 ], [ 91.0435132, 26.2493676 ], [ 91.0431711, 26.2506648 ], [ 91.0427213, 26.253078 ], [ 91.0426359, 26.2537729 ], [ 91.0426358, 26.2537728 ], [ 91.0423182, 26.2537305 ], [ 91.0402224, 26.2534476 ], [ 91.0390301, 26.2533473 ], [ 91.0389074, 26.2533765 ], [ 91.0388657, 26.2534205 ], [ 91.0388354, 26.2534637 ], [ 91.0388104, 26.2535682 ], [ 91.0387716, 26.2537762 ], [ 91.0386846, 26.2538234 ], [ 91.038505, 26.2538266 ], [ 91.0380699, 26.2537958 ], [ 91.0370916, 26.25367 ], [ 91.0357154, 26.2534184 ], [ 91.0347101, 26.2532431 ], [ 91.0344036, 26.2531211 ], [ 91.034231, 26.252969 ], [ 91.0340618, 26.2527243 ], [ 91.0337066, 26.2516509 ], [ 91.0335782, 26.2513521 ], [ 91.0334675, 26.2512573 ], [ 91.0332342, 26.2511916 ], [ 91.03204, 26.2510041 ], [ 91.0314186, 26.2509249 ], [ 91.0305585, 26.2507188 ], [ 91.0299841, 26.2506568 ], [ 91.0280015, 26.2503658 ], [ 91.0272372, 26.2502146 ], [ 91.0250832, 26.249724 ], [ 91.0250077, 26.2500438 ], [ 91.0258096, 26.2553433 ], [ 91.0261116, 26.2580308 ], [ 91.0259112, 26.2585053 ], [ 91.0258623, 26.258621 ], [ 91.0272359, 26.2604421 ], [ 91.0276241, 26.2615027 ], [ 91.0276766, 26.2624072 ], [ 91.0288788, 26.2625841 ], [ 91.0305828, 26.2628125 ], [ 91.0336547, 26.2630674 ], [ 91.0366897, 26.2631606 ], [ 91.0391556, 26.2632529 ], [ 91.0399513, 26.2631974 ], [ 91.0402117, 26.2631792 ], [ 91.0407528, 26.2631203 ], [ 91.0410587, 26.2629755 ], [ 91.041896, 26.2621361 ], [ 91.0420764, 26.2618565 ], [ 91.0421831, 26.2615038 ], [ 91.0422125, 26.2610667 ], [ 91.0422139, 26.2609841 ], [ 91.0435031, 26.2604555 ], [ 91.0450631, 26.2598111 ], [ 91.0465694, 26.2593348 ], [ 91.04778, 26.2589925 ], [ 91.0489972, 26.2584876 ], [ 91.0502124, 26.2578061 ], [ 91.0510242, 26.2573276 ], [ 91.0516537, 26.2568739 ], [ 91.0521766, 26.2563441 ], [ 91.0529855, 26.2557015 ], [ 91.0535223, 26.2552015 ], [ 91.053879, 26.2547245 ], [ 91.0544304, 26.253889 ], [ 91.054782, 26.2534843 ] ] ], [ [ [ 90.9526204, 26.3355799 ], [ 90.9519172, 26.336416 ], [ 90.9510061, 26.3385114 ], [ 90.950287, 26.3396699 ], [ 90.9465608, 26.3411215 ], [ 90.9417651, 26.3425042 ], [ 90.9385471, 26.3435433 ], [ 90.9384782, 26.3435656 ], [ 90.9381122, 26.3436838 ], [ 90.9344141, 26.3467129 ], [ 90.9306337, 26.3511637 ], [ 90.9261594, 26.3562783 ], [ 90.924422, 26.357508 ], [ 90.921911, 26.3576837 ], [ 90.9189928, 26.3578879 ], [ 90.9178767, 26.3591971 ], [ 90.9185088, 26.3638617 ], [ 90.9194283, 26.3641119 ], [ 90.9194278, 26.3641871 ], [ 90.9194274, 26.3642568 ], [ 90.9194161, 26.3660458 ], [ 90.9199741, 26.3683693 ], [ 90.9209239, 26.3703969 ], [ 90.9218026, 26.3716641 ], [ 90.9218342, 26.3717135 ], [ 90.9225668, 26.3728593 ], [ 90.9239054, 26.3738664 ], [ 90.9256105, 26.374284 ], [ 90.9275507, 26.3750073 ], [ 90.928552, 26.3759037 ], [ 90.9293847, 26.3769193 ], [ 90.9296178, 26.3775472 ], [ 90.9295499, 26.3781426 ], [ 90.9290946, 26.3787383 ], [ 90.9287898, 26.3793502 ], [ 90.9288313, 26.3798306 ], [ 90.9291643, 26.3802368 ], [ 90.929887, 26.3803205 ], [ 90.9306641, 26.3803467 ], [ 90.9311089, 26.3806645 ], [ 90.9313989, 26.3812617 ], [ 90.9310963, 26.3819003 ], [ 90.9307348, 26.3828921 ], [ 90.9307483, 26.3829853 ], [ 90.9307621, 26.3830802 ], [ 90.9349874, 26.3831301 ], [ 90.9355555, 26.3831648 ], [ 90.9361796, 26.3833694 ], [ 90.9368605, 26.3834335 ], [ 90.9372642, 26.3834798 ], [ 90.9378123, 26.3836028 ], [ 90.9383451, 26.383614 ], [ 90.9395171, 26.3836189 ], [ 90.9413403, 26.383665 ], [ 90.9441366, 26.3838043 ], [ 90.945861, 26.3838258 ], [ 90.9458569, 26.3838039 ], [ 90.9458604, 26.3832075 ], [ 90.9458468, 26.3822522 ], [ 90.9459411, 26.3817489 ], [ 90.9461968, 26.3807436 ], [ 90.9463004, 26.3800284 ], [ 90.9463757, 26.3794643 ], [ 90.9464206, 26.3790265 ], [ 90.9466509, 26.3786625 ], [ 90.947251, 26.3781113 ], [ 90.9478561, 26.3772989 ], [ 90.9481852, 26.3766424 ], [ 90.948263, 26.3764111 ], [ 90.9483606, 26.3761209 ], [ 90.9484284, 26.3754704 ], [ 90.9484461, 26.3751061 ], [ 90.9485849, 26.3747983 ], [ 90.949173, 26.3739498 ], [ 90.9502997, 26.3721569 ], [ 90.9509413, 26.3711308 ], [ 90.9518968, 26.3699088 ], [ 90.9525323, 26.3689699 ], [ 90.9531917, 26.3678307 ], [ 90.9534954, 26.3667358 ], [ 90.953637, 26.3661422 ], [ 90.9537066, 26.3653548 ], [ 90.9537085, 26.365349 ], [ 90.9541403, 26.3639955 ], [ 90.9546421, 26.3623086 ], [ 90.9547216, 26.3618009 ], [ 90.9547735, 26.3611266 ], [ 90.9547797, 26.360974 ], [ 90.9547291, 26.3609663 ], [ 90.9545583, 26.3609037 ], [ 90.9543253, 26.3607586 ], [ 90.9538273, 26.3602595 ], [ 90.9537015, 26.3599205 ], [ 90.9536737, 26.3595996 ], [ 90.9537258, 26.3589338 ], [ 90.9540417, 26.3568498 ], [ 90.9542238, 26.3548126 ], [ 90.9542878, 26.3526914 ], [ 90.9542484, 26.3504833 ], [ 90.9540287, 26.3469797 ], [ 90.9539616, 26.345407 ], [ 90.953914, 26.3443795 ], [ 90.9538571, 26.3434022 ], [ 90.9539062, 26.3420574 ], [ 90.9539939, 26.3398863 ], [ 90.9539909, 26.338098 ], [ 90.9526265, 26.3355911 ], [ 90.9526204, 26.3355799 ] ] ] ] } },
{ "type": "Feature", "properties": { "gpcode": "105626", "gpname": "MAIRAMARA", "dtname": "Barpeta", "stname": "ASSAM", "sdtname": "Barpeta", "blkname": "BARPETA", "expected_mm": 16.5, "likely_min_mm": 16.5, "likely_max_mm": 16.5, "tmax_c": 32.4, "tmin_c": 24.9, "temp_c": 28.6, "rh_pct": 93.1, "wind_kph": 11.4, "heat_stress_level": "NONE", "disease_risk_flag": false, "ragi_stage": "vegetative", "paddy_stage": "vegetative", "forecast_date": "2026-09-10", "timestamp_utc": "2026-09-28T15:52:05Z" }, "geometry": { "type": "Polygon", "coordinates": [ [ [ 90.9794552, 26.4173805 ], [ 90.9807918, 26.416516 ], [ 90.9816532, 26.4162498 ], [ 90.9817439, 26.4162217 ], [ 90.9817521, 26.4162192 ], [ 90.9817637, 26.4162903 ], [ 90.9820202, 26.416211 ], [ 90.9840283, 26.4161854 ], [ 90.9866682, 26.4165391 ], [ 90.9900182, 26.4171896 ], [ 90.9935649, 26.4181344 ], [ 90.9987453, 26.4201585 ], [ 91.0024801, 26.4214636 ], [ 91.0030518, 26.4216634 ], [ 91.0033306, 26.4218414 ], [ 91.0036139, 26.4219763 ], [ 91.0101183, 26.4125895 ], [ 91.0108595, 26.4115198 ], [ 91.0111697, 26.410829 ], [ 91.0116227, 26.4093814 ], [ 91.0115831, 26.4082913 ], [ 91.011388, 26.4076345 ], [ 91.0107852, 26.4064102 ], [ 91.0103153, 26.4051269 ], [ 91.0099172, 26.4040373 ], [ 91.0096336, 26.4033122 ], [ 91.0095299, 26.4030712 ], [ 91.0093223, 26.4028435 ], [ 91.0092272, 26.4027771 ], [ 91.0090233, 26.4026349 ], [ 91.0080654, 26.4020815 ], [ 91.0069581, 26.4017124 ], [ 91.0054707, 26.4013229 ], [ 91.0044671, 26.401195 ], [ 91.0037144, 26.401099 ], [ 91.0025404, 26.4012314 ], [ 91.0012321, 26.401721 ], [ 90.9998764, 26.4029342 ], [ 90.9988315, 26.4048707 ], [ 90.9981291, 26.4059882 ], [ 90.9977561, 26.4061386 ], [ 90.9973725, 26.4061656 ], [ 90.9962792, 26.4053236 ], [ 90.9946404, 26.4032782 ], [ 90.9943799, 26.4025017 ], [ 90.9943598, 26.4016338 ], [ 90.9943379, 26.4010641 ], [ 90.9939452, 26.4006695 ], [ 90.9918486, 26.3995797 ], [ 90.9912411, 26.3992499 ], [ 90.9906146, 26.3990208 ], [ 90.9894993, 26.3988758 ], [ 90.9877075, 26.3988777 ], [ 90.9863122, 26.3990007 ], [ 90.9854982, 26.3988345 ], [ 90.9850405, 26.3986431 ], [ 90.9849096, 26.3984039 ], [ 90.9848839, 26.3981077 ], [ 90.9850731, 26.3977467 ], [ 90.9854584, 26.3974215 ], [ 90.9868048, 26.3970535 ], [ 90.987017, 26.3969075 ], [ 90.9856001, 26.3966785 ], [ 90.9841505, 26.3964948 ], [ 90.9826388, 26.39639 ], [ 90.9807982, 26.3963084 ], [ 90.9799129, 26.3963136 ], [ 90.9799128, 26.3963136 ], [ 90.9799177, 26.3962644 ], [ 90.9801126, 26.3951358 ], [ 90.9801196, 26.3950951 ], [ 90.9801334, 26.3947593 ], [ 90.9801859, 26.3934759 ], [ 90.98022, 26.3921198 ], [ 90.980299, 26.3905081 ], [ 90.9802546, 26.3892319 ], [ 90.9801697, 26.3867912 ], [ 90.9801836, 26.3853619 ], [ 90.9801245, 26.3848388 ], [ 90.9800367, 26.3846213 ], [ 90.9798784, 26.3845456 ], [ 90.9793104, 26.384511 ], [ 90.9789522, 26.3844748 ], [ 90.9789488, 26.3844744 ], [ 90.9786085, 26.3861129 ], [ 90.978595, 26.3861734 ], [ 90.9776748, 26.3902896 ], [ 90.9769229, 26.3933754 ], [ 90.9757213, 26.3933481 ], [ 90.9748855, 26.3934068 ], [ 90.973971, 26.3936698 ], [ 90.9734548, 26.3939173 ], [ 90.9722084, 26.3947593 ], [ 90.971651, 26.3951358 ], [ 90.9714233, 26.3952896 ], [ 90.9706661, 26.3957256 ], [ 90.9700961, 26.3959891 ], [ 90.9696033, 26.3963467 ], [ 90.9689169, 26.3970159 ], [ 90.9677809, 26.3980645 ], [ 90.9673221, 26.3984534 ], [ 90.9670197, 26.3986238 ], [ 90.9663886, 26.3988171 ], [ 90.9650411, 26.399334 ], [ 90.9640012, 26.3997424 ], [ 90.9634364, 26.3999062 ], [ 90.9614806, 26.4004038 ], [ 90.9604529, 26.4007224 ], [ 90.9595028, 26.4012372 ], [ 90.9597376, 26.3999164 ], [ 90.9599017, 26.3987871 ], [ 90.9600079, 26.3966684 ], [ 90.9600302, 26.3964304 ], [ 90.9601369, 26.3952931 ], [ 90.960181, 26.3951358 ], [ 90.9602412, 26.3949207 ], [ 90.9603161, 26.3947593 ], [ 90.9604852, 26.3943943 ], [ 90.9606544, 26.3939602 ], [ 90.9608614, 26.3925299 ], [ 90.9609615, 26.3916161 ], [ 90.961006, 26.3912247 ], [ 90.9610084, 26.3912031 ], [ 90.9611007, 26.3908364 ], [ 90.9614286, 26.3900061 ], [ 90.9618392, 26.3888643 ], [ 90.9620974, 26.3880266 ], [ 90.9623502, 26.3869655 ], [ 90.9625789, 26.3861049 ], [ 90.9627321, 26.3854855 ], [ 90.9627859, 26.3852027 ], [ 90.9628913, 26.3846489 ], [ 90.9629911, 26.3843687 ], [ 90.9630021, 26.3843514 ], [ 90.9615181, 26.3839592 ], [ 90.960425, 26.3835488 ], [ 90.9602739, 26.3834324 ], [ 90.9603795, 26.3830227 ], [ 90.9608637, 26.3818085 ], [ 90.9611099, 26.3803089 ], [ 90.9610107, 26.379977 ], [ 90.9606815, 26.3797037 ], [ 90.9601297, 26.379573 ], [ 90.9590907, 26.3792437 ], [ 90.9581904, 26.3791586 ], [ 90.9573546, 26.3790056 ], [ 90.9569196, 26.3788666 ], [ 90.9566679, 26.3786726 ], [ 90.9561136, 26.3779704 ], [ 90.9558151, 26.3777795 ], [ 90.9554232, 26.3775953 ], [ 90.9545838, 26.3774001 ], [ 90.9537032, 26.3772713 ], [ 90.9533025, 26.377257 ], [ 90.9523464, 26.3770701 ], [ 90.951489, 26.3769396 ], [ 90.9504844, 26.3767348 ], [ 90.949237, 26.3764411 ], [ 90.9482631, 26.3764111 ], [ 90.948263, 26.3764111 ], [ 90.9481852, 26.3766424 ], [ 90.9478561, 26.3772989 ], [ 90.947251, 26.3781113 ], [ 90.9466509, 26.3786625 ], [ 90.9464206, 26.3790265 ], [ 90.9463757, 26.3794643 ], [ 90.9463004, 26.3800284 ], [ 90.9461968, 26.3807436 ], [ 90.9459411, 26.3817489 ], [ 90.9458468, 26.3822522 ], [ 90.9458604, 26.3832075 ], [ 90.9458569, 26.3838039 ], [ 90.945861, 26.3838258 ], [ 90.9441366, 26.3838043 ], [ 90.9413403, 26.383665 ], [ 90.9395171, 26.3836189 ], [ 90.9383451, 26.383614 ], [ 90.9378123, 26.3836028 ], [ 90.9372642, 26.3834798 ], [ 90.9368605, 26.3834335 ], [ 90.9361796, 26.3833694 ], [ 90.9355555, 26.3831648 ], [ 90.9349874, 26.3831301 ], [ 90.9307621, 26.3830802 ], [ 90.9308082, 26.3833971 ], [ 90.9310758, 26.3844254 ], [ 90.9317914, 26.3851041 ], [ 90.9318527, 26.3851559 ], [ 90.9324331, 26.3856459 ], [ 90.9337055, 26.3862279 ], [ 90.9341982, 26.3867572 ], [ 90.9342828, 26.3870466 ], [ 90.9338272, 26.3872932 ], [ 90.9332346, 26.3873347 ], [ 90.9326717, 26.3873741 ], [ 90.9321726, 26.3874629 ], [ 90.9316739, 26.3879005 ], [ 90.9321278, 26.388325 ], [ 90.9327846, 26.3886818 ], [ 90.9332955, 26.3890755 ], [ 90.9332115, 26.3894842 ], [ 90.9326739, 26.3898171 ], [ 90.9321794, 26.3899591 ], [ 90.9317423, 26.3904193 ], [ 90.9316309, 26.3908566 ], [ 90.9312326, 26.3914215 ], [ 90.9304852, 26.3917422 ], [ 90.930164, 26.3917902 ], [ 90.9301975, 26.3918698 ], [ 90.9304427, 26.3924534 ], [ 90.9307704, 26.3933742 ], [ 90.9315452, 26.3965614 ], [ 90.9316926, 26.3970726 ], [ 90.9317345, 26.3973181 ], [ 90.9317242, 26.3975175 ], [ 90.9316606, 26.3976452 ], [ 90.9316537, 26.3976591 ], [ 90.9315725, 26.3977342 ], [ 90.9315979, 26.3977392 ], [ 90.932666, 26.397951 ], [ 90.933931, 26.398235 ], [ 90.9352206, 26.3984595 ], [ 90.9352193, 26.398444 ], [ 90.935258, 26.3982551 ], [ 90.9354864, 26.3978665 ], [ 90.9360517, 26.3972308 ], [ 90.9370395, 26.3963793 ], [ 90.9372935, 26.3962869 ], [ 90.9376887, 26.3962344 ], [ 90.9382074, 26.3963347 ], [ 90.9390871, 26.3965206 ], [ 90.9398334, 26.3965428 ], [ 90.9402033, 26.3965169 ], [ 90.940864, 26.3963464 ], [ 90.9416418, 26.3962546 ], [ 90.9425946, 26.3962748 ], [ 90.9444023, 26.3962971 ], [ 90.9446099, 26.3963257 ], [ 90.9448208, 26.3963547 ], [ 90.9455611, 26.3967871 ], [ 90.9469825, 26.3976516 ], [ 90.9473179, 26.397864 ], [ 90.9478834, 26.3983459 ], [ 90.9483858, 26.3988944 ], [ 90.9488151, 26.3992369 ], [ 90.9492633, 26.3994787 ], [ 90.9499582, 26.3997032 ], [ 90.9506456, 26.3998412 ], [ 90.9517028, 26.4001478 ], [ 90.952269, 26.4003192 ], [ 90.9527888, 26.4004318 ], [ 90.9532486, 26.4006479 ], [ 90.9537835, 26.4010948 ], [ 90.954038, 26.4014867 ], [ 90.9543504, 26.4019119 ], [ 90.9547714, 26.402317 ], [ 90.9551311, 26.4026187 ], [ 90.9538024, 26.4025553 ], [ 90.952313, 26.402548 ], [ 90.9513548, 26.4024662 ], [ 90.9504734, 26.4023169 ], [ 90.9497682, 26.4022918 ], [ 90.9496503, 26.4023622 ], [ 90.9495831, 26.4025407 ], [ 90.9495455, 26.4027871 ], [ 90.949513, 26.4030001 ], [ 90.9494604, 26.403985 ], [ 90.9490748, 26.4071768 ], [ 90.9490047, 26.4079193 ], [ 90.9489237, 26.408777 ], [ 90.9488161, 26.4113468 ], [ 90.9487607, 26.4127788 ], [ 90.9488281, 26.4137179 ], [ 90.9488756, 26.4147454 ], [ 90.9487844, 26.4155932 ], [ 90.9486276, 26.4166528 ], [ 90.9486406, 26.4166507 ], [ 90.9491476, 26.4166152 ], [ 90.9521753, 26.4167618 ], [ 90.9544523, 26.4167883 ], [ 90.9565722, 26.4167514 ], [ 90.9576067, 26.4166775 ], [ 90.9592475, 26.4166578 ], [ 90.9596978, 26.4172636 ], [ 90.9604413, 26.4183663 ], [ 90.9613823, 26.4198401 ], [ 90.9620526, 26.4205755 ], [ 90.9632579, 26.4217577 ], [ 90.9674049, 26.4263048 ], [ 90.9674968, 26.4262428 ], [ 90.9694295, 26.4249371 ], [ 90.9720565, 26.4226719 ], [ 90.9745039, 26.4208046 ], [ 90.9794552, 26.4173805 ] ] ] } },
{ "type": "Feature", "properties": { "gpcode": "105630", "gpname": "PUTHIMARI", "dtname": "Barpeta", "stname": "ASSAM", "sdtname": "Barnagar (Pt)", "blkname": "CHAKCHAKA", "expected_mm": 17.3, "likely_min_mm": 16.9, "likely_max_mm": 17.5, "tmax_c": 32.6, "tmin_c": 25.1, "temp_c": 28.9, "rh_pct": 92.1, "wind_kph": 11.2, "heat_stress_level": "NONE", "disease_risk_flag": false, "ragi_stage": "vegetative", "paddy_stage": "vegetative", "forecast_date": "2026-09-10", "timestamp_utc": "2026-09-28T15:52:05Z" }, "geometry": { "type": "Polygon", "coordinates": [ [ [ 90.8612087, 26.5309661 ], [ 90.8627498, 26.5289712 ], [ 90.8627597, 26.5290861 ], [ 90.8641604, 26.5284495 ], [ 90.8645535, 26.5290386 ], [ 90.8657945, 26.5295301 ], [ 90.8659872, 26.5295088 ], [ 90.8667273, 26.5294267 ], [ 90.8686088, 26.5274083 ], [ 90.869839, 26.5268093 ], [ 90.8705083, 26.5264834 ], [ 90.8705083, 26.5264834 ], [ 90.8705438, 26.5265323 ], [ 90.8708451, 26.5263194 ], [ 90.8743389, 26.5238507 ], [ 90.8787207, 26.5211223 ], [ 90.8792147, 26.5208147 ], [ 90.8825728, 26.5193029 ], [ 90.8837525, 26.5187718 ], [ 90.8838714, 26.5187183 ], [ 90.8855884, 26.5180306 ], [ 90.8873162, 26.5177527 ], [ 90.8896227, 26.5172766 ], [ 90.8896773, 26.5173238 ], [ 90.8906981, 26.5167123 ], [ 90.8915817, 26.5159886 ], [ 90.8929335, 26.5141917 ], [ 90.8931472, 26.51342 ], [ 90.8926802, 26.511986 ], [ 90.892357, 26.5115513 ], [ 90.8912538, 26.5100674 ], [ 90.8889641, 26.5070737 ], [ 90.888074, 26.5056853 ], [ 90.8879395, 26.5049379 ], [ 90.8862117, 26.504806 ], [ 90.8843364, 26.5045897 ], [ 90.8825067, 26.5044964 ], [ 90.880729, 26.5043708 ], [ 90.8807093, 26.5043694 ], [ 90.879785, 26.504213 ], [ 90.8780758, 26.5038906 ], [ 90.8768087, 26.503821 ], [ 90.8757532, 26.5037684 ], [ 90.8744271, 26.5034192 ], [ 90.8743927, 26.5034168 ], [ 90.8723832, 26.5032776 ], [ 90.8718231, 26.5028752 ], [ 90.871124, 26.5016459 ], [ 90.87081, 26.500438 ], [ 90.8707933, 26.4990202 ], [ 90.8712632, 26.495929 ], [ 90.8712959, 26.4956857 ], [ 90.87137, 26.4951332 ], [ 90.8710372, 26.493706 ], [ 90.8708888, 26.4915721 ], [ 90.8708908, 26.4899638 ], [ 90.8710486, 26.4893537 ], [ 90.8715677, 26.4884663 ], [ 90.8724086, 26.4880609 ], [ 90.8731076, 26.4880438 ], [ 90.8739167, 26.488492 ], [ 90.8745275, 26.4886702 ], [ 90.8751542, 26.4886266 ], [ 90.8760616, 26.488108 ], [ 90.8760576, 26.4880961 ], [ 90.8776989, 26.4874751 ], [ 90.8787956, 26.4873988 ], [ 90.8795511, 26.48763 ], [ 90.8817483, 26.4869093 ], [ 90.8838973, 26.4862395 ], [ 90.8850863, 26.4860147 ], [ 90.8874365, 26.4858509 ], [ 90.8887061, 26.4859517 ], [ 90.8890563, 26.4869679 ], [ 90.8892902, 26.4884651 ], [ 90.8895643, 26.4898177 ], [ 90.8898121, 26.4905799 ], [ 90.8896265, 26.4943843 ], [ 90.889704, 26.4965073 ], [ 90.8897497, 26.4965796 ], [ 90.8901907, 26.4972775 ], [ 90.8907094, 26.4978089 ], [ 90.8942024, 26.4999303 ], [ 90.8989731, 26.5025837 ], [ 90.9003868, 26.5009654 ], [ 90.9011573, 26.49954 ], [ 90.9007948, 26.4983828 ], [ 90.9006935, 26.4972074 ], [ 90.901159, 26.4965128 ], [ 90.9029146, 26.4961538 ], [ 90.906735, 26.4953669 ], [ 90.9089647, 26.4950221 ], [ 90.9099849, 26.4946671 ], [ 90.9104707, 26.4942075 ], [ 90.9106426, 26.4931549 ], [ 90.9106736, 26.4916864 ], [ 90.9110346, 26.490999 ], [ 90.912283, 26.4896348 ], [ 90.9130076, 26.488452 ], [ 90.9133483, 26.4875295 ], [ 90.9132191, 26.4866399 ], [ 90.9132464, 26.4865069 ], [ 90.9132463, 26.4865069 ], [ 90.9104688, 26.4859881 ], [ 90.9082069, 26.4859568 ], [ 90.9062985, 26.4857589 ], [ 90.9043859, 26.485514 ], [ 90.8993277, 26.4853466 ], [ 90.8972383, 26.4848775 ], [ 90.8956715, 26.4849868 ], [ 90.8955404, 26.4851364 ], [ 90.895255, 26.4842684 ], [ 90.8948626, 26.482943 ], [ 90.8942429, 26.4820209 ], [ 90.8942429, 26.4820209 ], [ 90.8956007, 26.4814186 ], [ 90.8979986, 26.4805892 ], [ 90.8989293, 26.4800948 ], [ 90.8999389, 26.4805485 ], [ 90.9007704, 26.4804431 ], [ 90.9019873, 26.4799325 ], [ 90.9028742, 26.4786409 ], [ 90.9038939, 26.4776711 ], [ 90.9052836, 26.4773376 ], [ 90.9070992, 26.4770689 ], [ 90.9093357, 26.4755884 ], [ 90.9103523, 26.4753166 ], [ 90.9124284, 26.4748994 ], [ 90.9140954, 26.4747356 ], [ 90.9148179, 26.4739758 ], [ 90.9147844, 26.4723699 ], [ 90.9153056, 26.4711036 ], [ 90.9166622, 26.4697791 ], [ 90.9176736, 26.4687151 ], [ 90.9175944, 26.4679137 ], [ 90.9175871, 26.4678397 ], [ 90.9170612, 26.4679906 ], [ 90.914342, 26.4677182 ], [ 90.9114362, 26.4672663 ], [ 90.9103494, 26.4665716 ], [ 90.9098448, 26.4656822 ], [ 90.909759, 26.4646865 ], [ 90.9100527, 26.4636258 ], [ 90.910592, 26.4629332 ], [ 90.9115636, 26.4627882 ], [ 90.9130328, 26.4629553 ], [ 90.9137591, 26.4629431 ], [ 90.9142823, 26.4625598 ], [ 90.9147758, 26.4618318 ], [ 90.9146635, 26.4605297 ], [ 90.9139833, 26.4585562 ], [ 90.9143806, 26.4562168 ], [ 90.9144083, 26.4560905 ], [ 90.914363, 26.4561079 ], [ 90.9089787, 26.4581846 ], [ 90.9051826, 26.4599426 ], [ 90.9031093, 26.4612692 ], [ 90.9025635, 26.4616184 ], [ 90.8992767, 26.4643237 ], [ 90.8981883, 26.4644942 ], [ 90.8959636, 26.4655007 ], [ 90.8900932, 26.4662379 ], [ 90.8900922, 26.4662174 ], [ 90.8900922, 26.4662174 ], [ 90.8839177, 26.4685979 ], [ 90.8764225, 26.4721319 ], [ 90.8763786, 26.4727422 ], [ 90.8764968, 26.4733015 ], [ 90.8767678, 26.4744178 ], [ 90.8770389, 26.4755341 ], [ 90.8771572, 26.4765034 ], [ 90.8774603, 26.4795908 ], [ 90.8775843, 26.4810326 ], [ 90.8776786, 26.4821297 ], [ 90.876144, 26.4822051 ], [ 90.8761017, 26.4822034 ], [ 90.8744218, 26.4821357 ], [ 90.8731495, 26.4820035 ], [ 90.8725201, 26.4820158 ], [ 90.8711382, 26.4822381 ], [ 90.8704768, 26.4822841 ], [ 90.8688404, 26.4823979 ], [ 90.8655622, 26.4825628 ], [ 90.8634732, 26.4827081 ], [ 90.8615048, 26.4830341 ], [ 90.8610522, 26.4830655 ], [ 90.8602325, 26.4829018 ], [ 90.859582, 26.4826008 ], [ 90.8586659, 26.4825384 ], [ 90.8577106, 26.4826159 ], [ 90.8577105, 26.4826159 ], [ 90.8575243, 26.4835361 ], [ 90.857479, 26.484233 ], [ 90.8576319, 26.48479 ], [ 90.8580873, 26.4851998 ], [ 90.8582508, 26.4854722 ], [ 90.8580394, 26.4858653 ], [ 90.857603, 26.4864947 ], [ 90.8576006, 26.4880254 ], [ 90.8587045, 26.4890523 ], [ 90.859342, 26.4891341 ], [ 90.8608392, 26.4890301 ], [ 90.8622882, 26.4887717 ], [ 90.8633781, 26.4884121 ], [ 90.8644362, 26.4884963 ], [ 90.8652933, 26.488689 ], [ 90.8664587, 26.489207 ], [ 90.8666517, 26.4894143 ], [ 90.8670804, 26.4899205 ], [ 90.8672631, 26.4912322 ], [ 90.8678025, 26.4934334 ], [ 90.8681949, 26.4941116 ], [ 90.8671973, 26.4954523 ], [ 90.8671057, 26.4956422 ], [ 90.8668703, 26.49613 ], [ 90.8666681, 26.4977622 ], [ 90.8657488, 26.4985195 ], [ 90.8651569, 26.4996008 ], [ 90.8650365, 26.5011888 ], [ 90.8652597, 26.5027914 ], [ 90.8646515, 26.5041821 ], [ 90.8644101, 26.5046034 ], [ 90.8638699, 26.5055462 ], [ 90.863494, 26.5056867 ], [ 90.863458, 26.5057663 ], [ 90.8632493, 26.5062278 ], [ 90.862592, 26.5075449 ], [ 90.8617511, 26.5082197 ], [ 90.8612965, 26.5089062 ], [ 90.860885, 26.5110922 ], [ 90.8599266, 26.5128924 ], [ 90.8597375, 26.5146778 ], [ 90.8596497, 26.5161478 ], [ 90.8596377, 26.5161481 ], [ 90.8587528, 26.5161716 ], [ 90.8576039, 26.5162514 ], [ 90.8562781, 26.5157656 ], [ 90.8553811, 26.5152885 ], [ 90.8537999, 26.5148205 ], [ 90.8515708, 26.5147826 ], [ 90.8513436, 26.5147663 ], [ 90.851348, 26.5149183 ], [ 90.8513507, 26.51501 ], [ 90.8513734, 26.515785 ], [ 90.8512561, 26.5161692 ], [ 90.8509668, 26.5171162 ], [ 90.8509687, 26.5172429 ], [ 90.8509816, 26.5181 ], [ 90.8509449, 26.5188541 ], [ 90.8509364, 26.5190303 ], [ 90.8509261, 26.5192418 ], [ 90.8506299, 26.5204782 ], [ 90.8506044, 26.5206933 ], [ 90.8505472, 26.5211778 ], [ 90.8504538, 26.5219674 ], [ 90.8504268, 26.5222892 ], [ 90.8504107, 26.5224813 ], [ 90.8503841, 26.522799 ], [ 90.8503483, 26.5232264 ], [ 90.850367, 26.523335 ], [ 90.8503777, 26.5233968 ], [ 90.8504089, 26.5235775 ], [ 90.8504129, 26.5236007 ], [ 90.8504784, 26.5239801 ], [ 90.8508694, 26.5251536 ], [ 90.8513509, 26.5262955 ], [ 90.8517018, 26.527022 ], [ 90.8519103, 26.5272162 ], [ 90.851934, 26.5272382 ], [ 90.8523112, 26.5275894 ], [ 90.852429, 26.5276991 ], [ 90.8531966, 26.5282228 ], [ 90.8538436, 26.5286111 ], [ 90.8538937, 26.5289495 ], [ 90.8538714, 26.5290034 ], [ 90.8538345, 26.5290929 ], [ 90.8537632, 26.5292653 ], [ 90.8530608, 26.529509 ], [ 90.8523634, 26.5295314 ], [ 90.8520121, 26.5296758 ], [ 90.8520121, 26.5298968 ], [ 90.8521461, 26.5300588 ], [ 90.852157, 26.530072 ], [ 90.8521727, 26.530091 ], [ 90.8523497, 26.5302139 ], [ 90.8528627, 26.5305699 ], [ 90.8531157, 26.5307455 ], [ 90.8535843, 26.531234 ], [ 90.8551896, 26.5319889 ], [ 90.8592485, 26.5325662 ], [ 90.8594284, 26.5324689 ], [ 90.8596857, 26.5323299 ], [ 90.8607212, 26.5317704 ], [ 90.8612087, 26.5309661 ] ] ] } },
{ "type": "Feature", "properties": { "gpcode": "105631", "gpname": "NICHUKA", "dtname": "Barpeta", "stname": "ASSAM", "sdtname": "Barnagar (Pt)", "blkname": "CHAKCHAKA", "expected_mm": 17.2, "likely_min_mm": 17.0, "likely_max_mm": 17.3, "tmax_c": 32.5, "tmin_c": 25.0, "temp_c": 28.8, "rh_pct": 92.2, "wind_kph": 11.2, "heat_stress_level": "NONE", "disease_risk_flag": false, "ragi_stage": "vegetative", "paddy_stage": "vegetative", "forecast_date": "2026-09-10", "timestamp_utc": "2026-09-28T15:52:05Z" }, "geometry": { "type": "Polygon", "coordinates": [ [ [ 90.9125963, 26.5154548 ], [ 90.913598, 26.5142474 ], [ 90.9144206, 26.5144172 ], [ 90.9148847, 26.514513 ], [ 90.9162825, 26.5153593 ], [ 90.9166848, 26.5154718 ], [ 90.9166598, 26.5154567 ], [ 90.9178481, 26.5143729 ], [ 90.9198232, 26.5143771 ], [ 90.9212976, 26.5149851 ], [ 90.9235205, 26.5151141 ], [ 90.9257372, 26.5151724 ], [ 90.9276583, 26.5154646 ], [ 90.9304368, 26.5156258 ], [ 90.931328, 26.5146151 ], [ 90.9313721, 26.5145651 ], [ 90.9317843, 26.5135256 ], [ 90.931934, 26.513148 ], [ 90.9319215, 26.5131185 ], [ 90.9319307, 26.5130972 ], [ 90.9318028, 26.5131157 ], [ 90.9318025, 26.5131158 ], [ 90.9303913, 26.5130834 ], [ 90.9290101, 26.5129429 ], [ 90.9289775, 26.5125661 ], [ 90.9291014, 26.5115621 ], [ 90.9297446, 26.5104744 ], [ 90.9293654, 26.5097426 ], [ 90.9287734, 26.5095944 ], [ 90.9271508, 26.5097079 ], [ 90.9252427, 26.5101731 ], [ 90.922401, 26.5114143 ], [ 90.9191116, 26.511739 ], [ 90.9162449, 26.5120814 ], [ 90.9144269, 26.5123964 ], [ 90.9134951, 26.5125578 ], [ 90.9123395, 26.5125911 ], [ 90.9111911, 26.5114864 ], [ 90.91053, 26.5105373 ], [ 90.9100218, 26.50953 ], [ 90.9095294, 26.5080952 ], [ 90.90939, 26.5075432 ], [ 90.9091296, 26.5065117 ], [ 90.9090086, 26.5064351 ], [ 90.9078486, 26.5057006 ], [ 90.9060925, 26.5048752 ], [ 90.9053434, 26.5047379 ], [ 90.9041523, 26.5055793 ], [ 90.9012591, 26.5080561 ], [ 90.8998305, 26.5097656 ], [ 90.8998264, 26.5096775 ], [ 90.8997736, 26.5085389 ], [ 90.8995584, 26.506042 ], [ 90.899646, 26.504614 ], [ 90.8989731, 26.5025837 ], [ 90.8942024, 26.4999303 ], [ 90.8907094, 26.4978089 ], [ 90.8901907, 26.4972775 ], [ 90.8897497, 26.4965796 ], [ 90.8889755, 26.4989027 ], [ 90.8889772, 26.5016752 ], [ 90.8887671, 26.5038226 ], [ 90.8879395, 26.5049379 ], [ 90.888074, 26.5056853 ], [ 90.8889641, 26.5070737 ], [ 90.8912538, 26.5100674 ], [ 90.892357, 26.5115513 ], [ 90.8977893, 26.5113693 ], [ 90.8983518, 26.5129217 ], [ 90.8986184, 26.5136575 ], [ 90.9004973, 26.5143796 ], [ 90.901832, 26.5142865 ], [ 90.9026964, 26.5151504 ], [ 90.9035499, 26.5177212 ], [ 90.9047528, 26.5188459 ], [ 90.9070596, 26.5181162 ], [ 90.911414, 26.5173146 ], [ 90.9125963, 26.5154548 ] ] ] } },
{ "type": "Feature", "properties": { "gpcode": "105632", "gpname": "KALAHBANGA", "dtname": "Barpeta", "stname": "ASSAM", "sdtname": "Barnagar (Pt)", "blkname": "CHAKCHAKA", "expected_mm": 17.0, "likely_min_mm": 16.9, "likely_max_mm": 17.0, "tmax_c": 32.6, "tmin_c": 25.0, "temp_c": 28.8, "rh_pct": 92.3, "wind_kph": 11.4, "heat_stress_level": "NONE", "disease_risk_flag": false, "ragi_stage": "vegetative", "paddy_stage": "vegetative", "forecast_date": "2026-09-10", "timestamp_utc": "2026-09-28T15:52:05Z" }, "geometry": { "type": "Polygon", "coordinates": [ [ [ 90.9041523, 26.5055793 ], [ 90.9053434, 26.5047379 ], [ 90.9060925, 26.5048752 ], [ 90.9078486, 26.5057006 ], [ 90.9090086, 26.5064351 ], [ 90.9090087, 26.5064351 ], [ 90.9110368, 26.5048145 ], [ 90.9122564, 26.5043028 ], [ 90.9132021, 26.503668 ], [ 90.9143159, 26.5019314 ], [ 90.9150883, 26.5011191 ], [ 90.9168876, 26.5006143 ], [ 90.9186747, 26.4999681 ], [ 90.9200954, 26.4993474 ], [ 90.9205705, 26.4993616 ], [ 90.9216269, 26.499438 ], [ 90.9225517, 26.4997446 ], [ 90.9236067, 26.4997656 ], [ 90.9251931, 26.4998443 ], [ 90.9278018, 26.4995671 ], [ 90.9324394, 26.4990058 ], [ 90.9339822, 26.4988204 ], [ 90.9340361, 26.4988139 ], [ 90.9356951, 26.4960669 ], [ 90.936357, 26.4936744 ], [ 90.9384597, 26.4887639 ], [ 90.9387361, 26.4873938 ], [ 90.939248, 26.4860071 ], [ 90.9398036, 26.4860393 ], [ 90.9411206, 26.4866581 ], [ 90.9427517, 26.4872548 ], [ 90.9441525, 26.4870145 ], [ 90.9456217, 26.4909995 ], [ 90.94649, 26.4942205 ], [ 90.9467738, 26.4972466 ], [ 90.946815, 26.501508 ], [ 90.9465047, 26.505073 ], [ 90.9465497, 26.5050895 ], [ 90.9465497, 26.5050894 ], [ 90.9472268, 26.5046037 ], [ 90.9475468, 26.5043371 ], [ 90.9476412, 26.5043064 ], [ 90.9497746, 26.5036123 ], [ 90.9520146, 26.5030288 ], [ 90.9541282, 26.5028096 ], [ 90.9552334, 26.5028032 ], [ 90.9559644, 26.5030363 ], [ 90.957505, 26.5034971 ], [ 90.9588039, 26.5039036 ], [ 90.9597277, 26.5036256 ], [ 90.9607043, 26.5021352 ], [ 90.9619035, 26.5003549 ], [ 90.9627064, 26.4995099 ], [ 90.9632127, 26.4986687 ], [ 90.9632783, 26.496389 ], [ 90.9626183, 26.4935602 ], [ 90.9623263, 26.492309 ], [ 90.9623263, 26.4923089 ], [ 90.9623233, 26.4923095 ], [ 90.9619518, 26.4914106 ], [ 90.9612749, 26.4908893 ], [ 90.9599699, 26.4904121 ], [ 90.957848, 26.4902291 ], [ 90.9551586, 26.4901807 ], [ 90.9520669, 26.4903501 ], [ 90.9507063, 26.4904454 ], [ 90.9505248, 26.4901738 ], [ 90.9503304, 26.4891446 ], [ 90.9506233, 26.4882709 ], [ 90.951551, 26.4862153 ], [ 90.9515299, 26.4853636 ], [ 90.9513286, 26.4848324 ], [ 90.9513113, 26.4848323 ], [ 90.950184, 26.4848252 ], [ 90.9501077, 26.4848248 ], [ 90.9500218, 26.4848242 ], [ 90.947866, 26.4848107 ], [ 90.947609, 26.484809 ], [ 90.9401581, 26.4847619 ], [ 90.9400518, 26.4844586 ], [ 90.9395989, 26.4831666 ], [ 90.9377824, 26.4815961 ], [ 90.9354423, 26.4810341 ], [ 90.9353943, 26.4804747 ], [ 90.9354179, 26.4799798 ], [ 90.9356089, 26.4798076 ], [ 90.9360863, 26.4795277 ], [ 90.9363966, 26.4790543 ], [ 90.9367546, 26.478336 ], [ 90.9368011, 26.4779574 ], [ 90.9368116, 26.4778721 ], [ 90.9368259, 26.4775952 ], [ 90.9368255, 26.4767653 ], [ 90.9369444, 26.4757325 ], [ 90.9371352, 26.4753021 ], [ 90.9378275, 26.4748715 ], [ 90.9382093, 26.4744625 ], [ 90.9387104, 26.4736662 ], [ 90.93883, 26.4731663 ], [ 90.9388774, 26.4724347 ], [ 90.9390919, 26.4717031 ], [ 90.939211, 26.4711652 ], [ 90.9392445, 26.4708012 ], [ 90.9392632, 26.4705977 ], [ 90.9392823, 26.4703906 ], [ 90.939664, 26.469831 ], [ 90.940404, 26.4694219 ], [ 90.9411214, 26.4691145 ], [ 90.9413351, 26.4680369 ], [ 90.9428853, 26.4652752 ], [ 90.9432145, 26.4646203 ], [ 90.9432806, 26.4637629 ], [ 90.9434998, 26.4630527 ], [ 90.9441739, 26.4623477 ], [ 90.9441739, 26.4623477 ], [ 90.9426306, 26.4596601 ], [ 90.9418681, 26.4589555 ], [ 90.9410467, 26.4583812 ], [ 90.9398744, 26.4581384 ], [ 90.9387755, 26.457265 ], [ 90.938206, 26.4563574 ], [ 90.9381784, 26.4556328 ], [ 90.9386227, 26.4546858 ], [ 90.9394074, 26.45362 ], [ 90.9394415, 26.4527964 ], [ 90.9389512, 26.4524003 ], [ 90.9384899, 26.4523379 ], [ 90.9377605, 26.4524206 ], [ 90.937224, 26.4523001 ], [ 90.9370547, 26.4519646 ], [ 90.9367801, 26.4504452 ], [ 90.9367697, 26.4503877 ], [ 90.9351438, 26.4512027 ], [ 90.933855, 26.4525224 ], [ 90.9319352, 26.4530805 ], [ 90.9314021, 26.453349 ], [ 90.9313762, 26.4535435 ], [ 90.9320336, 26.4540754 ], [ 90.9328228, 26.4547908 ], [ 90.9327382, 26.4552975 ], [ 90.9322019, 26.4555277 ], [ 90.9308211, 26.4553932 ], [ 90.9298397, 26.4554233 ], [ 90.929696, 26.4557415 ], [ 90.9302404, 26.4570905 ], [ 90.9307384, 26.4579032 ], [ 90.9311249, 26.4584155 ], [ 90.9309912, 26.4588487 ], [ 90.9306316, 26.4591435 ], [ 90.9299377, 26.4590827 ], [ 90.9299054, 26.4590798 ], [ 90.9298987, 26.4590792 ], [ 90.9295419, 26.4589116 ], [ 90.9287759, 26.4584643 ], [ 90.928337, 26.4578401 ], [ 90.9282874, 26.4572657 ], [ 90.9282179, 26.4564614 ], [ 90.928132, 26.4554657 ], [ 90.9280791, 26.454853 ], [ 90.9276404, 26.4547295 ], [ 90.9267639, 26.4549834 ], [ 90.9255278, 26.4555323 ], [ 90.9241475, 26.4558985 ], [ 90.922358, 26.4559851 ], [ 90.921393, 26.4562067 ], [ 90.9208472, 26.4568228 ], [ 90.9204851, 26.4580809 ], [ 90.9201259, 26.4588766 ], [ 90.9197531, 26.4590183 ], [ 90.9178519, 26.4588044 ], [ 90.917188, 26.4590434 ], [ 90.916567, 26.4597803 ], [ 90.9162635, 26.4607262 ], [ 90.9160096, 26.4622465 ], [ 90.9162003, 26.463466 ], [ 90.9170687, 26.4651006 ], [ 90.9172894, 26.4654925 ], [ 90.9180232, 26.4667957 ], [ 90.9180288, 26.4668057 ], [ 90.9180479, 26.4668863 ], [ 90.9181634, 26.4673742 ], [ 90.9177711, 26.4677869 ], [ 90.9176563, 26.4678198 ], [ 90.9175871, 26.4678397 ], [ 90.9175944, 26.4679137 ], [ 90.9176736, 26.4687151 ], [ 90.9166622, 26.4697791 ], [ 90.9153056, 26.4711036 ], [ 90.9147844, 26.4723699 ], [ 90.9148179, 26.4739758 ], [ 90.9140954, 26.4747356 ], [ 90.9124284, 26.4748994 ], [ 90.9103523, 26.4753166 ], [ 90.9106759, 26.4757568 ], [ 90.9109475, 26.4761264 ], [ 90.9111186, 26.4775158 ], [ 90.9108144, 26.4788616 ], [ 90.9105578, 26.4795417 ], [ 90.9102089, 26.4803701 ], [ 90.9106515, 26.4812379 ], [ 90.9126132, 26.4826617 ], [ 90.9132611, 26.4840827 ], [ 90.913716, 26.4850916 ], [ 90.9133671, 26.48592 ], [ 90.9132464, 26.4865069 ], [ 90.9132191, 26.4866399 ], [ 90.9133483, 26.4875295 ], [ 90.9130076, 26.488452 ], [ 90.912283, 26.4896348 ], [ 90.9110346, 26.490999 ], [ 90.9106736, 26.4916864 ], [ 90.9106426, 26.4931549 ], [ 90.9104707, 26.4942075 ], [ 90.9099849, 26.4946671 ], [ 90.9089647, 26.4950221 ], [ 90.906735, 26.4953669 ], [ 90.9029146, 26.4961538 ], [ 90.901159, 26.4965128 ], [ 90.9006935, 26.4972074 ], [ 90.9007948, 26.4983828 ], [ 90.9011573, 26.49954 ], [ 90.9003868, 26.5009654 ], [ 90.8989731, 26.5025837 ], [ 90.899646, 26.504614 ], [ 90.8995584, 26.506042 ], [ 90.8997736, 26.5085389 ], [ 90.8998264, 26.5096775 ], [ 90.8998305, 26.5097656 ], [ 90.9012591, 26.5080561 ], [ 90.9041523, 26.5055793 ] ] ] } },
{ "type": "Feature", "properties": { "gpcode": "105633", "gpname": "MEDA", "dtname": "Barpeta", "stname": "ASSAM", "sdtname": "Barnagar (Pt)", "blkname": "CHAKCHAKA", "expected_mm": 17.5, "likely_min_mm": 17.0, "likely_max_mm": 17.9, "tmax_c": 32.7, "tmin_c": 25.2, "temp_c": 29.0, "rh_pct": 91.9, "wind_kph": 11.2, "heat_stress_level": "NONE", "disease_risk_flag": false, "ragi_stage": "vegetative", "paddy_stage": "vegetative", "forecast_date": "2026-09-10", "timestamp_utc": "2026-09-28T15:52:05Z" }, "geometry": { "type": "Polygon", "coordinates": [ [ [ 90.8664587, 26.489207 ], [ 90.8652933, 26.488689 ], [ 90.8644362, 26.4884963 ], [ 90.8633781, 26.4884121 ], [ 90.8622882, 26.4887717 ], [ 90.8608392, 26.4890301 ], [ 90.859342, 26.4891341 ], [ 90.8587045, 26.4890523 ], [ 90.8576006, 26.4880254 ], [ 90.857603, 26.4864947 ], [ 90.8580394, 26.4858653 ], [ 90.8582508, 26.4854722 ], [ 90.8580873, 26.4851998 ], [ 90.8576319, 26.48479 ], [ 90.857479, 26.484233 ], [ 90.8575243, 26.4835361 ], [ 90.8577105, 26.4826159 ], [ 90.8577106, 26.4826159 ], [ 90.8586659, 26.4825384 ], [ 90.859582, 26.4826008 ], [ 90.8602325, 26.4829018 ], [ 90.8610522, 26.4830655 ], [ 90.8615048, 26.4830341 ], [ 90.8634732, 26.4827081 ], [ 90.8655622, 26.4825628 ], [ 90.8688404, 26.4823979 ], [ 90.8704768, 26.4822841 ], [ 90.8711382, 26.4822381 ], [ 90.8725201, 26.4820158 ], [ 90.8731495, 26.4820035 ], [ 90.8744218, 26.4821357 ], [ 90.8761017, 26.4822034 ], [ 90.876144, 26.4822051 ], [ 90.8776786, 26.4821297 ], [ 90.8775843, 26.4810326 ], [ 90.8774603, 26.4795908 ], [ 90.8771572, 26.4765034 ], [ 90.8770389, 26.4755341 ], [ 90.8767678, 26.4744178 ], [ 90.8764968, 26.4733015 ], [ 90.8763786, 26.4727422 ], [ 90.8764225, 26.4721319 ], [ 90.8764264, 26.4720767 ], [ 90.8769426, 26.4707479 ], [ 90.8768806, 26.4687507 ], [ 90.8768806, 26.4687506 ], [ 90.877009, 26.468712 ], [ 90.8771767, 26.4677676 ], [ 90.8765228, 26.4666779 ], [ 90.8753861, 26.4647537 ], [ 90.875377, 26.46261 ], [ 90.8751917, 26.461677 ], [ 90.8747765, 26.4613275 ], [ 90.8729906, 26.4617356 ], [ 90.8710573, 26.4620593 ], [ 90.8695524, 26.4620695 ], [ 90.8685532, 26.4614453 ], [ 90.8680924, 26.4609728 ], [ 90.8676178, 26.4595237 ], [ 90.8669955, 26.4571705 ], [ 90.8670861, 26.4561868 ], [ 90.8669681, 26.4558513 ], [ 90.8668531, 26.4555241 ], [ 90.8668404, 26.4555256 ], [ 90.8666263, 26.4539579 ], [ 90.8663848, 26.4527764 ], [ 90.8659292, 26.4519567 ], [ 90.864714, 26.4510236 ], [ 90.864714, 26.4510236 ], [ 90.8643009, 26.4513447 ], [ 90.863337, 26.4515379 ], [ 90.8626007, 26.451526 ], [ 90.8611063, 26.4508417 ], [ 90.8602465, 26.4502077 ], [ 90.8597536, 26.4493591 ], [ 90.8588724, 26.4488842 ], [ 90.8573651, 26.4492728 ], [ 90.8557183, 26.4500266 ], [ 90.8539619, 26.4514971 ], [ 90.852961, 26.4517978 ], [ 90.8512826, 26.4516832 ], [ 90.8489857, 26.450841 ], [ 90.8478913, 26.4501826 ], [ 90.8470713, 26.4499587 ], [ 90.8470713, 26.4499587 ], [ 90.8470482, 26.4515792 ], [ 90.8464925, 26.4535826 ], [ 90.8450666, 26.4554154 ], [ 90.841246, 26.4582618 ], [ 90.8368884, 26.4603363 ], [ 90.8354164, 26.4611319 ], [ 90.8345346, 26.4616961 ], [ 90.8366931, 26.4643884 ], [ 90.8370532, 26.4650954 ], [ 90.8376643, 26.4668032 ], [ 90.8370083, 26.4672042 ], [ 90.8364718, 26.4679349 ], [ 90.8366585, 26.4686154 ], [ 90.8378893, 26.4709957 ], [ 90.8384332, 26.4743483 ], [ 90.838787, 26.4764812 ], [ 90.838712, 26.4771028 ], [ 90.8383719, 26.478128 ], [ 90.837541, 26.4794185 ], [ 90.8365873, 26.4804205 ], [ 90.8365595, 26.4804497 ], [ 90.8391805, 26.4800753 ], [ 90.8406269, 26.479975 ], [ 90.8420207, 26.4792619 ], [ 90.843575, 26.4789229 ], [ 90.8453583, 26.4787605 ], [ 90.8476293, 26.4787955 ], [ 90.8480152, 26.4796789 ], [ 90.848835, 26.4806625 ], [ 90.8497153, 26.4815564 ], [ 90.849836, 26.4815237 ], [ 90.8498401, 26.4816831 ], [ 90.849949, 26.4858928 ], [ 90.8504654, 26.4906163 ], [ 90.851616, 26.4955963 ], [ 90.8527073, 26.4974659 ], [ 90.8527073, 26.497466 ], [ 90.8531464, 26.4987238 ], [ 90.853612, 26.5011571 ], [ 90.8539892, 26.5030936 ], [ 90.8539912, 26.5031041 ], [ 90.8466128, 26.5041002 ], [ 90.8470217, 26.5045922 ], [ 90.8472129, 26.5048223 ], [ 90.8477179, 26.505344 ], [ 90.8481306, 26.5057702 ], [ 90.8487411, 26.5066851 ], [ 90.8489379, 26.5069799 ], [ 90.8493094, 26.5078193 ], [ 90.8494692, 26.5081804 ], [ 90.8495426, 26.5085908 ], [ 90.8497646, 26.5098322 ], [ 90.8497686, 26.5098461 ], [ 90.8500053, 26.5106807 ], [ 90.8502425, 26.5112422 ], [ 90.8507274, 26.5123904 ], [ 90.8507773, 26.5125085 ], [ 90.8509926, 26.5136729 ], [ 90.851002, 26.513702 ], [ 90.8513435, 26.5147651 ], [ 90.8513436, 26.5147663 ], [ 90.8515708, 26.5147826 ], [ 90.8537999, 26.5148205 ], [ 90.8553811, 26.5152885 ], [ 90.8562781, 26.5157656 ], [ 90.8576039, 26.5162514 ], [ 90.8587528, 26.5161716 ], [ 90.8596377, 26.5161481 ], [ 90.8596497, 26.5161478 ], [ 90.8597375, 26.5146778 ], [ 90.8599266, 26.5128924 ], [ 90.860885, 26.5110922 ], [ 90.8612965, 26.5089062 ], [ 90.8617511, 26.5082197 ], [ 90.862592, 26.5075449 ], [ 90.8632493, 26.5062278 ], [ 90.863458, 26.5057663 ], [ 90.863494, 26.5056867 ], [ 90.8638699, 26.5055462 ], [ 90.8644101, 26.5046034 ], [ 90.8646515, 26.5041821 ], [ 90.8652597, 26.5027914 ], [ 90.8650365, 26.5011888 ], [ 90.8651569, 26.4996008 ], [ 90.8657488, 26.4985195 ], [ 90.8666681, 26.4977622 ], [ 90.8668703, 26.49613 ], [ 90.8671057, 26.4956422 ], [ 90.8671973, 26.4954523 ], [ 90.8681949, 26.4941116 ], [ 90.8678025, 26.4934334 ], [ 90.8672631, 26.4912322 ], [ 90.8670804, 26.4899205 ], [ 90.8666517, 26.4894143 ], [ 90.8664587, 26.489207 ] ] ] } },
{ "type": "Feature", "properties": { "gpcode": "105634", "gpname": "FEURAKHOWA", "dtname": "Barpeta", "stname": "ASSAM", "sdtname": "Barnagar (Pt)", "blkname": "CHAKCHAKA", "expected_mm": 18.0, "likely_min_mm": 17.7, "likely_max_mm": 18.5, "tmax_c": 32.7, "tmin_c": 25.3, "temp_c": 29.0, "rh_pct": 92.0, "wind_kph": 11.2, "heat_stress_level": "NONE", "disease_risk_flag": false, "ragi_stage": "vegetative", "paddy_stage": "vegetative", "forecast_date": "2026-09-10", "timestamp_utc": "2026-09-28T15:52:05Z" }, "geometry": { "type": "Polygon", "coordinates": [ [ [ 90.853612, 26.5011571 ], [ 90.8531464, 26.4987238 ], [ 90.8527073, 26.497466 ], [ 90.8527073, 26.4974659 ], [ 90.851616, 26.4955963 ], [ 90.8504654, 26.4906163 ], [ 90.849949, 26.4858928 ], [ 90.8498401, 26.4816831 ], [ 90.849836, 26.4815237 ], [ 90.8497153, 26.4815564 ], [ 90.848835, 26.4806625 ], [ 90.8480152, 26.4796789 ], [ 90.8476293, 26.4787955 ], [ 90.8453583, 26.4787605 ], [ 90.843575, 26.4789229 ], [ 90.8420207, 26.4792619 ], [ 90.8406269, 26.479975 ], [ 90.8391805, 26.4800753 ], [ 90.8365595, 26.4804497 ], [ 90.8365873, 26.4804205 ], [ 90.837541, 26.4794185 ], [ 90.8383719, 26.478128 ], [ 90.838712, 26.4771028 ], [ 90.838787, 26.4764812 ], [ 90.8384332, 26.4743483 ], [ 90.8378893, 26.4709957 ], [ 90.8366585, 26.4686154 ], [ 90.8364718, 26.4679349 ], [ 90.8370083, 26.4672042 ], [ 90.8376643, 26.4668032 ], [ 90.8370532, 26.4650954 ], [ 90.8366931, 26.4643884 ], [ 90.8345346, 26.4616961 ], [ 90.8354164, 26.4611319 ], [ 90.8368884, 26.4603363 ], [ 90.841246, 26.4582618 ], [ 90.8450666, 26.4554154 ], [ 90.8464925, 26.4535826 ], [ 90.8470482, 26.4515792 ], [ 90.8470713, 26.4499587 ], [ 90.8470713, 26.4499587 ], [ 90.8478913, 26.4501826 ], [ 90.8477226, 26.4500812 ], [ 90.8471074, 26.4493919 ], [ 90.8470808, 26.4492901 ], [ 90.8463647, 26.4465526 ], [ 90.8469757, 26.4435724 ], [ 90.8462023, 26.4438855 ], [ 90.8456759, 26.4440163 ], [ 90.8450593, 26.443971 ], [ 90.8439617, 26.4429418 ], [ 90.8425833, 26.4422555 ], [ 90.8417713, 26.4416956 ], [ 90.8400677, 26.4393078 ], [ 90.8376289, 26.437235 ], [ 90.8367852, 26.4365179 ], [ 90.8318842, 26.4327436 ], [ 90.8311943, 26.432297 ], [ 90.8306915, 26.4319714 ], [ 90.829644, 26.4316687 ], [ 90.8288567, 26.4317716 ], [ 90.8285836, 26.4318072 ], [ 90.8258225, 26.4321679 ], [ 90.8234078, 26.4324832 ], [ 90.821092, 26.4323966 ], [ 90.8148274, 26.4301148 ], [ 90.8126826, 26.4290804 ], [ 90.8117745, 26.4286261 ], [ 90.810988, 26.4282325 ], [ 90.8105429, 26.4280098 ], [ 90.8041623, 26.4275327 ], [ 90.8022788, 26.4272937 ], [ 90.7987342, 26.4268438 ], [ 90.7969747, 26.4270143 ], [ 90.7938712, 26.4280549 ], [ 90.7936571, 26.4284652 ], [ 90.7930329, 26.429661 ], [ 90.7918435, 26.4315873 ], [ 90.7905095, 26.4323672 ], [ 90.7896317, 26.4332287 ], [ 90.7895688, 26.4335462 ], [ 90.7891032, 26.4359 ], [ 90.7883649, 26.4376957 ], [ 90.7876827, 26.4382909 ], [ 90.7871757, 26.43913 ], [ 90.7872753, 26.4399424 ], [ 90.7883675, 26.4407644 ], [ 90.7900913, 26.4416771 ], [ 90.7928666, 26.4425546 ], [ 90.7935094, 26.4427578 ], [ 90.7948874, 26.4435935 ], [ 90.7963309, 26.4441269 ], [ 90.7969424, 26.4442581 ], [ 90.7980106, 26.443645 ], [ 90.7986596, 26.4435171 ], [ 90.7988329, 26.443483 ], [ 90.7989584, 26.4432258 ], [ 90.7996207, 26.4424229 ], [ 90.8018377, 26.4405874 ], [ 90.8022105, 26.440566 ], [ 90.8035144, 26.4404911 ], [ 90.8040185, 26.4404622 ], [ 90.804847, 26.4402743 ], [ 90.8049024, 26.4402617 ], [ 90.8049744, 26.4402454 ], [ 90.8051034, 26.4402161 ], [ 90.8052379, 26.4401856 ], [ 90.8052415, 26.4401848 ], [ 90.8052757, 26.440177 ], [ 90.805334, 26.4401638 ], [ 90.8053804, 26.4401533 ], [ 90.8054228, 26.4401437 ], [ 90.8054698, 26.440133 ], [ 90.8054726, 26.4401324 ], [ 90.8054823, 26.4401302 ], [ 90.8054932, 26.4401277 ], [ 90.8055067, 26.4401246 ], [ 90.8055071, 26.4401246 ], [ 90.8055081, 26.4401243 ], [ 90.8055085, 26.4401242 ], [ 90.8055317, 26.440119 ], [ 90.805533, 26.4401187 ], [ 90.8065819, 26.4398808 ], [ 90.8066349, 26.4398687 ], [ 90.8079292, 26.4395752 ], [ 90.8086342, 26.4392879 ], [ 90.8087427, 26.4392437 ], [ 90.8095931, 26.4388973 ], [ 90.8113589, 26.4381778 ], [ 90.8163619, 26.4380492 ], [ 90.8186186, 26.4394943 ], [ 90.8186821, 26.439535 ], [ 90.8210377, 26.4407274 ], [ 90.8214688, 26.4412819 ], [ 90.8221302, 26.4421322 ], [ 90.8233372, 26.4436843 ], [ 90.8237155, 26.4441333 ], [ 90.8244746, 26.4450341 ], [ 90.8267357, 26.4477367 ], [ 90.8272053, 26.448298 ], [ 90.827396, 26.4489434 ], [ 90.8274906, 26.4492638 ], [ 90.8271341, 26.4506176 ], [ 90.8271338, 26.4511952 ], [ 90.8272467, 26.4518012 ], [ 90.8274189, 26.4527252 ], [ 90.827168, 26.4532892 ], [ 90.8257796, 26.4538791 ], [ 90.8238884, 26.4546825 ], [ 90.8238293, 26.4547303 ], [ 90.8227346, 26.4556163 ], [ 90.8217818, 26.4563875 ], [ 90.8202418, 26.4578355 ], [ 90.8189991, 26.4603031 ], [ 90.818967, 26.4603667 ], [ 90.8190167, 26.4612513 ], [ 90.8194163, 26.4622888 ], [ 90.8196426, 26.4628762 ], [ 90.8190705, 26.4638417 ], [ 90.8188646, 26.463975 ], [ 90.8185689, 26.4641664 ], [ 90.8170344, 26.4644681 ], [ 90.8166044, 26.46489 ], [ 90.8164274, 26.4650636 ], [ 90.8164972, 26.4659465 ], [ 90.816532, 26.4663859 ], [ 90.8165875, 26.4668071 ], [ 90.8167118, 26.4677489 ], [ 90.8185863, 26.4699435 ], [ 90.8188866, 26.4702951 ], [ 90.8191366, 26.4716807 ], [ 90.8189595, 26.4722069 ], [ 90.8181723, 26.474546 ], [ 90.8183576, 26.4750515 ], [ 90.8183021, 26.4756607 ], [ 90.8180989, 26.475766 ], [ 90.8179729, 26.4758313 ], [ 90.8177453, 26.4759493 ], [ 90.8155693, 26.4753391 ], [ 90.8146713, 26.4753924 ], [ 90.8146505, 26.4753937 ], [ 90.8131572, 26.4754824 ], [ 90.8103488, 26.4760136 ], [ 90.8086456, 26.4764037 ], [ 90.8084868, 26.4764401 ], [ 90.8083828, 26.4764639 ], [ 90.8074867, 26.4773221 ], [ 90.8074342, 26.4773724 ], [ 90.807309, 26.4774923 ], [ 90.8062912, 26.4772661 ], [ 90.8052731, 26.4773965 ], [ 90.8040803, 26.4777712 ], [ 90.8039145, 26.4778232 ], [ 90.8037383, 26.4778786 ], [ 90.8038952, 26.4796342 ], [ 90.8039028, 26.479719 ], [ 90.8039126, 26.4798282 ], [ 90.8036962, 26.4809202 ], [ 90.8024427, 26.4820205 ], [ 90.8024117, 26.4820478 ], [ 90.8023104, 26.4823449 ], [ 90.8020549, 26.4830946 ], [ 90.8027305, 26.4852837 ], [ 90.8034633, 26.4875832 ], [ 90.8038564, 26.4888167 ], [ 90.8039416, 26.4890842 ], [ 90.805266, 26.4918275 ], [ 90.80594, 26.4932236 ], [ 90.8058801, 26.4941767 ], [ 90.8058691, 26.4943517 ], [ 90.8057168, 26.4946194 ], [ 90.8051912, 26.4955428 ], [ 90.804579, 26.4961201 ], [ 90.8052297, 26.4971793 ], [ 90.8055109, 26.4976369 ], [ 90.8062574, 26.4984176 ], [ 90.8067283, 26.49891 ], [ 90.8073139, 26.4995223 ], [ 90.807518, 26.4997358 ], [ 90.8078068, 26.5000391 ], [ 90.8079851, 26.5001904 ], [ 90.8086006, 26.5007127 ], [ 90.8088955, 26.5007462 ], [ 90.8092856, 26.5007389 ], [ 90.8094032, 26.5007366 ], [ 90.8101456, 26.5005514 ], [ 90.8104629, 26.5004233 ], [ 90.8106168, 26.5003647 ], [ 90.8111654, 26.500156 ], [ 90.8114682, 26.5000408 ], [ 90.813611, 26.4987522 ], [ 90.8138777, 26.4984722 ], [ 90.8147197, 26.4969227 ], [ 90.8148558, 26.4966722 ], [ 90.816056, 26.4947123 ], [ 90.8162883, 26.494466 ], [ 90.8173003, 26.4933925 ], [ 90.8192996, 26.491833 ], [ 90.8194065, 26.4917627 ], [ 90.8196576, 26.4915976 ], [ 90.8198516, 26.49147 ], [ 90.8201612, 26.4912664 ], [ 90.8202546, 26.4912049 ], [ 90.8203379, 26.4911501 ], [ 90.8204547, 26.4910733 ], [ 90.8205602, 26.4910315 ], [ 90.8205912, 26.4910193 ], [ 90.8206781, 26.4909849 ], [ 90.8208638, 26.4909114 ], [ 90.8208922, 26.4909001 ], [ 90.8209567, 26.4908746 ], [ 90.8211252, 26.4908079 ], [ 90.8211836, 26.4907848 ], [ 90.821347, 26.4907201 ], [ 90.8214134, 26.4906938 ], [ 90.8215652, 26.4906337 ], [ 90.8215671, 26.4906335 ], [ 90.8215699, 26.4906331 ], [ 90.8225867, 26.4905141 ], [ 90.8236081, 26.4906745 ], [ 90.8241852, 26.4911148 ], [ 90.8247948, 26.4919001 ], [ 90.8251173, 26.4923155 ], [ 90.8258717, 26.4935161 ], [ 90.8258484, 26.494562 ], [ 90.8258263, 26.4955565 ], [ 90.8259344, 26.4971 ], [ 90.8260028, 26.4980772 ], [ 90.8262937, 26.4990105 ], [ 90.826402, 26.4993577 ], [ 90.8267672, 26.4997638 ], [ 90.8268741, 26.4998826 ], [ 90.826925, 26.4999392 ], [ 90.8270218, 26.5000468 ], [ 90.8277258, 26.5006063 ], [ 90.8290783, 26.5015329 ], [ 90.8301897, 26.5019021 ], [ 90.8302631, 26.5019167 ], [ 90.8321117, 26.5022836 ], [ 90.8332794, 26.5026285 ], [ 90.8350346, 26.5029572 ], [ 90.8364322, 26.5029784 ], [ 90.8378548, 26.5031509 ], [ 90.8382511, 26.5031499 ], [ 90.838396, 26.5031496 ], [ 90.838536, 26.5031492 ], [ 90.8392808, 26.5031474 ], [ 90.8393482, 26.5030538 ], [ 90.8394284, 26.5029424 ], [ 90.8395678, 26.5027491 ], [ 90.8401649, 26.5025273 ], [ 90.8402585, 26.5024925 ], [ 90.8406095, 26.5023622 ], [ 90.8417388, 26.5017753 ], [ 90.8418419, 26.5007451 ], [ 90.8417999, 26.500051 ], [ 90.8417992, 26.5000398 ], [ 90.8418135, 26.5000511 ], [ 90.84316, 26.501106 ], [ 90.8432558, 26.5011811 ], [ 90.8436628, 26.5015 ], [ 90.8444149, 26.502132 ], [ 90.8445989, 26.5022598 ], [ 90.8453576, 26.5027866 ], [ 90.8462452, 26.5036578 ], [ 90.8466128, 26.5041002 ], [ 90.8539912, 26.5031041 ], [ 90.8539892, 26.5030936 ], [ 90.853612, 26.5011571 ] ] ] } },
{ "type": "Feature", "properties": { "gpcode": "105635", "gpname": "MADULIJHAR", "dtname": "Barpeta", "stname": "ASSAM", "sdtname": "Barnagar (Pt)", "blkname": "CHAKCHAKA", "expected_mm": 17.6, "likely_min_mm": 17.4, "likely_max_mm": 17.7, "tmax_c": 32.6, "tmin_c": 25.1, "temp_c": 28.9, "rh_pct": 92.4, "wind_kph": 11.4, "heat_stress_level": "NONE", "disease_risk_flag": false, "ragi_stage": "vegetative", "paddy_stage": "vegetative", "forecast_date": "2026-09-10", "timestamp_utc": "2026-09-28T15:52:05Z" }, "geometry": { "type": "MultiPolygon", "coordinates": [ [ [ [ 90.873938116386881, 26.433697302064189 ], [ 90.8739381, 26.4336972 ], [ 90.8739381, 26.4336973 ], [ 90.873938116386881, 26.433697302064189 ] ] ], [ [ [ 90.8981883, 26.4644942 ], [ 90.8992767, 26.4643237 ], [ 90.9025635, 26.4616184 ], [ 90.9031093, 26.4612692 ], [ 90.9051826, 26.4599426 ], [ 90.9089787, 26.4581846 ], [ 90.914363, 26.4561079 ], [ 90.9144083, 26.4560905 ], [ 90.914425, 26.456014 ], [ 90.9151172, 26.452852 ], [ 90.9150066, 26.4495849 ], [ 90.9146714, 26.4476819 ], [ 90.9142958, 26.4464635 ], [ 90.9142699, 26.4463793 ], [ 90.9141367, 26.445947 ], [ 90.9139724, 26.4450339 ], [ 90.9141595, 26.4417459 ], [ 90.9147964, 26.4395193 ], [ 90.9148247, 26.4394204 ], [ 90.9150141, 26.438758 ], [ 90.9170991, 26.4361466 ], [ 90.9171333, 26.436099 ], [ 90.9171999, 26.4360063 ], [ 90.9187033, 26.4339154 ], [ 90.9185197, 26.4289713 ], [ 90.9179405, 26.4289643 ], [ 90.9173183, 26.4287125 ], [ 90.9163325, 26.428043 ], [ 90.9150507, 26.4277387 ], [ 90.9138188, 26.4273817 ], [ 90.9126957, 26.4270172 ], [ 90.9098744, 26.4278543 ], [ 90.9091316, 26.4281031 ], [ 90.9084177, 26.4280544 ], [ 90.9078161, 26.4274072 ], [ 90.9078142, 26.4271372 ], [ 90.9077518, 26.4272111 ], [ 90.9043422, 26.431252 ], [ 90.9040698, 26.4321539 ], [ 90.9040512, 26.4323566 ], [ 90.9039796, 26.4331378 ], [ 90.9040258, 26.4340806 ], [ 90.9042433, 26.4349799 ], [ 90.9043885, 26.4358528 ], [ 90.9043626, 26.4361626 ], [ 90.9043588, 26.4362078 ], [ 90.9037597, 26.436275 ], [ 90.903021, 26.4366419 ], [ 90.9026972, 26.4369483 ], [ 90.9023144, 26.436975 ], [ 90.901567, 26.4364281 ], [ 90.9006703, 26.4365852 ], [ 90.8993987, 26.4368633 ], [ 90.8990132, 26.4368586 ], [ 90.8989881, 26.4368548 ], [ 90.8981617, 26.4367288 ], [ 90.8969581, 26.436775 ], [ 90.8961385, 26.4364065 ], [ 90.8955117, 26.4358353 ], [ 90.8958362, 26.4347248 ], [ 90.8952449, 26.433347 ], [ 90.8952307, 26.4333115 ], [ 90.8945772, 26.4316907 ], [ 90.8945611, 26.4316309 ], [ 90.8935052, 26.4320493 ], [ 90.8922123, 26.4322814 ], [ 90.8910238, 26.4325061 ], [ 90.8900157, 26.4323872 ], [ 90.8889032, 26.4322756 ], [ 90.8879352, 26.4320119 ], [ 90.8865817, 26.4315387 ], [ 90.8859229, 26.4312063 ], [ 90.8844891, 26.4310224 ], [ 90.8824733, 26.4313994 ], [ 90.8813851, 26.4315697 ], [ 90.8799878, 26.431809 ], [ 90.878968, 26.4321639 ], [ 90.8786992, 26.4327029 ], [ 90.8786393, 26.4339267 ], [ 90.8786393, 26.4339268 ], [ 90.8769217, 26.4339993 ], [ 90.8753353, 26.4338733 ], [ 90.873938116386881, 26.433697302064189 ], [ 90.873974, 26.4339208 ], [ 90.8737497, 26.434977 ], [ 90.8733484, 26.435809 ], [ 90.8727381, 26.4360408 ], [ 90.8703727, 26.4360162 ], [ 90.8686378, 26.435995 ], [ 90.8673297, 26.4360147 ], [ 90.867352, 26.436096 ], [ 90.8648883, 26.4383216 ], [ 90.8645333, 26.4386423 ], [ 90.8639, 26.4390982 ], [ 90.8657979, 26.4418911 ], [ 90.8673245, 26.4431566 ], [ 90.8701568, 26.4449461 ], [ 90.8716175, 26.4455749 ], [ 90.8697828, 26.4470848 ], [ 90.8674029, 26.4483225 ], [ 90.8655483, 26.450375 ], [ 90.864714, 26.4510236 ], [ 90.8659292, 26.4519567 ], [ 90.8663848, 26.4527764 ], [ 90.8666263, 26.4539579 ], [ 90.8668404, 26.4555256 ], [ 90.8668531, 26.4555241 ], [ 90.8669681, 26.4558513 ], [ 90.8670861, 26.4561868 ], [ 90.8669955, 26.4571705 ], [ 90.8676178, 26.4595237 ], [ 90.8680924, 26.4609728 ], [ 90.8685532, 26.4614453 ], [ 90.8695524, 26.4620695 ], [ 90.8710573, 26.4620593 ], [ 90.8729906, 26.4617356 ], [ 90.8747765, 26.4613275 ], [ 90.8751917, 26.461677 ], [ 90.875377, 26.46261 ], [ 90.8753861, 26.4647537 ], [ 90.8765228, 26.4666779 ], [ 90.8771767, 26.4677676 ], [ 90.877009, 26.468712 ], [ 90.8768806, 26.4687506 ], [ 90.8768806, 26.4687507 ], [ 90.8769426, 26.4707479 ], [ 90.8764264, 26.4720767 ], [ 90.8764225, 26.4721319 ], [ 90.8839177, 26.4685979 ], [ 90.8900922, 26.4662174 ], [ 90.8900932, 26.4662379 ], [ 90.8959636, 26.4655007 ], [ 90.8981883, 26.4644942 ] ] ] ] } },
{ "type": "Feature", "properties": { "gpcode": "105636", "gpname": "SULIAKATA", "dtname": "Barpeta", "stname": "ASSAM", "sdtname": "Barnagar (Pt)", "blkname": "GOBARDHANA", "expected_mm": 17.1, "likely_min_mm": 16.6, "likely_max_mm": 17.3, "tmax_c": 32.5, "tmin_c": 25.1, "temp_c": 28.8, "rh_pct": 92.0, "wind_kph": 10.9, "heat_stress_level": "NONE", "disease_risk_flag": false, "ragi_stage": "vegetative", "paddy_stage": "vegetative", "forecast_date": "2026-09-10", "timestamp_utc": "2026-09-28T15:52:05Z" }, "geometry": { "type": "Polygon", "coordinates": [ [ [ 90.8552006, 26.567472 ], [ 90.8568935, 26.5672389 ], [ 90.8573224, 26.5672477 ], [ 90.8575599, 26.5666938 ], [ 90.858964, 26.5650938 ], [ 90.860339, 26.5641509 ], [ 90.8632514, 26.5626751 ], [ 90.8632831, 26.5626817 ], [ 90.8632831, 26.5626817 ], [ 90.8637795, 26.5618316 ], [ 90.8638837, 26.5605531 ], [ 90.8637586, 26.5590979 ], [ 90.8636339, 26.5581435 ], [ 90.8636858, 26.5572538 ], [ 90.8638329, 26.5564731 ], [ 90.8643577, 26.5551057 ], [ 90.8646159, 26.5541247 ], [ 90.8648641, 26.5525279 ], [ 90.8651219, 26.5505453 ], [ 90.8650462, 26.5496646 ], [ 90.864987, 26.5489752 ], [ 90.8649343, 26.5483625 ], [ 90.8647147, 26.5477999 ], [ 90.8646917, 26.5475318 ], [ 90.8649234, 26.5471817 ], [ 90.8649235, 26.5471816 ], [ 90.8649287, 26.5471843 ], [ 90.8651983, 26.5454549 ], [ 90.8652991, 26.544138 ], [ 90.8655052, 26.5435459 ], [ 90.8676757, 26.543395 ], [ 90.8705896, 26.5434236 ], [ 90.8727255, 26.5436454 ], [ 90.8766824, 26.5440562 ], [ 90.8768073, 26.5440692 ], [ 90.8774073, 26.5431824 ], [ 90.8780975, 26.5422483 ], [ 90.8782434, 26.5419372 ], [ 90.8784355, 26.5415274 ], [ 90.8786764, 26.5410137 ], [ 90.8796493, 26.539487 ], [ 90.8797751, 26.5394114 ], [ 90.8797752, 26.5394113 ], [ 90.8797224, 26.5393721 ], [ 90.8785073, 26.5384697 ], [ 90.8775768, 26.5371091 ], [ 90.8764528, 26.5349914 ], [ 90.8746964, 26.5324109 ], [ 90.8730228, 26.5299521 ], [ 90.8705438, 26.5265323 ], [ 90.8705083, 26.5264834 ], [ 90.8705083, 26.5264834 ], [ 90.869839, 26.5268093 ], [ 90.8686088, 26.5274083 ], [ 90.8667273, 26.5294267 ], [ 90.8659872, 26.5295088 ], [ 90.8657945, 26.5295301 ], [ 90.8645535, 26.5290386 ], [ 90.8641604, 26.5284495 ], [ 90.8627597, 26.5290861 ], [ 90.8627498, 26.5289712 ], [ 90.8612087, 26.5309661 ], [ 90.8607212, 26.5317704 ], [ 90.8596857, 26.5323299 ], [ 90.8594284, 26.5324689 ], [ 90.8592485, 26.5325662 ], [ 90.8551896, 26.5319889 ], [ 90.8535843, 26.531234 ], [ 90.8538128, 26.5314722 ], [ 90.8539543, 26.5315787 ], [ 90.8544901, 26.5319822 ], [ 90.855097, 26.5324066 ], [ 90.8551471, 26.5326729 ], [ 90.8551096, 26.5327847 ], [ 90.8550668, 26.532912 ], [ 90.8546903, 26.5334941 ], [ 90.8541534, 26.5342973 ], [ 90.8540081, 26.5344317 ], [ 90.8532903, 26.535096 ], [ 90.8524273, 26.5354839 ], [ 90.8519675, 26.5355523 ], [ 90.8514589, 26.5356281 ], [ 90.8501946, 26.535533 ], [ 90.8496577, 26.5353389 ], [ 90.8489304, 26.5350228 ], [ 90.8487036, 26.5347999 ], [ 90.8483886, 26.5344903 ], [ 90.8481229, 26.5339531 ], [ 90.847556, 26.5337138 ], [ 90.8470192, 26.5338356 ], [ 90.8467231, 26.5340521 ], [ 90.846131, 26.5341964 ], [ 90.8459795, 26.5342065 ], [ 90.8455239, 26.5342368 ], [ 90.8450674, 26.534503 ], [ 90.8445393, 26.5350888 ], [ 90.8438065, 26.5359018 ], [ 90.8438026, 26.5359062 ], [ 90.8426181, 26.5370476 ], [ 90.8419156, 26.5374852 ], [ 90.8415003, 26.5375575 ], [ 90.8412432, 26.5376023 ], [ 90.8407264, 26.5374191 ], [ 90.8400456, 26.537683 ], [ 90.8400639, 26.5476321 ], [ 90.840025, 26.5496765 ], [ 90.8401213, 26.5518251 ], [ 90.8401213, 26.5518251 ], [ 90.8402949, 26.5553208 ], [ 90.8403935, 26.5569704 ], [ 90.8407244, 26.5583217 ], [ 90.8407933, 26.5591258 ], [ 90.8405449, 26.5607226 ], [ 90.8400542, 26.5624901 ], [ 90.8399316, 26.5631876 ], [ 90.8399316, 26.5631877 ], [ 90.8418034, 26.5635476 ], [ 90.8446491, 26.5642748 ], [ 90.847377, 26.5651257 ], [ 90.8488277, 26.5655644 ], [ 90.8503342, 26.5661533 ], [ 90.8512665, 26.5671185 ], [ 90.8514152, 26.5672725 ], [ 90.8524664, 26.5675462 ], [ 90.8535831, 26.5675843 ], [ 90.8552006, 26.567472 ] ] ] } },
{ "type": "Feature", "properties": { "gpcode": "105637", "gpname": "KAMARGAON", "dtname": "Barpeta", "stname": "ASSAM", "sdtname": "Barnagar (Pt)", "blkname": "GOBARDHANA", "expected_mm": 17.2, "likely_min_mm": 17.0, "likely_max_mm": 17.2, "tmax_c": 32.5, "tmin_c": 25.0, "temp_c": 28.8, "rh_pct": 92.2, "wind_kph": 11.2, "heat_stress_level": "NONE", "disease_risk_flag": false, "ragi_stage": "vegetative", "paddy_stage": "vegetative", "forecast_date": "2026-09-10", "timestamp_utc": "2026-09-28T15:52:05Z" }, "geometry": { "type": "Polygon", "coordinates": [ [ [ 90.906827, 26.5447972 ], [ 90.9087803, 26.54459 ], [ 90.9088244, 26.5445934 ], [ 90.9088244, 26.5445934 ], [ 90.9086618, 26.5435432 ], [ 90.908575, 26.5421303 ], [ 90.908836, 26.5389756 ], [ 90.9098913, 26.5349605 ], [ 90.9102011, 26.5336777 ], [ 90.90989, 26.533321 ], [ 90.9097542, 26.5332163 ], [ 90.9142409, 26.5289096 ], [ 90.9146819, 26.5283835 ], [ 90.915492, 26.5273966 ], [ 90.9183926, 26.5278994 ], [ 90.9207637, 26.5277653 ], [ 90.9242597, 26.5272687 ], [ 90.9281976, 26.5266151 ], [ 90.9302792, 26.5263749 ], [ 90.9336709, 26.5262954 ], [ 90.9364815, 26.5264468 ], [ 90.9363831, 26.5265388 ], [ 90.9320671, 26.5305718 ], [ 90.9320338, 26.5306395 ], [ 90.9307965, 26.5331576 ], [ 90.9299507, 26.5348787 ], [ 90.9302118, 26.5378996 ], [ 90.9317098, 26.5408341 ], [ 90.9361101, 26.5455271 ], [ 90.9361102, 26.5455271 ], [ 90.9362138, 26.5456376 ], [ 90.9408076, 26.546328 ], [ 90.9408857, 26.5463397 ], [ 90.9408873, 26.54634 ], [ 90.9412624, 26.5463964 ], [ 90.9408804, 26.5462134 ], [ 90.940349, 26.5459589 ], [ 90.9374404, 26.5433899 ], [ 90.9362065, 26.5419122 ], [ 90.9363583, 26.5400953 ], [ 90.9363618, 26.5400529 ], [ 90.9371155, 26.5393792 ], [ 90.9378286, 26.5387418 ], [ 90.9410412, 26.5375217 ], [ 90.9429749, 26.5379551 ], [ 90.9447524, 26.5393236 ], [ 90.9455867, 26.5398339 ], [ 90.9466494, 26.5393329 ], [ 90.9474334, 26.5390124 ], [ 90.9474888, 26.5389898 ], [ 90.9476439, 26.5371305 ], [ 90.9488634, 26.5340967 ], [ 90.9488789, 26.5340581 ], [ 90.9503811, 26.5322467 ], [ 90.95238, 26.531609 ], [ 90.955624, 26.531666 ], [ 90.9571194, 26.5304646 ], [ 90.9571751, 26.5304198 ], [ 90.9574024, 26.5284844 ], [ 90.9582789, 26.5266579 ], [ 90.9583231, 26.5265659 ], [ 90.9583231, 26.5265658 ], [ 90.9583614, 26.5265615 ], [ 90.9583897, 26.5265583 ], [ 90.9586437, 26.5258643 ], [ 90.9585702, 26.5250163 ], [ 90.9580134, 26.5240601 ], [ 90.9565327, 26.5233818 ], [ 90.9543381, 26.5217583 ], [ 90.9535754, 26.5202478 ], [ 90.9534775, 26.5191172 ], [ 90.9540862, 26.5179369 ], [ 90.9549986, 26.5164697 ], [ 90.9550569, 26.5163759 ], [ 90.9573339, 26.5162163 ], [ 90.9604756, 26.5169203 ], [ 90.9634235, 26.5172112 ], [ 90.9651003, 26.5163393 ], [ 90.9651621, 26.5163072 ], [ 90.9651609, 26.515383 ], [ 90.9640851, 26.5148187 ], [ 90.9623211, 26.5145158 ], [ 90.9604306, 26.5145773 ], [ 90.9595537, 26.5135724 ], [ 90.9583921, 26.5120187 ], [ 90.9570035, 26.5115388 ], [ 90.9568143, 26.5114734 ], [ 90.9566821, 26.5114277 ], [ 90.9565276, 26.5114623 ], [ 90.9529902, 26.5122552 ], [ 90.9504053, 26.5125075 ], [ 90.9473005, 26.5122272 ], [ 90.9454895, 26.5132072 ], [ 90.9428943, 26.5151663 ], [ 90.9408651, 26.5154506 ], [ 90.9391368, 26.5146473 ], [ 90.9386952, 26.5126694 ], [ 90.9386117, 26.512665 ], [ 90.9354592, 26.5125019 ], [ 90.9319922, 26.5130033 ], [ 90.931983, 26.5130246 ], [ 90.9319562, 26.5130921 ], [ 90.9319556, 26.5130936 ], [ 90.931934, 26.513148 ], [ 90.9317843, 26.5135256 ], [ 90.9313721, 26.5145651 ], [ 90.931328, 26.5146151 ], [ 90.9304368, 26.5156258 ], [ 90.9276583, 26.5154646 ], [ 90.9257372, 26.5151724 ], [ 90.9235205, 26.5151141 ], [ 90.9212976, 26.5149851 ], [ 90.9198232, 26.5143771 ], [ 90.9178481, 26.5143729 ], [ 90.9166598, 26.5154567 ], [ 90.9166848, 26.5154718 ], [ 90.9162825, 26.5153593 ], [ 90.9148847, 26.514513 ], [ 90.9144206, 26.5144172 ], [ 90.913598, 26.5142474 ], [ 90.9125963, 26.5154548 ], [ 90.911414, 26.5173146 ], [ 90.9070596, 26.5181162 ], [ 90.9047528, 26.5188459 ], [ 90.9035499, 26.5177212 ], [ 90.9026964, 26.5151504 ], [ 90.901832, 26.5142865 ], [ 90.9004973, 26.5143796 ], [ 90.8986184, 26.5136575 ], [ 90.8983518, 26.5129217 ], [ 90.8977893, 26.5113693 ], [ 90.892357, 26.5115513 ], [ 90.8926802, 26.511986 ], [ 90.8931472, 26.51342 ], [ 90.8929335, 26.5141917 ], [ 90.8915817, 26.5159886 ], [ 90.8906981, 26.5167123 ], [ 90.8896773, 26.5173238 ], [ 90.8896227, 26.5172766 ], [ 90.8873162, 26.5177527 ], [ 90.8855884, 26.5180306 ], [ 90.8838714, 26.5187183 ], [ 90.8837525, 26.5187718 ], [ 90.8837525, 26.5187718 ], [ 90.8847872, 26.5195296 ], [ 90.8850322, 26.519709 ], [ 90.885756, 26.5203838 ], [ 90.8860216, 26.5210274 ], [ 90.8860836, 26.5217483 ], [ 90.8860412, 26.5224765 ], [ 90.88575, 26.5239787 ], [ 90.8849693, 26.5267133 ], [ 90.8846726, 26.527743 ], [ 90.8847937, 26.5287435 ], [ 90.8852418, 26.5298789 ], [ 90.88569, 26.5310144 ], [ 90.8856289, 26.5319331 ], [ 90.8855568, 26.5323164 ], [ 90.8852089, 26.5331605 ], [ 90.8847352, 26.5341709 ], [ 90.8846472, 26.5347762 ], [ 90.8847271, 26.5361157 ], [ 90.8851201, 26.5366996 ], [ 90.8834365, 26.5373699 ], [ 90.8816926, 26.5382796 ], [ 90.8797752, 26.5394113 ], [ 90.8797751, 26.5394114 ], [ 90.8796493, 26.539487 ], [ 90.8786764, 26.5410137 ], [ 90.8784355, 26.5415274 ], [ 90.8782434, 26.5419372 ], [ 90.8780975, 26.5422483 ], [ 90.8774073, 26.5431824 ], [ 90.8768073, 26.5440692 ], [ 90.8766824, 26.5440562 ], [ 90.8766825, 26.5440563 ], [ 90.877346, 26.5449588 ], [ 90.8775102, 26.545872 ], [ 90.8777174, 26.5477837 ], [ 90.8780725, 26.5504172 ], [ 90.878224, 26.5521787 ], [ 90.8781334, 26.5541113 ], [ 90.8782191, 26.555107 ], [ 90.8782981, 26.556026 ], [ 90.8783638, 26.5567896 ], [ 90.8783872, 26.556761 ], [ 90.8784223, 26.5567428 ], [ 90.8784228, 26.5567426 ], [ 90.8784434, 26.5567319 ], [ 90.8784877, 26.556709 ], [ 90.8785923, 26.5566548 ], [ 90.878743, 26.5565768 ], [ 90.8794524, 26.5562094 ], [ 90.8794658, 26.5562025 ], [ 90.8803741, 26.5557321 ], [ 90.8830071, 26.5544626 ], [ 90.8848447, 26.554097 ], [ 90.8877629, 26.5535162 ], [ 90.8893293, 26.5532507 ], [ 90.8897975, 26.5529733 ], [ 90.8898287, 26.5529548 ], [ 90.8906917, 26.5524434 ], [ 90.8910555, 26.5522941 ], [ 90.8910903, 26.5522798 ], [ 90.8911443, 26.5522576 ], [ 90.891299, 26.5520681 ], [ 90.891299, 26.5520681 ], [ 90.8919803, 26.5514474 ], [ 90.8929258, 26.5504954 ], [ 90.8944607, 26.5494254 ], [ 90.896271, 26.5490681 ], [ 90.8986182, 26.5484807 ], [ 90.9005819, 26.5474192 ], [ 90.9025095, 26.5464372 ], [ 90.9041563, 26.5461683 ], [ 90.9051377, 26.5451366 ], [ 90.906827, 26.5447972 ] ] ] } },
{ "type": "Feature", "properties": { "gpcode": "105638", "gpname": "BAHARI", "dtname": "Barpeta", "stname": "ASSAM", "sdtname": "Chenga", "blkname": "CHENGA", "expected_mm": 15.7, "likely_min_mm": 15.6, "likely_max_mm": 15.8, "tmax_c": 32.3, "tmin_c": 24.9, "temp_c": 28.6, "rh_pct": 93.8, "wind_kph": 10.9, "heat_stress_level": "NONE", "disease_risk_flag": false, "ragi_stage": "vegetative", "paddy_stage": "vegetative", "forecast_date": "2026-09-10", "timestamp_utc": "2026-09-28T15:52:05Z" }, "geometry": { "type": "Polygon", "coordinates": [ [ [ 91.1546633, 26.2717819 ], [ 91.1530435, 26.2660428 ], [ 91.1527429, 26.2650769 ], [ 91.1532878, 26.2644866 ], [ 91.1536725, 26.2641026 ], [ 91.1543168, 26.263763 ], [ 91.1547624, 26.2635423 ], [ 91.1557019, 26.2625943 ], [ 91.1559663, 26.2624286 ], [ 91.1563554, 26.2623588 ], [ 91.1571981, 26.2624243 ], [ 91.1573598, 26.2624127 ], [ 91.1577185, 26.2622612 ], [ 91.1587171, 26.2614558 ], [ 91.1593477, 26.2606977 ], [ 91.1598582, 26.2601578 ], [ 91.1607503, 26.2585391 ], [ 91.1607503, 26.2585391 ], [ 91.1603286, 26.2568563 ], [ 91.159434, 26.2571788 ], [ 91.1561472, 26.2570445 ], [ 91.1532865, 26.2563256 ], [ 91.1504722, 26.2553571 ], [ 91.1479732, 26.2533193 ], [ 91.1464558, 26.2515807 ], [ 91.145825, 26.250548 ], [ 91.1450311, 26.249248 ], [ 91.1440486, 26.2466092 ], [ 91.143997, 26.2464121 ], [ 91.1430574, 26.2428197 ], [ 91.1430211, 26.2426806 ], [ 91.1426682, 26.2394426 ], [ 91.1417426, 26.2356487 ], [ 91.1417085, 26.2355092 ], [ 91.1414737, 26.2351958 ], [ 91.1414737, 26.2351959 ], [ 91.1415963, 26.2364071 ], [ 91.1417035, 26.2381449 ], [ 91.1417214, 26.2396427 ], [ 91.1417604, 26.2406051 ], [ 91.142323, 26.2444136 ], [ 91.1423783, 26.2455596 ], [ 91.1423219, 26.2459538 ], [ 91.1422023, 26.2461471 ], [ 91.141966, 26.2463861 ], [ 91.1417215, 26.2466333 ], [ 91.1413312, 26.2471129 ], [ 91.1408385, 26.2477231 ], [ 91.1404809, 26.2480567 ], [ 91.1401566, 26.248511 ], [ 91.1396665, 26.2494086 ], [ 91.1394146, 26.2498434 ], [ 91.1388384, 26.2508378 ], [ 91.1380519, 26.2522493 ], [ 91.1375451, 26.2534765 ], [ 91.136623, 26.2548976 ], [ 91.1363231, 26.2553708 ], [ 91.1357611, 26.2559356 ], [ 91.1373782, 26.2558611 ], [ 91.1384573, 26.255763 ], [ 91.1398255, 26.2555919 ], [ 91.1413238, 26.2555792 ], [ 91.142354, 26.2556629 ], [ 91.1425906, 26.2557089 ], [ 91.1447396, 26.2560901 ], [ 91.1448129, 26.2561005 ], [ 91.14461, 26.257704 ], [ 91.1445096, 26.2583455 ], [ 91.1444113, 26.2588139 ], [ 91.1443248, 26.2592186 ], [ 91.144297, 26.2596295 ], [ 91.1442713, 26.260525 ], [ 91.1442235, 26.2611051 ], [ 91.144157, 26.2613406 ], [ 91.144073, 26.2615091 ], [ 91.1439615, 26.2616953 ], [ 91.1438185, 26.26193 ], [ 91.1441787, 26.2619051 ], [ 91.1444575, 26.2619167 ], [ 91.1447779, 26.2619776 ], [ 91.1452919, 26.2621401 ], [ 91.1458995, 26.2623064 ], [ 91.1463582, 26.262368 ], [ 91.1468641, 26.2624367 ], [ 91.1476665, 26.2627044 ], [ 91.1481422, 26.2628277 ], [ 91.1489311, 26.2633374 ], [ 91.1495937, 26.2638668 ], [ 91.1502789, 26.2645203 ], [ 91.150658, 26.2649965 ], [ 91.150763, 26.2653979 ], [ 91.1508275, 26.2660088 ], [ 91.1509262, 26.2663373 ], [ 91.1514175, 26.2672983 ], [ 91.1522363, 26.2686763 ], [ 91.1527344, 26.2699902 ], [ 91.1529114, 26.27068 ], [ 91.153394, 26.2716731 ], [ 91.154199, 26.2728205 ], [ 91.1550544, 26.2728316 ], [ 91.1546633, 26.2717819 ] ] ] } },
{ "type": "Feature", "properties": { "gpcode": "105639", "gpname": "BATGAON", "dtname": "Barpeta", "stname": "ASSAM", "sdtname": "Chenga", "blkname": "CHENGA", "expected_mm": 15.6, "likely_min_mm": 15.4, "likely_max_mm": 15.8, "tmax_c": 32.2, "tmin_c": 24.9, "temp_c": 28.6, "rh_pct": 93.8, "wind_kph": 10.9, "heat_stress_level": "NONE", "disease_risk_flag": false, "ragi_stage": "vegetative", "paddy_stage": "vegetative", "forecast_date": "2026-09-10", "timestamp_utc": "2026-09-28T15:52:05Z" }, "geometry": { "type": "MultiPolygon", "coordinates": [ [ [ [ 91.134386, 26.2773483 ], [ 91.1365168, 26.2775041 ], [ 91.1371556, 26.2775202 ], [ 91.1379647, 26.2774007 ], [ 91.1387123, 26.277101 ], [ 91.1392301, 26.2767765 ], [ 91.1395997, 26.2763189 ], [ 91.1397396, 26.2756527 ], [ 91.1397395, 26.2756527 ], [ 91.1397327, 26.2756429 ], [ 91.1396878, 26.2755934 ], [ 91.1390892, 26.2749339 ], [ 91.1386591, 26.2742726 ], [ 91.1380787, 26.273622 ], [ 91.1374562, 26.2727542 ], [ 91.1367347, 26.2718201 ], [ 91.136498, 26.2713757 ], [ 91.1363938, 26.2709846 ], [ 91.1362891, 26.270321 ], [ 91.1361681, 26.269464 ], [ 91.1361735, 26.2694163 ], [ 91.135759, 26.2693851 ], [ 91.1352675, 26.2693468 ], [ 91.1346032, 26.2691951 ], [ 91.1339814, 26.2689983 ], [ 91.1329552, 26.2684319 ], [ 91.1323987, 26.2680523 ], [ 91.1321148, 26.2678629 ], [ 91.1317323, 26.2677434 ], [ 91.1313784, 26.2676848 ], [ 91.1310052, 26.2675882 ], [ 91.1302151, 26.2671938 ], [ 91.1294893, 26.2670044 ], [ 91.1284131, 26.2666619 ], [ 91.127788, 26.2665597 ], [ 91.126955, 26.2664723 ], [ 91.1263291, 26.2663596 ], [ 91.1257183, 26.2662879 ], [ 91.1255131, 26.2662129 ], [ 91.1254851, 26.2665256 ], [ 91.1254995, 26.267079 ], [ 91.1255533, 26.2676912 ], [ 91.1255977, 26.268068 ], [ 91.125697, 26.2684202 ], [ 91.1257685, 26.2688464 ], [ 91.1257528, 26.2691863 ], [ 91.125637, 26.2699378 ], [ 91.1256192, 26.2705141 ], [ 91.12565, 26.2709944 ], [ 91.1257394, 26.2712345 ], [ 91.1258415, 26.2713607 ], [ 91.1259714, 26.271413 ], [ 91.1261369, 26.2714834 ], [ 91.1262857, 26.2714933 ], [ 91.1265025, 26.2714984 ], [ 91.1267454, 26.2715426 ], [ 91.1268517, 26.2715864 ], [ 91.1269399, 26.2716828 ], [ 91.1270003, 26.271853 ], [ 91.1269322, 26.2721145 ], [ 91.1267718, 26.2723622 ], [ 91.1263691, 26.2728324 ], [ 91.1260888, 26.2731399 ], [ 91.1258704, 26.2735045 ], [ 91.1257773, 26.2737231 ], [ 91.1257553, 26.2739916 ], [ 91.1257759, 26.2742262 ], [ 91.1258729, 26.2746814 ], [ 91.1264094, 26.2769088 ], [ 91.1267186, 26.278355 ], [ 91.1267954, 26.2788424 ], [ 91.1267687, 26.2789882 ], [ 91.1267247, 26.2790733 ], [ 91.1267215, 26.2790766 ], [ 91.127073, 26.2792759 ], [ 91.1272665, 26.2793617 ], [ 91.1276001, 26.2794532 ], [ 91.1279597, 26.2795114 ], [ 91.1283892, 26.2795699 ], [ 91.1297209, 26.2796426 ], [ 91.1302992, 26.2796748 ], [ 91.1309929, 26.279726 ], [ 91.1309923, 26.2797195 ], [ 91.131039, 26.2795798 ], [ 91.1311478, 26.2793166 ], [ 91.1313261, 26.2790769 ], [ 91.1320651, 26.2783969 ], [ 91.1323959, 26.2780203 ], [ 91.1326519, 26.2778211 ], [ 91.1328955, 26.2776858 ], [ 91.1331769, 26.2775784 ], [ 91.1338449, 26.2774075 ], [ 91.134386, 26.2773483 ] ] ], [ [ [ 91.1171939, 26.2785051 ], [ 91.11719, 26.2784615 ], [ 91.1171616, 26.2781379 ], [ 91.1170871, 26.277914 ], [ 91.1169466, 26.2777392 ], [ 91.1167278, 26.2776041 ], [ 91.1160604, 26.2772616 ], [ 91.1157707, 26.2769435 ], [ 91.1154284, 26.2767636 ], [ 91.1148509, 26.2765379 ], [ 91.1144433, 26.2764334 ], [ 91.1135327, 26.2763032 ], [ 91.1117634, 26.2762446 ], [ 91.1109988, 26.2761655 ], [ 91.1102302, 26.2760971 ], [ 91.1099361, 26.276118 ], [ 91.1095361, 26.2762286 ], [ 91.1089658, 26.2764745 ], [ 91.1081354, 26.2771291 ], [ 91.1078425, 26.2772937 ], [ 91.1078203, 26.2772844 ], [ 91.1074644, 26.2771358 ], [ 91.1071006, 26.2771412 ], [ 91.1064367, 26.2771978 ], [ 91.1063664, 26.2772038 ], [ 91.1054191, 26.2774354 ], [ 91.1047331, 26.2776063 ], [ 91.1042304, 26.2777139 ], [ 91.1040497, 26.2778602 ], [ 91.1032892, 26.2786637 ], [ 91.1031172, 26.2787787 ], [ 91.1029859, 26.2788393 ], [ 91.1027918, 26.2788327 ], [ 91.1025156, 26.2786675 ], [ 91.1017484, 26.2780959 ], [ 91.1015481, 26.2780177 ], [ 91.1013653, 26.2780103 ], [ 91.1009793, 26.2781507 ], [ 91.100816, 26.2781837 ], [ 91.1005878, 26.2782298 ], [ 91.1002502, 26.2782744 ], [ 91.0995959, 26.2783415 ], [ 91.0989646, 26.2785404 ], [ 91.0969601, 26.2788468 ], [ 91.0954229, 26.2790999 ], [ 91.0946084, 26.2791579 ], [ 91.0934668, 26.2791939 ], [ 91.0934346, 26.2792087 ], [ 91.0923373, 26.2796768 ], [ 91.091613, 26.2798874 ], [ 91.0896798, 26.2809487 ], [ 91.0887059, 26.2814846 ], [ 91.0896476, 26.2816091 ], [ 91.0912044, 26.2817717 ], [ 91.0919661, 26.2818737 ], [ 91.0920436, 26.281884 ], [ 91.092598, 26.2819582 ], [ 91.0940532, 26.2823765 ], [ 91.095274, 26.282948 ], [ 91.0962764, 26.2838579 ], [ 91.0968945, 26.2843108 ], [ 91.0978292, 26.2845095 ], [ 91.0984674, 26.2850355 ], [ 91.0990823, 26.2854513 ], [ 91.1000178, 26.2860679 ], [ 91.1010686, 26.2868998 ], [ 91.1020582, 26.2875338 ], [ 91.1035322, 26.2887952 ], [ 91.1053014, 26.2905945 ], [ 91.106253, 26.2914122 ], [ 91.1062835, 26.2914384 ], [ 91.1063292, 26.2914777 ], [ 91.1063488, 26.2914928 ], [ 91.1065655, 26.2916596 ], [ 91.10679, 26.2917058 ], [ 91.1072301, 26.2916993 ], [ 91.1081332, 26.2913738 ], [ 91.1084149, 26.2912617 ], [ 91.1085019, 26.291227 ], [ 91.1085937, 26.2911905 ], [ 91.108651, 26.2911677 ], [ 91.1110214, 26.2902241 ], [ 91.1123015, 26.2900584 ], [ 91.1143281, 26.2897649 ], [ 91.1166961, 26.2895464 ], [ 91.1198518, 26.2895413 ], [ 91.1196534, 26.2878583 ], [ 91.1195505, 26.2874653 ], [ 91.1193251, 26.2871015 ], [ 91.1191408, 26.2868169 ], [ 91.1187349, 26.2863428 ], [ 91.1185732, 26.2860567 ], [ 91.1184362, 26.2855326 ], [ 91.1182011, 26.2850494 ], [ 91.1179174, 26.2846693 ], [ 91.1170617, 26.283868 ], [ 91.1166007, 26.2832848 ], [ 91.1164322, 26.2830505 ], [ 91.1164178, 26.2828872 ], [ 91.1164583, 26.2826996 ], [ 91.116558, 26.2825385 ], [ 91.1170239, 26.2822692 ], [ 91.1177596, 26.2817035 ], [ 91.1179671, 26.2814731 ], [ 91.1180418, 26.2811651 ], [ 91.1180311, 26.2810427 ], [ 91.1179453, 26.2808434 ], [ 91.1174546, 26.2801804 ], [ 91.1172021, 26.2797672 ], [ 91.1171467, 26.2795248 ], [ 91.1171939, 26.2785051 ] ] ] ] } },
{ "type": "Feature", "properties": { "gpcode": "105640", "gpname": "HARIPUR", "dtname": "Barpeta", "stname": "ASSAM", "sdtname": "Chenga", "blkname": "GOMAPHULBARI", "expected_mm": 15.6, "likely_min_mm": 15.5, "likely_max_mm": 15.8, "tmax_c": 32.2, "tmin_c": 24.9, "temp_c": 28.6, "rh_pct": 93.8, "wind_kph": 10.9, "heat_stress_level": "NONE", "disease_risk_flag": false, "ragi_stage": "vegetative", "paddy_stage": "vegetative", "forecast_date": "2026-09-10", "timestamp_utc": "2026-09-28T15:52:05Z" }, "geometry": { "type": "Polygon", "coordinates": [ [ [ 91.1069344, 26.2652902 ], [ 91.10771, 26.2650502 ], [ 91.1081148, 26.2647339 ], [ 91.1087117, 26.2640138 ], [ 91.1091302, 26.2635939 ], [ 91.1099314, 26.2631262 ], [ 91.1102438, 26.262796 ], [ 91.1106479, 26.2622128 ], [ 91.1109306, 26.2618026 ], [ 91.1123197, 26.2597326 ], [ 91.1138269, 26.2597894 ], [ 91.1148453, 26.2599838 ], [ 91.1166661, 26.2606177 ], [ 91.1178729, 26.2594357 ], [ 91.117935, 26.2593823 ], [ 91.1179899, 26.2593579 ], [ 91.1180464, 26.2593539 ], [ 91.1181842, 26.2593518 ], [ 91.1207447, 26.2594772 ], [ 91.123298, 26.259521 ], [ 91.1238112, 26.2594935 ], [ 91.1242252, 26.2594127 ], [ 91.1245843, 26.2592895 ], [ 91.1248966, 26.2592159 ], [ 91.125677, 26.2591602 ], [ 91.1262916, 26.2590936 ], [ 91.1262915, 26.2590935 ], [ 91.1261603, 26.2589649 ], [ 91.1252883, 26.2581106 ], [ 91.1247711, 26.2576649 ], [ 91.124114, 26.2569011 ], [ 91.1238546, 26.2565398 ], [ 91.1237861, 26.2562777 ], [ 91.1237857, 26.2557541 ], [ 91.1237071, 26.2556365 ], [ 91.1235642, 26.2555646 ], [ 91.1232324, 26.2555165 ], [ 91.1222838, 26.2554713 ], [ 91.1212347, 26.255438 ], [ 91.121188, 26.2554365 ], [ 91.1203039, 26.255479 ], [ 91.1165971, 26.2558558 ], [ 91.1153782, 26.2559736 ], [ 91.1137705, 26.2562011 ], [ 91.1123376, 26.2563443 ], [ 91.111425, 26.2564504 ], [ 91.1097105, 26.256696 ], [ 91.1090987, 26.2567293 ], [ 91.1084942, 26.2568443 ], [ 91.1081123, 26.2569023 ], [ 91.1076015, 26.2569181 ], [ 91.1071726, 26.2569589 ], [ 91.1068386, 26.2570443 ], [ 91.1063811, 26.2571488 ], [ 91.1058956, 26.2571936 ], [ 91.1055086, 26.2573239 ], [ 91.1050157, 26.2575438 ], [ 91.1045287, 26.2577016 ], [ 91.1039852, 26.2578636 ], [ 91.1035601, 26.2580787 ], [ 91.1028911, 26.2585794 ], [ 91.1029371, 26.2588794 ], [ 91.1029162, 26.2594275 ], [ 91.102809, 26.259932 ], [ 91.1024865, 26.2613757 ], [ 91.1024136, 26.2617024 ], [ 91.1020304, 26.2626737 ], [ 91.1019821, 26.2632237 ], [ 91.1020539, 26.2637278 ], [ 91.101975, 26.2642427 ], [ 91.1018753, 26.2643753 ], [ 91.1018058, 26.2644679 ], [ 91.1018098, 26.2644698 ], [ 91.1018098, 26.2644698 ], [ 91.103255, 26.2651211 ], [ 91.1046182, 26.2653525 ], [ 91.1058939, 26.2653643 ], [ 91.1069344, 26.2652902 ] ] ] } },
{ "type": "Feature", "properties": { "gpcode": "105641", "gpname": "KACHUMARA", "dtname": "Barpeta", "stname": "ASSAM", "sdtname": "Chenga", "blkname": "CHENGA", "expected_mm": 16.4, "likely_min_mm": 16.3, "likely_max_mm": 16.4, "tmax_c": 32.3, "tmin_c": 25.0, "temp_c": 28.6, "rh_pct": 93.3, "wind_kph": 11.1, "heat_stress_level": "NONE", "disease_risk_flag": false, "ragi_stage": "vegetative", "paddy_stage": "vegetative", "forecast_date": "2026-09-10", "timestamp_utc": "2026-09-28T15:52:05Z" }, "geometry": { "type": "MultiPolygon", "coordinates": [ [ [ [ 91.0347839, 26.1403499 ], [ 91.0399174, 26.1405125 ], [ 91.0420163, 26.1397622 ], [ 91.0438048, 26.1397482 ], [ 91.0451554, 26.1404419 ], [ 91.0470656, 26.1408704 ], [ 91.0498957, 26.1413464 ], [ 91.0540707, 26.1418517 ], [ 91.0545544, 26.1419103 ], [ 91.0595897, 26.1426647 ], [ 91.0598393, 26.142702 ], [ 91.0596562, 26.1425702 ], [ 91.0568548, 26.1405523 ], [ 91.0543958, 26.138277 ], [ 91.0530914, 26.136644 ], [ 91.0509608, 26.132761 ], [ 91.0509189, 26.1326845 ], [ 91.050885, 26.1326227 ], [ 91.0498817, 26.1314131 ], [ 91.0487108, 26.1305964 ], [ 91.0465694, 26.1298396 ], [ 91.042353, 26.1290211 ], [ 91.0414658, 26.1288885 ], [ 91.0410977, 26.1287674 ], [ 91.0408303, 26.1283743 ], [ 91.0405292, 26.1280718 ], [ 91.0400275, 26.1277391 ], [ 91.0390237, 26.1274967 ], [ 91.0377522, 26.1271937 ], [ 91.0373188, 26.1270256 ], [ 91.0372838, 26.127012 ], [ 91.0370497, 26.1268003 ], [ 91.0369161, 26.1263468 ], [ 91.0369847, 26.12411 ], [ 91.0369515, 26.1238077 ], [ 91.0367844, 26.1235355 ], [ 91.0358478, 26.1229002 ], [ 91.0336399, 26.1218107 ], [ 91.0332764, 26.121611 ], [ 91.0332634, 26.1216039 ], [ 91.0317666, 26.1207818 ], [ 91.0303287, 26.1194508 ], [ 91.0297935, 26.1190877 ], [ 91.0288901, 26.118936 ], [ 91.0276186, 26.1188444 ], [ 91.0253094, 26.1190242 ], [ 91.0237026, 26.1194765 ], [ 91.0223573, 26.1196921 ], [ 91.021353, 26.1200541 ], [ 91.0206498, 26.1205674 ], [ 91.0197453, 26.1216549 ], [ 91.0183374, 26.124193 ], [ 91.0178205, 26.1247524 ], [ 91.0177738, 26.1248029 ], [ 91.0176675, 26.124918 ], [ 91.0165624, 26.1257333 ], [ 91.0155244, 26.1262766 ], [ 91.0154166, 26.1263015 ], [ 91.015311, 26.1263259 ], [ 91.0153502, 26.1263959 ], [ 91.0177758, 26.1307256 ], [ 91.0188235, 26.1320577 ], [ 91.0211087, 26.1342587 ], [ 91.0257306, 26.1373231 ], [ 91.0277885, 26.1393471 ], [ 91.0290315, 26.1416738 ], [ 91.0295274, 26.1439265 ], [ 91.0302261, 26.1453524 ], [ 91.0310084, 26.1460519 ], [ 91.0320843, 26.1466039 ], [ 91.0321663, 26.1466162 ], [ 91.0323135, 26.1467672 ], [ 91.0344793, 26.1477417 ], [ 91.0358268, 26.1483981 ], [ 91.0375474, 26.1495169 ], [ 91.0355337, 26.1512779 ], [ 91.0413484, 26.1534959 ], [ 91.0438246, 26.1541577 ], [ 91.0453688, 26.1515034 ], [ 91.0482296, 26.1483306 ], [ 91.0479933, 26.1482709 ], [ 91.0408659, 26.1455598 ], [ 91.0377672, 26.1443883 ], [ 91.0358148, 26.143474 ], [ 91.03631, 26.1430614 ], [ 91.0347839, 26.1403499 ] ] ], [ [ [ 91.0372653, 26.1645305 ], [ 91.0363668, 26.1669509 ], [ 91.0358203, 26.1681679 ], [ 91.0294305, 26.1864271 ], [ 91.0295488, 26.1864504 ], [ 91.032238, 26.1866136 ], [ 91.0354128, 26.184857 ], [ 91.0386254, 26.1820372 ], [ 91.0413089, 26.179137 ], [ 91.0429908, 26.1766023 ], [ 91.0432536, 26.1759945 ], [ 91.0438, 26.1747774 ], [ 91.0446984, 26.1723572 ], [ 91.0453526, 26.1701309 ], [ 91.0462968, 26.1682376 ], [ 91.0468432, 26.1670205 ], [ 91.0468352, 26.1654304 ], [ 91.0460951, 26.1644223 ], [ 91.0438589, 26.1633436 ], [ 91.0397984, 26.16316 ], [ 91.0377034, 26.1630728 ], [ 91.0372653, 26.1645305 ] ] ], [ [ [ 91.0359143, 26.1884485 ], [ 91.0321011, 26.1903682 ], [ 91.0326176, 26.1918045 ], [ 91.0329743, 26.1927916 ], [ 91.0340656, 26.1948353 ], [ 91.0341364, 26.1952798 ], [ 91.0344614, 26.1954254 ], [ 91.0384486, 26.1965162 ], [ 91.0401162, 26.1965648 ], [ 91.0415212, 26.1957198 ], [ 91.0424706, 26.1938871 ], [ 91.0426383, 26.1919429 ], [ 91.041515, 26.1904041 ], [ 91.0394836, 26.1895475 ], [ 91.0361786, 26.1882489 ], [ 91.0359143, 26.1884485 ] ] ] ] } },
{ "type": "Feature", "properties": { "gpcode": "105642", "gpname": "DAKHIN GODHANI", "dtname": "Barpeta", "stname": "ASSAM", "sdtname": "Chenga", "blkname": "CHENGA", "expected_mm": 15.8, "likely_min_mm": 15.6, "likely_max_mm": 16.1, "tmax_c": 32.5, "tmin_c": 24.9, "temp_c": 28.7, "rh_pct": 94.1, "wind_kph": 10.8, "heat_stress_level": "NONE", "disease_risk_flag": false, "ragi_stage": "vegetative", "paddy_stage": "vegetative", "forecast_date": "2026-09-10", "timestamp_utc": "2026-09-28T15:52:05Z" }, "geometry": { "type": "MultiPolygon", "coordinates": [ [ [ [ 91.1824944, 26.2155985 ], [ 91.1844704, 26.2135907 ], [ 91.1861585, 26.2122256 ], [ 91.1879527, 26.2110861 ], [ 91.192513, 26.2078654 ], [ 91.1981635, 26.2050494 ], [ 91.1992092, 26.2047021 ], [ 91.1987246, 26.2055533 ], [ 91.1972934, 26.2069001 ], [ 91.1962473, 26.2082192 ], [ 91.1971853, 26.2081129 ], [ 91.2003568, 26.2074574 ], [ 91.2026234, 26.2069061 ], [ 91.2036109, 26.206874 ], [ 91.204102, 26.2070719 ], [ 91.2042543, 26.2073331 ], [ 91.2034293, 26.2077422 ], [ 91.2029106, 26.2082071 ], [ 91.2027239, 26.2085316 ], [ 91.2033333, 26.2086044 ], [ 91.2058716, 26.2076056 ], [ 91.2076057, 26.2062758 ], [ 91.2080064, 26.2049641 ], [ 91.2088029, 26.2017969 ], [ 91.2090446, 26.2001468 ], [ 91.2099915, 26.1977074 ], [ 91.2105581, 26.1968113 ], [ 91.2104556, 26.1966244 ], [ 91.2100746, 26.1956199 ], [ 91.2094537, 26.1951088 ], [ 91.2086405, 26.1948239 ], [ 91.2075658, 26.1944893 ], [ 91.2060779, 26.194143 ], [ 91.2042612, 26.1937251 ], [ 91.2049414, 26.1932664 ], [ 91.2057172, 26.1913565 ], [ 91.2074482, 26.1880441 ], [ 91.2093856, 26.186583 ], [ 91.2119906, 26.1848794 ], [ 91.2165965, 26.1799172 ], [ 91.2165965, 26.1799171 ], [ 91.2166848, 26.1798186 ], [ 91.2166639, 26.1798223 ], [ 91.2161623, 26.1799116 ], [ 91.2142204, 26.1800337 ], [ 91.2127471, 26.1799137 ], [ 91.207389, 26.1786172 ], [ 91.2047422, 26.1783136 ], [ 91.204619, 26.1782995 ], [ 91.2042416, 26.1782562 ], [ 91.2027175, 26.1778557 ], [ 91.2026171, 26.1779418 ], [ 91.1988371, 26.1811869 ], [ 91.196482, 26.1827945 ], [ 91.1946727, 26.1842463 ], [ 91.192997, 26.1852608 ], [ 91.1908283, 26.186544 ], [ 91.1888547, 26.1880853 ], [ 91.1879951, 26.1890801 ], [ 91.1879112, 26.1895915 ], [ 91.1884037, 26.1902948 ], [ 91.1893858, 26.1906908 ], [ 91.1913472, 26.1904722 ], [ 91.1934231, 26.1900898 ], [ 91.1949206, 26.1899823 ], [ 91.19605, 26.1900955 ], [ 91.197253, 26.1905534 ], [ 91.1985998, 26.1906899 ], [ 91.2001657, 26.1903829 ], [ 91.2009924, 26.1904791 ], [ 91.2017246, 26.1909707 ], [ 91.2016902, 26.1915562 ], [ 91.2011152, 26.1918698 ], [ 91.2000489, 26.1919853 ], [ 91.1984659, 26.192099 ], [ 91.196361, 26.1916671 ], [ 91.195146, 26.1915601 ], [ 91.1946924, 26.191787 ], [ 91.1944373, 26.1923107 ], [ 91.1940134, 26.1925737 ], [ 91.1932475, 26.1933039 ], [ 91.1922744, 26.194283 ], [ 91.190762, 26.1958046 ], [ 91.1886214, 26.1979582 ], [ 91.1871666, 26.1994473 ], [ 91.187461, 26.1995207 ], [ 91.1875345, 26.1998653 ], [ 91.1868912, 26.2003791 ], [ 91.1866758, 26.2005405 ], [ 91.1866757, 26.2005406 ], [ 91.1849495, 26.2018002 ], [ 91.1844718, 26.2022933 ], [ 91.1833709, 26.2034295 ], [ 91.1823554, 26.2050962 ], [ 91.1817127, 26.207086 ], [ 91.1815922, 26.2086496 ], [ 91.1814396, 26.2093603 ], [ 91.181251, 26.2101513 ], [ 91.1818515, 26.2106135 ], [ 91.1825001, 26.2106448 ], [ 91.183265, 26.2110175 ], [ 91.1835524, 26.2113467 ], [ 91.1835771, 26.212105 ], [ 91.1827485, 26.2124755 ], [ 91.1814819, 26.2127607 ], [ 91.1796192, 26.2140994 ], [ 91.178282, 26.2150505 ], [ 91.1771212, 26.2155613 ], [ 91.1764123, 26.2163119 ], [ 91.1765917, 26.2168821 ], [ 91.1772146, 26.2171096 ], [ 91.1780311, 26.2170899 ], [ 91.1790941, 26.2169359 ], [ 91.1808743, 26.2166138 ], [ 91.1816464, 26.216092 ], [ 91.1824944, 26.2155984 ], [ 91.1824944, 26.2155985 ] ] ], [ [ [ 91.1475114, 26.1974816 ], [ 91.1432617, 26.1981922 ], [ 91.1401861, 26.1984704 ], [ 91.1379921, 26.1989771 ], [ 91.1379399, 26.1992105 ], [ 91.1333562, 26.2061843 ], [ 91.129958, 26.2107646 ], [ 91.1259651, 26.2147576 ], [ 91.1259617, 26.2147617 ], [ 91.1274197, 26.2151156 ], [ 91.1309571, 26.2156793 ], [ 91.1349673, 26.2157428 ], [ 91.1373524, 26.2156889 ], [ 91.1394756, 26.2155955 ], [ 91.1411681, 26.2150081 ], [ 91.1406944, 26.2132927 ], [ 91.1405366, 26.2114965 ], [ 91.1407638, 26.2096726 ], [ 91.1417023, 26.2078563 ], [ 91.1427353, 26.206383 ], [ 91.1436954, 26.2053333 ], [ 91.1451186, 26.2038904 ], [ 91.1456077, 26.2021062 ], [ 91.1461894, 26.1999071 ], [ 91.1475259, 26.1974792 ], [ 91.1475114, 26.1974816 ] ] ], [ [ [ 91.2278481, 26.2160515 ], [ 91.228838, 26.2158202 ], [ 91.2306321, 26.21485 ], [ 91.2307156, 26.2148049 ], [ 91.232254, 26.2139729 ], [ 91.234648, 26.2123568 ], [ 91.2362757, 26.2111161 ], [ 91.2379347, 26.2092989 ], [ 91.2387894, 26.2074985 ], [ 91.2400961, 26.204759 ], [ 91.240702, 26.2038649 ], [ 91.2414678, 26.2032013 ], [ 91.2425212, 26.2025952 ], [ 91.2437983, 26.2022482 ], [ 91.2449479, 26.2020455 ], [ 91.2455055, 26.2019914 ], [ 91.2456586, 26.2019766 ], [ 91.2479496, 26.2017546 ], [ 91.2482368, 26.2015527 ], [ 91.2483643, 26.2012642 ], [ 91.2485233, 26.2006588 ], [ 91.2485226, 26.2000247 ], [ 91.2483624, 26.1994771 ], [ 91.2479786, 26.1990451 ], [ 91.2466685, 26.1983256 ], [ 91.244887, 26.1978505 ], [ 91.2442798, 26.1974475 ], [ 91.2431289, 26.1962666 ], [ 91.2421701, 26.1954891 ], [ 91.2410516, 26.194827 ], [ 91.2404124, 26.1942799 ], [ 91.2397731, 26.1936751 ], [ 91.2393566, 26.1929997 ], [ 91.2392357, 26.193008 ], [ 91.2271076, 26.1938117 ], [ 91.2249605, 26.1942161 ], [ 91.2244334, 26.1940986 ], [ 91.2236924, 26.1939965 ], [ 91.2224961, 26.194102 ], [ 91.2208078, 26.1942431 ], [ 91.2187721, 26.1943508 ], [ 91.2169263, 26.1946586 ], [ 91.2155271, 26.1951481 ], [ 91.2131206, 26.1961321 ], [ 91.2124599, 26.1966822 ], [ 91.2114825, 26.1978021 ], [ 91.2114404, 26.1978896 ], [ 91.2108824, 26.1990505 ], [ 91.2097949, 26.202336 ], [ 91.2091346, 26.2052896 ], [ 91.2091489, 26.2066686 ], [ 91.2083872, 26.2068206 ], [ 91.2071008, 26.2076129 ], [ 91.2044547, 26.2089791 ], [ 91.2023119, 26.2088626 ], [ 91.200097, 26.2091384 ], [ 91.1943304, 26.2096693 ], [ 91.1921924, 26.2103283 ], [ 91.1898162, 26.211704 ], [ 91.189453, 26.2124687 ], [ 91.1886396, 26.213499 ], [ 91.1861986, 26.2141407 ], [ 91.1843444, 26.2150902 ], [ 91.1832188, 26.2174646 ], [ 91.1833226, 26.2191288 ], [ 91.1847298, 26.2184836 ], [ 91.1874505, 26.2166166 ], [ 91.1894569, 26.2159284 ], [ 91.1910421, 26.2153481 ], [ 91.1936013, 26.2145812 ], [ 91.1959452, 26.2144225 ], [ 91.1998935, 26.2146346 ], [ 91.1994538, 26.216555 ], [ 91.1999594, 26.2164766 ], [ 91.201887, 26.216408 ], [ 91.2050656, 26.2173664 ], [ 91.2105491, 26.2198124 ], [ 91.2154311, 26.2219898 ], [ 91.2155816, 26.222057 ], [ 91.215498, 26.221895 ], [ 91.2153528, 26.2216136 ], [ 91.2152886, 26.221239 ], [ 91.2154158, 26.2205182 ], [ 91.2158303, 26.2196532 ], [ 91.2167237, 26.218442 ], [ 91.2178729, 26.2175189 ], [ 91.218767, 26.2171147 ], [ 91.2217051, 26.2165363 ], [ 91.2269111, 26.2161291 ], [ 91.2278481, 26.2160515 ] ] ], [ [ [ 91.1750209, 26.2331767 ], [ 91.1790954, 26.2343793 ], [ 91.1815094, 26.2355354 ], [ 91.1841102, 26.236833 ], [ 91.184701, 26.2356141 ], [ 91.1853696, 26.232199 ], [ 91.185371, 26.2321922 ], [ 91.1839398, 26.2295283 ], [ 91.180779, 26.2275958 ], [ 91.1795906, 26.2257747 ], [ 91.1790591, 26.2248344 ], [ 91.1778321, 26.2244838 ], [ 91.1768716, 26.2245276 ], [ 91.1756135, 26.2245177 ], [ 91.1743282, 26.2245076 ], [ 91.1721431, 26.2238882 ], [ 91.168339, 26.22271 ], [ 91.1676499, 26.2224141 ], [ 91.167329, 26.2222763 ], [ 91.1670678, 26.2218563 ], [ 91.1658455, 26.2211342 ], [ 91.1636694, 26.2206153 ], [ 91.1608559, 26.220284 ], [ 91.1594873, 26.2192168 ], [ 91.1576858, 26.2178119 ], [ 91.1569092, 26.2170578 ], [ 91.15595, 26.2163505 ], [ 91.155249, 26.2160295 ], [ 91.1537118, 26.2160157 ], [ 91.147925, 26.2229169 ], [ 91.1463984, 26.2256842 ], [ 91.1463051, 26.2259444 ], [ 91.1462106, 26.2260251 ], [ 91.1467349, 26.2262354 ], [ 91.1497188, 26.227221 ], [ 91.1518161, 26.2278882 ], [ 91.1512101, 26.2299221 ], [ 91.150502, 26.2333465 ], [ 91.1503695, 26.2360887 ], [ 91.1498143, 26.2369933 ], [ 91.1466874, 26.2401183 ], [ 91.1430574, 26.2428197 ], [ 91.143997, 26.2464121 ], [ 91.1440486, 26.2466092 ], [ 91.1450311, 26.249248 ], [ 91.145825, 26.250548 ], [ 91.1464558, 26.2515807 ], [ 91.1479732, 26.2533193 ], [ 91.1504722, 26.2553571 ], [ 91.1532865, 26.2563256 ], [ 91.1561472, 26.2570445 ], [ 91.159434, 26.2571788 ], [ 91.1603286, 26.2568563 ], [ 91.1632694, 26.255796 ], [ 91.1661318, 26.2534361 ], [ 91.1693255, 26.2501904 ], [ 91.1699574, 26.2497836 ], [ 91.1706167, 26.2493591 ], [ 91.1730821, 26.2486898 ], [ 91.1747993, 26.2472738 ], [ 91.173898, 26.2465384 ], [ 91.1734491, 26.2460466 ], [ 91.1730064, 26.2453786 ], [ 91.1727731, 26.244851 ], [ 91.1726667, 26.2438899 ], [ 91.1727049, 26.2430589 ], [ 91.1735747, 26.2388375 ], [ 91.1750193, 26.2331763 ], [ 91.1750209, 26.2331767 ] ] ] ] } },
{ "type": "Feature", "properties": { "gpcode": "105643", "gpname": "MAHCHARA", "dtname": "Barpeta", "stname": "ASSAM", "sdtname": "Chenga", "blkname": "CHENGA", "expected_mm": 16.4, "likely_min_mm": 16.2, "likely_max_mm": 16.5, "tmax_c": 32.3, "tmin_c": 25.0, "temp_c": 28.6, "rh_pct": 93.1, "wind_kph": 10.9, "heat_stress_level": "NONE", "disease_risk_flag": false, "ragi_stage": "vegetative", "paddy_stage": "vegetative", "forecast_date": "2026-09-10", "timestamp_utc": "2026-09-28T15:52:05Z" }, "geometry": { "type": "Polygon", "coordinates": [ [ [ 91.0678262, 26.1523299 ], [ 91.0669578, 26.1509549 ], [ 91.0664228, 26.1497758 ], [ 91.066224, 26.1494853 ], [ 91.0661961, 26.1494446 ], [ 91.0659881, 26.1491408 ], [ 91.0648506, 26.1478407 ], [ 91.0636466, 26.1459056 ], [ 91.0631783, 26.1453311 ], [ 91.0609701, 26.1435165 ], [ 91.0598393, 26.142702 ], [ 91.0595897, 26.1426647 ], [ 91.0545544, 26.1419103 ], [ 91.0540707, 26.1418517 ], [ 91.0498957, 26.1413464 ], [ 91.0470656, 26.1408704 ], [ 91.0451554, 26.1404419 ], [ 91.0438048, 26.1397482 ], [ 91.0420163, 26.1397622 ], [ 91.0399174, 26.1405125 ], [ 91.0347839, 26.1403499 ], [ 91.03631, 26.1430614 ], [ 91.0358148, 26.143474 ], [ 91.0377672, 26.1443883 ], [ 91.0408659, 26.1455598 ], [ 91.0479933, 26.1482709 ], [ 91.0482296, 26.1483306 ], [ 91.0482296, 26.1483306 ], [ 91.0453688, 26.1515034 ], [ 91.0438246, 26.1541577 ], [ 91.0439053, 26.1541793 ], [ 91.0506427, 26.1566184 ], [ 91.0537658, 26.1542277 ], [ 91.0574584, 26.1512715 ], [ 91.0574709, 26.1512615 ], [ 91.0594609, 26.1518559 ], [ 91.0627026, 26.1527537 ], [ 91.0649725, 26.1530188 ], [ 91.0678639, 26.1564082 ], [ 91.0691897, 26.1577302 ], [ 91.0722415, 26.1598196 ], [ 91.0742658, 26.160667 ], [ 91.0768911, 26.1612087 ], [ 91.079601, 26.1611779 ], [ 91.0798466, 26.1611106 ], [ 91.0800182, 26.1610636 ], [ 91.0799131, 26.1610161 ], [ 91.0781561, 26.1602222 ], [ 91.0714294, 26.1558369 ], [ 91.0692208, 26.1542643 ], [ 91.0682841, 26.1530548 ], [ 91.0678693, 26.1523981 ], [ 91.0678262, 26.1523299 ] ] ] } },
{ "type": "Feature", "properties": { "gpcode": "105644", "gpname": "NIZ CHENGA", "dtname": "Barpeta", "stname": "ASSAM", "sdtname": "Chenga", "blkname": "CHENGA", "expected_mm": 15.7, "likely_min_mm": 15.7, "likely_max_mm": 15.8, "tmax_c": 32.3, "tmin_c": 24.9, "temp_c": 28.6, "rh_pct": 93.8, "wind_kph": 11.0, "heat_stress_level": "NONE", "disease_risk_flag": false, "ragi_stage": "vegetative", "paddy_stage": "vegetative", "forecast_date": "2026-09-10", "timestamp_utc": "2026-09-28T15:52:05Z" }, "geometry": { "type": "Polygon", "coordinates": [ [ [ 91.1627333, 26.295967 ], [ 91.1636626, 26.2952824 ], [ 91.1647667, 26.2957184 ], [ 91.1650449, 26.2956776 ], [ 91.1651713, 26.2956591 ], [ 91.1651721, 26.295659 ], [ 91.1670589, 26.2953827 ], [ 91.1695734, 26.2954086 ], [ 91.1706341, 26.2949206 ], [ 91.1727575, 26.2935325 ], [ 91.1751949, 26.2931176 ], [ 91.1766249, 26.2927488 ], [ 91.1777927, 26.2930428 ], [ 91.1786157, 26.2928808 ], [ 91.1787596, 26.2923555 ], [ 91.1787889, 26.291392 ], [ 91.1793837, 26.2908 ], [ 91.1798831, 26.2904209 ], [ 91.1808588, 26.2906943 ], [ 91.1818495, 26.2911383 ], [ 91.1825045, 26.2912286 ], [ 91.18304, 26.2912589 ], [ 91.1834668, 26.2909193 ], [ 91.1836799, 26.2904777 ], [ 91.1837242, 26.2903858 ], [ 91.1831856, 26.2885847 ], [ 91.1829818, 26.2875692 ], [ 91.1826964, 26.2864909 ], [ 91.1826864, 26.2850839 ], [ 91.1821788, 26.2836439 ], [ 91.1820128, 26.2826257 ], [ 91.1818545, 26.2812636 ], [ 91.1820182, 26.2805309 ], [ 91.1824815, 26.2797422 ], [ 91.1831747, 26.2789715 ], [ 91.1836457, 26.277839 ], [ 91.1837894, 26.2771775 ], [ 91.183737, 26.277209 ], [ 91.1805695, 26.2791128 ], [ 91.1802522, 26.2793517 ], [ 91.1800571, 26.2794986 ], [ 91.1798394, 26.2797401 ], [ 91.1795949, 26.2800656 ], [ 91.1791487, 26.2807496 ], [ 91.1783694, 26.2821199 ], [ 91.1778079, 26.2829814 ], [ 91.1758926, 26.2851304 ], [ 91.1737292, 26.2870613 ], [ 91.1728002, 26.2881215 ], [ 91.1708678, 26.2907415 ], [ 91.1703909, 26.2907779 ], [ 91.1700046, 26.290785 ], [ 91.169742, 26.2909065 ], [ 91.1691966, 26.2913049 ], [ 91.1690079, 26.2913594 ], [ 91.1687137, 26.2913805 ], [ 91.1685345, 26.2914139 ], [ 91.1681358, 26.2916683 ], [ 91.1674183, 26.2921816 ], [ 91.166991, 26.2924997 ], [ 91.1665256, 26.2925792 ], [ 91.1659111, 26.2925822 ], [ 91.1653238, 26.2923778 ], [ 91.1648415, 26.2923302 ], [ 91.1643456, 26.2923863 ], [ 91.1633882, 26.2923727 ], [ 91.1628542, 26.2925135 ], [ 91.162079, 26.2925031 ], [ 91.1616461, 26.2924973 ], [ 91.1612198, 26.2925689 ], [ 91.1606495, 26.292815 ], [ 91.1598131, 26.2931418 ], [ 91.1597509, 26.2926945 ], [ 91.1594697, 26.2923451 ], [ 91.1588793, 26.2915865 ], [ 91.1587122, 26.2909826 ], [ 91.1585731, 26.2902887 ], [ 91.1585976, 26.2902723 ], [ 91.1587244, 26.2901605 ], [ 91.1587889, 26.2900533 ], [ 91.1588758, 26.2895543 ], [ 91.1589295, 26.2891202 ], [ 91.1589586, 26.2888846 ], [ 91.1590196, 26.2886081 ], [ 91.1593869, 26.2874783 ], [ 91.1595139, 26.2869815 ], [ 91.1595288, 26.2865699 ], [ 91.1596947, 26.2851598 ], [ 91.1596856, 26.284216 ], [ 91.1596789, 26.282788 ], [ 91.1597052, 26.2823755 ], [ 91.1598164, 26.2818286 ], [ 91.1600094, 26.2809832 ], [ 91.1601064, 26.2804151 ], [ 91.1601239, 26.2799674 ], [ 91.1601592, 26.279138 ], [ 91.1603212, 26.2781596 ], [ 91.1597652, 26.2782324 ], [ 91.15856, 26.2782768 ], [ 91.1574528, 26.2783769 ], [ 91.1567845, 26.2784457 ], [ 91.1566502, 26.2774487 ], [ 91.1561778, 26.2763081 ], [ 91.1557146, 26.2752718 ], [ 91.1556577, 26.2746257 ], [ 91.1551504, 26.2730892 ], [ 91.1550544, 26.2728316 ], [ 91.154199, 26.2728205 ], [ 91.153394, 26.2716731 ], [ 91.1529114, 26.27068 ], [ 91.1527344, 26.2699902 ], [ 91.1522363, 26.2686763 ], [ 91.1514175, 26.2672983 ], [ 91.1509262, 26.2663373 ], [ 91.1508275, 26.2660088 ], [ 91.150763, 26.2653979 ], [ 91.150658, 26.2649965 ], [ 91.1502789, 26.2645203 ], [ 91.1495937, 26.2638668 ], [ 91.1489311, 26.2633374 ], [ 91.1481422, 26.2628277 ], [ 91.1476665, 26.2627044 ], [ 91.1468641, 26.2624367 ], [ 91.1463582, 26.262368 ], [ 91.1458995, 26.2623064 ], [ 91.1452919, 26.2621401 ], [ 91.1447779, 26.2619776 ], [ 91.1444575, 26.2619167 ], [ 91.1441787, 26.2619051 ], [ 91.1438185, 26.26193 ], [ 91.1436631, 26.2619408 ], [ 91.1433645, 26.261983 ], [ 91.143109, 26.2621166 ], [ 91.1428509, 26.2623553 ], [ 91.1424319, 26.2628781 ], [ 91.1416837, 26.2641457 ], [ 91.1412827, 26.2647405 ], [ 91.1409378, 26.2650483 ], [ 91.1400324, 26.2658574 ], [ 91.1398336, 26.2660896 ], [ 91.1392546, 26.2666447 ], [ 91.1387535, 26.2670266 ], [ 91.1382219, 26.2673267 ], [ 91.1375304, 26.2676591 ], [ 91.1368957, 26.2679771 ], [ 91.1367158, 26.2681562 ], [ 91.136436, 26.2685432 ], [ 91.1362768, 26.2688481 ], [ 91.1362711, 26.26887 ], [ 91.1362073, 26.2691152 ], [ 91.1361735, 26.2694163 ], [ 91.1361681, 26.269464 ], [ 91.1362891, 26.270321 ], [ 91.1363938, 26.2709846 ], [ 91.136498, 26.2713757 ], [ 91.1367347, 26.2718201 ], [ 91.1374562, 26.2727542 ], [ 91.1380787, 26.273622 ], [ 91.1386591, 26.2742726 ], [ 91.1390892, 26.2749339 ], [ 91.1396878, 26.2755934 ], [ 91.1397327, 26.2756429 ], [ 91.1397395, 26.2756527 ], [ 91.1397396, 26.2756527 ], [ 91.1397441, 26.2756311 ], [ 91.1397724, 26.2756212 ], [ 91.1404066, 26.275399 ], [ 91.1412816, 26.2752543 ], [ 91.1421216, 26.2749685 ], [ 91.1423749, 26.2748484 ], [ 91.1430395, 26.2745334 ], [ 91.1439878, 26.274445 ], [ 91.1447461, 26.2742677 ], [ 91.1455914, 26.274043 ], [ 91.1471545, 26.273853 ], [ 91.1471574, 26.2738524 ], [ 91.1467735, 26.2751455 ], [ 91.14658, 26.2756622 ], [ 91.1465288, 26.275798 ], [ 91.1462939, 26.2764218 ], [ 91.1461304, 26.2772798 ], [ 91.1460847, 26.277696 ], [ 91.145985, 26.2786043 ], [ 91.1459804, 26.2788099 ], [ 91.146452, 26.2791252 ], [ 91.146556, 26.2792718 ], [ 91.1465861, 26.2794853 ], [ 91.1465929, 26.2800802 ], [ 91.1465667, 26.2806877 ], [ 91.1464825, 26.2807656 ], [ 91.1463757, 26.2808451 ], [ 91.1460643, 26.280929 ], [ 91.1457971, 26.2809327 ], [ 91.1457191, 26.2810819 ], [ 91.1456551, 26.2816482 ], [ 91.1455549, 26.2838729 ], [ 91.145549, 26.2839952 ], [ 91.1454988, 26.2850472 ], [ 91.1453214, 26.2869191 ], [ 91.1452696, 26.2884011 ], [ 91.1453644, 26.2899958 ], [ 91.1454081, 26.2907523 ], [ 91.1454305, 26.2908625 ], [ 91.145849, 26.2929178 ], [ 91.145984, 26.2939347 ], [ 91.1457556, 26.2944437 ], [ 91.1457254, 26.2948771 ], [ 91.1456334, 26.2956433 ], [ 91.1455101, 26.2970894 ], [ 91.1461646, 26.2994041 ], [ 91.1462867, 26.2995095 ], [ 91.1474238, 26.3003209 ], [ 91.1487928, 26.3007381 ], [ 91.1510299, 26.3015052 ], [ 91.1529056, 26.3020578 ], [ 91.1544306, 26.302086 ], [ 91.1554718, 26.3018056 ], [ 91.156772, 26.3013404 ], [ 91.1568737, 26.301304 ], [ 91.1569109, 26.3012907 ], [ 91.1577845, 26.3007158 ], [ 91.1590346, 26.3002144 ], [ 91.1596127, 26.2998641 ], [ 91.1605787, 26.2987306 ], [ 91.1615962, 26.2973187 ], [ 91.162686, 26.2960232 ], [ 91.1627333, 26.295967 ] ] ] } },
{ "type": "Feature", "properties": { "gpcode": "105645", "gpname": "CHENGA MUSALMANPARA", "dtname": "Barpeta", "stname": "ASSAM", "sdtname": "Chenga", "blkname": "CHENGA", "expected_mm": 15.8, "likely_min_mm": 15.8, "likely_max_mm": 15.8, "tmax_c": 32.4, "tmin_c": 24.8, "temp_c": 28.6, "rh_pct": 93.9, "wind_kph": 11.0, "heat_stress_level": "NONE", "disease_risk_flag": false, "ragi_stage": "vegetative", "paddy_stage": "vegetative", "forecast_date": "2026-09-10", "timestamp_utc": "2026-09-28T15:52:05Z" }, "geometry": { "type": "MultiPolygon", "coordinates": [ [ [ [ 91.1610482, 26.2736087 ], [ 91.1618573, 26.2736842 ], [ 91.1636883, 26.2738925 ], [ 91.1650697, 26.274004 ], [ 91.1665076, 26.2741115 ], [ 91.1688279, 26.2742634 ], [ 91.1695756, 26.2742869 ], [ 91.169994, 26.274257 ], [ 91.1701675, 26.274224 ], [ 91.1703449, 26.2741702 ], [ 91.1705442, 26.274043 ], [ 91.1706887, 26.2739051 ], [ 91.1708925, 26.2736338 ], [ 91.1710797, 26.2732406 ], [ 91.1711917, 26.2728323 ], [ 91.1715067, 26.2722091 ], [ 91.171765, 26.2715975 ], [ 91.172104, 26.2706372 ], [ 91.171479, 26.2700577 ], [ 91.170689, 26.2694729 ], [ 91.1698598, 26.2685879 ], [ 91.169036, 26.2677639 ], [ 91.1683336, 26.2667671 ], [ 91.1679375, 26.2664054 ], [ 91.1665095, 26.2654399 ], [ 91.1653474, 26.2643939 ], [ 91.1642975, 26.2635862 ], [ 91.1637169, 26.2631966 ], [ 91.1636274, 26.2629565 ], [ 91.1635897, 26.2625281 ], [ 91.1634425, 26.2621485 ], [ 91.1622148, 26.2606144 ], [ 91.1613922, 26.2595439 ], [ 91.1609121, 26.2590034 ], [ 91.1607613, 26.258583 ], [ 91.1607503, 26.2585391 ], [ 91.1598582, 26.2601578 ], [ 91.1593477, 26.2606977 ], [ 91.1587171, 26.2614558 ], [ 91.1577185, 26.2622612 ], [ 91.1573598, 26.2624127 ], [ 91.1571981, 26.2624243 ], [ 91.1563554, 26.2623588 ], [ 91.1559663, 26.2624286 ], [ 91.1557019, 26.2625943 ], [ 91.1547624, 26.2635423 ], [ 91.1543168, 26.263763 ], [ 91.1536725, 26.2641026 ], [ 91.1532878, 26.2644866 ], [ 91.1527429, 26.2650769 ], [ 91.1530435, 26.2660428 ], [ 91.1546633, 26.2717819 ], [ 91.1550544, 26.2728316 ], [ 91.1551504, 26.2730892 ], [ 91.1556577, 26.2746257 ], [ 91.1557146, 26.2752718 ], [ 91.1561778, 26.2763081 ], [ 91.1566502, 26.2774487 ], [ 91.1567845, 26.2784457 ], [ 91.1574528, 26.2783769 ], [ 91.15856, 26.2782768 ], [ 91.1597652, 26.2782324 ], [ 91.1603212, 26.2781596 ], [ 91.1603893, 26.2777487 ], [ 91.1603507, 26.2767971 ], [ 91.1603613, 26.2757543 ], [ 91.160475, 26.2746609 ], [ 91.1605203, 26.274401 ], [ 91.1605952, 26.2740877 ], [ 91.1606721, 26.2738614 ], [ 91.1607356, 26.273744 ], [ 91.1608194, 26.273661 ], [ 91.1608907, 26.2736302 ], [ 91.1610482, 26.2736087 ] ] ], [ [ [ 91.1868551, 26.2715456 ], [ 91.1877747, 26.2716169 ], [ 91.1889423, 26.2719109 ], [ 91.1905511, 26.2737526 ], [ 91.1913189, 26.2748776 ], [ 91.1912177, 26.2745274 ], [ 91.1908263, 26.2732552 ], [ 91.1901319, 26.2717111 ], [ 91.189733, 26.2708799 ], [ 91.189493, 26.2702679 ], [ 91.189275, 26.2699061 ], [ 91.1887778, 26.2692355 ], [ 91.1880407, 26.2682607 ], [ 91.1873546, 26.2674851 ], [ 91.1860519, 26.2660125 ], [ 91.1847656, 26.2646049 ], [ 91.1847655, 26.2646048 ], [ 91.1840821, 26.2645568 ], [ 91.1832391, 26.2644837 ], [ 91.1823983, 26.2644363 ], [ 91.1806105, 26.2644302 ], [ 91.1798509, 26.2644642 ], [ 91.1796943, 26.2644959 ], [ 91.1794606, 26.2646205 ], [ 91.1792453, 26.2647591 ], [ 91.1789357, 26.2649918 ], [ 91.1786617, 26.265304 ], [ 91.1782527, 26.2658928 ], [ 91.1775878, 26.2669129 ], [ 91.177363, 26.2672677 ], [ 91.1770247, 26.267949 ], [ 91.176656, 26.2685327 ], [ 91.1765238, 26.2687116 ], [ 91.1763824, 26.2688501 ], [ 91.1760724, 26.2690776 ], [ 91.1756568, 26.2694 ], [ 91.1754482, 26.2694868 ], [ 91.175237, 26.269543 ], [ 91.1748596, 26.2696522 ], [ 91.1742874, 26.2698113 ], [ 91.1738515, 26.2699323 ], [ 91.1734134, 26.2701279 ], [ 91.1730469, 26.2703596 ], [ 91.1723662, 26.2709011 ], [ 91.1723648, 26.2709022 ], [ 91.1729755, 26.2717984 ], [ 91.1740471, 26.2728509 ], [ 91.175409, 26.2743548 ], [ 91.1774699, 26.2768147 ], [ 91.1802522, 26.2793517 ], [ 91.1805695, 26.2791128 ], [ 91.183737, 26.277209 ], [ 91.1837894, 26.2771775 ], [ 91.1838031, 26.2771143 ], [ 91.1840245, 26.2760951 ], [ 91.184792, 26.2748726 ], [ 91.1849393, 26.273523 ], [ 91.1852497, 26.2727595 ], [ 91.1860124, 26.2719151 ], [ 91.1868551, 26.2715456 ] ] ] ] } },
{ "type": "Feature", "properties": { "gpcode": "105646", "gpname": "ROUMARI PATHAR", "dtname": "Barpeta", "stname": "ASSAM", "sdtname": "Chenga", "blkname": "CHENGA", "expected_mm": 15.8, "likely_min_mm": 15.7, "likely_max_mm": 16.0, "tmax_c": 32.4, "tmin_c": 24.9, "temp_c": 28.6, "rh_pct": 94.0, "wind_kph": 10.8, "heat_stress_level": "NONE", "disease_risk_flag": false, "ragi_stage": "vegetative", "paddy_stage": "vegetative", "forecast_date": "2026-09-10", "timestamp_utc": "2026-09-28T15:52:05Z" }, "geometry": { "type": "MultiPolygon", "coordinates": [ [ [ [ 91.1827079, 26.2165549 ], [ 91.1825781, 26.2160588 ], [ 91.1824944, 26.2155985 ], [ 91.1824944, 26.2155984 ], [ 91.1816464, 26.216092 ], [ 91.1808743, 26.2166138 ], [ 91.1790941, 26.2169359 ], [ 91.1780311, 26.2170899 ], [ 91.1772146, 26.2171096 ], [ 91.1765917, 26.2168821 ], [ 91.1764123, 26.2163119 ], [ 91.1771212, 26.2155613 ], [ 91.178282, 26.2150505 ], [ 91.1796192, 26.2140994 ], [ 91.1814819, 26.2127607 ], [ 91.1827485, 26.2124755 ], [ 91.1835771, 26.212105 ], [ 91.1835524, 26.2113467 ], [ 91.183265, 26.2110175 ], [ 91.1825001, 26.2106448 ], [ 91.1818515, 26.2106135 ], [ 91.181251, 26.2101513 ], [ 91.1814396, 26.2093603 ], [ 91.1815922, 26.2086496 ], [ 91.1817127, 26.207086 ], [ 91.1823554, 26.2050962 ], [ 91.1833709, 26.2034295 ], [ 91.1844718, 26.2022933 ], [ 91.1849495, 26.2018002 ], [ 91.1866757, 26.2005406 ], [ 91.1866758, 26.2005405 ], [ 91.1868912, 26.2003791 ], [ 91.1875345, 26.1998653 ], [ 91.187461, 26.1995207 ], [ 91.1871666, 26.1994473 ], [ 91.1869768, 26.1994 ], [ 91.1863316, 26.1994074 ], [ 91.1854278, 26.1998999 ], [ 91.1842143, 26.200298 ], [ 91.1830027, 26.2002294 ], [ 91.1827085, 26.1998229 ], [ 91.183092, 26.1992901 ], [ 91.1829193, 26.1987971 ], [ 91.1820554, 26.198276 ], [ 91.1806147, 26.197563 ], [ 91.1797492, 26.1965366 ], [ 91.1786426, 26.1952165 ], [ 91.1783844, 26.1947297 ], [ 91.1775992, 26.1941252 ], [ 91.1766565, 26.1936874 ], [ 91.1747006, 26.1934778 ], [ 91.1734678, 26.1936193 ], [ 91.1703392, 26.1942712 ], [ 91.1676181, 26.1946605 ], [ 91.1657253, 26.1946796 ], [ 91.1643154, 26.1943141 ], [ 91.1636655, 26.1937776 ], [ 91.1634603, 26.1934035 ], [ 91.1639431, 26.1930191 ], [ 91.1647098, 26.1929253 ], [ 91.1666691, 26.1931736 ], [ 91.1677951, 26.1932484 ], [ 91.1688341, 26.1928241 ], [ 91.1696114, 26.1918743 ], [ 91.1700534, 26.1910263 ], [ 91.1695385, 26.1905578 ], [ 91.168873, 26.1903334 ], [ 91.1678959, 26.1904812 ], [ 91.1661364, 26.1910349 ], [ 91.1637949, 26.1918246 ], [ 91.1622955, 26.1923985 ], [ 91.1609298, 26.1925352 ], [ 91.1591125, 26.1924321 ], [ 91.1580103, 26.1926276 ], [ 91.1568994, 26.1932126 ], [ 91.1559031, 26.1936337 ], [ 91.1547901, 26.1946852 ], [ 91.1539508, 26.1959114 ], [ 91.1534353, 26.1964149 ], [ 91.1533342, 26.1967331 ], [ 91.1536473, 26.1968661 ], [ 91.1543576, 26.196621 ], [ 91.1547922, 26.1966676 ], [ 91.1549872, 26.1969257 ], [ 91.1548707, 26.1973975 ], [ 91.1548602, 26.1974402 ], [ 91.15474, 26.1980319 ], [ 91.1548895, 26.1997316 ], [ 91.1550342, 26.2008875 ], [ 91.1559805, 26.2038129 ], [ 91.1562502, 26.2049209 ], [ 91.1564961, 26.2057585 ], [ 91.1571699, 26.2065656 ], [ 91.1580019, 26.2062339 ], [ 91.1598166, 26.2053265 ], [ 91.16051, 26.2048881 ], [ 91.161183, 26.204218 ], [ 91.1615151, 26.2040775 ], [ 91.1617373, 26.2046447 ], [ 91.1612884, 26.2054154 ], [ 91.1602765, 26.2061487 ], [ 91.1590764, 26.2067012 ], [ 91.1577529, 26.2077844 ], [ 91.1567287, 26.2088684 ], [ 91.1563844, 26.2093596 ], [ 91.155492, 26.2104729 ], [ 91.1538035, 26.2118377 ], [ 91.1525946, 26.2127794 ], [ 91.1524146, 26.213181 ], [ 91.1526591, 26.2135134 ], [ 91.153246, 26.2138213 ], [ 91.1543586, 26.2137416 ], [ 91.1562549, 26.2137614 ], [ 91.1587382, 26.214089 ], [ 91.1631479, 26.2157558 ], [ 91.1663106, 26.2171473 ], [ 91.1688361, 26.2184435 ], [ 91.1704291, 26.2194178 ], [ 91.1706956, 26.2195879 ], [ 91.1720718, 26.2204663 ], [ 91.17366, 26.2208966 ], [ 91.1763676, 26.2213246 ], [ 91.1779028, 26.2216421 ], [ 91.1805132, 26.2214549 ], [ 91.1821174, 26.2206012 ], [ 91.182323, 26.2200033 ], [ 91.1820924, 26.2188537 ], [ 91.18248, 26.2173876 ], [ 91.1827079, 26.2165549 ] ] ], [ [ [ 91.1823983, 26.2644363 ], [ 91.1832391, 26.2644837 ], [ 91.1840821, 26.2645568 ], [ 91.1847655, 26.2646048 ], [ 91.1847656, 26.2646049 ], [ 91.1860519, 26.2660125 ], [ 91.1873546, 26.2674851 ], [ 91.1878224, 26.2673401 ], [ 91.188382, 26.2672265 ], [ 91.1900367, 26.2671392 ], [ 91.1908214, 26.2669885 ], [ 91.1922802, 26.2667894 ], [ 91.1939979, 26.2666241 ], [ 91.1945265, 26.2666121 ], [ 91.1944654, 26.2649329 ], [ 91.1944669, 26.2633704 ], [ 91.1944384, 26.2627852 ], [ 91.1941712, 26.2614681 ], [ 91.1938258, 26.2597941 ], [ 91.1936449, 26.2590625 ], [ 91.1934786, 26.2578311 ], [ 91.1933931, 26.2565999 ], [ 91.1933256, 26.2554407 ], [ 91.1932347, 26.2528321 ], [ 91.1932418, 26.2526107 ], [ 91.2045774, 26.2487271 ], [ 91.2064288, 26.2474942 ], [ 91.2092172, 26.2456371 ], [ 91.2137409, 26.2426241 ], [ 91.2155517, 26.236966 ], [ 91.2156185, 26.2368712 ], [ 91.2158009, 26.2341521 ], [ 91.2158963, 26.2336508 ], [ 91.2164068, 26.2327281 ], [ 91.2182933, 26.2298977 ], [ 91.2183201, 26.2298574 ], [ 91.2183576, 26.2298012 ], [ 91.2195974, 26.2279411 ], [ 91.2198524, 26.2274221 ], [ 91.2198841, 26.2270762 ], [ 91.2197879, 26.2265285 ], [ 91.2155998, 26.2220922 ], [ 91.2155816, 26.222057 ], [ 91.2154311, 26.2219898 ], [ 91.2105491, 26.2198124 ], [ 91.2050656, 26.2173664 ], [ 91.201887, 26.216408 ], [ 91.1999594, 26.2164766 ], [ 91.1994538, 26.216555 ], [ 91.1957628, 26.2171272 ], [ 91.1905113, 26.2189705 ], [ 91.187664, 26.2200128 ], [ 91.1841215, 26.2219427 ], [ 91.1812489, 26.2244528 ], [ 91.1809503, 26.2254518 ], [ 91.180779, 26.2275958 ], [ 91.1839398, 26.2295283 ], [ 91.185371, 26.2321922 ], [ 91.1853696, 26.232199 ], [ 91.184701, 26.2356141 ], [ 91.1841102, 26.236833 ], [ 91.184106, 26.2368416 ], [ 91.1828035, 26.239529 ], [ 91.1823387, 26.2419007 ], [ 91.1834957, 26.2465411 ], [ 91.1841765, 26.2499776 ], [ 91.184029, 26.2498137 ], [ 91.1806165, 26.2459332 ], [ 91.1794671, 26.2452768 ], [ 91.1777668, 26.2453371 ], [ 91.1761206, 26.2460092 ], [ 91.1757508, 26.2463631 ], [ 91.1747993, 26.2472738 ], [ 91.1730821, 26.2486898 ], [ 91.1706167, 26.2493591 ], [ 91.1699574, 26.2497836 ], [ 91.1693255, 26.2501904 ], [ 91.1661318, 26.2534361 ], [ 91.1632694, 26.255796 ], [ 91.1603286, 26.2568563 ], [ 91.1607503, 26.2585391 ], [ 91.1607613, 26.258583 ], [ 91.1609121, 26.2590034 ], [ 91.1613922, 26.2595439 ], [ 91.1622148, 26.2606144 ], [ 91.1634425, 26.2621485 ], [ 91.1635897, 26.2625281 ], [ 91.1636274, 26.2629565 ], [ 91.1637169, 26.2631966 ], [ 91.1642975, 26.2635862 ], [ 91.1653474, 26.2643939 ], [ 91.1665095, 26.2654399 ], [ 91.1679375, 26.2664054 ], [ 91.1683336, 26.2667671 ], [ 91.169036, 26.2677639 ], [ 91.1698598, 26.2685879 ], [ 91.170689, 26.2694729 ], [ 91.171479, 26.2700577 ], [ 91.172104, 26.2706372 ], [ 91.1723218, 26.2708391 ], [ 91.1723648, 26.2709022 ], [ 91.1723662, 26.2709011 ], [ 91.1730469, 26.2703596 ], [ 91.1734134, 26.2701279 ], [ 91.1738515, 26.2699323 ], [ 91.1742874, 26.2698113 ], [ 91.1748596, 26.2696522 ], [ 91.175237, 26.269543 ], [ 91.1754482, 26.2694868 ], [ 91.1756568, 26.2694 ], [ 91.1760724, 26.2690776 ], [ 91.1763824, 26.2688501 ], [ 91.1765238, 26.2687116 ], [ 91.176656, 26.2685327 ], [ 91.1770247, 26.267949 ], [ 91.177363, 26.2672677 ], [ 91.1775878, 26.2669129 ], [ 91.1782527, 26.2658928 ], [ 91.1786617, 26.265304 ], [ 91.1789357, 26.2649918 ], [ 91.1792453, 26.2647591 ], [ 91.1794606, 26.2646205 ], [ 91.1796943, 26.2644959 ], [ 91.1798509, 26.2644642 ], [ 91.1806105, 26.2644302 ], [ 91.1823983, 26.2644363 ] ] ], [ [ [ 91.2319364, 26.2457602 ], [ 91.2305632, 26.248891 ], [ 91.2303996, 26.2494061 ], [ 91.2301455, 26.2499488 ], [ 91.2296021, 26.2506381 ], [ 91.2288278, 26.2518419 ], [ 91.2285524, 26.2524069 ], [ 91.2278379, 26.2535281 ], [ 91.2269952, 26.2545116 ], [ 91.2262724, 26.2552768 ], [ 91.2258731, 26.2560186 ], [ 91.2253546, 26.256727 ], [ 91.2249525, 26.2571755 ], [ 91.2239119, 26.2580264 ], [ 91.2233343, 26.2585924 ], [ 91.2223795, 26.2596258 ], [ 91.2219016, 26.2602685 ], [ 91.2212711, 26.261194 ], [ 91.2212726, 26.2611947 ], [ 91.2235207, 26.2622744 ], [ 91.2249097, 26.2631085 ], [ 91.2257431, 26.2635255 ], [ 91.2286434, 26.2638296 ], [ 91.2300627, 26.263912 ], [ 91.2319139, 26.2639107 ], [ 91.2335718, 26.2636957 ], [ 91.2335954, 26.2636926 ], [ 91.2338573, 26.2636586 ], [ 91.2355059, 26.2633838 ], [ 91.236709, 26.2632437 ], [ 91.2379738, 26.2631314 ], [ 91.2391213, 26.2625867 ], [ 91.2392073, 26.2625459 ], [ 91.2392206, 26.2625316 ], [ 91.2397004, 26.2620166 ], [ 91.2404712, 26.2615985 ], [ 91.2409335, 26.2610414 ], [ 91.2409326, 26.2601786 ], [ 91.2398487, 26.2574305 ], [ 91.2396962, 26.2569799 ], [ 91.2396926, 26.2569693 ], [ 91.2396321, 26.2567905 ], [ 91.2389822, 26.2546478 ], [ 91.2384565, 26.2533227 ], [ 91.2377148, 26.2520985 ], [ 91.237097, 26.2512083 ], [ 91.236782, 26.2504146 ], [ 91.2349707, 26.2483945 ], [ 91.2334189, 26.2469674 ], [ 91.2320032, 26.2456654 ], [ 91.2319852, 26.2456489 ], [ 91.2319364, 26.2457602 ] ] ] ] } },
{ "type": "Feature", "properties": { "gpcode": "105647", "gpname": "BAGARIGURI", "dtname": "Barpeta", "stname": "ASSAM", "sdtname": "Barnagar (Pt)", "blkname": "GOBARDHANA", "expected_mm": 17.2, "likely_min_mm": 17.2, "likely_max_mm": 17.2, "tmax_c": 32.5, "tmin_c": 24.9, "temp_c": 28.7, "rh_pct": 92.3, "wind_kph": 11.2, "heat_stress_level": "NONE", "disease_risk_flag": false, "ragi_stage": "vegetative", "paddy_stage": "vegetative", "forecast_date": "2026-09-10", "timestamp_utc": "2026-09-28T15:52:05Z" }, "geometry": { "type": "Polygon", "coordinates": [ [ [ 90.9274187, 26.5548932 ], [ 90.9287632, 26.5547664 ], [ 90.9320135, 26.5548329 ], [ 90.9326859, 26.5551537 ], [ 90.9327374, 26.5551081 ], [ 90.9329466, 26.5549228 ], [ 90.9384367, 26.5500594 ], [ 90.9407464, 26.546422 ], [ 90.9407464, 26.546422 ], [ 90.9412012, 26.5464903 ], [ 90.9408857, 26.5463397 ], [ 90.9408076, 26.546328 ], [ 90.9362138, 26.5456376 ], [ 90.9361102, 26.5455271 ], [ 90.9361101, 26.5455271 ], [ 90.9317098, 26.5408341 ], [ 90.9302118, 26.5378996 ], [ 90.9299507, 26.5348787 ], [ 90.9307965, 26.5331576 ], [ 90.9320338, 26.5306395 ], [ 90.9320671, 26.5305718 ], [ 90.9363831, 26.5265388 ], [ 90.9364815, 26.5264468 ], [ 90.9336709, 26.5262954 ], [ 90.9302792, 26.5263749 ], [ 90.9281976, 26.5266151 ], [ 90.9242597, 26.5272687 ], [ 90.9207637, 26.5277653 ], [ 90.9183926, 26.5278994 ], [ 90.915492, 26.5273966 ], [ 90.9146819, 26.5283835 ], [ 90.9142409, 26.5289096 ], [ 90.9097542, 26.5332163 ], [ 90.90989, 26.533321 ], [ 90.9102011, 26.5336777 ], [ 90.9098913, 26.5349605 ], [ 90.908836, 26.5389756 ], [ 90.908575, 26.5421303 ], [ 90.9086618, 26.5435432 ], [ 90.9088244, 26.5445934 ], [ 90.9088244, 26.5445934 ], [ 90.9121146, 26.5448538 ], [ 90.9149004, 26.545156 ], [ 90.9164199, 26.5454046 ], [ 90.9180121, 26.5452934 ], [ 90.9180657, 26.5452897 ], [ 90.9197484, 26.5492775 ], [ 90.9214504, 26.5525176 ], [ 90.9218607, 26.5552082 ], [ 90.9220916, 26.557936 ], [ 90.9225581, 26.5574052 ], [ 90.9226771, 26.5572698 ], [ 90.9227235, 26.5572171 ], [ 90.9235555, 26.5562704 ], [ 90.9235805, 26.556242 ], [ 90.9236906, 26.5561167 ], [ 90.9237296, 26.5561015 ], [ 90.9237542, 26.5560919 ], [ 90.9258815, 26.5552629 ], [ 90.9258823, 26.5552625 ], [ 90.9262196, 26.5551311 ], [ 90.926409, 26.5550573 ], [ 90.9264476, 26.5550422 ], [ 90.9266419, 26.5549665 ], [ 90.9267781, 26.5549537 ], [ 90.9267955, 26.554952 ], [ 90.9272221, 26.5549118 ], [ 90.9274187, 26.5548932 ] ] ] } },
{ "type": "Feature", "properties": { "gpcode": "105649", "gpname": "GOBARDHANA", "dtname": "Barpeta", "stname": "ASSAM", "sdtname": "Barnagar (Pt)", "blkname": "GOBARDHANA", "expected_mm": 16.9, "likely_min_mm": 16.9, "likely_max_mm": 16.9, "tmax_c": 32.4, "tmin_c": 24.8, "temp_c": 28.6, "rh_pct": 92.5, "wind_kph": 11.3, "heat_stress_level": "NONE", "disease_risk_flag": false, "ragi_stage": "vegetative", "paddy_stage": "vegetative", "forecast_date": "2026-09-10", "timestamp_utc": "2026-09-28T15:52:05Z" }, "geometry": { "type": "MultiPolygon", "coordinates": [ [ [ [ 90.9817632, 26.5408357 ], [ 90.9814368, 26.5407388 ], [ 90.9813471, 26.5407505 ], [ 90.9806499, 26.5408969 ], [ 90.9803445, 26.540924 ], [ 90.9785934, 26.5410795 ], [ 90.9775227, 26.5410198 ], [ 90.9773218, 26.5410298 ], [ 90.9743134, 26.5411798 ], [ 90.9718485, 26.5388085 ], [ 90.9682306, 26.5377827 ], [ 90.9670102, 26.5376787 ], [ 90.9663255, 26.5376794 ], [ 90.9648072, 26.5377859 ], [ 90.9629635, 26.5383891 ], [ 90.9607205, 26.5386412 ], [ 90.9598393, 26.5394138 ], [ 90.9578262, 26.5398867 ], [ 90.9563759, 26.5395619 ], [ 90.9543858, 26.5390852 ], [ 90.9532055, 26.5388362 ], [ 90.9523154, 26.5388985 ], [ 90.9512208, 26.5396387 ], [ 90.9506987, 26.5409076 ], [ 90.9505919, 26.542716 ], [ 90.9511012, 26.5443392 ], [ 90.9513232, 26.545339 ], [ 90.9513598, 26.5453746 ], [ 90.9522014, 26.5458585 ], [ 90.9528185, 26.5465973 ], [ 90.9542108, 26.548988 ], [ 90.9549013, 26.5505747 ], [ 90.9550198, 26.5537655 ], [ 90.9550392, 26.5549016 ], [ 90.9564183, 26.5562268 ], [ 90.9588725, 26.5571923 ], [ 90.961247, 26.5572391 ], [ 90.96297, 26.5579713 ], [ 90.9630089, 26.5582586 ], [ 90.9672355, 26.557472 ], [ 90.9672359, 26.557472 ], [ 90.9688174, 26.5570073 ], [ 90.9711532, 26.5566064 ], [ 90.9730578, 26.5560936 ], [ 90.9755703, 26.5553011 ], [ 90.9782847, 26.5550158 ], [ 90.9812487, 26.5545706 ], [ 90.9815015, 26.5545326 ], [ 90.981385, 26.5544828 ], [ 90.981377, 26.5544793 ], [ 90.9813326, 26.5544603 ], [ 90.9813309, 26.5542738 ], [ 90.9813307, 26.5542453 ], [ 90.9813307, 26.5542444 ], [ 90.9813306, 26.5542377 ], [ 90.9813306, 26.5542366 ], [ 90.9813306, 26.5542365 ], [ 90.9813306, 26.5542361 ], [ 90.9813273, 26.5538637 ], [ 90.9813254, 26.5536519 ], [ 90.9814081, 26.5530858 ], [ 90.9814484, 26.5528093 ], [ 90.9814496, 26.5528016 ], [ 90.981454, 26.5527712 ], [ 90.9814565, 26.5527539 ], [ 90.9814568, 26.5527517 ], [ 90.9814569, 26.5527516 ], [ 90.9814571, 26.55275 ], [ 90.9815011, 26.5524489 ], [ 90.9815218, 26.552307 ], [ 90.9815445, 26.5521511 ], [ 90.9815493, 26.5521184 ], [ 90.9815525, 26.5520969 ], [ 90.981553, 26.5520929 ], [ 90.9815529, 26.5520928 ], [ 90.9815535, 26.55209 ], [ 90.9816217, 26.5516227 ], [ 90.9817629, 26.5506558 ], [ 90.9815921, 26.5481955 ], [ 90.9815242, 26.5468602 ], [ 90.9814845, 26.5460793 ], [ 90.9814648, 26.5456918 ], [ 90.9815143, 26.5451563 ], [ 90.9815248, 26.5450424 ], [ 90.981525, 26.5450409 ], [ 90.9815251, 26.545039 ], [ 90.9815257, 26.5450332 ], [ 90.9815257, 26.5450327 ], [ 90.9815258, 26.5450312 ], [ 90.9815259, 26.5450311 ], [ 90.9815267, 26.5450218 ], [ 90.9815329, 26.5449547 ], [ 90.9815369, 26.5449116 ], [ 90.9816403, 26.5437926 ], [ 90.9816565, 26.5436178 ], [ 90.981765, 26.5424426 ], [ 90.9817665, 26.5424263 ], [ 90.9817766, 26.5423171 ], [ 90.9817774, 26.5423084 ], [ 90.9817811, 26.5422691 ], [ 90.98186, 26.5414144 ], [ 90.9817632, 26.5408357 ] ] ], [ [ [ 90.9962925, 26.590113 ], [ 90.9962936, 26.5900953 ], [ 90.9964096, 26.5883056 ], [ 90.996417, 26.5878746 ], [ 90.9964363, 26.5867586 ], [ 90.9964402, 26.5865316 ], [ 90.9964473, 26.5861187 ], [ 90.9964493, 26.586004 ], [ 90.9964581, 26.5854946 ], [ 90.9964612, 26.5853138 ], [ 90.9964616, 26.5853097 ], [ 90.9964787, 26.5851155 ], [ 90.9964841, 26.5850546 ], [ 90.9964846, 26.5850486 ], [ 90.9964854, 26.585039 ], [ 90.996513, 26.5847256 ], [ 90.9965786, 26.5839813 ], [ 90.9965959, 26.583785 ], [ 90.9966177, 26.5835377 ], [ 90.9966284, 26.5834155 ], [ 90.9966376, 26.5833111 ], [ 90.9966496, 26.5831759 ], [ 90.9966818, 26.5828097 ], [ 90.996692, 26.5826946 ], [ 90.9966922, 26.5826922 ], [ 90.9966928, 26.5826849 ], [ 90.9966925, 26.5826847 ], [ 90.9966933, 26.5826795 ], [ 90.9967812, 26.5816808 ], [ 90.9967921, 26.5815327 ], [ 90.9968093, 26.5812963 ], [ 90.9956374, 26.5809385 ], [ 90.9955536, 26.580913 ], [ 90.9953678, 26.5807349 ], [ 90.9952092, 26.5805828 ], [ 90.9951541, 26.58053 ], [ 90.9950101, 26.580392 ], [ 90.9949651, 26.5801615 ], [ 90.9946369, 26.5784814 ], [ 90.994868, 26.5778064 ], [ 90.9949976, 26.577428 ], [ 90.9950106, 26.5771696 ], [ 90.9950337, 26.5767145 ], [ 90.9950605, 26.5761851 ], [ 90.9950618, 26.576159 ], [ 90.9950646, 26.5761033 ], [ 90.9950651, 26.5760942 ], [ 90.9951151, 26.5751068 ], [ 90.9951165, 26.5750794 ], [ 90.9951318, 26.5747762 ], [ 90.9951319, 26.5747747 ], [ 90.9951327, 26.574758 ], [ 90.9951328, 26.5747574 ], [ 90.9951327, 26.5747574 ], [ 90.9951328, 26.5747566 ], [ 90.9951855, 26.5737153 ], [ 90.9951866, 26.5736948 ], [ 90.9951902, 26.5736223 ], [ 90.9951933, 26.5735623 ], [ 90.9952285, 26.5734637 ], [ 90.9952716, 26.5733432 ], [ 90.9953151, 26.5732215 ], [ 90.9954481, 26.5728494 ], [ 90.9954504, 26.572843 ], [ 90.9954599, 26.5728165 ], [ 90.995472, 26.5727824 ], [ 90.995485, 26.5727462 ], [ 90.9954871, 26.5727403 ], [ 90.9954883, 26.5727369 ], [ 90.9955044, 26.5726918 ], [ 90.9955069, 26.5726848 ], [ 90.9955187, 26.5726518 ], [ 90.9955196, 26.5726494 ], [ 90.9955196, 26.5726493 ], [ 90.995524, 26.5726371 ], [ 90.9955266, 26.5726297 ], [ 90.9955282, 26.5726252 ], [ 90.9955306, 26.5726186 ], [ 90.9955308, 26.5726181 ], [ 90.995532, 26.5726146 ], [ 90.9955327, 26.5726128 ], [ 90.9955328, 26.5726124 ], [ 90.9955332, 26.5726114 ], [ 90.9955332, 26.5726113 ], [ 90.9955333, 26.5726111 ], [ 90.9955336, 26.5726103 ], [ 90.9955336, 26.5726101 ], [ 90.9955337, 26.57261 ], [ 90.9955337, 26.5726099 ], [ 90.9955343, 26.5726082 ], [ 90.9955345, 26.5726076 ], [ 90.9955351, 26.5726059 ], [ 90.9955352, 26.5726058 ], [ 90.9955356, 26.5726045 ], [ 90.995536, 26.5726036 ], [ 90.9955363, 26.5726025 ], [ 90.9955368, 26.5726013 ], [ 90.9955368, 26.5726011 ], [ 90.9955389, 26.5725954 ], [ 90.9955399, 26.5725927 ], [ 90.9955429, 26.5725843 ], [ 90.9955819, 26.5724752 ], [ 90.995643, 26.5723041 ], [ 90.9956638, 26.5722459 ], [ 90.9956842, 26.5721889 ], [ 90.9957053, 26.5721298 ], [ 90.9957215, 26.5720845 ], [ 90.9957527, 26.5719973 ], [ 90.9957563, 26.5719871 ], [ 90.9957617, 26.571972 ], [ 90.9957621, 26.571971 ], [ 90.995823, 26.5718006 ], [ 90.9957783, 26.5717452 ], [ 90.9956973, 26.5716448 ], [ 90.9944544, 26.5717621 ], [ 90.9942932, 26.5718161 ], [ 90.9936164, 26.5720429 ], [ 90.9931085, 26.5722131 ], [ 90.9929424, 26.5722688 ], [ 90.9929245, 26.5722748 ], [ 90.9921947, 26.5725193 ], [ 90.9905196, 26.5733942 ], [ 90.9897549, 26.5737936 ], [ 90.9890645, 26.5741378 ], [ 90.9887975, 26.574271 ], [ 90.9887524, 26.5742934 ], [ 90.9887513, 26.5742961 ], [ 90.9887283, 26.5743055 ], [ 90.9877551, 26.5747907 ], [ 90.9870458, 26.5749342 ], [ 90.9870144, 26.5749405 ], [ 90.9870136, 26.574939 ], [ 90.9869845, 26.5749466 ], [ 90.9864673, 26.5750511 ], [ 90.9858984, 26.5751662 ], [ 90.9858871, 26.5751685 ], [ 90.9858103, 26.57517 ], [ 90.9853614, 26.5751786 ], [ 90.9853092, 26.5751796 ], [ 90.9852978, 26.5751518 ], [ 90.9852962, 26.575148 ], [ 90.9851656, 26.5748311 ], [ 90.9850692, 26.5730014 ], [ 90.9851594, 26.5717546 ], [ 90.9852668, 26.5702713 ], [ 90.9852555, 26.5690664 ], [ 90.9852431, 26.5677374 ], [ 90.9852368, 26.5670661 ], [ 90.9849709, 26.5651525 ], [ 90.9848782, 26.564485 ], [ 90.9848486, 26.5642719 ], [ 90.9808587, 26.5640296 ], [ 90.9780147, 26.5640397 ], [ 90.9739786, 26.5642756 ], [ 90.9697087, 26.5642434 ], [ 90.9668362, 26.5639236 ], [ 90.9634358, 26.5635933 ], [ 90.9622594, 26.5633915 ], [ 90.965554, 26.5670257 ], [ 90.965816, 26.5700464 ], [ 90.9668126, 26.5733356 ], [ 90.9681877, 26.5748387 ], [ 90.9675359, 26.5755242 ], [ 90.9651555, 26.5747314 ], [ 90.9631562, 26.5742317 ], [ 90.9618112, 26.5751258 ], [ 90.9620707, 26.5760674 ], [ 90.9634027, 26.5778807 ], [ 90.9634105, 26.5778779 ], [ 90.9653964, 26.5777387 ], [ 90.9673301, 26.5776031 ], [ 90.969356, 26.5773191 ], [ 90.9715429, 26.5770711 ], [ 90.9753088, 26.5767358 ], [ 90.9753194, 26.5767349 ], [ 90.9752269, 26.5776873 ], [ 90.9749126, 26.5813354 ], [ 90.9748189, 26.5834861 ], [ 90.9747982, 26.5840551 ], [ 90.9745494, 26.5844194 ], [ 90.9736195, 26.5846108 ], [ 90.9720113, 26.5846606 ], [ 90.971076, 26.5847892 ], [ 90.9702643, 26.58513 ], [ 90.9697507, 26.5860804 ], [ 90.9688867, 26.5874337 ], [ 90.967981, 26.5903884 ], [ 90.967955, 26.5904735 ], [ 90.967992, 26.5904528 ], [ 90.9685058, 26.5904409 ], [ 90.9732272, 26.5904332 ], [ 90.9793883, 26.5904232 ], [ 90.9810875, 26.5904431 ], [ 90.9843067, 26.5904808 ], [ 90.9871756, 26.5905143 ], [ 90.989069, 26.5905219 ], [ 90.9890799, 26.590522 ], [ 90.9893235, 26.591276 ], [ 90.9901662, 26.5944827 ], [ 90.9902223, 26.595104 ], [ 90.9902344, 26.5952385 ], [ 90.9905275, 26.5984864 ], [ 90.9906861, 26.6002445 ], [ 90.9907556, 26.6004909 ], [ 90.9908877, 26.6009594 ], [ 90.9932319, 26.6008917 ], [ 90.994008, 26.6008692 ], [ 90.9947307, 26.6007941 ], [ 90.9948227, 26.6007845 ], [ 90.994824, 26.6007693 ], [ 90.9948247, 26.6007613 ], [ 90.9948365, 26.6006179 ], [ 90.9948769, 26.6001309 ], [ 90.994407, 26.5988541 ], [ 90.9944209, 26.5985419 ], [ 90.9944268, 26.5984608 ], [ 90.9944266, 26.598415 ], [ 90.9944337, 26.5982559 ], [ 90.9944642, 26.59757 ], [ 90.9944752, 26.597324 ], [ 90.9944809, 26.5971968 ], [ 90.9944839, 26.5971294 ], [ 90.9944859, 26.597083 ], [ 90.9945125, 26.5964883 ], [ 90.9945163, 26.5963508 ], [ 90.9945409, 26.5954833 ], [ 90.9945465, 26.5952848 ], [ 90.9945521, 26.5950862 ], [ 90.9945523, 26.5950821 ], [ 90.9945537, 26.5950307 ], [ 90.9945677, 26.5945345 ], [ 90.9946623, 26.5942727 ], [ 90.9948301, 26.5938084 ], [ 90.9948392, 26.5937833 ], [ 90.9951973, 26.592792 ], [ 90.9959964, 26.5908372 ], [ 90.9962925, 26.590113 ] ] ] ] } },
{ "type": "Feature", "properties": { "gpcode": "105650", "gpname": "KHAIRABARI", "dtname": "Barpeta", "stname": "ASSAM", "sdtname": "Barnagar (Pt)", "blkname": "GOBARDHANA", "expected_mm": 16.6, "likely_min_mm": 16.6, "likely_max_mm": 16.6, "tmax_c": 32.5, "tmin_c": 24.8, "temp_c": 28.6, "rh_pct": 92.5, "wind_kph": 11.4, "heat_stress_level": "NONE", "disease_risk_flag": false, "ragi_stage": "vegetative", "paddy_stage": "vegetative", "forecast_date": "2026-09-10", "timestamp_utc": "2026-09-28T15:52:05Z" }, "geometry": { "type": "Polygon", "coordinates": [ [ [ 90.9484624, 26.5464759 ], [ 90.95028, 26.5455665 ], [ 90.9512868, 26.5453469 ], [ 90.9513232, 26.545339 ], [ 90.9511012, 26.5443392 ], [ 90.9505919, 26.542716 ], [ 90.9506987, 26.5409076 ], [ 90.9512208, 26.5396387 ], [ 90.9523154, 26.5388985 ], [ 90.9532055, 26.5388362 ], [ 90.9543858, 26.5390852 ], [ 90.9563759, 26.5395619 ], [ 90.9578262, 26.5398867 ], [ 90.9598393, 26.5394138 ], [ 90.9607205, 26.5386412 ], [ 90.9629635, 26.5383891 ], [ 90.9648072, 26.5377859 ], [ 90.9663255, 26.5376794 ], [ 90.9670102, 26.5376787 ], [ 90.9682306, 26.5377827 ], [ 90.9718485, 26.5388085 ], [ 90.9743134, 26.5411798 ], [ 90.9773218, 26.5410298 ], [ 90.9775227, 26.5410198 ], [ 90.9774796, 26.5410174 ], [ 90.9772045, 26.541002 ], [ 90.9769115, 26.5406322 ], [ 90.9768008, 26.5400368 ], [ 90.9767356, 26.5396866 ], [ 90.9767209, 26.538089 ], [ 90.976723, 26.5379054 ], [ 90.9767521, 26.5353407 ], [ 90.9767828, 26.5326416 ], [ 90.9767994, 26.531174 ], [ 90.9768071, 26.5310014 ], [ 90.9768699, 26.5295968 ], [ 90.9765276, 26.5283795 ], [ 90.9759983, 26.5272747 ], [ 90.9759978, 26.5272736 ], [ 90.9759974, 26.5272727 ], [ 90.9757849, 26.5268293 ], [ 90.9756121, 26.5257106 ], [ 90.9756677, 26.5251057 ], [ 90.9756746, 26.5250305 ], [ 90.9757985, 26.5236836 ], [ 90.9758376, 26.5232585 ], [ 90.9759521, 26.5220134 ], [ 90.9759823, 26.521685 ], [ 90.9759876, 26.5215689 ], [ 90.9760069, 26.521142 ], [ 90.9760123, 26.5210222 ], [ 90.9760352, 26.5205186 ], [ 90.9760437, 26.5203303 ], [ 90.9760521, 26.5201463 ], [ 90.9762172, 26.5198483 ], [ 90.9762507, 26.5197879 ], [ 90.976519, 26.5193036 ], [ 90.97656, 26.5192298 ], [ 90.9765706, 26.5191665 ], [ 90.9765723, 26.5191564 ], [ 90.9767598, 26.5180409 ], [ 90.9767746, 26.5179524 ], [ 90.9767872, 26.5178774 ], [ 90.9767884, 26.5178707 ], [ 90.9767892, 26.5178659 ], [ 90.9767892, 26.5178655 ], [ 90.9767987, 26.517809 ], [ 90.9767912, 26.5177364 ], [ 90.9767877, 26.5177032 ], [ 90.9767867, 26.5176937 ], [ 90.9767859, 26.5176865 ], [ 90.9767849, 26.5176764 ], [ 90.976784, 26.5176684 ], [ 90.9767839, 26.5176676 ], [ 90.9767839, 26.5176676 ], [ 90.9767839, 26.5176668 ], [ 90.9767343, 26.5171938 ], [ 90.976733, 26.5171809 ], [ 90.9765606, 26.5155346 ], [ 90.9765714, 26.5152282 ], [ 90.9765851, 26.5148371 ], [ 90.9765853, 26.5148318 ], [ 90.976594, 26.5145826 ], [ 90.9765953, 26.5145454 ], [ 90.9765953, 26.5145449 ], [ 90.9765965, 26.5145117 ], [ 90.9765966, 26.5145098 ], [ 90.9765967, 26.5145097 ], [ 90.9765966, 26.5145086 ], [ 90.976612, 26.5140685 ], [ 90.9766147, 26.5139918 ], [ 90.9766147, 26.5139917 ], [ 90.976615, 26.5139844 ], [ 90.9766146, 26.5139842 ], [ 90.9766151, 26.5139819 ], [ 90.9766525, 26.5129149 ], [ 90.9766903, 26.5118348 ], [ 90.9767494, 26.5096063 ], [ 90.9767535, 26.5094492 ], [ 90.9767576, 26.5094129 ], [ 90.9768252, 26.5088101 ], [ 90.9769207, 26.5079585 ], [ 90.9770257, 26.5070212 ], [ 90.9770679, 26.5066447 ], [ 90.977084, 26.5065012 ], [ 90.9770963, 26.5063922 ], [ 90.9770964, 26.5063905 ], [ 90.9770998, 26.506361 ], [ 90.9771, 26.506359 ], [ 90.9771001, 26.506359 ], [ 90.9771001, 26.5063579 ], [ 90.9771001, 26.5063577 ], [ 90.9771003, 26.506356 ], [ 90.9771007, 26.5063529 ], [ 90.9771015, 26.5063457 ], [ 90.9771021, 26.5063403 ], [ 90.9771047, 26.5063166 ], [ 90.9771052, 26.5063125 ], [ 90.9771067, 26.5062989 ], [ 90.977107, 26.5062966 ], [ 90.977107, 26.5062962 ], [ 90.9771085, 26.5062834 ], [ 90.9771314, 26.5060789 ], [ 90.9771381, 26.506019 ], [ 90.9771836, 26.5056127 ], [ 90.9771845, 26.5056063 ], [ 90.9771844, 26.5056062 ], [ 90.9771927, 26.505382 ], [ 90.9772266, 26.5044616 ], [ 90.9773471, 26.5012012 ], [ 90.9770087, 26.5000184 ], [ 90.9770046, 26.5000031 ], [ 90.9750889, 26.4979185 ], [ 90.9747992, 26.4976032 ], [ 90.974771, 26.4975637 ], [ 90.9726959, 26.4946633 ], [ 90.9692576, 26.4925143 ], [ 90.9691749, 26.4924627 ], [ 90.9694041, 26.4940785 ], [ 90.9696133, 26.4960861 ], [ 90.9693925, 26.4973438 ], [ 90.9694475, 26.4973484 ], [ 90.9694433, 26.4985785 ], [ 90.9694637, 26.5020528 ], [ 90.9692721, 26.5055105 ], [ 90.9690807, 26.5069458 ], [ 90.9686674, 26.507038 ], [ 90.9676669, 26.5076453 ], [ 90.9665852, 26.5077212 ], [ 90.9662936, 26.50764 ], [ 90.9662936, 26.50764 ], [ 90.9638541, 26.5103325 ], [ 90.9598395, 26.5112152 ], [ 90.9570035, 26.5115388 ], [ 90.9583921, 26.5120187 ], [ 90.9595537, 26.5135724 ], [ 90.9604306, 26.5145773 ], [ 90.9623211, 26.5145158 ], [ 90.9640851, 26.5148187 ], [ 90.9651609, 26.515383 ], [ 90.9651621, 26.5163072 ], [ 90.9651003, 26.5163393 ], [ 90.9634235, 26.5172112 ], [ 90.9604756, 26.5169203 ], [ 90.9573339, 26.5162163 ], [ 90.9550569, 26.5163759 ], [ 90.9549986, 26.5164697 ], [ 90.9540862, 26.5179369 ], [ 90.9534775, 26.5191172 ], [ 90.9535754, 26.5202478 ], [ 90.9543381, 26.5217583 ], [ 90.9565327, 26.5233818 ], [ 90.9580134, 26.5240601 ], [ 90.9585702, 26.5250163 ], [ 90.9586437, 26.5258643 ], [ 90.9583897, 26.5265583 ], [ 90.9583614, 26.5265615 ], [ 90.9583231, 26.5265658 ], [ 90.9583231, 26.5265659 ], [ 90.9582789, 26.5266579 ], [ 90.9574024, 26.5284844 ], [ 90.9571751, 26.5304198 ], [ 90.9571194, 26.5304646 ], [ 90.955624, 26.531666 ], [ 90.95238, 26.531609 ], [ 90.9503811, 26.5322467 ], [ 90.9488789, 26.5340581 ], [ 90.9488634, 26.5340967 ], [ 90.9476439, 26.5371305 ], [ 90.9474888, 26.5389898 ], [ 90.9474334, 26.5390124 ], [ 90.9466494, 26.5393329 ], [ 90.9455867, 26.5398339 ], [ 90.9447524, 26.5393236 ], [ 90.9429749, 26.5379551 ], [ 90.9410412, 26.5375217 ], [ 90.9378286, 26.5387418 ], [ 90.9371155, 26.5393792 ], [ 90.9363618, 26.5400529 ], [ 90.9363583, 26.5400953 ], [ 90.9362065, 26.5419122 ], [ 90.9374404, 26.5433899 ], [ 90.940349, 26.5459589 ], [ 90.9408804, 26.5462134 ], [ 90.9412624, 26.5463964 ], [ 90.9408873, 26.54634 ], [ 90.9408857, 26.5463397 ], [ 90.9412012, 26.5464903 ], [ 90.9421011, 26.5469213 ], [ 90.9449111, 26.5474354 ], [ 90.9457778, 26.5472013 ], [ 90.9484624, 26.5464759 ] ] ] } },
{ "type": "Feature", "properties": { "gpcode": "105651", "gpname": "PASCHIM HOWLY", "dtname": "Barpeta", "stname": "ASSAM", "sdtname": "Barnagar (Pt)", "blkname": "CHAKCHAKA", "expected_mm": 16.7, "likely_min_mm": 16.6, "likely_max_mm": 16.7, "tmax_c": 32.5, "tmin_c": 24.9, "temp_c": 28.7, "rh_pct": 92.5, "wind_kph": 11.4, "heat_stress_level": "NONE", "disease_risk_flag": false, "ragi_stage": "vegetative", "paddy_stage": "vegetative", "forecast_date": "2026-09-10", "timestamp_utc": "2026-09-28T15:52:05Z" }, "geometry": { "type": "MultiPolygon", "coordinates": [ [ [ [ 90.9580331, 26.4681517 ], [ 90.9580804, 26.4674847 ], [ 90.9580762, 26.4673186 ], [ 90.9580708, 26.4671079 ], [ 90.9580559, 26.4665165 ], [ 90.9581509, 26.465828 ], [ 90.9583426, 26.4654065 ], [ 90.9586527, 26.4649545 ], [ 90.9589151, 26.4646532 ], [ 90.9597743, 26.4640287 ], [ 90.9601799, 26.4636627 ], [ 90.9602991, 26.463383 ], [ 90.9602988, 26.4629957 ], [ 90.9601803, 26.4626584 ], [ 90.9588313, 26.4618963 ], [ 90.9587758, 26.4618649 ], [ 90.9585098, 26.4615221 ], [ 90.9584844, 26.4609851 ], [ 90.9581732, 26.460358 ], [ 90.9576714, 26.4598438 ], [ 90.956959, 26.4591763 ], [ 90.9562165, 26.4586396 ], [ 90.9553791, 26.4584235 ], [ 90.9544517, 26.4585322 ], [ 90.9540727, 26.4587289 ], [ 90.9534944, 26.4590292 ], [ 90.9527776, 26.4595034 ], [ 90.9522313, 26.4597158 ], [ 90.9517299, 26.459716 ], [ 90.9510128, 26.4595449 ], [ 90.9499599, 26.4595228 ], [ 90.9490774, 26.4594375 ], [ 90.9483151, 26.4592032 ], [ 90.9482649, 26.459186 ], [ 90.948169, 26.4591531 ], [ 90.947934, 26.4590725 ], [ 90.9477633, 26.4588605 ], [ 90.9473321, 26.4586215 ], [ 90.9470962, 26.4582335 ], [ 90.94683, 26.45748 ], [ 90.9466391, 26.4568573 ], [ 90.9467842, 26.4563427 ], [ 90.9473103, 26.4557198 ], [ 90.9477613, 26.4554172 ], [ 90.947977, 26.4554577 ], [ 90.9481225, 26.455611 ], [ 90.9484334, 26.4557598 ], [ 90.9486941, 26.4558048 ], [ 90.948935, 26.4559988 ], [ 90.9490503, 26.4561702 ], [ 90.9490505, 26.45645 ], [ 90.9492662, 26.4567477 ], [ 90.9492915, 26.4571133 ], [ 90.9493369, 26.4574111 ], [ 90.9495977, 26.4576502 ], [ 90.9501494, 26.4579071 ], [ 90.9504535, 26.4579695 ], [ 90.9504728, 26.4579917 ], [ 90.9504928, 26.4579776 ], [ 90.9505544, 26.4579902 ], [ 90.9506759, 26.4580151 ], [ 90.9508414, 26.4580151 ], [ 90.9514378, 26.4577756 ], [ 90.9519842, 26.4574549 ], [ 90.9525741, 26.4571504 ], [ 90.953157, 26.4568496 ], [ 90.9541094, 26.4563752 ], [ 90.9549415, 26.4561898 ], [ 90.9552472, 26.4560181 ], [ 90.9557032, 26.4557155 ], [ 90.9563948, 26.4552412 ], [ 90.9568491, 26.4549526 ], [ 90.9568709, 26.4549387 ], [ 90.9576579, 26.4548119 ], [ 90.9580893, 26.4548974 ], [ 90.9586158, 26.4551543 ], [ 90.9590223, 26.4556505 ], [ 90.9590476, 26.4560341 ], [ 90.9588574, 26.456508 ], [ 90.9585771, 26.4569419 ], [ 90.9585219, 26.4570273 ], [ 90.9584519, 26.457456 ], [ 90.9585927, 26.4579704 ], [ 90.9588596, 26.4583643 ], [ 90.958929, 26.4584667 ], [ 90.9592399, 26.458683 ], [ 90.959596, 26.4587686 ], [ 90.9602427, 26.4587232 ], [ 90.9613158, 26.4587451 ], [ 90.961767, 26.458808 ], [ 90.9621734, 26.4591102 ], [ 90.9630113, 26.459904 ], [ 90.9635378, 26.4600976 ], [ 90.9644205, 26.4603363 ], [ 90.9651374, 26.4602908 ], [ 90.9660195, 26.4599021 ], [ 90.9663803, 26.4595229 ], [ 90.9665205, 26.4592249 ], [ 90.9665452, 26.458751 ], [ 90.9664045, 26.4583631 ], [ 90.9660182, 26.4580383 ], [ 90.9651605, 26.4576327 ], [ 90.9648253, 26.457412 ], [ 90.964373, 26.4571142 ], [ 90.9638462, 26.4566632 ], [ 90.9636553, 26.4561714 ], [ 90.9636348, 26.4555576 ], [ 90.9640154, 26.4550158 ], [ 90.9643009, 26.4545644 ], [ 90.9643708, 26.4540904 ], [ 90.9641349, 26.4537476 ], [ 90.9637737, 26.4535132 ], [ 90.9633674, 26.453342 ], [ 90.962916, 26.4529722 ], [ 90.9614564, 26.4521562 ], [ 90.9611802, 26.4519901 ], [ 90.9611678, 26.4518782 ], [ 90.9610963, 26.4519396 ], [ 90.960669, 26.4516827 ], [ 90.9598113, 26.4510198 ], [ 90.9594298, 26.4505236 ], [ 90.9589982, 26.4497657 ], [ 90.9585713, 26.4485384 ], [ 90.958355, 26.4475908 ], [ 90.95852, 26.4469679 ], [ 90.9590658, 26.4460335 ], [ 90.9592811, 26.4455821 ], [ 90.9592357, 26.4452166 ], [ 90.9588292, 26.4445715 ], [ 90.9583025, 26.4439896 ], [ 90.9572742, 26.4433674 ], [ 90.9567978, 26.4430246 ], [ 90.9566071, 26.4426772 ], [ 90.9564613, 26.4422035 ], [ 90.9562655, 26.4417206 ], [ 90.955884, 26.440904 ], [ 90.9559788, 26.440236 ], [ 90.9561941, 26.4398073 ], [ 90.9569357, 26.439333 ], [ 90.9580082, 26.4388405 ], [ 90.9585092, 26.4383843 ], [ 90.9590602, 26.4378471 ], [ 90.9593909, 26.4376753 ], [ 90.9597969, 26.4376752 ], [ 90.9602533, 26.4378464 ], [ 90.9612963, 26.438288 ], [ 90.9620134, 26.4386306 ], [ 90.96262, 26.4389252 ], [ 90.9637653, 26.4360786 ], [ 90.9656002, 26.4276632 ], [ 90.9656124, 26.4276068 ], [ 90.9655177, 26.4276776 ], [ 90.9623916, 26.4305018 ], [ 90.9611171, 26.4315931 ], [ 90.9593305, 26.4331507 ], [ 90.9592365, 26.4332326 ], [ 90.9588101, 26.4336043 ], [ 90.9564738, 26.4357718 ], [ 90.9542385, 26.4376238 ], [ 90.9516941, 26.4398478 ], [ 90.9516277, 26.4399058 ], [ 90.9511851, 26.4402927 ], [ 90.9497962, 26.4415459 ], [ 90.9482797, 26.442808 ], [ 90.9455637, 26.4450404 ], [ 90.9452366, 26.4452806 ], [ 90.9451574, 26.4453388 ], [ 90.9435925, 26.4464884 ], [ 90.9408691, 26.4481433 ], [ 90.9376453, 26.4499488 ], [ 90.9368423, 26.4503513 ], [ 90.9367697, 26.4503877 ], [ 90.9367801, 26.4504452 ], [ 90.9370547, 26.4519646 ], [ 90.937224, 26.4523001 ], [ 90.9377605, 26.4524206 ], [ 90.9384899, 26.4523379 ], [ 90.9389512, 26.4524003 ], [ 90.9394415, 26.4527964 ], [ 90.9394074, 26.45362 ], [ 90.9386227, 26.4546858 ], [ 90.9381784, 26.4556328 ], [ 90.938206, 26.4563574 ], [ 90.9387755, 26.457265 ], [ 90.9398744, 26.4581384 ], [ 90.9410467, 26.4583812 ], [ 90.9418681, 26.4589555 ], [ 90.9426306, 26.4596601 ], [ 90.9441739, 26.4623477 ], [ 90.9434998, 26.4630527 ], [ 90.9432806, 26.4637629 ], [ 90.9432145, 26.4646203 ], [ 90.9428853, 26.4652752 ], [ 90.9413351, 26.4680369 ], [ 90.9411214, 26.4691145 ], [ 90.9413589, 26.4690127 ], [ 90.9418509, 26.4686474 ], [ 90.942782, 26.4683673 ], [ 90.9437848, 26.4682162 ], [ 90.9446206, 26.4683664 ], [ 90.9463124, 26.4689871 ], [ 90.9472677, 26.4693093 ], [ 90.948056, 26.4698253 ], [ 90.948653, 26.4699757 ], [ 90.9497516, 26.4702764 ], [ 90.9510891, 26.4708136 ], [ 90.9522355, 26.4711142 ], [ 90.9528862, 26.4710642 ], [ 90.9536443, 26.4710059 ], [ 90.9549097, 26.4708116 ], [ 90.9559298, 26.4705238 ], [ 90.9560557, 26.4704883 ], [ 90.9566762, 26.4701007 ], [ 90.9572699, 26.4694861 ], [ 90.957747, 26.4688189 ], [ 90.9580331, 26.4681517 ] ] ], [ [ [ 90.9421686, 26.5039318 ], [ 90.9451468, 26.5045763 ], [ 90.9465047, 26.505073 ], [ 90.946815, 26.501508 ], [ 90.9467738, 26.4972466 ], [ 90.94649, 26.4942205 ], [ 90.9456217, 26.4909995 ], [ 90.9441525, 26.4870145 ], [ 90.9427517, 26.4872548 ], [ 90.9411206, 26.4866581 ], [ 90.9398036, 26.4860393 ], [ 90.939248, 26.4860071 ], [ 90.9387361, 26.4873938 ], [ 90.9384597, 26.4887639 ], [ 90.936357, 26.4936744 ], [ 90.9356951, 26.4960669 ], [ 90.9340361, 26.4988139 ], [ 90.9339822, 26.4988204 ], [ 90.9336635, 26.5023942 ], [ 90.9339426, 26.5037965 ], [ 90.935635, 26.5051001 ], [ 90.9368432, 26.5053709 ], [ 90.9385154, 26.504614 ], [ 90.9405199, 26.5040472 ], [ 90.9421686, 26.5039318 ] ] ] ] } },
{ "type": "Feature", "properties": { "gpcode": "105653", "gpname": "PAZARBHANGA", "dtname": "Barpeta", "stname": "ASSAM", "sdtname": "Barpeta", "blkname": "GOMAPHULBARI", "expected_mm": 15.7, "likely_min_mm": 14.8, "likely_max_mm": 16.2, "tmax_c": 32.0, "tmin_c": 25.0, "temp_c": 28.5, "rh_pct": 93.8, "wind_kph": 10.7, "heat_stress_level": "NONE", "disease_risk_flag": false, "ragi_stage": "vegetative", "paddy_stage": "vegetative", "forecast_date": "2026-09-10", "timestamp_utc": "2026-09-28T15:52:05Z" }, "geometry": { "type": "Polygon", "coordinates": [ [ [ 91.0786517, 26.2781181 ], [ 91.078761, 26.277887 ], [ 91.0789325, 26.2777002 ], [ 91.0791201, 26.2775022 ], [ 91.0793764, 26.2771144 ], [ 91.079534, 26.2767696 ], [ 91.0797986, 26.2762051 ], [ 91.0797589, 26.2760955 ], [ 91.079578, 26.2753282 ], [ 91.0795359, 26.2743252 ], [ 91.0795805, 26.2740552 ], [ 91.0796902, 26.2740063 ], [ 91.0804596, 26.2739367 ], [ 91.0803101, 26.2736259 ], [ 91.0795544, 26.2722731 ], [ 91.0790279, 26.2714583 ], [ 91.0787898, 26.2712083 ], [ 91.0781131, 26.2707456 ], [ 91.0776718, 26.2704592 ], [ 91.0783752, 26.2654791 ], [ 91.0783256, 26.2631568 ], [ 91.077917, 26.2616574 ], [ 91.0765443, 26.2589913 ], [ 91.0766797, 26.2589352 ], [ 91.0771789, 26.2587868 ], [ 91.0776364, 26.2586824 ], [ 91.0784145, 26.2583397 ], [ 91.0791379, 26.2580214 ], [ 91.0798636, 26.2576002 ], [ 91.0801397, 26.2573757 ], [ 91.0804586, 26.2571164 ], [ 91.0808876, 26.2566855 ], [ 91.0810674, 26.2565291 ], [ 91.0813112, 26.2561934 ], [ 91.0814414, 26.2559326 ], [ 91.0817491, 26.2558301 ], [ 91.0822754, 26.255731 ], [ 91.0825311, 26.2556616 ], [ 91.0828252, 26.2556407 ], [ 91.083008, 26.2556482 ], [ 91.0831125, 26.2556715 ], [ 91.0832615, 26.2558149 ], [ 91.0833127, 26.2561399 ], [ 91.0834373, 26.2566546 ], [ 91.083599, 26.2569409 ], [ 91.08381, 26.2571414 ], [ 91.0839921, 26.2572722 ], [ 91.084278, 26.2573663 ], [ 91.084278, 26.2573663 ], [ 91.084687, 26.2550332 ], [ 91.0849997, 26.2531471 ], [ 91.0852764, 26.251495 ], [ 91.0855444, 26.2497477 ], [ 91.0858882, 26.2481675 ], [ 91.0860639, 26.2473596 ], [ 91.0862775, 26.2466815 ], [ 91.08633, 26.2465551 ], [ 91.0863702, 26.2465124 ], [ 91.0864112, 26.2464962 ], [ 91.0864294, 26.246489 ], [ 91.0873879, 26.2463663 ], [ 91.0885692, 26.2462104 ], [ 91.0894682, 26.2459853 ], [ 91.0897066, 26.2459256 ], [ 91.0895338, 26.2458909 ], [ 91.0895243, 26.245889 ], [ 91.0894207, 26.2456479 ], [ 91.089473, 26.2449858 ], [ 91.0897964, 26.2436461 ], [ 91.0903322, 26.2414414 ], [ 91.0904892, 26.2410327 ], [ 91.0905962, 26.2398948 ], [ 91.0906186, 26.2395206 ], [ 91.0907799, 26.2391613 ], [ 91.0914266, 26.23837 ], [ 91.0921605, 26.2374731 ], [ 91.0935035, 26.2361659 ], [ 91.0943652, 26.235471 ], [ 91.0948553, 26.2347778 ], [ 91.0951444, 26.2341487 ], [ 91.0952974, 26.232908 ], [ 91.095516, 26.2313148 ], [ 91.0955197, 26.2302642 ], [ 91.0955306, 26.2292612 ], [ 91.0955382, 26.2285591 ], [ 91.0949101, 26.2286194 ], [ 91.0902468, 26.2283355 ], [ 91.085812, 26.2275427 ], [ 91.0807703, 26.2251936 ], [ 91.080701, 26.2251613 ], [ 91.0801946, 26.2249253 ], [ 91.0730792, 26.2215521 ], [ 91.0697383, 26.2200039 ], [ 91.0675889, 26.2196024 ], [ 91.0664262, 26.2198305 ], [ 91.0663605, 26.2198434 ], [ 91.0661135, 26.2198919 ], [ 91.0644019, 26.2207045 ], [ 91.0611375, 26.220813 ], [ 91.0594679, 26.220439 ], [ 91.0580732, 26.2193066 ], [ 91.05804, 26.2193081 ], [ 91.0559616, 26.2194046 ], [ 91.0558835, 26.2194082 ], [ 91.0555599, 26.2194232 ], [ 91.0509428, 26.2212283 ], [ 91.0473919, 26.2243121 ], [ 91.0450974, 26.2265596 ], [ 91.0450279, 26.2266276 ], [ 91.0450319, 26.2266539 ], [ 91.0453785, 26.228979 ], [ 91.0454465, 26.2292847 ], [ 91.0455845, 26.2299208 ], [ 91.0455497, 26.2304698 ], [ 91.0454825, 26.2311205 ], [ 91.0454567, 26.2319298 ], [ 91.0456549, 26.2332572 ], [ 91.0459873, 26.2342273 ], [ 91.0464606, 26.2352372 ], [ 91.04677, 26.2356926 ], [ 91.0471385, 26.2362351 ], [ 91.0481785, 26.237267 ], [ 91.0492102, 26.2378894 ], [ 91.0503479, 26.2383057 ], [ 91.0518262, 26.2385239 ], [ 91.0531069, 26.2388429 ], [ 91.0543825, 26.2392618 ], [ 91.0551005, 26.2393453 ], [ 91.0563848, 26.2393908 ], [ 91.0572555, 26.2394284 ], [ 91.0572628, 26.2394297 ], [ 91.0572628, 26.2394298 ], [ 91.057233, 26.2402683 ], [ 91.0572471, 26.2408217 ], [ 91.0572965, 26.2415214 ], [ 91.057481, 26.2427257 ], [ 91.0574817, 26.2427299 ], [ 91.0575701, 26.2434834 ], [ 91.0579188, 26.245138 ], [ 91.058068, 26.2458049 ], [ 91.0582476, 26.2464287 ], [ 91.0583571, 26.2472936 ], [ 91.0584646, 26.2481435 ], [ 91.0585005, 26.2495987 ], [ 91.0586166, 26.2506685 ], [ 91.0587657, 26.2517256 ], [ 91.0587648, 26.2518641 ], [ 91.0587598, 26.2525552 ], [ 91.059278, 26.2524883 ], [ 91.0596893, 26.252377 ], [ 91.0601596, 26.2521589 ], [ 91.060738, 26.2520049 ], [ 91.0612048, 26.2517459 ], [ 91.0621154, 26.251427 ], [ 91.0628554, 26.2511692 ], [ 91.0633987, 26.250874 ], [ 91.0636534, 26.250757 ], [ 91.0637159, 26.2507283 ], [ 91.0643258, 26.2506914 ], [ 91.0643259, 26.2506914 ], [ 91.064317, 26.2506998 ], [ 91.0642616, 26.2519583 ], [ 91.0642163, 26.2530173 ], [ 91.0639028, 26.2541574 ], [ 91.0639803, 26.2550462 ], [ 91.06442, 26.2567754 ], [ 91.0646375, 26.2575302 ], [ 91.0654163, 26.259512 ], [ 91.0658249, 26.2610404 ], [ 91.0658712, 26.2615712 ], [ 91.065825, 26.2621458 ], [ 91.0657365, 26.2623234 ], [ 91.0655555, 26.2626867 ], [ 91.0640398, 26.2639369 ], [ 91.0623871, 26.2651969 ], [ 91.0611955, 26.2659025 ], [ 91.0599455, 26.2665211 ], [ 91.0597941, 26.2665868 ], [ 91.059312, 26.2667958 ], [ 91.0586931, 26.2669638 ], [ 91.0583605, 26.2670184 ], [ 91.0580925, 26.2670251 ], [ 91.0579197, 26.266938 ], [ 91.05693, 26.2661697 ], [ 91.0566306, 26.2659736 ], [ 91.0565105, 26.2659385 ], [ 91.0562489, 26.2659385 ], [ 91.0560957, 26.2659808 ], [ 91.0560673, 26.2659886 ], [ 91.0557798, 26.266245 ], [ 91.0550776, 26.2671146 ], [ 91.0540952, 26.2683486 ], [ 91.0532179, 26.2695784 ], [ 91.0530275, 26.2699211 ], [ 91.0529541, 26.2701721 ], [ 91.0527993, 26.2707011 ], [ 91.0523507, 26.2714782 ], [ 91.0521247, 26.2721109 ], [ 91.0519079, 26.2733036 ], [ 91.051908, 26.2733036 ], [ 91.0529725, 26.2734704 ], [ 91.0530916, 26.273494 ], [ 91.0535457, 26.2735838 ], [ 91.0538599, 26.2736642 ], [ 91.0540011, 26.2737157 ], [ 91.0540994, 26.2737345 ], [ 91.0542047, 26.2737013 ], [ 91.0544391, 26.2734537 ], [ 91.0545125, 26.2733818 ], [ 91.0546173, 26.2733436 ], [ 91.0547652, 26.2733434 ], [ 91.0551701, 26.273484 ], [ 91.0555097, 26.2735935 ], [ 91.055778, 26.2737335 ], [ 91.0563176, 26.2741359 ], [ 91.0566496, 26.2743536 ], [ 91.0567968, 26.2744099 ], [ 91.0570392, 26.2744491 ], [ 91.0572781, 26.2744476 ], [ 91.0575017, 26.274401 ], [ 91.0577885, 26.2742318 ], [ 91.058369, 26.2738417 ], [ 91.0587047, 26.273515 ], [ 91.0589761, 26.2731835 ], [ 91.0590929, 26.2730212 ], [ 91.0592444, 26.2728668 ], [ 91.0593318, 26.2728246 ], [ 91.0594062, 26.2728296 ], [ 91.0597325, 26.2730477 ], [ 91.0606905, 26.2736211 ], [ 91.0616742, 26.2743142 ], [ 91.0617031, 26.2743346 ], [ 91.0634309, 26.2753704 ], [ 91.0643245, 26.2759588 ], [ 91.0647318, 26.27621 ], [ 91.0650806, 26.2763598 ], [ 91.0665281, 26.2769038 ], [ 91.0677753, 26.2773839 ], [ 91.0685499, 26.2776522 ], [ 91.0693089, 26.2779371 ], [ 91.0695837, 26.2779878 ], [ 91.0705516, 26.2780387 ], [ 91.0713274, 26.2780796 ], [ 91.072996, 26.2782383 ], [ 91.0743174, 26.2784473 ], [ 91.0751123, 26.2785884 ], [ 91.0752872, 26.2786042 ], [ 91.0753778, 26.2785977 ], [ 91.0754443, 26.2785776 ], [ 91.075512, 26.2785061 ], [ 91.0755951, 26.2782847 ], [ 91.0756674, 26.2781358 ], [ 91.07571, 26.2781019 ], [ 91.075895, 26.278135 ], [ 91.0765039, 26.2782662 ], [ 91.0765569, 26.278283 ], [ 91.0768592, 26.2783789 ], [ 91.0775421, 26.278705 ], [ 91.0779127, 26.2788429 ], [ 91.0780577, 26.2788737 ], [ 91.0781896, 26.2788849 ], [ 91.0783047, 26.2788357 ], [ 91.0784554, 26.278671 ], [ 91.0785658, 26.2784373 ], [ 91.0786517, 26.2781181 ] ] ] } },
{ "type": "Feature", "properties": { "gpcode": "105654", "gpname": "DONGRA", "dtname": "Barpeta", "stname": "ASSAM", "sdtname": "Barpeta", "blkname": "GOMAPHULBARI", "expected_mm": 16.4, "likely_min_mm": 16.0, "likely_max_mm": 16.5, "tmax_c": 32.1, "tmin_c": 25.0, "temp_c": 28.6, "rh_pct": 94.0, "wind_kph": 11.0, "heat_stress_level": "NONE", "disease_risk_flag": false, "ragi_stage": "vegetative", "paddy_stage": "vegetative", "forecast_date": "2026-09-10", "timestamp_utc": "2026-09-28T15:52:05Z" }, "geometry": { "type": "MultiPolygon", "coordinates": [ [ [ [ 91.0390301, 26.2533473 ], [ 91.0402224, 26.2534476 ], [ 91.0423182, 26.2537305 ], [ 91.0426358, 26.2537728 ], [ 91.0426359, 26.2537729 ], [ 91.0427213, 26.253078 ], [ 91.0431711, 26.2506648 ], [ 91.0435132, 26.2493676 ], [ 91.0435751, 26.2490348 ], [ 91.0436177, 26.2484775 ], [ 91.0436037, 26.2475341 ], [ 91.043564, 26.2471553 ], [ 91.0435578, 26.2470966 ], [ 91.0435149, 26.2469303 ], [ 91.0434404, 26.2467039 ], [ 91.0426157, 26.2448121 ], [ 91.0415481, 26.2429866 ], [ 91.0408291, 26.2417853 ], [ 91.0407222, 26.2413412 ], [ 91.0407562, 26.2409487 ], [ 91.0408621, 26.240703 ], [ 91.0410565, 26.2404533 ], [ 91.0417203, 26.2399751 ], [ 91.0424851, 26.2396129 ], [ 91.0429421, 26.2392419 ], [ 91.0432564, 26.2389322 ], [ 91.0436902, 26.2382959 ], [ 91.0437119, 26.2382815 ], [ 91.043712, 26.2382815 ], [ 91.0445078, 26.2377555 ], [ 91.0456118, 26.2370036 ], [ 91.0460747, 26.2365705 ], [ 91.04677, 26.2356926 ], [ 91.0464606, 26.2352372 ], [ 91.0459873, 26.2342273 ], [ 91.0456549, 26.2332572 ], [ 91.0454567, 26.2319298 ], [ 91.0454825, 26.2311205 ], [ 91.0455497, 26.2304698 ], [ 91.0455845, 26.2299208 ], [ 91.0454465, 26.2292847 ], [ 91.0453785, 26.228979 ], [ 91.0450319, 26.2266539 ], [ 91.0450279, 26.2266276 ], [ 91.0430554, 26.2285596 ], [ 91.0366026, 26.2249532 ], [ 91.0333231, 26.2225379 ], [ 91.0331953, 26.2224596 ], [ 91.0331765, 26.222448 ], [ 91.0322287, 26.2218672 ], [ 91.0321642, 26.2218276 ], [ 91.0321633, 26.2219615 ], [ 91.0321597, 26.2224864 ], [ 91.032228, 26.2231429 ], [ 91.0322438, 26.2233946 ], [ 91.0323166, 26.2245532 ], [ 91.0324502, 26.2258269 ], [ 91.0325726, 26.2264509 ], [ 91.0325828, 26.2266929 ], [ 91.0326152, 26.2274641 ], [ 91.0327585, 26.2283264 ], [ 91.0329403, 26.2297665 ], [ 91.0329236, 26.2306196 ], [ 91.0329566, 26.2311305 ], [ 91.033227, 26.2320147 ], [ 91.0334394, 26.2331493 ], [ 91.0335398, 26.2343022 ], [ 91.0335208, 26.2356405 ], [ 91.0334051, 26.2356411 ], [ 91.0312376, 26.2358356 ], [ 91.0285907, 26.2359093 ], [ 91.0272818, 26.2408944 ], [ 91.0258066, 26.2466575 ], [ 91.0258052, 26.2466629 ], [ 91.0257863, 26.2467432 ], [ 91.0251076, 26.2496205 ], [ 91.0250832, 26.249724 ], [ 91.0272372, 26.2502146 ], [ 91.0280015, 26.2503658 ], [ 91.0299841, 26.2506568 ], [ 91.0305585, 26.2507188 ], [ 91.0314186, 26.2509249 ], [ 91.03204, 26.2510041 ], [ 91.0332342, 26.2511916 ], [ 91.0334675, 26.2512573 ], [ 91.0335782, 26.2513521 ], [ 91.0337066, 26.2516509 ], [ 91.0340618, 26.2527243 ], [ 91.034231, 26.252969 ], [ 91.0344036, 26.2531211 ], [ 91.0347101, 26.2532431 ], [ 91.0357154, 26.2534184 ], [ 91.0370916, 26.25367 ], [ 91.0380699, 26.2537958 ], [ 91.038505, 26.2538266 ], [ 91.0386846, 26.2538234 ], [ 91.0387716, 26.2537762 ], [ 91.0388104, 26.2535682 ], [ 91.0388354, 26.2534637 ], [ 91.0388657, 26.2534205 ], [ 91.0389074, 26.2533765 ], [ 91.0390301, 26.2533473 ] ] ], [ [ [ 91.0411844, 26.2742541 ], [ 91.041743, 26.2742659 ], [ 91.0420232, 26.2742152 ], [ 91.0423143, 26.2740304 ], [ 91.0429022, 26.2733318 ], [ 91.0432721, 26.2730217 ], [ 91.0437268, 26.2727535 ], [ 91.0439822, 26.2725507 ], [ 91.0441534, 26.2724256 ], [ 91.0445953, 26.2718811 ], [ 91.044931, 26.2712928 ], [ 91.0452547, 26.2708527 ], [ 91.0455891, 26.2705108 ], [ 91.0465698, 26.2696201 ], [ 91.0470631, 26.2691437 ], [ 91.0473999, 26.2686991 ], [ 91.047785, 26.2680251 ], [ 91.0478951, 26.2678531 ], [ 91.0480524, 26.2676982 ], [ 91.0481524, 26.2676706 ], [ 91.0485387, 26.2676638 ], [ 91.0493601, 26.2676877 ], [ 91.0507666, 26.267896 ], [ 91.0519591, 26.2681297 ], [ 91.0525806, 26.2682088 ], [ 91.052804, 26.2683164 ], [ 91.0529191, 26.2684623 ], [ 91.0529126, 26.269171 ], [ 91.0529541, 26.2701719 ], [ 91.0529541, 26.2701721 ], [ 91.0530275, 26.2699211 ], [ 91.0532179, 26.2695784 ], [ 91.0540952, 26.2683486 ], [ 91.0550776, 26.2671146 ], [ 91.0557798, 26.266245 ], [ 91.0560673, 26.2659886 ], [ 91.0560957, 26.2659808 ], [ 91.0553901, 26.2655237 ], [ 91.0551368, 26.2654904 ], [ 91.0543728, 26.2654727 ], [ 91.0532261, 26.2655026 ], [ 91.0504341, 26.265526 ], [ 91.0480361, 26.2655624 ], [ 91.0464578, 26.2656025 ], [ 91.0455087, 26.2656799 ], [ 91.0434319, 26.2657449 ], [ 91.0411313, 26.265723 ], [ 91.0402349, 26.2656977 ], [ 91.0399513, 26.2631974 ], [ 91.0391556, 26.2632529 ], [ 91.0366897, 26.2631606 ], [ 91.0336547, 26.2630674 ], [ 91.0305828, 26.2628125 ], [ 91.0288788, 26.2625841 ], [ 91.0276766, 26.2624072 ], [ 91.0276241, 26.2615027 ], [ 91.0272359, 26.2604421 ], [ 91.0258623, 26.258621 ], [ 91.0256024, 26.2592365 ], [ 91.0188043, 26.258732 ], [ 91.0139505, 26.2588572 ], [ 91.011399, 26.2585449 ], [ 91.0112756, 26.2585517 ], [ 91.0112024, 26.2585556 ], [ 91.0075964, 26.2587518 ], [ 91.0068712, 26.2584257 ], [ 91.0068022, 26.2583947 ], [ 91.0062993, 26.2581685 ], [ 91.0061765, 26.2581133 ], [ 91.0061019, 26.2581019 ], [ 91.0047937, 26.2579031 ], [ 91.0019204, 26.2585983 ], [ 90.9987599, 26.2591291 ], [ 90.9972693, 26.2600346 ], [ 90.9957374, 26.2612507 ], [ 90.9956186, 26.2614156 ], [ 90.9955524, 26.2615074 ], [ 90.9938026, 26.2639359 ], [ 90.9937347, 26.2640301 ], [ 90.9937278, 26.2640397 ], [ 90.9929824, 26.2680322 ], [ 90.9930424, 26.2702807 ], [ 90.993043, 26.2703057 ], [ 90.993068, 26.2703285 ], [ 90.995488, 26.2725344 ], [ 90.9969423, 26.2751406 ], [ 90.9980203, 26.2773424 ], [ 90.9985759, 26.279027 ], [ 90.9991983, 26.2803293 ], [ 90.9992144, 26.2803629 ], [ 90.999743, 26.2814687 ], [ 90.9990373, 26.2842478 ], [ 90.9993363, 26.2853349 ], [ 91.0007386, 26.2871353 ], [ 91.0008261, 26.2872476 ], [ 91.0083753, 26.2881463 ], [ 91.0084999, 26.2881837 ], [ 91.0085787, 26.2880379 ], [ 91.009013, 26.2881088 ], [ 91.01036, 26.2880545 ], [ 91.0114352, 26.2880271 ], [ 91.0117088, 26.2880201 ], [ 91.012659, 26.2880093 ], [ 91.0123265, 26.286258 ], [ 91.0122393, 26.2856483 ], [ 91.0121887, 26.2848443 ], [ 91.0121872, 26.2845098 ], [ 91.0121804, 26.2829153 ], [ 91.0119172, 26.2806673 ], [ 91.0119262, 26.2776284 ], [ 91.0121025, 26.2749392 ], [ 91.012716, 26.2750947 ], [ 91.0128571, 26.2751304 ], [ 91.0134545, 26.2754578 ], [ 91.0141815, 26.2760182 ], [ 91.0142596, 26.2760784 ], [ 91.0155473, 26.2770139 ], [ 91.0164191, 26.2777183 ], [ 91.0162622, 26.2768667 ], [ 91.0161771, 26.2764055 ], [ 91.0161843, 26.2761002 ], [ 91.0162928, 26.2755338 ], [ 91.0164588, 26.2748516 ], [ 91.0165918, 26.2745679 ], [ 91.0168393, 26.2743066 ], [ 91.0179982, 26.2735136 ], [ 91.0190514, 26.2729313 ], [ 91.0195034, 26.2728181 ], [ 91.0198271, 26.272785 ], [ 91.0209598, 26.2728574 ], [ 91.0221562, 26.2729435 ], [ 91.0238558, 26.2731891 ], [ 91.026838, 26.2735471 ], [ 91.0269749, 26.2735631 ], [ 91.0275435, 26.2736294 ], [ 91.0286762, 26.2737017 ], [ 91.028817, 26.2737819 ], [ 91.0290062, 26.2741444 ], [ 91.0291199, 26.2746748 ], [ 91.0291823, 26.2753917 ], [ 91.0291257, 26.2765538 ], [ 91.0291569, 26.2777232 ], [ 91.0291475, 26.2782623 ], [ 91.0293054, 26.2794295 ], [ 91.029381, 26.2797798 ], [ 91.0295622, 26.2800514 ], [ 91.0297935, 26.2802484 ], [ 91.0306419, 26.2808081 ], [ 91.0315431, 26.2814554 ], [ 91.0326183, 26.2821616 ], [ 91.0332488, 26.2826758 ], [ 91.0335942, 26.2831491 ], [ 91.0336748, 26.2834278 ], [ 91.0336978, 26.2839473 ], [ 91.0337745, 26.2852186 ], [ 91.0339018, 26.2873259 ], [ 91.034035, 26.2892201 ], [ 91.0340519, 26.2892233 ], [ 91.0347825, 26.2893342 ], [ 91.0351702, 26.289388 ], [ 91.0362541, 26.2894524 ], [ 91.0384112, 26.2896452 ], [ 91.0398551, 26.2897097 ], [ 91.0398973, 26.2890685 ], [ 91.0401583, 26.2876684 ], [ 91.0403449, 26.2862014 ], [ 91.0407662, 26.2848307 ], [ 91.0407738, 26.2847422 ], [ 91.0408556, 26.2837881 ], [ 91.0408194, 26.282856 ], [ 91.0408886, 26.2810632 ], [ 91.0409143, 26.2800657 ], [ 91.0409233, 26.2786386 ], [ 91.0410693, 26.2774702 ], [ 91.0410857, 26.2772461 ], [ 91.0411517, 26.2763469 ], [ 91.0411037, 26.2755376 ], [ 91.0405944, 26.2744398 ], [ 91.0408844, 26.274337 ], [ 91.0411844, 26.2742541 ] ] ] ] } },
{ "type": "Feature", "properties": { "gpcode": "105655", "gpname": "GUMA", "dtname": "Barpeta", "stname": "ASSAM", "sdtname": "Baghbor", "blkname": "MANDIA", "expected_mm": 16.5, "likely_min_mm": 16.3, "likely_max_mm": 16.8, "tmax_c": 32.2, "tmin_c": 25.0, "temp_c": 28.6, "rh_pct": 94.0, "wind_kph": 10.9, "heat_stress_level": "NONE", "disease_risk_flag": false, "ragi_stage": "vegetative", "paddy_stage": "vegetative", "forecast_date": "2026-09-10", "timestamp_utc": "2026-09-28T15:52:05Z" }, "geometry": { "type": "MultiPolygon", "coordinates": [ [ [ [ 91.0059788, 26.2065264 ], [ 91.0059778, 26.2065263 ], [ 91.0051093, 26.2061848 ], [ 91.0032538, 26.2055747 ], [ 91.0016937, 26.205302 ], [ 90.9993873, 26.2052553 ], [ 90.9968648, 26.2047727 ], [ 90.9951105, 26.2043003 ], [ 90.9933914, 26.2036159 ], [ 90.9916282, 26.2026285 ], [ 90.9892709, 26.2021985 ], [ 90.9874801, 26.2019221 ], [ 90.9858046, 26.2014046 ], [ 90.9858322, 26.2013373 ], [ 90.9865594, 26.1990333 ], [ 90.9865603, 26.1990302 ], [ 90.9866024, 26.1990316 ], [ 90.9935157, 26.1992501 ], [ 90.9970878, 26.1990569 ], [ 90.9979058, 26.1989204 ], [ 91.000754, 26.1984447 ], [ 91.0023003, 26.1984481 ], [ 91.0123765, 26.1984694 ], [ 91.0123765, 26.1984693 ], [ 91.0128621, 26.196203 ], [ 91.0161886, 26.1966178 ], [ 91.019026, 26.1890357 ], [ 91.0142589, 26.1897905 ], [ 91.0096371, 26.1904421 ], [ 91.0055733, 26.1910076 ], [ 91.0037769, 26.1910416 ], [ 91.0016669, 26.1916084 ], [ 90.9992015, 26.190773 ], [ 90.9990793, 26.1890941 ], [ 90.9943534, 26.1886114 ], [ 90.9877237, 26.1886124 ], [ 90.9815956, 26.1894331 ], [ 90.9754259, 26.1887793 ], [ 90.9708554, 26.1877017 ], [ 90.9667839, 26.1854228 ], [ 90.9666405, 26.1852259 ], [ 90.963609, 26.1874009 ], [ 90.9628736, 26.194321 ], [ 90.9628575, 26.1944728 ], [ 90.9623334, 26.1980431 ], [ 90.9614359, 26.2021774 ], [ 90.9614797, 26.2021811 ], [ 90.9614799, 26.2021806 ], [ 90.9614835, 26.2021814 ], [ 90.9664359, 26.2033862 ], [ 90.9709137, 26.2049432 ], [ 90.9742091, 26.2059477 ], [ 90.9769889, 26.2075365 ], [ 90.9795504, 26.2077447 ], [ 90.981206, 26.2081425 ], [ 90.9812617, 26.2081559 ], [ 90.9812618, 26.2081559 ], [ 90.9812619, 26.2081545 ], [ 90.9831498, 26.2084963 ], [ 90.9831755, 26.2085009 ], [ 90.9831839, 26.2085024 ], [ 90.9890155, 26.2092348 ], [ 90.9947072, 26.2098323 ], [ 90.9977877, 26.209965 ], [ 90.9979166, 26.2099706 ], [ 90.998111, 26.2099789 ], [ 91.0032825, 26.2101581 ], [ 91.0052308, 26.2104597 ], [ 91.006025, 26.2065272 ], [ 91.0059788, 26.2065264 ] ] ], [ [ [ 91.1368947, 26.1992305 ], [ 91.1333585, 26.2008826 ], [ 91.1315969, 26.2014165 ], [ 91.1304296, 26.2006252 ], [ 91.1295546, 26.2002213 ], [ 91.1289789, 26.2010204 ], [ 91.1280435, 26.2021367 ], [ 91.1271837, 26.2019066 ], [ 91.12616, 26.20128 ], [ 91.1255653, 26.2003895 ], [ 91.1251713, 26.1988432 ], [ 91.124269, 26.1973916 ], [ 91.1227757, 26.1965653 ], [ 91.1223379, 26.1952554 ], [ 91.1214204, 26.19363 ], [ 91.120503, 26.1920044 ], [ 91.1178679, 26.1890632 ], [ 91.1154524, 26.1865532 ], [ 91.1142751, 26.185646 ], [ 91.113233, 26.1855454 ], [ 91.1110835, 26.1868065 ], [ 91.1062149, 26.1887279 ], [ 91.1023509, 26.1895863 ], [ 91.0999763, 26.1897554 ], [ 91.0971357, 26.1890248 ], [ 91.096075, 26.1884665 ], [ 91.0938186, 26.1872785 ], [ 91.090441, 26.1848367 ], [ 91.0885175, 26.1835159 ], [ 91.0880007, 26.1842523 ], [ 91.0877187, 26.1861966 ], [ 91.0882135, 26.1889019 ], [ 91.0882827, 26.1933866 ], [ 91.0894345, 26.1940045 ], [ 91.093184, 26.1970028 ], [ 91.0967883, 26.1990786 ], [ 91.100114, 26.2001828 ], [ 91.1037201, 26.2008006 ], [ 91.1068196, 26.2022706 ], [ 91.109752, 26.2040442 ], [ 91.1129839, 26.2066412 ], [ 91.1169237, 26.2103253 ], [ 91.1197974, 26.2121611 ], [ 91.121686, 26.2130759 ], [ 91.1244499, 26.2143947 ], [ 91.1259617, 26.2147617 ], [ 91.1259651, 26.2147576 ], [ 91.129958, 26.2107646 ], [ 91.1333562, 26.2061843 ], [ 91.1379399, 26.1992105 ], [ 91.1379921, 26.1989771 ], [ 91.1368947, 26.1992305 ] ] ], [ [ [ 90.8705749, 26.2055817 ], [ 90.8700005, 26.20446 ], [ 90.8699931, 26.2027058 ], [ 90.8701627, 26.2006876 ], [ 90.8703453, 26.1986493 ], [ 90.8704623, 26.1952464 ], [ 90.8704623, 26.1952462 ], [ 90.8704599, 26.1952466 ], [ 90.8693004, 26.1954672 ], [ 90.8674943, 26.1959027 ], [ 90.864662, 26.195868 ], [ 90.8625411, 26.1961319 ], [ 90.8630396, 26.1977498 ], [ 90.8513861, 26.1971685 ], [ 90.8494151, 26.1970701 ], [ 90.8493936, 26.1973691 ], [ 90.8493368, 26.1981593 ], [ 90.8489232, 26.2063549 ], [ 90.8488322, 26.2080906 ], [ 90.8518454, 26.206731 ], [ 90.8537086, 26.2052079 ], [ 90.8539028, 26.2052937 ], [ 90.8619965, 26.2088689 ], [ 90.8621786, 26.2082025 ], [ 90.8630046, 26.207332 ], [ 90.8641074, 26.2054482 ], [ 90.8693103, 26.2056273 ], [ 90.8705749, 26.2055817 ] ] ], [ [ [ 91.0547335, 26.2052292 ], [ 91.0580337, 26.2008068 ], [ 91.0570812, 26.1999819 ], [ 91.0545432, 26.1995537 ], [ 91.0517774, 26.2000049 ], [ 91.0488597, 26.1992114 ], [ 91.0462395, 26.1983378 ], [ 91.0451414, 26.1988374 ], [ 91.0438882, 26.2009271 ], [ 91.0432395, 26.2025915 ], [ 91.0430072, 26.2047834 ], [ 91.043381, 26.2045802 ], [ 91.0440857, 26.2051783 ], [ 91.044587, 26.2064389 ], [ 91.0462609, 26.2076753 ], [ 91.0486125, 26.2084512 ], [ 91.0496997, 26.2081975 ], [ 91.0505633, 26.2083719 ], [ 91.0513175, 26.2087897 ], [ 91.0513142, 26.2094462 ], [ 91.052588, 26.2075588 ], [ 91.0547335, 26.2052292 ] ] ], [ [ [ 91.1300403, 26.2340434 ], [ 91.1291967, 26.2348687 ], [ 91.1286501, 26.2353116 ], [ 91.1275048, 26.2365896 ], [ 91.1269426, 26.2374337 ], [ 91.126657, 26.2378751 ], [ 91.1264625, 26.2383136 ], [ 91.1262629, 26.2388927 ], [ 91.1256473, 26.2400336 ], [ 91.1252939, 26.2406749 ], [ 91.1249139, 26.241662 ], [ 91.1247421, 26.2420979 ], [ 91.1244886, 26.2430349 ], [ 91.1241965, 26.2437855 ], [ 91.1241799, 26.2438411 ], [ 91.12418, 26.2438411 ], [ 91.1258159, 26.244666 ], [ 91.1274552, 26.2455142 ], [ 91.1288916, 26.2462176 ], [ 91.1294741, 26.2465028 ], [ 91.1304433, 26.2469778 ], [ 91.1321199, 26.2477587 ], [ 91.1326739, 26.2479758 ], [ 91.1337661, 26.2483598 ], [ 91.1350857, 26.2488857 ], [ 91.1357585, 26.2490944 ], [ 91.1371104, 26.249474 ], [ 91.137935, 26.2496615 ], [ 91.1387354, 26.2497687 ], [ 91.1394145, 26.2498434 ], [ 91.1394146, 26.2498434 ], [ 91.1396665, 26.2494086 ], [ 91.1401566, 26.248511 ], [ 91.1404809, 26.2480567 ], [ 91.1408385, 26.2477231 ], [ 91.1413312, 26.2471129 ], [ 91.1417215, 26.2466333 ], [ 91.141966, 26.2463861 ], [ 91.1422023, 26.2461471 ], [ 91.1423219, 26.2459538 ], [ 91.1423783, 26.2455596 ], [ 91.142323, 26.2444136 ], [ 91.1417604, 26.2406051 ], [ 91.1417214, 26.2396427 ], [ 91.1417035, 26.2381449 ], [ 91.1415963, 26.2364071 ], [ 91.1414737, 26.2351959 ], [ 91.1414737, 26.2351958 ], [ 91.1407377, 26.2342136 ], [ 91.1407377, 26.2342135 ], [ 91.1403949, 26.233756 ], [ 91.1382375, 26.232494 ], [ 91.1354205, 26.2322643 ], [ 91.133474, 26.2318492 ], [ 91.132346, 26.2318305 ], [ 91.132346, 26.2318306 ], [ 91.1300403, 26.2340434 ] ] ], [ [ [ 91.1050157, 26.2575438 ], [ 91.1055086, 26.2573239 ], [ 91.1058956, 26.2571936 ], [ 91.1063811, 26.2571488 ], [ 91.1068386, 26.2570443 ], [ 91.1071726, 26.2569589 ], [ 91.1076015, 26.2569181 ], [ 91.1081123, 26.2569023 ], [ 91.1084942, 26.2568443 ], [ 91.1090987, 26.2567293 ], [ 91.1097105, 26.256696 ], [ 91.111425, 26.2564504 ], [ 91.1123376, 26.2563443 ], [ 91.1137705, 26.2562011 ], [ 91.1153782, 26.2559736 ], [ 91.1165971, 26.2558558 ], [ 91.1203039, 26.255479 ], [ 91.121188, 26.2554365 ], [ 91.1212347, 26.255438 ], [ 91.1213208, 26.25354 ], [ 91.1214008, 26.2523163 ], [ 91.1215183, 26.2514506 ], [ 91.1218582, 26.2496808 ], [ 91.1222716, 26.2486987 ], [ 91.1214827, 26.2492295 ], [ 91.1209323, 26.2494433 ], [ 91.1204314, 26.2495714 ], [ 91.1200347, 26.2495895 ], [ 91.1194204, 26.2495922 ], [ 91.1163294, 26.2495149 ], [ 91.1119505, 26.2492764 ], [ 91.1119116, 26.2478042 ], [ 91.111911, 26.2477822 ], [ 91.1118542, 26.2459963 ], [ 91.1117944, 26.2441149 ], [ 91.1117698, 26.2425355 ], [ 91.1118485, 26.2416129 ], [ 91.1122238, 26.2399228 ], [ 91.1122678, 26.2393858 ], [ 91.1122759, 26.2376604 ], [ 91.1121167, 26.2358441 ], [ 91.1121439, 26.2348489 ], [ 91.1122455, 26.2328909 ], [ 91.1122178, 26.2307572 ], [ 91.1120796, 26.22592 ], [ 91.1089243, 26.2259257 ], [ 91.1064397, 26.2266002 ], [ 91.1065057, 26.2265057 ], [ 91.1049927, 26.2269164 ], [ 91.099848, 26.2281448 ], [ 91.0955382, 26.2285591 ], [ 91.0955306, 26.2292612 ], [ 91.0955197, 26.2302642 ], [ 91.095516, 26.2313148 ], [ 91.0952974, 26.232908 ], [ 91.0951444, 26.2341487 ], [ 91.0948553, 26.2347778 ], [ 91.0943652, 26.235471 ], [ 91.0935035, 26.2361659 ], [ 91.0921605, 26.2374731 ], [ 91.0914266, 26.23837 ], [ 91.0907799, 26.2391613 ], [ 91.0906186, 26.2395206 ], [ 91.0905962, 26.2398948 ], [ 91.0904892, 26.2410327 ], [ 91.0903322, 26.2414414 ], [ 91.0897964, 26.2436461 ], [ 91.089473, 26.2449858 ], [ 91.0894207, 26.2456479 ], [ 91.0895243, 26.245889 ], [ 91.0895338, 26.2458909 ], [ 91.0897066, 26.2459256 ], [ 91.0899118, 26.245911 ], [ 91.09139, 26.2459674 ], [ 91.0934735, 26.2460179 ], [ 91.0957244, 26.246165 ], [ 91.0974551, 26.2461163 ], [ 91.0996581, 26.2459595 ], [ 91.1006804, 26.2459986 ], [ 91.1007587, 26.2460532 ], [ 91.1008418, 26.2461113 ], [ 91.1008577, 26.2461252 ], [ 91.1010507, 26.2462951 ], [ 91.1011335, 26.2466122 ], [ 91.1010636, 26.2469153 ], [ 91.1009889, 26.2471532 ], [ 91.1007077, 26.2475583 ], [ 91.1005348, 26.2479432 ], [ 91.100304, 26.248295 ], [ 91.1002241, 26.2484242 ], [ 91.1001592, 26.248529 ], [ 91.1000988, 26.2487817 ], [ 91.100043, 26.2492453 ], [ 91.0999014, 26.2495162 ], [ 91.0994614, 26.2499947 ], [ 91.0993166, 26.2502286 ], [ 91.099204, 26.2506714 ], [ 91.0990948, 26.2513126 ], [ 91.099033, 26.2518635 ], [ 91.0985902, 26.2530707 ], [ 91.0986017, 26.2539891 ], [ 91.0984213, 26.2552317 ], [ 91.0984101, 26.2557734 ], [ 91.0984285, 26.2559832 ], [ 91.0987552, 26.2570407 ], [ 91.0990649, 26.25759 ], [ 91.0993149, 26.257771 ], [ 91.0997301, 26.2579525 ], [ 91.1001684, 26.2580828 ], [ 91.1008317, 26.2581101 ], [ 91.101476, 26.2580767 ], [ 91.1021548, 26.2579663 ], [ 91.1023381, 26.2580153 ], [ 91.1026281, 26.258181 ], [ 91.102873, 26.2584617 ], [ 91.1028848, 26.2585387 ], [ 91.1028911, 26.2585794 ], [ 91.1035601, 26.2580787 ], [ 91.1039852, 26.2578636 ], [ 91.1045287, 26.2577016 ], [ 91.1050157, 26.2575438 ] ] ] ] } },
{ "type": "Feature", "properties": { "gpcode": "105656", "gpname": "BARBILA", "dtname": "Barpeta", "stname": "ASSAM", "sdtname": "Chenga", "blkname": "GOMAPHULBARI", "expected_mm": 15.5, "likely_min_mm": 14.8, "likely_max_mm": 15.8, "tmax_c": 32.1, "tmin_c": 24.9, "temp_c": 28.5, "rh_pct": 93.7, "wind_kph": 10.8, "heat_stress_level": "NONE", "disease_risk_flag": false, "ragi_stage": "vegetative", "paddy_stage": "vegetative", "forecast_date": "2026-09-10", "timestamp_utc": "2026-09-28T15:52:05Z" }, "geometry": { "type": "Polygon", "coordinates": [ [ [ 91.0944841, 26.3092363 ], [ 91.094878, 26.3090544 ], [ 91.0952088, 26.3090616 ], [ 91.0957485, 26.3091157 ], [ 91.0962511, 26.3092646 ], [ 91.0972539, 26.3096852 ], [ 91.098612, 26.3102455 ], [ 91.0989718, 26.3104017 ], [ 91.0995094, 26.3087356 ], [ 91.0998743, 26.3077545 ], [ 91.099878, 26.3077445 ], [ 91.1000072, 26.30714 ], [ 91.1002, 26.3054428 ], [ 91.1002809, 26.3035072 ], [ 91.1003314, 26.302005 ], [ 91.1003946, 26.301185 ], [ 91.0999027, 26.3010351 ], [ 91.0978271, 26.300731 ], [ 91.0948237, 26.300493 ], [ 91.0926195, 26.3002803 ], [ 91.0924997, 26.3002686 ], [ 91.0924829, 26.3002198 ], [ 91.092283, 26.299495 ], [ 91.0920799, 26.298216 ], [ 91.0920513, 26.2971094 ], [ 91.0921389, 26.2957687 ], [ 91.0917858, 26.2935561 ], [ 91.0914638, 26.2919571 ], [ 91.091144, 26.2906454 ], [ 91.0910359, 26.289923 ], [ 91.0909805, 26.2892905 ], [ 91.0910354, 26.288876 ], [ 91.0915914, 26.2876868 ], [ 91.0917462, 26.2868545 ], [ 91.0918879, 26.2863928 ], [ 91.0921082, 26.2860487 ], [ 91.0922785, 26.2851332 ], [ 91.0922594, 26.2843954 ], [ 91.092187, 26.2837734 ], [ 91.0919783, 26.2819785 ], [ 91.0919661, 26.2818737 ], [ 91.0912044, 26.2817717 ], [ 91.0896476, 26.2816091 ], [ 91.0887059, 26.2814846 ], [ 91.0896798, 26.2809487 ], [ 91.091613, 26.2798874 ], [ 91.0923373, 26.2796768 ], [ 91.0934346, 26.2792087 ], [ 91.0934668, 26.2791939 ], [ 91.0952288, 26.278383 ], [ 91.0966518, 26.2779944 ], [ 91.0980032, 26.2775696 ], [ 91.0993129, 26.277189 ], [ 91.1003719, 26.2768057 ], [ 91.1007117, 26.2766779 ], [ 91.1007117, 26.2766779 ], [ 91.1005871, 26.2748798 ], [ 91.100568, 26.274394 ], [ 91.1004691, 26.2739351 ], [ 91.1002907, 26.2736407 ], [ 91.1001854, 26.2735105 ], [ 91.1000389, 26.2734468 ], [ 91.0997524, 26.2733931 ], [ 91.0996928, 26.2732491 ], [ 91.0996978, 26.2730369 ], [ 91.0997254, 26.2729502 ], [ 91.0997558, 26.2728951 ], [ 91.0999538, 26.2727434 ], [ 91.1002369, 26.2724902 ], [ 91.1002885, 26.2722748 ], [ 91.1002756, 26.2713226 ], [ 91.1002319, 26.2706903 ], [ 91.1003234, 26.2702602 ], [ 91.100487, 26.2699838 ], [ 91.1007538, 26.2696789 ], [ 91.1012354, 26.2694117 ], [ 91.1023475, 26.2689725 ], [ 91.1030126, 26.2686942 ], [ 91.1032097, 26.2685319 ], [ 91.1033153, 26.2683973 ], [ 91.103359, 26.2682247 ], [ 91.1033334, 26.2680677 ], [ 91.103156, 26.2677838 ], [ 91.1028372, 26.2673617 ], [ 91.1024346, 26.2671892 ], [ 91.1022252, 26.267077 ], [ 91.1019516, 26.2667682 ], [ 91.1015792, 26.2660005 ], [ 91.1014833, 26.2656947 ], [ 91.1014496, 26.2647469 ], [ 91.1014496, 26.2647469 ], [ 91.1014454, 26.2646686 ], [ 91.1015152, 26.2646524 ], [ 91.1015422, 26.2646462 ], [ 91.1017777, 26.2645052 ], [ 91.1018058, 26.2644679 ], [ 91.1018753, 26.2643753 ], [ 91.101975, 26.2642427 ], [ 91.1020539, 26.2637278 ], [ 91.1019821, 26.2632237 ], [ 91.1020304, 26.2626737 ], [ 91.1024136, 26.2617024 ], [ 91.1024865, 26.2613757 ], [ 91.102809, 26.259932 ], [ 91.1029162, 26.2594275 ], [ 91.1029371, 26.2588794 ], [ 91.1028911, 26.2585794 ], [ 91.1028848, 26.2585387 ], [ 91.102873, 26.2584617 ], [ 91.1026281, 26.258181 ], [ 91.1023381, 26.2580153 ], [ 91.1021548, 26.2579663 ], [ 91.101476, 26.2580767 ], [ 91.1008317, 26.2581101 ], [ 91.1001684, 26.2580828 ], [ 91.0997301, 26.2579525 ], [ 91.0993149, 26.257771 ], [ 91.0990649, 26.25759 ], [ 91.0987552, 26.2570407 ], [ 91.0984285, 26.2559832 ], [ 91.0984101, 26.2557734 ], [ 91.0984213, 26.2552317 ], [ 91.0986017, 26.2539891 ], [ 91.0985902, 26.2530707 ], [ 91.099033, 26.2518635 ], [ 91.0990948, 26.2513126 ], [ 91.099204, 26.2506714 ], [ 91.0993166, 26.2502286 ], [ 91.0994614, 26.2499947 ], [ 91.0999014, 26.2495162 ], [ 91.100043, 26.2492453 ], [ 91.1000988, 26.2487817 ], [ 91.1001592, 26.248529 ], [ 91.1002241, 26.2484242 ], [ 91.100304, 26.248295 ], [ 91.1005348, 26.2479432 ], [ 91.1007077, 26.2475583 ], [ 91.1009889, 26.2471532 ], [ 91.1010636, 26.2469153 ], [ 91.1011335, 26.2466122 ], [ 91.1010507, 26.2462951 ], [ 91.1008577, 26.2461252 ], [ 91.1008418, 26.2461113 ], [ 91.1007587, 26.2460532 ], [ 91.1006804, 26.2459986 ], [ 91.0996581, 26.2459595 ], [ 91.0974551, 26.2461163 ], [ 91.0957244, 26.246165 ], [ 91.0934735, 26.2460179 ], [ 91.09139, 26.2459674 ], [ 91.0899118, 26.245911 ], [ 91.0897066, 26.2459256 ], [ 91.0897066, 26.2459256 ], [ 91.0894682, 26.2459853 ], [ 91.0885692, 26.2462104 ], [ 91.0873879, 26.2463663 ], [ 91.0864294, 26.246489 ], [ 91.0864112, 26.2464962 ], [ 91.0863702, 26.2465124 ], [ 91.08633, 26.2465551 ], [ 91.0862775, 26.2466815 ], [ 91.0860639, 26.2473596 ], [ 91.0858882, 26.2481675 ], [ 91.0855444, 26.2497477 ], [ 91.0852764, 26.251495 ], [ 91.0849997, 26.2531471 ], [ 91.084687, 26.2550332 ], [ 91.084278, 26.2573663 ], [ 91.084278, 26.2573663 ], [ 91.0839921, 26.2572722 ], [ 91.08381, 26.2571414 ], [ 91.083599, 26.2569409 ], [ 91.0834373, 26.2566546 ], [ 91.0833127, 26.2561399 ], [ 91.0832615, 26.2558149 ], [ 91.0831125, 26.2556715 ], [ 91.083008, 26.2556482 ], [ 91.0828252, 26.2556407 ], [ 91.0825311, 26.2556616 ], [ 91.0822754, 26.255731 ], [ 91.0817491, 26.2558301 ], [ 91.0814414, 26.2559326 ], [ 91.0813112, 26.2561934 ], [ 91.0810674, 26.2565291 ], [ 91.0808876, 26.2566855 ], [ 91.0804586, 26.2571164 ], [ 91.0801397, 26.2573757 ], [ 91.0798636, 26.2576002 ], [ 91.0791379, 26.2580214 ], [ 91.0784145, 26.2583397 ], [ 91.0776364, 26.2586824 ], [ 91.0771789, 26.2587868 ], [ 91.0766797, 26.2589352 ], [ 91.0765443, 26.2589913 ], [ 91.077917, 26.2616574 ], [ 91.0783256, 26.2631568 ], [ 91.0783752, 26.2654791 ], [ 91.0776718, 26.2704592 ], [ 91.0781131, 26.2707456 ], [ 91.0787898, 26.2712083 ], [ 91.0790279, 26.2714583 ], [ 91.0795544, 26.2722731 ], [ 91.0803101, 26.2736259 ], [ 91.0804596, 26.2739367 ], [ 91.0796902, 26.2740063 ], [ 91.0795805, 26.2740552 ], [ 91.0795359, 26.2743252 ], [ 91.079578, 26.2753282 ], [ 91.0797589, 26.2760955 ], [ 91.0797986, 26.2762051 ], [ 91.079534, 26.2767696 ], [ 91.0793764, 26.2771144 ], [ 91.0791201, 26.2775022 ], [ 91.0789325, 26.2777002 ], [ 91.078761, 26.277887 ], [ 91.0786517, 26.2781181 ], [ 91.0785658, 26.2784373 ], [ 91.0784554, 26.278671 ], [ 91.0783047, 26.2788357 ], [ 91.0781896, 26.2788849 ], [ 91.0780577, 26.2788737 ], [ 91.0779127, 26.2788429 ], [ 91.0775421, 26.278705 ], [ 91.0768592, 26.2783789 ], [ 91.0765569, 26.278283 ], [ 91.0765039, 26.2782662 ], [ 91.075895, 26.278135 ], [ 91.07571, 26.2781019 ], [ 91.0756674, 26.2781358 ], [ 91.0755951, 26.2782847 ], [ 91.075512, 26.2785061 ], [ 91.0754443, 26.2785776 ], [ 91.0753778, 26.2785977 ], [ 91.0752872, 26.2786042 ], [ 91.0751123, 26.2785884 ], [ 91.0743174, 26.2784473 ], [ 91.072996, 26.2782383 ], [ 91.0713274, 26.2780796 ], [ 91.0705516, 26.2780387 ], [ 91.0705516, 26.2780388 ], [ 91.0705569, 26.2796413 ], [ 91.0706251, 26.2806836 ], [ 91.0707485, 26.2814446 ], [ 91.0709376, 26.2820617 ], [ 91.0711248, 26.2825104 ], [ 91.071297, 26.282919 ], [ 91.0717437, 26.2834724 ], [ 91.0718303, 26.2836819 ], [ 91.0717907, 26.2838798 ], [ 91.0716453, 26.2843007 ], [ 91.0715188, 26.2845457 ], [ 91.0714809, 26.2847641 ], [ 91.0714705, 26.2851651 ], [ 91.0715578, 26.2857748 ], [ 91.071701, 26.2863703 ], [ 91.0717252, 26.2871693 ], [ 91.0716918, 26.2877352 ], [ 91.0730392, 26.2881841 ], [ 91.0742574, 26.2885227 ], [ 91.0749679, 26.2885535 ], [ 91.0768028, 26.288667 ], [ 91.0788465, 26.288979 ], [ 91.0801113, 26.2891432 ], [ 91.0816569, 26.2892976 ], [ 91.0827807, 26.2893715 ], [ 91.0829189, 26.2896087 ], [ 91.083039, 26.2904624 ], [ 91.0832479, 26.2920694 ], [ 91.0834499, 26.2941544 ], [ 91.0834499, 26.2941545 ], [ 91.0832099, 26.2942093 ], [ 91.0822304, 26.2948538 ], [ 91.0816683, 26.2953248 ], [ 91.0808749, 26.2962742 ], [ 91.0800082, 26.2971672 ], [ 91.0793413, 26.2977488 ], [ 91.0794815, 26.2981122 ], [ 91.0795834, 26.298962 ], [ 91.0790849, 26.3008233 ], [ 91.0789327, 26.3020762 ], [ 91.0789768, 26.303281 ], [ 91.0794444, 26.3034183 ], [ 91.0802186, 26.3036816 ], [ 91.0806717, 26.3039163 ], [ 91.0810475, 26.304177 ], [ 91.0818013, 26.3045957 ], [ 91.0826827, 26.3049128 ], [ 91.0831269, 26.3050455 ], [ 91.0837354, 26.3051049 ], [ 91.084821, 26.3051509 ], [ 91.0857312, 26.3053084 ], [ 91.0857313, 26.3053084 ], [ 91.0857217, 26.3055053 ], [ 91.0856657, 26.3065562 ], [ 91.0856785, 26.3078735 ], [ 91.0857986, 26.3095073 ], [ 91.0858834, 26.3113975 ], [ 91.0859576, 26.3118542 ], [ 91.086171, 26.312342 ], [ 91.0864285, 26.3126829 ], [ 91.0868924, 26.3130401 ], [ 91.0874517, 26.3133185 ], [ 91.0881512, 26.3135049 ], [ 91.0891292, 26.3136941 ], [ 91.0889839, 26.3125623 ], [ 91.0889006, 26.3118703 ], [ 91.0890164, 26.3115028 ], [ 91.0891683, 26.3112867 ], [ 91.0892847, 26.3111861 ], [ 91.0895899, 26.3110309 ], [ 91.0900075, 26.3109909 ], [ 91.0906473, 26.3107922 ], [ 91.0915427, 26.3106156 ], [ 91.0921723, 26.3103964 ], [ 91.0932778, 26.3100201 ], [ 91.0938116, 26.3097461 ], [ 91.0944841, 26.3092363 ] ] ] } },
{ "type": "Feature", "properties": { "gpcode": "105657", "gpname": "AZAD", "dtname": "Barpeta", "stname": "ASSAM", "sdtname": "Barpeta", "blkname": "GOMAPHULBARI", "expected_mm": 16.2, "likely_min_mm": 15.7, "likely_max_mm": 16.4, "tmax_c": 32.1, "tmin_c": 25.0, "temp_c": 28.6, "rh_pct": 93.8, "wind_kph": 11.0, "heat_stress_level": "NONE", "disease_risk_flag": false, "ragi_stage": "vegetative", "paddy_stage": "vegetative", "forecast_date": "2026-09-10", "timestamp_utc": "2026-09-28T15:52:05Z" }, "geometry": { "type": "MultiPolygon", "coordinates": [ [ [ [ 91.0321597, 26.2224864 ], [ 91.0321633, 26.2219615 ], [ 91.0321642, 26.2218276 ], [ 91.031522, 26.2214341 ], [ 91.0284979, 26.218816 ], [ 91.0284383, 26.2188242 ], [ 91.0284063, 26.2188286 ], [ 91.0267007, 26.2190648 ], [ 91.0266782, 26.2190679 ], [ 91.0255844, 26.2198225 ], [ 91.025195, 26.2208351 ], [ 91.023842, 26.2225315 ], [ 91.0222057, 26.2233244 ], [ 91.019333, 26.2232269 ], [ 91.0192642, 26.2232245 ], [ 91.0192115, 26.2232645 ], [ 91.0179204, 26.224243 ], [ 91.0177236, 26.2251189 ], [ 91.0184242, 26.226116 ], [ 91.0207317, 26.2275536 ], [ 91.0208633, 26.2276343 ], [ 91.020988, 26.2277107 ], [ 91.0225328, 26.2286575 ], [ 91.0279976, 26.2311031 ], [ 91.0290266, 26.2319538 ], [ 91.0292355, 26.233553 ], [ 91.0286654, 26.235625 ], [ 91.0286152, 26.2358162 ], [ 91.0285907, 26.2359093 ], [ 91.0312376, 26.2358356 ], [ 91.0334051, 26.2356411 ], [ 91.0335208, 26.2356405 ], [ 91.0335398, 26.2343022 ], [ 91.0334394, 26.2331493 ], [ 91.033227, 26.2320147 ], [ 91.0329566, 26.2311305 ], [ 91.0329236, 26.2306196 ], [ 91.0329403, 26.2297665 ], [ 91.0327585, 26.2283264 ], [ 91.0326152, 26.2274641 ], [ 91.0325828, 26.2266929 ], [ 91.0325726, 26.2264509 ], [ 91.0324502, 26.2258269 ], [ 91.0323166, 26.2245532 ], [ 91.0322438, 26.2233946 ], [ 91.032228, 26.2231429 ], [ 91.0321597, 26.2224864 ] ] ], [ [ [ 91.0454808, 26.2468988 ], [ 91.0458685, 26.2469073 ], [ 91.0460486, 26.2468843 ], [ 91.0469034, 26.246834 ], [ 91.0484079, 26.2466657 ], [ 91.0489189, 26.2466088 ], [ 91.0493298, 26.2464924 ], [ 91.0498297, 26.2462875 ], [ 91.0509031, 26.2458945 ], [ 91.051695, 26.245515 ], [ 91.0527889, 26.2449447 ], [ 91.0533705, 26.2445871 ], [ 91.0539431, 26.2443669 ], [ 91.0548047, 26.2440696 ], [ 91.0552729, 26.2438926 ], [ 91.0557146, 26.2436714 ], [ 91.0563324, 26.2432796 ], [ 91.0569074, 26.2429565 ], [ 91.057481, 26.2427257 ], [ 91.0572965, 26.2415214 ], [ 91.0572471, 26.2408217 ], [ 91.057233, 26.2402683 ], [ 91.0572628, 26.2394298 ], [ 91.0572628, 26.2394297 ], [ 91.0572555, 26.2394284 ], [ 91.0563848, 26.2393908 ], [ 91.0551005, 26.2393453 ], [ 91.0543825, 26.2392618 ], [ 91.0531069, 26.2388429 ], [ 91.0518262, 26.2385239 ], [ 91.0503479, 26.2383057 ], [ 91.0492102, 26.2378894 ], [ 91.0481785, 26.237267 ], [ 91.0471385, 26.2362351 ], [ 91.04677, 26.2356926 ], [ 91.0460747, 26.2365705 ], [ 91.0456118, 26.2370036 ], [ 91.0445078, 26.2377555 ], [ 91.043712, 26.2382815 ], [ 91.0437119, 26.2382815 ], [ 91.0436902, 26.2382959 ], [ 91.0432564, 26.2389322 ], [ 91.0429421, 26.2392419 ], [ 91.0424851, 26.2396129 ], [ 91.0417203, 26.2399751 ], [ 91.0410565, 26.2404533 ], [ 91.0408621, 26.240703 ], [ 91.0407562, 26.2409487 ], [ 91.0407222, 26.2413412 ], [ 91.0408291, 26.2417853 ], [ 91.0415481, 26.2429866 ], [ 91.0426157, 26.2448121 ], [ 91.0434404, 26.2467039 ], [ 91.0435149, 26.2469303 ], [ 91.0435578, 26.2470966 ], [ 91.043564, 26.2471553 ], [ 91.0437501, 26.247083 ], [ 91.0443241, 26.2469448 ], [ 91.0447673, 26.2468724 ], [ 91.0451541, 26.2468706 ], [ 91.0454808, 26.2468988 ] ] ], [ [ [ 91.0623871, 26.2651969 ], [ 91.0640398, 26.2639369 ], [ 91.0655555, 26.2626867 ], [ 91.0657365, 26.2623234 ], [ 91.065825, 26.2621458 ], [ 91.0658712, 26.2615712 ], [ 91.0658249, 26.2610404 ], [ 91.0654163, 26.259512 ], [ 91.0646375, 26.2575302 ], [ 91.06442, 26.2567754 ], [ 91.0639803, 26.2550462 ], [ 91.0639028, 26.2541574 ], [ 91.0642163, 26.2530173 ], [ 91.0642616, 26.2519583 ], [ 91.064317, 26.2506998 ], [ 91.0643259, 26.2506914 ], [ 91.0643258, 26.2506914 ], [ 91.0637159, 26.2507283 ], [ 91.0636534, 26.250757 ], [ 91.0633987, 26.250874 ], [ 91.0628554, 26.2511692 ], [ 91.0621154, 26.251427 ], [ 91.0612048, 26.2517459 ], [ 91.060738, 26.2520049 ], [ 91.0601596, 26.2521589 ], [ 91.0596893, 26.252377 ], [ 91.059278, 26.2524883 ], [ 91.0587598, 26.2525552 ], [ 91.058749, 26.2525566 ], [ 91.0583186, 26.2527103 ], [ 91.0578134, 26.2529207 ], [ 91.0568958, 26.2531006 ], [ 91.0568288, 26.2531137 ], [ 91.0558979, 26.2532306 ], [ 91.0550288, 26.2533127 ], [ 91.054782, 26.2534843 ], [ 91.0544304, 26.253889 ], [ 91.053879, 26.2547245 ], [ 91.0535223, 26.2552015 ], [ 91.0529855, 26.2557015 ], [ 91.0521766, 26.2563441 ], [ 91.0516537, 26.2568739 ], [ 91.0510242, 26.2573276 ], [ 91.0502124, 26.2578061 ], [ 91.0489972, 26.2584876 ], [ 91.04778, 26.2589925 ], [ 91.0465694, 26.2593348 ], [ 91.0450631, 26.2598111 ], [ 91.0435031, 26.2604555 ], [ 91.0422139, 26.2609841 ], [ 91.0422125, 26.2610667 ], [ 91.0421831, 26.2615038 ], [ 91.0420764, 26.2618565 ], [ 91.041896, 26.2621361 ], [ 91.0410587, 26.2629755 ], [ 91.0407528, 26.2631203 ], [ 91.0402117, 26.2631792 ], [ 91.0399513, 26.2631974 ], [ 91.0402349, 26.2656977 ], [ 91.0411313, 26.265723 ], [ 91.0434319, 26.2657449 ], [ 91.0455087, 26.2656799 ], [ 91.0464578, 26.2656025 ], [ 91.0480361, 26.2655624 ], [ 91.0504341, 26.265526 ], [ 91.0532261, 26.2655026 ], [ 91.0543728, 26.2654727 ], [ 91.0551368, 26.2654904 ], [ 91.0553901, 26.2655237 ], [ 91.0560957, 26.2659808 ], [ 91.0562489, 26.2659385 ], [ 91.0565105, 26.2659385 ], [ 91.0566306, 26.2659736 ], [ 91.05693, 26.2661697 ], [ 91.0579197, 26.266938 ], [ 91.0580925, 26.2670251 ], [ 91.0583605, 26.2670184 ], [ 91.0586931, 26.2669638 ], [ 91.059312, 26.2667958 ], [ 91.0597941, 26.2665868 ], [ 91.0599455, 26.2665211 ], [ 91.0611955, 26.2659025 ], [ 91.0623871, 26.2651969 ] ] ], [ [ [ 91.0715188, 26.2845457 ], [ 91.0716453, 26.2843007 ], [ 91.0717907, 26.2838798 ], [ 91.0718303, 26.2836819 ], [ 91.0717437, 26.2834724 ], [ 91.071297, 26.282919 ], [ 91.0711248, 26.2825104 ], [ 91.0709376, 26.2820617 ], [ 91.0707485, 26.2814446 ], [ 91.0706251, 26.2806836 ], [ 91.0705569, 26.2796413 ], [ 91.0705516, 26.2780388 ], [ 91.0705516, 26.2780387 ], [ 91.0695837, 26.2779878 ], [ 91.0693089, 26.2779371 ], [ 91.0685499, 26.2776522 ], [ 91.0677753, 26.2773839 ], [ 91.0665281, 26.2769038 ], [ 91.0650806, 26.2763598 ], [ 91.0647318, 26.27621 ], [ 91.0643245, 26.2759588 ], [ 91.0634309, 26.2753704 ], [ 91.0617031, 26.2743346 ], [ 91.0616742, 26.2743142 ], [ 91.0606905, 26.2736211 ], [ 91.0597325, 26.2730477 ], [ 91.0594062, 26.2728296 ], [ 91.0593318, 26.2728246 ], [ 91.0592444, 26.2728668 ], [ 91.0590929, 26.2730212 ], [ 91.0589761, 26.2731835 ], [ 91.0587047, 26.273515 ], [ 91.058369, 26.2738417 ], [ 91.0577885, 26.2742318 ], [ 91.0575017, 26.274401 ], [ 91.0572781, 26.2744476 ], [ 91.0570392, 26.2744491 ], [ 91.0567968, 26.2744099 ], [ 91.0566496, 26.2743536 ], [ 91.0563176, 26.2741359 ], [ 91.055778, 26.2737335 ], [ 91.0555097, 26.2735935 ], [ 91.0551701, 26.273484 ], [ 91.0547652, 26.2733434 ], [ 91.0546173, 26.2733436 ], [ 91.0545125, 26.2733818 ], [ 91.0544391, 26.2734537 ], [ 91.0542047, 26.2737013 ], [ 91.0540994, 26.2737345 ], [ 91.0540011, 26.2737157 ], [ 91.0538599, 26.2736642 ], [ 91.0535457, 26.2735838 ], [ 91.0530916, 26.273494 ], [ 91.0529725, 26.2734704 ], [ 91.051908, 26.2733036 ], [ 91.0519079, 26.2733036 ], [ 91.0521247, 26.2721109 ], [ 91.0523507, 26.2714782 ], [ 91.0527993, 26.2707011 ], [ 91.0529541, 26.2701721 ], [ 91.0529541, 26.2701719 ], [ 91.0529126, 26.269171 ], [ 91.0529191, 26.2684623 ], [ 91.052804, 26.2683164 ], [ 91.0525806, 26.2682088 ], [ 91.0519591, 26.2681297 ], [ 91.0507666, 26.267896 ], [ 91.0493601, 26.2676877 ], [ 91.0485387, 26.2676638 ], [ 91.0481524, 26.2676706 ], [ 91.0480524, 26.2676982 ], [ 91.0478951, 26.2678531 ], [ 91.047785, 26.2680251 ], [ 91.0473999, 26.2686991 ], [ 91.0470631, 26.2691437 ], [ 91.0465698, 26.2696201 ], [ 91.0455891, 26.2705108 ], [ 91.0452547, 26.2708527 ], [ 91.044931, 26.2712928 ], [ 91.0445953, 26.2718811 ], [ 91.0441534, 26.2724256 ], [ 91.0439822, 26.2725507 ], [ 91.0437268, 26.2727535 ], [ 91.0432721, 26.2730217 ], [ 91.0429022, 26.2733318 ], [ 91.0423143, 26.2740304 ], [ 91.0420232, 26.2742152 ], [ 91.041743, 26.2742659 ], [ 91.0411844, 26.2742541 ], [ 91.0408844, 26.274337 ], [ 91.0405944, 26.2744398 ], [ 91.0411037, 26.2755376 ], [ 91.0411517, 26.2763469 ], [ 91.0410857, 26.2772461 ], [ 91.0410693, 26.2774702 ], [ 91.0409233, 26.2786386 ], [ 91.0409143, 26.2800657 ], [ 91.0408886, 26.2810632 ], [ 91.0408194, 26.282856 ], [ 91.0408556, 26.2837881 ], [ 91.0407738, 26.2847422 ], [ 91.0407739, 26.2847422 ], [ 91.0411323, 26.2848947 ], [ 91.0431215, 26.2856174 ], [ 91.0450782, 26.2865228 ], [ 91.0456998, 26.286804 ], [ 91.0460609, 26.2869409 ], [ 91.0463935, 26.2870087 ], [ 91.0466321, 26.2870325 ], [ 91.0469439, 26.2869901 ], [ 91.0474457, 26.2868022 ], [ 91.0480669, 26.2864331 ], [ 91.0486617, 26.2862194 ], [ 91.0491099, 26.2859337 ], [ 91.0494697, 26.2857964 ], [ 91.0500785, 26.285672 ], [ 91.0507196, 26.2854032 ], [ 91.0511371, 26.2852821 ], [ 91.0516383, 26.2852162 ], [ 91.0522349, 26.2850825 ], [ 91.0527496, 26.2849139 ], [ 91.0535758, 26.2845709 ], [ 91.0541134, 26.284379 ], [ 91.0548335, 26.2844412 ], [ 91.0553623, 26.2844342 ], [ 91.0559224, 26.2845265 ], [ 91.0562087, 26.2847095 ], [ 91.057007, 26.2850795 ], [ 91.0574986, 26.2854206 ], [ 91.0577917, 26.2855522 ], [ 91.0584766, 26.2856561 ], [ 91.0595584, 26.2856606 ], [ 91.0601537, 26.2856586 ], [ 91.0606216, 26.285727 ], [ 91.0607138, 26.2857415 ], [ 91.061067, 26.285797 ], [ 91.0615501, 26.285783 ], [ 91.062487, 26.285676 ], [ 91.0632963, 26.2855779 ], [ 91.0634875, 26.2855745 ], [ 91.0636684, 26.285582 ], [ 91.0642013, 26.2858794 ], [ 91.0643383, 26.2859688 ], [ 91.0650016, 26.2864018 ], [ 91.0652568, 26.2864852 ], [ 91.0655248, 26.2865342 ], [ 91.0663786, 26.2866901 ], [ 91.0668697, 26.286767 ], [ 91.0680487, 26.28711 ], [ 91.069189, 26.2873094 ], [ 91.0702289, 26.2874795 ], [ 91.0716816, 26.2877318 ], [ 91.0716918, 26.2877352 ], [ 91.0717252, 26.2871693 ], [ 91.071701, 26.2863703 ], [ 91.0715578, 26.2857748 ], [ 91.0714705, 26.2851651 ], [ 91.0714809, 26.2847641 ], [ 91.0715188, 26.2845457 ] ] ], [ [ [ 90.9690514, 26.3579979 ], [ 90.968841, 26.3576078 ], [ 90.96869, 26.3572955 ], [ 90.9686253, 26.3570267 ], [ 90.9686459, 26.3566279 ], [ 90.9686906, 26.356308 ], [ 90.9687847, 26.3561213 ], [ 90.9690372, 26.3558552 ], [ 90.9697666, 26.3552077 ], [ 90.9701582, 26.3548758 ], [ 90.970214, 26.3548036 ], [ 90.9702563, 26.354577 ], [ 90.9702377, 26.3544417 ], [ 90.9701865, 26.3543273 ], [ 90.97011, 26.3542396 ], [ 90.9699729, 26.3541684 ], [ 90.9697821, 26.3541136 ], [ 90.9692379, 26.3541146 ], [ 90.9675875, 26.3543113 ], [ 90.9668357, 26.3543827 ], [ 90.9662772, 26.3543785 ], [ 90.9657798, 26.3543329 ], [ 90.965609, 26.3542704 ], [ 90.9656015, 26.354184 ], [ 90.9662278, 26.3528234 ], [ 90.9663178, 26.3522706 ], [ 90.9664936, 26.351277 ], [ 90.9667171, 26.3505161 ], [ 90.9670786, 26.3497578 ], [ 90.9675308, 26.3491208 ], [ 90.9678189, 26.3486286 ], [ 90.968003, 26.3483672 ], [ 90.9682377, 26.3482141 ], [ 90.9687518, 26.3481035 ], [ 90.968873, 26.3480701 ], [ 90.9689761, 26.3479884 ], [ 90.9689948, 26.3477262 ], [ 90.9690851, 26.3474963 ], [ 90.9693353, 26.3470439 ], [ 90.9694171, 26.3467153 ], [ 90.9694385, 26.3461673 ], [ 90.9695308, 26.3456464 ], [ 90.9697217, 26.3449871 ], [ 90.9699829, 26.3440247 ], [ 90.9700253, 26.3439276 ], [ 90.9683389, 26.3437479 ], [ 90.9672663, 26.3437736 ], [ 90.9667437, 26.3437855 ], [ 90.9666362, 26.3438179 ], [ 90.9661855, 26.3440235 ], [ 90.9654017, 26.3442027 ], [ 90.9647991, 26.3442451 ], [ 90.964124, 26.3440476 ], [ 90.9636306, 26.3437593 ], [ 90.9630378, 26.3432793 ], [ 90.9610312, 26.34111 ], [ 90.959164, 26.3392785 ], [ 90.958033, 26.3379917 ], [ 90.9566488, 26.3363251 ], [ 90.9541518, 26.3335537 ], [ 90.9539298, 26.334428 ], [ 90.9529076, 26.3352385 ], [ 90.9526901, 26.3354971 ], [ 90.9526204, 26.3355799 ], [ 90.9526265, 26.3355911 ], [ 90.9539909, 26.338098 ], [ 90.9539939, 26.3398863 ], [ 90.9539062, 26.3420574 ], [ 90.9538571, 26.3434022 ], [ 90.953914, 26.3443795 ], [ 90.9539616, 26.345407 ], [ 90.9540287, 26.3469797 ], [ 90.9542484, 26.3504833 ], [ 90.9542878, 26.3526914 ], [ 90.9542238, 26.3548126 ], [ 90.9540417, 26.3568498 ], [ 90.9537258, 26.3589338 ], [ 90.9536737, 26.3595996 ], [ 90.9537015, 26.3599205 ], [ 90.9538273, 26.3602595 ], [ 90.9543253, 26.3607586 ], [ 90.9545583, 26.3609037 ], [ 90.9547291, 26.3609663 ], [ 90.9547797, 26.360974 ], [ 90.9548967, 26.3609918 ], [ 90.9554624, 26.3608403 ], [ 90.9560976, 26.3606963 ], [ 90.9567668, 26.3606245 ], [ 90.9573768, 26.3605072 ], [ 90.9582458, 26.3601977 ], [ 90.9603896, 26.3596498 ], [ 90.9626531, 26.3588748 ], [ 90.9632621, 26.3587451 ], [ 90.9636286, 26.3586821 ], [ 90.9639743, 26.3586951 ], [ 90.9643084, 26.3587337 ], [ 90.9646363, 26.3588596 ], [ 90.9651698, 26.3591327 ], [ 90.9659788, 26.3597217 ], [ 90.96757, 26.3605912 ], [ 90.968984, 26.3613561 ], [ 90.9695747, 26.3618115 ], [ 90.9695811, 26.361816 ], [ 90.9701031, 26.3621842 ], [ 90.9703013, 26.3622448 ], [ 90.9704383, 26.3622352 ], [ 90.9705003, 26.3621529 ], [ 90.9705372, 26.362104 ], [ 90.9705105, 26.3617953 ], [ 90.9701693, 26.3611984 ], [ 90.969842, 26.3607618 ], [ 90.9693789, 26.3603472 ], [ 90.9688304, 26.3599013 ], [ 90.9687459, 26.359721 ], [ 90.9687706, 26.35921 ], [ 90.9688373, 26.3587085 ], [ 90.9690056, 26.3584234 ], [ 90.969057, 26.3582211 ], [ 90.9690514, 26.3579979 ] ] ] ] } },
{ "type": "Feature", "properties": { "gpcode": "105659", "gpname": "KHOLABANDHA", "dtname": "Barpeta", "stname": "ASSAM", "sdtname": "Chenga", "blkname": "GOMAPHULBARI", "expected_mm": 17.3, "likely_min_mm": 17.1, "likely_max_mm": 17.3, "tmax_c": 32.2, "tmin_c": 25.1, "temp_c": 28.7, "rh_pct": 94.2, "wind_kph": 11.3, "heat_stress_level": "NONE", "disease_risk_flag": false, "ragi_stage": "vegetative", "paddy_stage": "vegetative", "forecast_date": "2026-09-10", "timestamp_utc": "2026-09-28T15:52:05Z" }, "geometry": { "type": "MultiPolygon", "coordinates": [ [ [ [ 91.0148385, 26.1601839 ], [ 91.0152972, 26.1584005 ], [ 91.0169748, 26.1566277 ], [ 91.0171006, 26.155679 ], [ 91.0163356, 26.1550187 ], [ 91.0147911, 26.1544888 ], [ 91.0133773, 26.1540248 ], [ 91.0114402, 26.1528083 ], [ 91.0095892, 26.1516233 ], [ 91.0080285, 26.1509064 ], [ 91.0068532, 26.1503128 ], [ 91.0064686, 26.1506783 ], [ 91.006699, 26.1514139 ], [ 91.0064199, 26.1520353 ], [ 91.005268, 26.1521917 ], [ 91.0061959, 26.1532916 ], [ 91.0076024, 26.1551096 ], [ 91.0080428, 26.155868 ], [ 91.007999, 26.1563223 ], [ 91.0077539, 26.1563772 ], [ 91.0072121, 26.1558891 ], [ 91.005611, 26.1537465 ], [ 91.0036156, 26.1518573 ], [ 91.0017169, 26.1506005 ], [ 91.0002837, 26.1499121 ], [ 90.9993785, 26.1490738 ], [ 90.9988537, 26.1492612 ], [ 90.9984131, 26.1504202 ], [ 90.9978825, 26.1510215 ], [ 90.9970559, 26.1515686 ], [ 90.9958014, 26.1527903 ], [ 90.9955577, 26.1529382 ], [ 90.9942592, 26.1537262 ], [ 90.9927015, 26.154964 ], [ 90.9918057, 26.156155 ], [ 90.9911309, 26.1569834 ], [ 90.9900623, 26.1576228 ], [ 90.9881852, 26.1580559 ], [ 90.9874444, 26.1586345 ], [ 90.9873372, 26.1593188 ], [ 90.9881822, 26.1604245 ], [ 90.9901735, 26.1617879 ], [ 90.9929721, 26.16238 ], [ 90.9947415, 26.1621423 ], [ 90.9958869, 26.1619112 ], [ 90.9969957, 26.1626975 ], [ 90.9988936, 26.1653831 ], [ 91.0010531, 26.1662834 ], [ 91.0065963, 26.1673205 ], [ 91.0097711, 26.1685806 ], [ 91.0118212, 26.1706163 ], [ 91.0131646, 26.1726642 ], [ 91.0140221, 26.1734307 ], [ 91.0146622, 26.173611 ], [ 91.0157047, 26.1726727 ], [ 91.0159831, 26.1696454 ], [ 91.0161162, 26.1673427 ], [ 91.0148844, 26.1652938 ], [ 91.0144405, 26.1638648 ], [ 91.0148385, 26.1601839 ] ] ], [ [ [ 90.9470504, 26.1882379 ], [ 90.9470511, 26.1868599 ], [ 90.9500983, 26.1864567 ], [ 90.9533503, 26.1862426 ], [ 90.9595136, 26.1862604 ], [ 90.963609, 26.1874009 ], [ 90.9666405, 26.1852259 ], [ 90.9667839, 26.1854228 ], [ 90.9708554, 26.1877017 ], [ 90.9754259, 26.1887793 ], [ 90.9815956, 26.1894331 ], [ 90.9877237, 26.1886124 ], [ 90.9943534, 26.1886114 ], [ 90.9990793, 26.1890941 ], [ 90.999305, 26.1891172 ], [ 91.0019328, 26.1896314 ], [ 91.0026665, 26.1894046 ], [ 91.0034787, 26.1888419 ], [ 91.0040149, 26.1885708 ], [ 91.0043773, 26.1887785 ], [ 91.0046247, 26.1891497 ], [ 91.0051055, 26.1892324 ], [ 91.0056677, 26.1887652 ], [ 91.0063867, 26.1876259 ], [ 91.006709, 26.1873699 ], [ 91.0084305, 26.1873649 ], [ 91.0108921, 26.1869579 ], [ 91.012857, 26.1867801 ], [ 91.0144066, 26.1862818 ], [ 91.016874, 26.1854466 ], [ 91.0182659, 26.185115 ], [ 91.0187717, 26.1844961 ], [ 91.0183883, 26.1835514 ], [ 91.017098, 26.1815824 ], [ 91.0158908, 26.1800739 ], [ 91.0150178, 26.1794571 ], [ 91.0133375, 26.1784486 ], [ 91.0121043, 26.1771364 ], [ 91.0109794, 26.1755832 ], [ 91.0099544, 26.1746837 ], [ 91.008238, 26.1737554 ], [ 91.0055872, 26.1729708 ], [ 91.0029893, 26.1722991 ], [ 90.999654, 26.1715627 ], [ 90.9980174, 26.1710563 ], [ 90.9970192, 26.1704659 ], [ 90.992145, 26.1683608 ], [ 90.9871473, 26.1673139 ], [ 90.9835108, 26.1667294 ], [ 90.9806926, 26.1659951 ], [ 90.9775347, 26.1648182 ], [ 90.9742946, 26.1636859 ], [ 90.9716175, 26.1625916 ], [ 90.9697272, 26.1616363 ], [ 90.9653673, 26.1588504 ], [ 90.9630821, 26.1578062 ], [ 90.9609351, 26.1568688 ], [ 90.959713, 26.1566395 ], [ 90.959471, 26.1516519 ], [ 90.959324, 26.1512784 ], [ 90.9574448, 26.1465052 ], [ 90.9573822, 26.1463463 ], [ 90.9550442, 26.1451662 ], [ 90.9521742, 26.1417203 ], [ 90.9506154, 26.140641 ], [ 90.9486706, 26.1394823 ], [ 90.9461636, 26.1391992 ], [ 90.943968, 26.1394074 ], [ 90.9411006, 26.1401492 ], [ 90.9402318, 26.1408153 ], [ 90.9401327, 26.1408912 ], [ 90.9392769, 26.1415473 ], [ 90.9382739, 26.1425769 ], [ 90.937058, 26.1433918 ], [ 90.935511, 26.1448784 ], [ 90.9329404, 26.1476797 ], [ 90.9312526, 26.1503109 ], [ 90.9296923, 26.1523387 ], [ 90.9248899, 26.1567617 ], [ 90.9202463, 26.1594649 ], [ 90.916416, 26.1611924 ], [ 90.9116069, 26.1633665 ], [ 90.9106986, 26.1636379 ], [ 90.9098719, 26.1638848 ], [ 90.9054059, 26.163441 ], [ 90.9020157, 26.1636782 ], [ 90.9006254, 26.1642655 ], [ 90.9005383, 26.1643438 ], [ 90.8991301, 26.1656093 ], [ 90.8976898, 26.1669529 ], [ 90.8969724, 26.1683539 ], [ 90.8956073, 26.1707598 ], [ 90.9004604, 26.1755713 ], [ 90.9043656, 26.1787209 ], [ 90.9043738, 26.1787276 ], [ 90.9078347, 26.1806634 ], [ 90.9097158, 26.1816738 ], [ 90.9134731, 26.1834573 ], [ 90.9188904, 26.1860284 ], [ 90.9231525, 26.1880406 ], [ 90.926611, 26.189259 ], [ 90.9307731, 26.1905146 ], [ 90.9307732, 26.1905146 ], [ 90.9307858, 26.1905107 ], [ 90.9308832, 26.1905541 ], [ 90.9339086, 26.1919034 ], [ 90.9339703, 26.1919309 ], [ 90.9339703, 26.1919307 ], [ 90.9423456, 26.1949177 ], [ 90.9464267, 26.1964534 ], [ 90.9465535, 26.1953875 ], [ 90.9466614, 26.1944795 ], [ 90.9465601, 26.1919199 ], [ 90.9470504, 26.1882379 ] ] ], [ [ [ 91.0159323, 26.1611375 ], [ 91.0155954, 26.1625164 ], [ 91.0163569, 26.1645246 ], [ 91.017941, 26.1692436 ], [ 91.0180948, 26.1717661 ], [ 91.016976, 26.1739072 ], [ 91.0174986, 26.176168 ], [ 91.0189022, 26.1773059 ], [ 91.0208291, 26.1788867 ], [ 91.0217285, 26.1761494 ], [ 91.0222751, 26.1749325 ], [ 91.023174, 26.1725122 ], [ 91.0236186, 26.1710001 ], [ 91.0237083, 26.1685022 ], [ 91.02327, 26.1674445 ], [ 91.0223989, 26.1664658 ], [ 91.0163929, 26.1606508 ], [ 91.0159323, 26.1611375 ] ] ] ] } },
{ "type": "Feature", "properties": { "gpcode": "105664", "gpname": "BAGHBAR", "dtname": "Barpeta", "stname": "ASSAM", "sdtname": "Baghbor", "blkname": "MANDIA", "expected_mm": 20.8, "likely_min_mm": 20.8, "likely_max_mm": 20.9, "tmax_c": 32.1, "tmin_c": 25.1, "temp_c": 28.6, "rh_pct": 95.2, "wind_kph": 11.8, "heat_stress_level": "NONE", "disease_risk_flag": false, "ragi_stage": "vegetative", "paddy_stage": "vegetative", "forecast_date": "2026-09-10", "timestamp_utc": "2026-09-28T15:52:05Z" }, "geometry": { "type": "MultiPolygon", "coordinates": [ [ [ [ 90.9488493, 26.2836532 ], [ 90.9492541, 26.2836088 ], [ 90.9503558, 26.2828546 ], [ 90.9502797, 26.280831 ], [ 90.9502642, 26.2808308 ], [ 90.9499349, 26.277019 ], [ 90.9499354, 26.2770184 ], [ 90.9479597, 26.276591 ], [ 90.9471245, 26.2727379 ], [ 90.9452434, 26.2650922 ], [ 90.9447183, 26.2636072 ], [ 90.9441494, 26.2606697 ], [ 90.9432676, 26.2565194 ], [ 90.9426286, 26.2539851 ], [ 90.9424644, 26.2523277 ], [ 90.9428285, 26.2504722 ], [ 90.9420252, 26.250538 ], [ 90.9420249, 26.2505377 ], [ 90.9404359, 26.2506833 ], [ 90.9373288, 26.2509962 ], [ 90.9356656, 26.25098 ], [ 90.9350349, 26.2507394 ], [ 90.9342893, 26.2498995 ], [ 90.9329077, 26.248269 ], [ 90.9315732, 26.2471856 ], [ 90.9297341, 26.245277 ], [ 90.9269514, 26.243251 ], [ 90.9245159, 26.2411058 ], [ 90.9227609, 26.2392426 ], [ 90.9210143, 26.2375236 ], [ 90.9185771, 26.2352104 ], [ 90.9169841, 26.2336609 ], [ 90.9157314, 26.2327463 ], [ 90.9101699, 26.2295959 ], [ 90.9101808, 26.2295307 ], [ 90.9087575, 26.2288723 ], [ 90.9071115, 26.2280586 ], [ 90.9045209, 26.2267302 ], [ 90.9024912, 26.2255659 ], [ 90.9009139, 26.2250145 ], [ 90.9008997, 26.2250095 ], [ 90.8971462, 26.2239946 ], [ 90.8930415, 26.2233815 ], [ 90.8882902, 26.2231039 ], [ 90.8881842, 26.2230976 ], [ 90.8858839, 26.2229612 ], [ 90.8792394, 26.2231057 ], [ 90.8729563, 26.2233409 ], [ 90.8729205, 26.2233452 ], [ 90.8667671, 26.2240917 ], [ 90.8606858, 26.2244284 ], [ 90.8611849, 26.2186169 ], [ 90.8613909, 26.2168165 ], [ 90.8615135, 26.2122408 ], [ 90.8619965, 26.2088689 ], [ 90.8539028, 26.2052937 ], [ 90.8537086, 26.2052079 ], [ 90.8518454, 26.206731 ], [ 90.8488322, 26.2080906 ], [ 90.8462089, 26.2090845 ], [ 90.8407236, 26.2111207 ], [ 90.8391517, 26.2095135 ], [ 90.8381513, 26.2078413 ], [ 90.8384363, 26.2066604 ], [ 90.8386638, 26.2043054 ], [ 90.8383286, 26.2013871 ], [ 90.8378107, 26.1985348 ], [ 90.8370993, 26.1946163 ], [ 90.8341275, 26.194364 ], [ 90.8288335, 26.1951189 ], [ 90.8241392, 26.1953675 ], [ 90.8236141, 26.1986647 ], [ 90.822722, 26.1983959 ], [ 90.8215309, 26.1981689 ], [ 90.8200042, 26.1982724 ], [ 90.818388, 26.1985911 ], [ 90.8171368, 26.1990005 ], [ 90.815984, 26.1992223 ], [ 90.8146705, 26.1992361 ], [ 90.8130718, 26.199089 ], [ 90.8112785, 26.1988684 ], [ 90.8112689, 26.1988672 ], [ 90.8093018, 26.1986664 ], [ 90.8048081, 26.1985922 ], [ 90.8019746, 26.1984413 ], [ 90.7998601, 26.197951 ], [ 90.8000851, 26.2005042 ], [ 90.8002369, 26.203878 ], [ 90.8002843, 26.2049306 ], [ 90.8003733, 26.2069105 ], [ 90.8003727, 26.2069489 ], [ 90.8072792, 26.2074384 ], [ 90.8112146, 26.2070901 ], [ 90.8112147, 26.2070901 ], [ 90.8108849, 26.2102435 ], [ 90.8107703, 26.2134891 ], [ 90.8107361, 26.2144563 ], [ 90.8107839, 26.2176266 ], [ 90.8101892, 26.2206172 ], [ 90.8102217, 26.2206551 ], [ 90.810366, 26.2213417 ], [ 90.8107311, 26.2226774 ], [ 90.8107398, 26.2227092 ], [ 90.8108415, 26.2244051 ], [ 90.8111159, 26.2261461 ], [ 90.8114964, 26.2280936 ], [ 90.8117442, 26.2300003 ], [ 90.8121457, 26.2316867 ], [ 90.812218, 26.2340426 ], [ 90.8123374, 26.2375492 ], [ 90.8140266, 26.238245 ], [ 90.8154272, 26.2385737 ], [ 90.818986, 26.2390624 ], [ 90.8215555, 26.2396422 ], [ 90.822266, 26.2398025 ], [ 90.8250345, 26.2410814 ], [ 90.8250343, 26.2411066 ], [ 90.8250281, 26.2420109 ], [ 90.8254909, 26.2439143 ], [ 90.8257339, 26.245312 ], [ 90.8254325, 26.2478105 ], [ 90.8250532, 26.2498484 ], [ 90.8250901, 26.2498975 ], [ 90.825359, 26.250255 ], [ 90.8255586, 26.2505387 ], [ 90.8255649, 26.2505477 ], [ 90.826057, 26.2512474 ], [ 90.8260822, 26.2512831 ], [ 90.8275335, 26.2503333 ], [ 90.8300682, 26.2483769 ], [ 90.8322915, 26.2467905 ], [ 90.8347016, 26.2458877 ], [ 90.8352153, 26.2457786 ], [ 90.8365971, 26.245485 ], [ 90.838286, 26.2456772 ], [ 90.8399523, 26.2466065 ], [ 90.8408874, 26.2480122 ], [ 90.8417234, 26.2499514 ], [ 90.8422872, 26.2512593 ], [ 90.8422982, 26.2512846 ], [ 90.8423491, 26.2511687 ], [ 90.8423509, 26.2511655 ], [ 90.8429409, 26.2500805 ], [ 90.8443341, 26.2493125 ], [ 90.8462991, 26.249659 ], [ 90.8476949, 26.2503137 ], [ 90.8486743, 26.2516686 ], [ 90.8485062, 26.2528348 ], [ 90.8474614, 26.2541962 ], [ 90.8458087, 26.255761 ], [ 90.8435254, 26.2579602 ], [ 90.8425534, 26.2591286 ], [ 90.842463, 26.2599521 ], [ 90.8424196, 26.260347 ], [ 90.8424708, 26.2611107 ], [ 90.8427822, 26.2624875 ], [ 90.8434392, 26.263374 ], [ 90.8445948, 26.2640512 ], [ 90.8460957, 26.2634806 ], [ 90.8480751, 26.2617115 ], [ 90.8500983, 26.2581913 ], [ 90.8524727, 26.2565112 ], [ 90.8543341, 26.2563817 ], [ 90.8562056, 26.2571254 ], [ 90.8583293, 26.2585507 ], [ 90.8599895, 26.2613484 ], [ 90.8622891, 26.2636071 ], [ 90.862316, 26.2636336 ], [ 90.8633725, 26.2631521 ], [ 90.8647101, 26.2621849 ], [ 90.8661613, 26.2610351 ], [ 90.8671485, 26.2605001 ], [ 90.8680425, 26.261137 ], [ 90.8696625, 26.2619564 ], [ 90.8708179, 26.2618758 ], [ 90.8731232, 26.2608994 ], [ 90.8738441, 26.261024 ], [ 90.8747874, 26.2614826 ], [ 90.8753204, 26.260921 ], [ 90.876041, 26.2602881 ], [ 90.8776307, 26.2600024 ], [ 90.8786233, 26.2602828 ], [ 90.8800412, 26.261757 ], [ 90.8817349, 26.2619302 ], [ 90.8830087, 26.2617248 ], [ 90.8833933, 26.2609405 ], [ 90.8860738, 26.2598211 ], [ 90.8888924, 26.2588086 ], [ 90.8917575, 26.2589731 ], [ 90.8932274, 26.2588333 ], [ 90.8954147, 26.2583321 ], [ 90.8968316, 26.2583493 ], [ 90.8984153, 26.2578128 ], [ 90.9015142, 26.2569383 ], [ 90.9040822, 26.2568748 ], [ 90.9064901, 26.2574419 ], [ 90.9083494, 26.2571182 ], [ 90.9101951, 26.2561376 ], [ 90.9119425, 26.2550108 ], [ 90.9142351, 26.2545408 ], [ 90.916075, 26.2544894 ], [ 90.9170518, 26.2538792 ], [ 90.9176536, 26.2519018 ], [ 90.9184097, 26.2502232 ], [ 90.9192813, 26.2493882 ], [ 90.9198814, 26.2493848 ], [ 90.9206132, 26.2499141 ], [ 90.922246, 26.2529349 ], [ 90.9231053, 26.2545516 ], [ 90.9238328, 26.2559202 ], [ 90.9249242, 26.2586305 ], [ 90.9258475, 26.2603849 ], [ 90.9276661, 26.2621782 ], [ 90.9285291, 26.2630085 ], [ 90.9285293, 26.2630085 ], [ 90.9313165, 26.2649811 ], [ 90.9331054, 26.2658235 ], [ 90.9341498, 26.2669891 ], [ 90.934827, 26.268374 ], [ 90.9348986, 26.2707229 ], [ 90.9352566, 26.2739998 ], [ 90.9366005, 26.2760492 ], [ 90.9386871, 26.278009 ], [ 90.9403621, 26.2796001 ], [ 90.9414317, 26.2813678 ], [ 90.9425138, 26.2827963 ], [ 90.9440151, 26.2837522 ], [ 90.9440154, 26.2837508 ], [ 90.9473551, 26.2838172 ], [ 90.9488493, 26.2836532 ] ] ], [ [ [ 91.2157538, 26.2605773 ], [ 91.2171048, 26.2606059 ], [ 91.2177202, 26.2607294 ], [ 91.218342, 26.2609809 ], [ 91.2184615, 26.2610292 ], [ 91.2184085, 26.2608861 ], [ 91.2182746, 26.2605244 ], [ 91.2183052, 26.2602461 ], [ 91.2186136, 26.2600789 ], [ 91.2189531, 26.2602178 ], [ 91.2197247, 26.2606627 ], [ 91.221206, 26.2611627 ], [ 91.2212711, 26.261194 ], [ 91.2219016, 26.2602685 ], [ 91.2223795, 26.2596258 ], [ 91.2233343, 26.2585924 ], [ 91.2239119, 26.2580264 ], [ 91.2249525, 26.2571755 ], [ 91.2253546, 26.256727 ], [ 91.2258731, 26.2560186 ], [ 91.2262724, 26.2552768 ], [ 91.2269952, 26.2545116 ], [ 91.2278379, 26.2535281 ], [ 91.2285524, 26.2524069 ], [ 91.2288278, 26.2518419 ], [ 91.2296021, 26.2506381 ], [ 91.2301455, 26.2499488 ], [ 91.2303996, 26.2494061 ], [ 91.2305632, 26.248891 ], [ 91.2319364, 26.2457602 ], [ 91.2319852, 26.2456489 ], [ 91.2319329, 26.2456008 ], [ 91.2292796, 26.2437868 ], [ 91.2291358, 26.2437498 ], [ 91.229127, 26.2437475 ], [ 91.2290559, 26.2437292 ], [ 91.2280975, 26.2437588 ], [ 91.2220282, 26.2448295 ], [ 91.2214531, 26.2448588 ], [ 91.2210377, 26.2448302 ], [ 91.220814, 26.2446286 ], [ 91.2202059, 26.2433607 ], [ 91.2175951, 26.2408383 ], [ 91.2157089, 26.23911 ], [ 91.215517, 26.2387642 ], [ 91.2155167, 26.2383895 ], [ 91.2156185, 26.2368712 ], [ 91.2155517, 26.236966 ], [ 91.2137409, 26.2426241 ], [ 91.2092172, 26.2456371 ], [ 91.2064288, 26.2474942 ], [ 91.2078213, 26.2540928 ], [ 91.2079153, 26.2551557 ], [ 91.2081331, 26.2560419 ], [ 91.2084635, 26.257675 ], [ 91.2088346, 26.2592424 ], [ 91.2090391, 26.2603691 ], [ 91.2090879, 26.2609213 ], [ 91.209117, 26.2617195 ], [ 91.209117, 26.2617196 ], [ 91.2092254, 26.2616127 ], [ 91.2096635, 26.2613085 ], [ 91.2099953, 26.2611917 ], [ 91.2103114, 26.2610851 ], [ 91.2106811, 26.2609837 ], [ 91.2120312, 26.2607398 ], [ 91.2141504, 26.2605878 ], [ 91.2157538, 26.2605773 ] ] ] ] } },
{ "type": "Feature", "properties": { "gpcode": "105665", "gpname": "MANIKPUR", "dtname": "Barpeta", "stname": "ASSAM", "sdtname": "Baghbor", "blkname": "MANDIA", "expected_mm": 19.7, "likely_min_mm": 19.6, "likely_max_mm": 19.7, "tmax_c": 32.1, "tmin_c": 25.1, "temp_c": 28.6, "rh_pct": 95.1, "wind_kph": 11.7, "heat_stress_level": "NONE", "disease_risk_flag": false, "ragi_stage": "vegetative", "paddy_stage": "vegetative", "forecast_date": "2026-09-10", "timestamp_utc": "2026-09-28T15:52:05Z" }, "geometry": { "type": "Polygon", "coordinates": [ [ [ 90.9210143, 26.2375236 ], [ 90.9223175, 26.2362933 ], [ 90.9223197, 26.2362933 ], [ 90.9239734, 26.2321304 ], [ 90.9257479, 26.2289051 ], [ 90.9279009, 26.2254115 ], [ 90.9281793, 26.2239824 ], [ 90.9281689, 26.2233678 ], [ 90.9281689, 26.2233678 ], [ 90.9201946, 26.2230327 ], [ 90.9194521, 26.2228842 ], [ 90.9193203, 26.2220915 ], [ 90.9193418, 26.2134984 ], [ 90.9263935, 26.2132334 ], [ 90.933978, 26.2135001 ], [ 90.9339781, 26.2135001 ], [ 90.9339624, 26.2134144 ], [ 90.9336296, 26.2116252 ], [ 90.9337635, 26.2090379 ], [ 90.9337996, 26.2047908 ], [ 90.9337844, 26.2034932 ], [ 90.9337502, 26.2005749 ], [ 90.9337904, 26.196383 ], [ 90.9339054, 26.192025 ], [ 90.9339086, 26.1919034 ], [ 90.9308832, 26.1905541 ], [ 90.9307082, 26.1906087 ], [ 90.9249094, 26.1924189 ], [ 90.9157027, 26.1915003 ], [ 90.914512, 26.1914336 ], [ 90.9070911, 26.191018 ], [ 90.9047918, 26.1912851 ], [ 90.9038405, 26.1908208 ], [ 90.9022828, 26.1908235 ], [ 90.900957, 26.1914737 ], [ 90.8999163, 26.1923754 ], [ 90.8999163, 26.1923754 ], [ 90.8999163, 26.1923752 ], [ 90.9001433, 26.1892009 ], [ 90.9002866, 26.1874256 ], [ 90.9014718, 26.1851396 ], [ 90.9025632, 26.1838158 ], [ 90.9028456, 26.1826547 ], [ 90.8965977, 26.1807558 ], [ 90.8868121, 26.1787324 ], [ 90.8827744, 26.1819923 ], [ 90.8827141, 26.182041 ], [ 90.8803082, 26.1838613 ], [ 90.8767232, 26.1855437 ], [ 90.8727576, 26.1867881 ], [ 90.8683034, 26.1878342 ], [ 90.8649631, 26.1878736 ], [ 90.8648136, 26.1879042 ], [ 90.8635308, 26.1881669 ], [ 90.8624624, 26.1887059 ], [ 90.8619053, 26.1892092 ], [ 90.8615355, 26.1903961 ], [ 90.8611499, 26.1934034 ], [ 90.8616554, 26.1948003 ], [ 90.8625411, 26.1961319 ], [ 90.864662, 26.195868 ], [ 90.8674943, 26.1959027 ], [ 90.8693004, 26.1954672 ], [ 90.8704599, 26.1952466 ], [ 90.8704623, 26.1952462 ], [ 90.8704623, 26.1952464 ], [ 90.8703453, 26.1986493 ], [ 90.8701627, 26.2006876 ], [ 90.8699931, 26.2027058 ], [ 90.8700005, 26.20446 ], [ 90.8705749, 26.2055817 ], [ 90.8693103, 26.2056273 ], [ 90.8641074, 26.2054482 ], [ 90.8630046, 26.207332 ], [ 90.8621786, 26.2082025 ], [ 90.8619965, 26.2088689 ], [ 90.8615135, 26.2122408 ], [ 90.8613909, 26.2168165 ], [ 90.8611849, 26.2186169 ], [ 90.8606858, 26.2244284 ], [ 90.8667671, 26.2240917 ], [ 90.8729205, 26.2233452 ], [ 90.8729563, 26.2233409 ], [ 90.8792394, 26.2231057 ], [ 90.8858839, 26.2229612 ], [ 90.8881842, 26.2230976 ], [ 90.8881842, 26.2230976 ], [ 90.8893821, 26.2211237 ], [ 90.8904925, 26.2176943 ], [ 90.8924818, 26.2145657 ], [ 90.892499, 26.2145399 ], [ 90.8934592, 26.2130933 ], [ 90.8984051, 26.2135053 ], [ 90.8993722, 26.2135859 ], [ 90.9014059, 26.2138966 ], [ 90.9022568, 26.2141811 ], [ 90.9026898, 26.2117409 ], [ 90.9039201, 26.2097066 ], [ 90.9046554, 26.2077523 ], [ 90.9048037, 26.2059748 ], [ 90.9063535, 26.2053227 ], [ 90.9093346, 26.2043892 ], [ 90.9131564, 26.2038952 ], [ 90.9157148, 26.203806 ], [ 90.9157896, 26.2061492 ], [ 90.916507, 26.2082182 ], [ 90.9159925, 26.2107172 ], [ 90.9140387, 26.2152931 ], [ 90.9132307, 26.2165395 ], [ 90.9122876, 26.2170485 ], [ 90.9103196, 26.2170064 ], [ 90.9088496, 26.2168375 ], [ 90.907383, 26.2161245 ], [ 90.9052449, 26.2157758 ], [ 90.902036, 26.21523 ], [ 90.9016609, 26.2162794 ], [ 90.9019387, 26.2183437 ], [ 90.9017225, 26.2216654 ], [ 90.9009139, 26.2250145 ], [ 90.9024912, 26.2255659 ], [ 90.9045209, 26.2267302 ], [ 90.9071115, 26.2280586 ], [ 90.9087575, 26.2288723 ], [ 90.9101808, 26.2295307 ], [ 90.9101699, 26.2295959 ], [ 90.9157314, 26.2327463 ], [ 90.9169841, 26.2336609 ], [ 90.9185771, 26.2352104 ], [ 90.9210143, 26.2375236 ] ] ] } },
{ "type": "Feature", "properties": { "gpcode": "105666", "gpname": "RAMAPARA", "dtname": "Barpeta", "stname": "ASSAM", "sdtname": "Baghbor", "blkname": "MANDIA", "expected_mm": 19.3, "likely_min_mm": 19.2, "likely_max_mm": 19.5, "tmax_c": 32.3, "tmin_c": 25.2, "temp_c": 28.8, "rh_pct": 95.2, "wind_kph": 11.9, "heat_stress_level": "NONE", "disease_risk_flag": false, "ragi_stage": "vegetative", "paddy_stage": "vegetative", "forecast_date": "2026-09-10", "timestamp_utc": "2026-09-28T15:52:05Z" }, "geometry": { "type": "MultiPolygon", "coordinates": [ [ [ [ 90.8112147, 26.2070901 ], [ 90.8112146, 26.2070901 ], [ 90.8072792, 26.2074384 ], [ 90.8003727, 26.2069489 ], [ 90.8003733, 26.2069105 ], [ 90.8002843, 26.2049306 ], [ 90.8002369, 26.203878 ], [ 90.8000851, 26.2005042 ], [ 90.7998601, 26.197951 ], [ 90.8019746, 26.1984413 ], [ 90.8048081, 26.1985922 ], [ 90.8093018, 26.1986664 ], [ 90.8112689, 26.1988672 ], [ 90.8112785, 26.1988684 ], [ 90.8130718, 26.199089 ], [ 90.8146705, 26.1992361 ], [ 90.815984, 26.1992223 ], [ 90.8171368, 26.1990005 ], [ 90.818388, 26.1985911 ], [ 90.8200042, 26.1982724 ], [ 90.8215309, 26.1981689 ], [ 90.822722, 26.1983959 ], [ 90.8236141, 26.1986647 ], [ 90.8241392, 26.1953675 ], [ 90.8288335, 26.1951189 ], [ 90.8341275, 26.194364 ], [ 90.8370993, 26.1946163 ], [ 90.8378107, 26.1985348 ], [ 90.8383286, 26.2013871 ], [ 90.8386638, 26.2043054 ], [ 90.8384363, 26.2066604 ], [ 90.8381513, 26.2078413 ], [ 90.8391517, 26.2095135 ], [ 90.8407236, 26.2111207 ], [ 90.8462089, 26.2090845 ], [ 90.8488322, 26.2080906 ], [ 90.8489232, 26.2063549 ], [ 90.8493368, 26.1981593 ], [ 90.8493936, 26.1973691 ], [ 90.8494151, 26.1970701 ], [ 90.8513861, 26.1971685 ], [ 90.8630396, 26.1977498 ], [ 90.8625411, 26.1961319 ], [ 90.8616554, 26.1948003 ], [ 90.8611499, 26.1934034 ], [ 90.8615355, 26.1903961 ], [ 90.8619053, 26.1892092 ], [ 90.8624624, 26.1887059 ], [ 90.8635308, 26.1881669 ], [ 90.8648136, 26.1879042 ], [ 90.8623348, 26.1872157 ], [ 90.8598504, 26.1871532 ], [ 90.8582489, 26.1867346 ], [ 90.8557442, 26.1856721 ], [ 90.8537083, 26.1839878 ], [ 90.8521399, 26.1815914 ], [ 90.8517283, 26.1804551 ], [ 90.8501982, 26.1762318 ], [ 90.8496531, 26.171343 ], [ 90.8496467, 26.1713345 ], [ 90.8485905, 26.1699458 ], [ 90.8467117, 26.168528 ], [ 90.8441379, 26.1670038 ], [ 90.8424755, 26.1656096 ], [ 90.841059, 26.1640821 ], [ 90.8406767, 26.1633003 ], [ 90.8406767, 26.1633002 ], [ 90.8406326, 26.1632945 ], [ 90.837572, 26.1628999 ], [ 90.8338712, 26.1632347 ], [ 90.8322126, 26.1633887 ], [ 90.8309641, 26.1641339 ], [ 90.8303771, 26.1644842 ], [ 90.8281056, 26.165997 ], [ 90.8268208, 26.1670154 ], [ 90.8267489, 26.1681819 ], [ 90.8271883, 26.1688095 ], [ 90.8279784, 26.1695288 ], [ 90.8285621, 26.17034 ], [ 90.8284868, 26.1709647 ], [ 90.8277951, 26.1713998 ], [ 90.8271691, 26.1715982 ], [ 90.8264774, 26.1720334 ], [ 90.832738, 26.1751938 ], [ 90.8336725, 26.1756655 ], [ 90.8339416, 26.1768223 ], [ 90.8350311, 26.1809002 ], [ 90.8361923, 26.1842901 ], [ 90.8369127, 26.186268 ], [ 90.8355241, 26.1849441 ], [ 90.8335246, 26.1846187 ], [ 90.8257885, 26.183879 ], [ 90.8180987, 26.1838046 ], [ 90.818505, 26.1822086 ], [ 90.8189179, 26.1808509 ], [ 90.8191527, 26.1792473 ], [ 90.8192391, 26.1782733 ], [ 90.8192543, 26.1781025 ], [ 90.8195044, 26.1770141 ], [ 90.8200814, 26.1762385 ], [ 90.8212385, 26.1753967 ], [ 90.8207074, 26.1744941 ], [ 90.8197709, 26.1730625 ], [ 90.8192847, 26.1720512 ], [ 90.8189274, 26.1705231 ], [ 90.8192199, 26.1679224 ], [ 90.8196325, 26.1647199 ], [ 90.8205536, 26.1629697 ], [ 90.8212777, 26.1614099 ], [ 90.8219787, 26.1585744 ], [ 90.8227649, 26.1562362 ], [ 90.8204869, 26.1536462 ], [ 90.8204846, 26.153647 ], [ 90.816453, 26.1550875 ], [ 90.8132874, 26.1556556 ], [ 90.8116044, 26.1558442 ], [ 90.8115897, 26.1558458 ], [ 90.8110959, 26.158735 ], [ 90.8100937, 26.1636934 ], [ 90.8087314, 26.1697687 ], [ 90.8071573, 26.1748251 ], [ 90.8048699, 26.1810802 ], [ 90.8047569, 26.1815757 ], [ 90.8041542, 26.1842167 ], [ 90.8040308, 26.1851843 ], [ 90.8004198, 26.1844313 ], [ 90.7953369, 26.1837228 ], [ 90.7950573, 26.1836839 ], [ 90.7849869, 26.1817426 ], [ 90.7845792, 26.1860309 ], [ 90.7845816, 26.1910855 ], [ 90.7849746, 26.1947379 ], [ 90.7850389, 26.1953312 ], [ 90.7852642, 26.1974133 ], [ 90.785519, 26.1972682 ], [ 90.7875648, 26.1961203 ], [ 90.7889613, 26.1959076 ], [ 90.7910659, 26.1959553 ], [ 90.7917837, 26.1963314 ], [ 90.7921574, 26.1976989 ], [ 90.7920621, 26.1990988 ], [ 90.7917866, 26.2008983 ], [ 90.7909625, 26.2047897 ], [ 90.7907185, 26.2073467 ], [ 90.7950643, 26.2080137 ], [ 90.797845, 26.2084405 ], [ 90.800347, 26.2086156 ], [ 90.8004058, 26.2133344 ], [ 90.8004043, 26.2133527 ], [ 90.8001796, 26.2160102 ], [ 90.8001796, 26.2160103 ], [ 90.8035198, 26.2169783 ], [ 90.8066511, 26.2179998 ], [ 90.8091265, 26.2193764 ], [ 90.8101892, 26.2206172 ], [ 90.8107839, 26.2176266 ], [ 90.8107361, 26.2144563 ], [ 90.8107703, 26.2134891 ], [ 90.8108849, 26.2102435 ], [ 90.8112147, 26.2070901 ] ] ], [ [ [ 90.7689354, 26.1985839 ], [ 90.7686454, 26.1956716 ], [ 90.7682803, 26.1928803 ], [ 90.7682546, 26.1910686 ], [ 90.7680129, 26.1899475 ], [ 90.7679022, 26.189434 ], [ 90.7662626, 26.1867306 ], [ 90.7655745, 26.1841046 ], [ 90.7653007, 26.1823873 ], [ 90.765384, 26.1809092 ], [ 90.765384, 26.1809091 ], [ 90.7653841, 26.1809077 ], [ 90.7653837, 26.1809077 ], [ 90.7653836, 26.1809077 ], [ 90.7622558, 26.1807456 ], [ 90.7567373, 26.1796604 ], [ 90.7528293, 26.1787067 ], [ 90.7527706, 26.1786924 ], [ 90.7494662, 26.1811631 ], [ 90.7467312, 26.1840416 ], [ 90.7430613, 26.1877779 ], [ 90.7421545, 26.1919504 ], [ 90.7417615, 26.1937586 ], [ 90.7417973, 26.1937926 ], [ 90.7424097, 26.1943756 ], [ 90.7435513, 26.1959078 ], [ 90.746386, 26.1977529 ], [ 90.7526071, 26.2002234 ], [ 90.7571401, 26.2017364 ], [ 90.7571401, 26.2017406 ], [ 90.7571411, 26.2018188 ], [ 90.7623771, 26.2005669 ], [ 90.7638323, 26.2015501 ], [ 90.7658516, 26.2021073 ], [ 90.7674907, 26.2022263 ], [ 90.7687081, 26.2022924 ], [ 90.7689354, 26.1985839 ] ] ] ] } },
{ "type": "Feature", "properties": { "gpcode": "105667", "gpname": "SATRA KANARA", "dtname": "Barpeta", "stname": "ASSAM", "sdtname": "Baghbor", "blkname": "MANDIA", "expected_mm": 19.7, "likely_min_mm": 19.7, "likely_max_mm": 19.8, "tmax_c": 32.1, "tmin_c": 25.1, "temp_c": 28.6, "rh_pct": 95.0, "wind_kph": 11.5, "heat_stress_level": "NONE", "disease_risk_flag": false, "ragi_stage": "vegetative", "paddy_stage": "vegetative", "forecast_date": "2026-09-10", "timestamp_utc": "2026-09-28T15:52:05Z" }, "geometry": { "type": "Polygon", "coordinates": [ [ [ 90.9413781, 26.2367446 ], [ 90.9413381, 26.2361401 ], [ 90.9415636, 26.2358195 ], [ 90.9417591, 26.2356996 ], [ 90.9421248, 26.2354754 ], [ 90.9428799, 26.2354224 ], [ 90.9443841, 26.2357359 ], [ 90.9463372, 26.2363605 ], [ 90.9476064, 26.2367774 ], [ 90.9477439, 26.2368225 ], [ 90.9470958, 26.2352813 ], [ 90.9465011, 26.2343363 ], [ 90.9455855, 26.2332931 ], [ 90.9444263, 26.2325287 ], [ 90.9440266, 26.2320332 ], [ 90.9440447, 26.2314681 ], [ 90.9443018, 26.2303112 ], [ 90.9452586, 26.2284719 ], [ 90.9464329, 26.2260536 ], [ 90.9467104, 26.2246363 ], [ 90.9465693, 26.2241396 ], [ 90.9464861, 26.2238466 ], [ 90.945917, 26.2229401 ], [ 90.945917, 26.2229347 ], [ 90.9444968, 26.2223269 ], [ 90.9401225, 26.2217883 ], [ 90.9352737, 26.2209202 ], [ 90.9352298, 26.2209151 ], [ 90.9313977, 26.2204672 ], [ 90.9291389, 26.2201422 ], [ 90.9286275, 26.2204198 ], [ 90.9281371, 26.2214609 ], [ 90.9281684, 26.2233388 ], [ 90.9281689, 26.2233678 ], [ 90.9281793, 26.2239824 ], [ 90.9279009, 26.2254115 ], [ 90.9257479, 26.2289051 ], [ 90.9239734, 26.2321304 ], [ 90.9223197, 26.2362933 ], [ 90.9223175, 26.2362933 ], [ 90.9210143, 26.2375236 ], [ 90.9227609, 26.2392426 ], [ 90.9245159, 26.2411058 ], [ 90.9269514, 26.243251 ], [ 90.9297341, 26.245277 ], [ 90.9315732, 26.2471856 ], [ 90.9329077, 26.248269 ], [ 90.9342893, 26.2498995 ], [ 90.9350349, 26.2507394 ], [ 90.9356656, 26.25098 ], [ 90.9373288, 26.2509962 ], [ 90.9404359, 26.2506833 ], [ 90.9420249, 26.2505377 ], [ 90.9420249, 26.2505377 ], [ 90.9416618, 26.2502221 ], [ 90.9411106, 26.2487057 ], [ 90.9410189, 26.247157 ], [ 90.9416793, 26.2455555 ], [ 90.9409908, 26.2444352 ], [ 90.9404682, 26.2430102 ], [ 90.9404462, 26.2420246 ], [ 90.9406327, 26.2405365 ], [ 90.9409998, 26.2394287 ], [ 90.94144, 26.2374616 ], [ 90.9413781, 26.2367446 ] ] ] } },
{ "type": "Feature", "properties": { "gpcode": "105668", "gpname": "AGMANDIA-JADAVPUR", "dtname": "Barpeta", "stname": "ASSAM", "sdtname": "Baghbor", "blkname": "MANDIA", "expected_mm": 16.7, "likely_min_mm": 16.3, "likely_max_mm": 16.9, "tmax_c": 32.1, "tmin_c": 25.1, "temp_c": 28.6, "rh_pct": 94.1, "wind_kph": 11.0, "heat_stress_level": "NONE", "disease_risk_flag": false, "ragi_stage": "vegetative", "paddy_stage": "vegetative", "forecast_date": "2026-09-10", "timestamp_utc": "2026-09-28T15:52:05Z" }, "geometry": { "type": "MultiPolygon", "coordinates": [ [ [ [ 91.0258623, 26.258621 ], [ 91.0259112, 26.2585053 ], [ 91.0261116, 26.2580308 ], [ 91.0258096, 26.2553433 ], [ 91.0250077, 26.2500438 ], [ 91.0250832, 26.249724 ], [ 91.0251076, 26.2496205 ], [ 91.0257863, 26.2467432 ], [ 91.0258052, 26.2466629 ], [ 91.0258066, 26.2466575 ], [ 91.0272818, 26.2408944 ], [ 91.0285907, 26.2359093 ], [ 91.0286152, 26.2358162 ], [ 91.0286654, 26.235625 ], [ 91.0292355, 26.233553 ], [ 91.0290266, 26.2319538 ], [ 91.0279976, 26.2311031 ], [ 91.0225328, 26.2286575 ], [ 91.020988, 26.2277107 ], [ 91.020798, 26.2277285 ], [ 91.0207979, 26.2277286 ], [ 91.0145822, 26.2282744 ], [ 91.014598, 26.2290764 ], [ 91.0145968, 26.2291341 ], [ 91.0145142, 26.2330527 ], [ 91.0147441, 26.2362674 ], [ 91.0147652, 26.2365635 ], [ 91.0148082, 26.2401621 ], [ 91.0147415, 26.2405905 ], [ 91.0143756, 26.2429425 ], [ 91.0145588, 26.2447349 ], [ 91.0145673, 26.2453058 ], [ 91.0145971, 26.2472959 ], [ 91.0140141, 26.2471664 ], [ 91.0109611, 26.2474064 ], [ 91.0089959, 26.2473052 ], [ 91.0066434, 26.2472855 ], [ 91.0052991, 26.2472742 ], [ 91.0015197, 26.2472245 ], [ 90.9988787, 26.2472405 ], [ 90.9982046, 26.2487547 ], [ 90.9972848, 26.2506263 ], [ 90.9983203, 26.2513346 ], [ 91.0014788, 26.2537609 ], [ 91.0045009, 26.2561601 ], [ 91.0061019, 26.2581019 ], [ 91.0061765, 26.2581133 ], [ 91.0062993, 26.2581685 ], [ 91.0068022, 26.2583947 ], [ 91.0068712, 26.2584257 ], [ 91.0075964, 26.2587518 ], [ 91.0112024, 26.2585556 ], [ 91.0112756, 26.2585517 ], [ 91.011399, 26.2585449 ], [ 91.0139505, 26.2588572 ], [ 91.0188043, 26.258732 ], [ 91.0256024, 26.2592365 ], [ 91.0258623, 26.258621 ] ] ], [ [ [ 90.9937278, 26.2640397 ], [ 90.9937347, 26.2640301 ], [ 90.9920644, 26.2640659 ], [ 90.989553, 26.2643396 ], [ 90.9867776, 26.2642452 ], [ 90.9839936, 26.2638452 ], [ 90.9804722, 26.262825 ], [ 90.9768041, 26.2616978 ], [ 90.9734438, 26.2602925 ], [ 90.9722471, 26.259792 ], [ 90.9716833, 26.2606146 ], [ 90.9704795, 26.2623711 ], [ 90.9703771, 26.2625206 ], [ 90.9690425, 26.2640159 ], [ 90.9686332, 26.2652297 ], [ 90.9686328, 26.2652298 ], [ 90.9686329, 26.2652298 ], [ 90.9700471, 26.2655612 ], [ 90.9731449, 26.2671321 ], [ 90.9755825, 26.268072 ], [ 90.9771052, 26.2691071 ], [ 90.9795856, 26.2718205 ], [ 90.9818215, 26.2733657 ], [ 90.9832785, 26.2737508 ], [ 90.9851233, 26.2738148 ], [ 90.9867629, 26.2734407 ], [ 90.9881284, 26.272935 ], [ 90.9896779, 26.2720715 ], [ 90.9929777, 26.2703749 ], [ 90.993068, 26.2703285 ], [ 90.993043, 26.2703057 ], [ 90.9930424, 26.2702807 ], [ 90.9929824, 26.2680322 ], [ 90.9937278, 26.2640397 ] ] ] ] } },
{ "type": "Feature", "properties": { "gpcode": "105669", "gpname": "MANDIA", "dtname": "Barpeta", "stname": "ASSAM", "sdtname": "Baghbor", "blkname": "MANDIA", "expected_mm": 17.7, "likely_min_mm": 17.6, "likely_max_mm": 17.7, "tmax_c": 32.1, "tmin_c": 25.1, "temp_c": 28.6, "rh_pct": 94.4, "wind_kph": 11.3, "heat_stress_level": "NONE", "disease_risk_flag": false, "ragi_stage": "vegetative", "paddy_stage": "vegetative", "forecast_date": "2026-09-10", "timestamp_utc": "2026-09-28T15:52:05Z" }, "geometry": { "type": "Polygon", "coordinates": [ [ [ 90.9722597, 26.2597737 ], [ 90.9739262, 26.2565472 ], [ 90.975891, 26.2569728 ], [ 90.9768442, 26.2572601 ], [ 90.9781522, 26.25741 ], [ 90.9794663, 26.2571242 ], [ 90.9807965, 26.2566117 ], [ 90.9827246, 26.2551711 ], [ 90.9836791, 26.2544434 ], [ 90.9828609, 26.2530114 ], [ 90.9809868, 26.2485614 ], [ 90.9806977, 26.2478004 ], [ 90.9807864, 26.2457319 ], [ 90.9808073, 26.2441192 ], [ 90.9803757, 26.2422293 ], [ 90.9796793, 26.2370743 ], [ 90.9795711, 26.2359528 ], [ 90.9782742, 26.2356945 ], [ 90.9766313, 26.2355301 ], [ 90.9747415, 26.2369931 ], [ 90.9718916, 26.2390137 ], [ 90.9645069, 26.2379232 ], [ 90.9635096, 26.2371534 ], [ 90.9626921, 26.2330809 ], [ 90.9629747, 26.2264811 ], [ 90.9636748, 26.2220219 ], [ 90.9641751, 26.2171106 ], [ 90.9633905, 26.2157851 ], [ 90.9620451, 26.2142548 ], [ 90.9614677, 26.2137338 ], [ 90.9614677, 26.2137331 ], [ 90.9614261, 26.2138735 ], [ 90.9608125, 26.2159323 ], [ 90.9605357, 26.2184085 ], [ 90.9594317, 26.2205591 ], [ 90.9593217, 26.2209095 ], [ 90.958837, 26.2224535 ], [ 90.9576725, 26.2244685 ], [ 90.9583651, 26.2273196 ], [ 90.957912, 26.229272 ], [ 90.9573967, 26.2320871 ], [ 90.9572756, 26.2363646 ], [ 90.9560589, 26.2382324 ], [ 90.9560588, 26.2382324 ], [ 90.956935, 26.2382934 ], [ 90.9591151, 26.2386688 ], [ 90.9600294, 26.2389229 ], [ 90.9592286, 26.2460504 ], [ 90.9590885, 26.2465601 ], [ 90.9584078, 26.2490362 ], [ 90.9584074, 26.2490376 ], [ 90.9584074, 26.2490376 ], [ 90.9582544, 26.2495919 ], [ 90.9578145, 26.2532001 ], [ 90.9578145, 26.2532001 ], [ 90.9573299, 26.252941 ], [ 90.9562739, 26.2523763 ], [ 90.9550298, 26.2517111 ], [ 90.952374, 26.250646 ], [ 90.9495901, 26.2500449 ], [ 90.9475555, 26.2498464 ], [ 90.9453045, 26.2501846 ], [ 90.9431578, 26.250434 ], [ 90.9428285, 26.2504722 ], [ 90.9424644, 26.2523277 ], [ 90.9426286, 26.2539851 ], [ 90.9432676, 26.2565194 ], [ 90.9441494, 26.2606697 ], [ 90.9447183, 26.2636072 ], [ 90.9452434, 26.2650922 ], [ 90.9471245, 26.2727379 ], [ 90.9479597, 26.276591 ], [ 90.9499354, 26.2770184 ], [ 90.9499354, 26.2770184 ], [ 90.9499349, 26.277019 ], [ 90.9502642, 26.2808308 ], [ 90.9502797, 26.280831 ], [ 90.9574404, 26.2809284 ], [ 90.9632624, 26.280134 ], [ 90.9633072, 26.2799105 ], [ 90.9641694, 26.2756066 ], [ 90.9647512, 26.2690786 ], [ 90.9651118, 26.2682774 ], [ 90.9643668, 26.2669373 ], [ 90.9643668, 26.2669372 ], [ 90.9658161, 26.2660743 ], [ 90.9686328, 26.2652298 ], [ 90.9686332, 26.2652297 ], [ 90.9690425, 26.2640159 ], [ 90.9703771, 26.2625206 ], [ 90.9704795, 26.2623711 ], [ 90.9716833, 26.2606146 ], [ 90.9722471, 26.259792 ], [ 90.9722597, 26.2597737 ] ] ] } },
{ "type": "Feature", "properties": { "gpcode": "105670", "gpname": "CHACHRA", "dtname": "Barpeta", "stname": "ASSAM", "sdtname": "Baghbor", "blkname": "MANDIA", "expected_mm": 19.1, "likely_min_mm": 19.0, "likely_max_mm": 19.1, "tmax_c": 32.1, "tmin_c": 25.1, "temp_c": 28.6, "rh_pct": 94.9, "wind_kph": 11.4, "heat_stress_level": "NONE", "disease_risk_flag": false, "ragi_stage": "vegetative", "paddy_stage": "vegetative", "forecast_date": "2026-09-10", "timestamp_utc": "2026-09-28T15:52:05Z" }, "geometry": { "type": "MultiPolygon", "coordinates": [ [ [ [ 90.9291389, 26.2201422 ], [ 90.9313977, 26.2204672 ], [ 90.9352298, 26.2209151 ], [ 90.9352737, 26.2209202 ], [ 90.9401225, 26.2217883 ], [ 90.9444968, 26.2223269 ], [ 90.945917, 26.2229347 ], [ 90.9459164, 26.2224166 ], [ 90.9466663, 26.2218001 ], [ 90.948249, 26.2215279 ], [ 90.9593217, 26.2209095 ], [ 90.9594317, 26.2205591 ], [ 90.9605357, 26.2184085 ], [ 90.9608125, 26.2159323 ], [ 90.9614261, 26.2138735 ], [ 90.9614677, 26.2137331 ], [ 90.961546, 26.2092068 ], [ 90.9612549, 26.206738 ], [ 90.9612528, 26.2067195 ], [ 90.9609564, 26.2042144 ], [ 90.9614146, 26.2022753 ], [ 90.9614148, 26.2022747 ], [ 90.9614359, 26.2021774 ], [ 90.9596409, 26.2020242 ], [ 90.9578769, 26.2018476 ], [ 90.9561649, 26.2015938 ], [ 90.9560291, 26.2015042 ], [ 90.9550277, 26.2008438 ], [ 90.9550277, 26.2008437 ], [ 90.9525489, 26.1978666 ], [ 90.9516241, 26.1974884 ], [ 90.9494269, 26.1973608 ], [ 90.9464955, 26.1964792 ], [ 90.9464783, 26.1964727 ], [ 90.9464267, 26.1964534 ], [ 90.9423456, 26.1949177 ], [ 90.9339703, 26.1919307 ], [ 90.9339703, 26.1919309 ], [ 90.9339086, 26.1919034 ], [ 90.9339054, 26.192025 ], [ 90.9337904, 26.196383 ], [ 90.9337502, 26.2005749 ], [ 90.9337844, 26.2034932 ], [ 90.9337996, 26.2047908 ], [ 90.9337635, 26.2090379 ], [ 90.9336296, 26.2116252 ], [ 90.9339624, 26.2134144 ], [ 90.9339781, 26.2135001 ], [ 90.933978, 26.2135001 ], [ 90.9263935, 26.2132334 ], [ 90.9193418, 26.2134984 ], [ 90.9193203, 26.2220915 ], [ 90.9194521, 26.2228842 ], [ 90.9201946, 26.2230327 ], [ 90.9281689, 26.2233678 ], [ 90.9281684, 26.2233388 ], [ 90.9281371, 26.2214609 ], [ 90.9286275, 26.2204198 ], [ 90.9291389, 26.2201422 ] ] ], [ [ [ 90.9157148, 26.203806 ], [ 90.9131564, 26.2038952 ], [ 90.9093346, 26.2043892 ], [ 90.9063535, 26.2053227 ], [ 90.9048037, 26.2059748 ], [ 90.9046554, 26.2077523 ], [ 90.9039201, 26.2097066 ], [ 90.9026898, 26.2117409 ], [ 90.9022568, 26.2141811 ], [ 90.9022502, 26.2142182 ], [ 90.902036, 26.21523 ], [ 90.9052449, 26.2157758 ], [ 90.907383, 26.2161245 ], [ 90.9088496, 26.2168375 ], [ 90.9103196, 26.2170064 ], [ 90.9122876, 26.2170485 ], [ 90.9132307, 26.2165395 ], [ 90.9140387, 26.2152931 ], [ 90.9159925, 26.2107172 ], [ 90.916507, 26.2082182 ], [ 90.9157896, 26.2061492 ], [ 90.9157148, 26.203806 ] ] ] ] } },
{ "type": "Feature", "properties": { "gpcode": "105671", "gpname": "DIGHIRPAM", "dtname": "Barpeta", "stname": "ASSAM", "sdtname": "Baghbor", "blkname": "MANDIA", "expected_mm": 18.1, "likely_min_mm": 18.1, "likely_max_mm": 18.1, "tmax_c": 32.0, "tmin_c": 25.1, "temp_c": 28.6, "rh_pct": 94.7, "wind_kph": 11.2, "heat_stress_level": "NONE", "disease_risk_flag": false, "ragi_stage": "vegetative", "paddy_stage": "vegetative", "forecast_date": "2026-09-10", "timestamp_utc": "2026-09-28T15:52:05Z" }, "geometry": { "type": "MultiPolygon", "coordinates": [ [ [ [ 90.9766313, 26.2355301 ], [ 90.9782742, 26.2356945 ], [ 90.9795711, 26.2359528 ], [ 90.9795102, 26.2353222 ], [ 90.9795105, 26.2353221 ], [ 90.9795105, 26.235322 ], [ 90.9800236, 26.2332095 ], [ 90.9802256, 26.2281207 ], [ 90.9803262, 26.2218622 ], [ 90.9800311, 26.2182703 ], [ 90.980144, 26.216652 ], [ 90.9801501, 26.2166519 ], [ 90.9801705, 26.2163754 ], [ 90.9804255, 26.2153516 ], [ 90.9810892, 26.2094808 ], [ 90.9811966, 26.2082501 ], [ 90.981206, 26.2081425 ], [ 90.9795504, 26.2077447 ], [ 90.9769889, 26.2075365 ], [ 90.9742091, 26.2059477 ], [ 90.9709137, 26.2049432 ], [ 90.9664359, 26.2033862 ], [ 90.9614835, 26.2021814 ], [ 90.9614799, 26.2021806 ], [ 90.9614797, 26.2021811 ], [ 90.9614359, 26.2021774 ], [ 90.9614148, 26.2022747 ], [ 90.9614146, 26.2022753 ], [ 90.9609564, 26.2042144 ], [ 90.9612528, 26.2067195 ], [ 90.9612549, 26.206738 ], [ 90.961546, 26.2092068 ], [ 90.9614677, 26.2137331 ], [ 90.9614677, 26.2137338 ], [ 90.9620451, 26.2142548 ], [ 90.9633905, 26.2157851 ], [ 90.9641751, 26.2171106 ], [ 90.9636748, 26.2220219 ], [ 90.9629747, 26.2264811 ], [ 90.9626921, 26.2330809 ], [ 90.9635096, 26.2371534 ], [ 90.9645069, 26.2379232 ], [ 90.9718916, 26.2390137 ], [ 90.9747415, 26.2369931 ], [ 90.9766313, 26.2355301 ] ] ], [ [ [ 90.9582544, 26.2495919 ], [ 90.9584074, 26.2490376 ], [ 90.9584078, 26.2490362 ], [ 90.9590885, 26.2465601 ], [ 90.9592286, 26.2460504 ], [ 90.9600294, 26.2389229 ], [ 90.9591151, 26.2386688 ], [ 90.956935, 26.2382934 ], [ 90.9560588, 26.2382324 ], [ 90.9560589, 26.2382324 ], [ 90.9572756, 26.2363646 ], [ 90.9573967, 26.2320871 ], [ 90.957912, 26.229272 ], [ 90.9583651, 26.2273196 ], [ 90.9576725, 26.2244685 ], [ 90.958837, 26.2224535 ], [ 90.9593217, 26.2209095 ], [ 90.948249, 26.2215279 ], [ 90.9466663, 26.2218001 ], [ 90.9459164, 26.2224166 ], [ 90.945917, 26.2229347 ], [ 90.945917, 26.2229401 ], [ 90.9464861, 26.2238466 ], [ 90.9465693, 26.2241396 ], [ 90.9467104, 26.2246363 ], [ 90.9464329, 26.2260536 ], [ 90.9452586, 26.2284719 ], [ 90.9443018, 26.2303112 ], [ 90.9440447, 26.2314681 ], [ 90.9440266, 26.2320332 ], [ 90.9444263, 26.2325287 ], [ 90.9455855, 26.2332931 ], [ 90.9465011, 26.2343363 ], [ 90.9470958, 26.2352813 ], [ 90.9477439, 26.2368225 ], [ 90.9476064, 26.2367774 ], [ 90.9463372, 26.2363605 ], [ 90.9443841, 26.2357359 ], [ 90.9428799, 26.2354224 ], [ 90.9421248, 26.2354754 ], [ 90.9417591, 26.2356996 ], [ 90.9415636, 26.2358195 ], [ 90.9413381, 26.2361401 ], [ 90.9413781, 26.2367446 ], [ 90.94144, 26.2374616 ], [ 90.9409998, 26.2394287 ], [ 90.9406327, 26.2405365 ], [ 90.9404462, 26.2420246 ], [ 90.9404682, 26.2430102 ], [ 90.9409908, 26.2444352 ], [ 90.9416793, 26.2455555 ], [ 90.9410189, 26.247157 ], [ 90.9411106, 26.2487057 ], [ 90.9416618, 26.2502221 ], [ 90.9420249, 26.2505377 ], [ 90.9420252, 26.250538 ], [ 90.9428285, 26.2504722 ], [ 90.9431578, 26.250434 ], [ 90.9453045, 26.2501846 ], [ 90.9475555, 26.2498464 ], [ 90.9495901, 26.2500449 ], [ 90.952374, 26.250646 ], [ 90.9550298, 26.2517111 ], [ 90.9562739, 26.2523763 ], [ 90.9573299, 26.252941 ], [ 90.9578145, 26.2532001 ], [ 90.9582544, 26.2495919 ] ] ] ] } },
{ "type": "Feature", "properties": { "gpcode": "105672", "gpname": "BHATKUCHI", "dtname": "Barpeta", "stname": "ASSAM", "sdtname": "Baghbor", "blkname": "MANDIA", "expected_mm": 17.3, "likely_min_mm": 17.3, "likely_max_mm": 17.3, "tmax_c": 32.1, "tmin_c": 25.1, "temp_c": 28.6, "rh_pct": 94.2, "wind_kph": 11.2, "heat_stress_level": "NONE", "disease_risk_flag": false, "ragi_stage": "vegetative", "paddy_stage": "vegetative", "forecast_date": "2026-09-10", "timestamp_utc": "2026-09-28T15:52:05Z" }, "geometry": { "type": "Polygon", "coordinates": [ [ [ 90.9969423, 26.2751406 ], [ 90.995488, 26.2725344 ], [ 90.993068, 26.2703285 ], [ 90.9929777, 26.2703749 ], [ 90.9896779, 26.2720715 ], [ 90.9881284, 26.272935 ], [ 90.9867629, 26.2734407 ], [ 90.9851233, 26.2738148 ], [ 90.9832785, 26.2737508 ], [ 90.9818215, 26.2733657 ], [ 90.9795856, 26.2718205 ], [ 90.9771052, 26.2691071 ], [ 90.9755825, 26.268072 ], [ 90.9731449, 26.2671321 ], [ 90.9700471, 26.2655612 ], [ 90.9686329, 26.2652298 ], [ 90.9686328, 26.2652298 ], [ 90.9658161, 26.2660743 ], [ 90.9643668, 26.2669372 ], [ 90.9643668, 26.2669373 ], [ 90.9651118, 26.2682774 ], [ 90.9647512, 26.2690786 ], [ 90.9641694, 26.2756066 ], [ 90.9633072, 26.2799105 ], [ 90.9632624, 26.280134 ], [ 90.9625123, 26.2846926 ], [ 90.9624445, 26.287499 ], [ 90.9629764, 26.2914998 ], [ 90.9629764, 26.2914998 ], [ 90.963131, 26.2915699 ], [ 90.9639587, 26.2920657 ], [ 90.9655145, 26.2929139 ], [ 90.9668593, 26.2936471 ], [ 90.9683793, 26.2949218 ], [ 90.9699168, 26.2958481 ], [ 90.9706589, 26.2961408 ], [ 90.9707148, 26.2961774 ], [ 90.9734197, 26.2979509 ], [ 90.9773364, 26.2999695 ], [ 90.9806451, 26.3014823 ], [ 90.9812739, 26.301696 ], [ 90.9814328, 26.3017501 ], [ 90.9859827, 26.303509 ], [ 90.9861068, 26.3034779 ], [ 90.9861696, 26.3034622 ], [ 90.9862532, 26.3034413 ], [ 90.9862532, 26.3034413 ], [ 90.9863017, 26.3034292 ], [ 90.9905647, 26.3030059 ], [ 90.9935799, 26.3023625 ], [ 90.9950298, 26.3017677 ], [ 90.9959942, 26.3010842 ], [ 90.996069, 26.3009979 ], [ 90.99614, 26.3009161 ], [ 90.9987239, 26.2979367 ], [ 90.9995679, 26.2959734 ], [ 90.9996231, 26.2958449 ], [ 91.0008556, 26.2929777 ], [ 91.0008977, 26.2928797 ], [ 91.0022442, 26.289747 ], [ 91.0015635, 26.2881944 ], [ 91.0008261, 26.2872476 ], [ 91.0007386, 26.2871353 ], [ 90.9993363, 26.2853349 ], [ 90.9990373, 26.2842478 ], [ 90.999743, 26.2814687 ], [ 90.9992144, 26.2803629 ], [ 90.9991983, 26.2803293 ], [ 90.9985759, 26.279027 ], [ 90.9980203, 26.2773424 ], [ 90.9969423, 26.2751406 ] ] ] } },
{ "type": "Feature", "properties": { "gpcode": "105673", "gpname": "BAMUN DONGRA", "dtname": "Barpeta", "stname": "ASSAM", "sdtname": "Baghbor", "blkname": "MANDIA", "expected_mm": 17.2, "likely_min_mm": 17.0, "likely_max_mm": 17.3, "tmax_c": 32.0, "tmin_c": 25.1, "temp_c": 28.6, "rh_pct": 94.4, "wind_kph": 11.1, "heat_stress_level": "NONE", "disease_risk_flag": false, "ragi_stage": "vegetative", "paddy_stage": "vegetative", "forecast_date": "2026-09-10", "timestamp_utc": "2026-09-28T15:52:05Z" }, "geometry": { "type": "Polygon", "coordinates": [ [ [ 90.9930138, 26.2584162 ], [ 90.9930326, 26.2572544 ], [ 90.9932355, 26.2568353 ], [ 90.9939939, 26.2562691 ], [ 90.9957057, 26.2556626 ], [ 90.9966879, 26.2549186 ], [ 90.9969049, 26.2532841 ], [ 90.9970808, 26.2515249 ], [ 90.9972355, 26.2508436 ], [ 90.9972848, 26.2506263 ], [ 90.9982046, 26.2487547 ], [ 90.9988787, 26.2472405 ], [ 91.0015197, 26.2472245 ], [ 91.0052991, 26.2472742 ], [ 91.0066434, 26.2472855 ], [ 91.0089959, 26.2473052 ], [ 91.0109611, 26.2474064 ], [ 91.0140141, 26.2471664 ], [ 91.0145971, 26.2472959 ], [ 91.0145673, 26.2453058 ], [ 91.0145588, 26.2447349 ], [ 91.0143756, 26.2429425 ], [ 91.0147415, 26.2405905 ], [ 91.0148082, 26.2401621 ], [ 91.0147652, 26.2365635 ], [ 91.0147441, 26.2362674 ], [ 91.0145142, 26.2330527 ], [ 91.0145968, 26.2291341 ], [ 91.014598, 26.2290764 ], [ 91.0145822, 26.2282744 ], [ 91.0207979, 26.2277286 ], [ 91.020798, 26.2277285 ], [ 91.020988, 26.2277107 ], [ 91.0208633, 26.2276343 ], [ 91.0207317, 26.2275536 ], [ 91.0184242, 26.226116 ], [ 91.0177236, 26.2251189 ], [ 91.0179204, 26.224243 ], [ 91.0192115, 26.2232645 ], [ 91.0192642, 26.2232245 ], [ 91.019333, 26.2232269 ], [ 91.0222057, 26.2233244 ], [ 91.023842, 26.2225315 ], [ 91.025195, 26.2208351 ], [ 91.0255844, 26.2198225 ], [ 91.0266782, 26.2190679 ], [ 91.0267007, 26.2190648 ], [ 91.0284063, 26.2188286 ], [ 91.0287541, 26.2178954 ], [ 91.0286688, 26.2169146 ], [ 91.0278507, 26.2158871 ], [ 91.0266562, 26.2147218 ], [ 91.0245886, 26.2133406 ], [ 91.0245886, 26.2133406 ], [ 91.0181319, 26.2126469 ], [ 91.0156004, 26.211859 ], [ 91.0090787, 26.2111597 ], [ 91.0051655, 26.210554 ], [ 91.0052308, 26.2104597 ], [ 91.0032825, 26.2101581 ], [ 90.998111, 26.2099789 ], [ 90.9979166, 26.2099706 ], [ 90.9977877, 26.209965 ], [ 90.9947072, 26.2098323 ], [ 90.9890155, 26.2092348 ], [ 90.9831839, 26.2085024 ], [ 90.9831755, 26.2085009 ], [ 90.9831498, 26.2084963 ], [ 90.9812619, 26.2081545 ], [ 90.9812618, 26.2081559 ], [ 90.9812617, 26.2081559 ], [ 90.981206, 26.2081425 ], [ 90.9811966, 26.2082501 ], [ 90.9810892, 26.2094808 ], [ 90.9804255, 26.2153516 ], [ 90.9801705, 26.2163754 ], [ 90.9801501, 26.2166519 ], [ 90.980144, 26.216652 ], [ 90.9800311, 26.2182703 ], [ 90.9803262, 26.2218622 ], [ 90.9802256, 26.2281207 ], [ 90.9800236, 26.2332095 ], [ 90.9795105, 26.235322 ], [ 90.9795105, 26.2353221 ], [ 90.9795102, 26.2353222 ], [ 90.9795711, 26.2359528 ], [ 90.9796793, 26.2370743 ], [ 90.9803757, 26.2422293 ], [ 90.9808073, 26.2441192 ], [ 90.9807864, 26.2457319 ], [ 90.9806977, 26.2478004 ], [ 90.9809868, 26.2485614 ], [ 90.9828609, 26.2530114 ], [ 90.9836791, 26.2544434 ], [ 90.9827246, 26.2551711 ], [ 90.9807965, 26.2566117 ], [ 90.9794663, 26.2571242 ], [ 90.9781522, 26.25741 ], [ 90.9768442, 26.2572601 ], [ 90.975891, 26.2569728 ], [ 90.9739262, 26.2565472 ], [ 90.9722597, 26.2597737 ], [ 90.9722471, 26.259792 ], [ 90.9734438, 26.2602925 ], [ 90.9768041, 26.2616978 ], [ 90.9804722, 26.262825 ], [ 90.9839936, 26.2638452 ], [ 90.9867776, 26.2642452 ], [ 90.989553, 26.2643396 ], [ 90.9920644, 26.2640659 ], [ 90.9937347, 26.2640301 ], [ 90.9938026, 26.2639359 ], [ 90.9955524, 26.2615074 ], [ 90.9949606, 26.2605189 ], [ 90.9938959, 26.2596224 ], [ 90.9931885, 26.2590515 ], [ 90.9930138, 26.2584162 ] ] ] } },
{ "type": "Feature", "properties": { "gpcode": "105674", "gpname": "ALOPATI MAJARCHAR", "dtname": "Barpeta", "stname": "ASSAM", "sdtname": "Chenga", "blkname": "CHENGA", "expected_mm": 16.0, "likely_min_mm": 15.8, "likely_max_mm": 16.2, "tmax_c": 32.3, "tmin_c": 25.0, "temp_c": 28.6, "rh_pct": 93.7, "wind_kph": 11.0, "heat_stress_level": "NONE", "disease_risk_flag": false, "ragi_stage": "vegetative", "paddy_stage": "vegetative", "forecast_date": "2026-09-10", "timestamp_utc": "2026-09-28T15:52:05Z" }, "geometry": { "type": "Polygon", "coordinates": [ [ [ 91.1809503, 26.2254518 ], [ 91.1812489, 26.2244528 ], [ 91.1841215, 26.2219427 ], [ 91.187664, 26.2200128 ], [ 91.1905113, 26.2189705 ], [ 91.1957628, 26.2171272 ], [ 91.1994538, 26.216555 ], [ 91.1998935, 26.2146346 ], [ 91.1959452, 26.2144225 ], [ 91.1936013, 26.2145812 ], [ 91.1910421, 26.2153481 ], [ 91.1894569, 26.2159284 ], [ 91.1874505, 26.2166166 ], [ 91.1847298, 26.2184836 ], [ 91.1833226, 26.2191288 ], [ 91.1832188, 26.2174646 ], [ 91.1843444, 26.2150902 ], [ 91.1861986, 26.2141407 ], [ 91.1886396, 26.213499 ], [ 91.189453, 26.2124687 ], [ 91.1898162, 26.211704 ], [ 91.1921924, 26.2103283 ], [ 91.1943304, 26.2096693 ], [ 91.200097, 26.2091384 ], [ 91.2023119, 26.2088626 ], [ 91.2044547, 26.2089791 ], [ 91.2071008, 26.2076129 ], [ 91.2083872, 26.2068206 ], [ 91.2091489, 26.2066686 ], [ 91.2091346, 26.2052896 ], [ 91.2097949, 26.202336 ], [ 91.2108824, 26.1990505 ], [ 91.2114404, 26.1978896 ], [ 91.2114825, 26.1978021 ], [ 91.2124599, 26.1966822 ], [ 91.2131206, 26.1961321 ], [ 91.2155271, 26.1951481 ], [ 91.2169263, 26.1946586 ], [ 91.2187721, 26.1943508 ], [ 91.2208078, 26.1942431 ], [ 91.2224961, 26.194102 ], [ 91.2236924, 26.1939965 ], [ 91.2244334, 26.1940986 ], [ 91.2249605, 26.1942161 ], [ 91.2271076, 26.1938117 ], [ 91.2392357, 26.193008 ], [ 91.2392357, 26.193008 ], [ 91.2393566, 26.1929997 ], [ 91.2393032, 26.1929131 ], [ 91.2392933, 26.1928972 ], [ 91.2390687, 26.1918308 ], [ 91.238812, 26.1904762 ], [ 91.2389997, 26.188099 ], [ 91.2395407, 26.1861673 ], [ 91.2395084, 26.185879 ], [ 91.2393485, 26.1855333 ], [ 91.2384524, 26.1835739 ], [ 91.2379718, 26.181816 ], [ 91.2375295, 26.1805008 ], [ 91.2374015, 26.1801839 ], [ 91.2369224, 26.1800401 ], [ 91.2360283, 26.1799544 ], [ 91.2349747, 26.1801282 ], [ 91.233698, 26.1806191 ], [ 91.2314318, 26.1817162 ], [ 91.230538, 26.1820051 ], [ 91.2296759, 26.1820634 ], [ 91.2279513, 26.1818053 ], [ 91.2247253, 26.1807122 ], [ 91.2222346, 26.1793483 ], [ 91.222196, 26.1793272 ], [ 91.2221564, 26.1793055 ], [ 91.2221696, 26.1793015 ], [ 91.2221513, 26.1793027 ], [ 91.2201157, 26.1794389 ], [ 91.218037, 26.1795779 ], [ 91.2166848, 26.1798186 ], [ 91.2165965, 26.1799171 ], [ 91.2165965, 26.1799172 ], [ 91.2119906, 26.1848794 ], [ 91.2093856, 26.186583 ], [ 91.2074482, 26.1880441 ], [ 91.2057172, 26.1913565 ], [ 91.2049414, 26.1932664 ], [ 91.2042612, 26.1937251 ], [ 91.2060779, 26.194143 ], [ 91.2075658, 26.1944893 ], [ 91.2086405, 26.1948239 ], [ 91.2094537, 26.1951088 ], [ 91.2100746, 26.1956199 ], [ 91.2104556, 26.1966244 ], [ 91.2105581, 26.1968113 ], [ 91.2099915, 26.1977074 ], [ 91.2090446, 26.2001468 ], [ 91.2088029, 26.2017969 ], [ 91.2080064, 26.2049641 ], [ 91.2076057, 26.2062758 ], [ 91.2058716, 26.2076056 ], [ 91.2033333, 26.2086044 ], [ 91.2027239, 26.2085316 ], [ 91.2029106, 26.2082071 ], [ 91.2034293, 26.2077422 ], [ 91.2042543, 26.2073331 ], [ 91.204102, 26.2070719 ], [ 91.2036109, 26.206874 ], [ 91.2026234, 26.2069061 ], [ 91.2003568, 26.2074574 ], [ 91.1971853, 26.2081129 ], [ 91.1962473, 26.2082192 ], [ 91.1972934, 26.2069001 ], [ 91.1987246, 26.2055533 ], [ 91.1992092, 26.2047021 ], [ 91.1981635, 26.2050494 ], [ 91.192513, 26.2078654 ], [ 91.1879527, 26.2110861 ], [ 91.1861585, 26.2122256 ], [ 91.1844704, 26.2135907 ], [ 91.1824944, 26.2155985 ], [ 91.1825781, 26.2160588 ], [ 91.1827079, 26.2165549 ], [ 91.18248, 26.2173876 ], [ 91.1820924, 26.2188537 ], [ 91.182323, 26.2200033 ], [ 91.1821174, 26.2206012 ], [ 91.1805132, 26.2214549 ], [ 91.1779028, 26.2216421 ], [ 91.1763676, 26.2213246 ], [ 91.17366, 26.2208966 ], [ 91.1720718, 26.2204663 ], [ 91.1706956, 26.2195879 ], [ 91.1704291, 26.2194178 ], [ 91.1688361, 26.2184435 ], [ 91.1663106, 26.2171473 ], [ 91.1631479, 26.2157558 ], [ 91.1587382, 26.214089 ], [ 91.1562549, 26.2137614 ], [ 91.1543586, 26.2137416 ], [ 91.153246, 26.2138213 ], [ 91.1526591, 26.2135134 ], [ 91.1524146, 26.213181 ], [ 91.1525946, 26.2127794 ], [ 91.1538035, 26.2118377 ], [ 91.155492, 26.2104729 ], [ 91.1563844, 26.2093596 ], [ 91.1567287, 26.2088684 ], [ 91.1577529, 26.2077844 ], [ 91.1590764, 26.2067012 ], [ 91.1602765, 26.2061487 ], [ 91.1612884, 26.2054154 ], [ 91.1617373, 26.2046447 ], [ 91.1615151, 26.2040775 ], [ 91.161183, 26.204218 ], [ 91.16051, 26.2048881 ], [ 91.1598166, 26.2053265 ], [ 91.1580019, 26.2062339 ], [ 91.1571699, 26.2065656 ], [ 91.1564961, 26.2057585 ], [ 91.1562502, 26.2049209 ], [ 91.1559805, 26.2038129 ], [ 91.1550342, 26.2008875 ], [ 91.1548895, 26.1997316 ], [ 91.15474, 26.1980319 ], [ 91.1548602, 26.1974402 ], [ 91.1548707, 26.1973975 ], [ 91.1549872, 26.1969257 ], [ 91.1547922, 26.1966676 ], [ 91.1543576, 26.196621 ], [ 91.1536473, 26.1968661 ], [ 91.1533342, 26.1967331 ], [ 91.1534353, 26.1964149 ], [ 91.1539508, 26.1959114 ], [ 91.1547901, 26.1946852 ], [ 91.1559031, 26.1936337 ], [ 91.1568994, 26.1932126 ], [ 91.1580103, 26.1926276 ], [ 91.1591125, 26.1924321 ], [ 91.1609298, 26.1925352 ], [ 91.1622955, 26.1923985 ], [ 91.1637949, 26.1918246 ], [ 91.1661364, 26.1910349 ], [ 91.1678959, 26.1904812 ], [ 91.168873, 26.1903334 ], [ 91.1695385, 26.1905578 ], [ 91.1700534, 26.1910263 ], [ 91.1696114, 26.1918743 ], [ 91.1688341, 26.1928241 ], [ 91.1677951, 26.1932484 ], [ 91.1666691, 26.1931736 ], [ 91.1647098, 26.1929253 ], [ 91.1639431, 26.1930191 ], [ 91.1634603, 26.1934035 ], [ 91.1636655, 26.1937776 ], [ 91.1643154, 26.1943141 ], [ 91.1657253, 26.1946796 ], [ 91.1676181, 26.1946605 ], [ 91.1703392, 26.1942712 ], [ 91.1734678, 26.1936193 ], [ 91.1747006, 26.1934778 ], [ 91.1766565, 26.1936874 ], [ 91.1775992, 26.1941252 ], [ 91.1783844, 26.1947297 ], [ 91.1786426, 26.1952165 ], [ 91.1797492, 26.1965366 ], [ 91.1806147, 26.197563 ], [ 91.1820554, 26.198276 ], [ 91.1829193, 26.1987971 ], [ 91.183092, 26.1992901 ], [ 91.1827085, 26.1998229 ], [ 91.1830027, 26.2002294 ], [ 91.1842143, 26.200298 ], [ 91.1854278, 26.1998999 ], [ 91.1863316, 26.1994074 ], [ 91.1869768, 26.1994 ], [ 91.1871666, 26.1994473 ], [ 91.1886214, 26.1979582 ], [ 91.190762, 26.1958046 ], [ 91.1922744, 26.194283 ], [ 91.1932475, 26.1933039 ], [ 91.1940134, 26.1925737 ], [ 91.1944373, 26.1923107 ], [ 91.1946924, 26.191787 ], [ 91.195146, 26.1915601 ], [ 91.196361, 26.1916671 ], [ 91.1984659, 26.192099 ], [ 91.2000489, 26.1919853 ], [ 91.2011152, 26.1918698 ], [ 91.2016902, 26.1915562 ], [ 91.2017246, 26.1909707 ], [ 91.2009924, 26.1904791 ], [ 91.2001657, 26.1903829 ], [ 91.1985998, 26.1906899 ], [ 91.197253, 26.1905534 ], [ 91.19605, 26.1900955 ], [ 91.1949206, 26.1899823 ], [ 91.1934231, 26.1900898 ], [ 91.1913472, 26.1904722 ], [ 91.1893858, 26.1906908 ], [ 91.1884037, 26.1902948 ], [ 91.1879112, 26.1895915 ], [ 91.1879951, 26.1890801 ], [ 91.1888547, 26.1880853 ], [ 91.1908283, 26.186544 ], [ 91.192997, 26.1852608 ], [ 91.1946727, 26.1842463 ], [ 91.196482, 26.1827945 ], [ 91.1988371, 26.1811869 ], [ 91.2026171, 26.1779418 ], [ 91.2027175, 26.1778557 ], [ 91.2026844, 26.177847 ], [ 91.2026546, 26.1778391 ], [ 91.2019921, 26.17768 ], [ 91.2011477, 26.1774772 ], [ 91.1977903, 26.1770857 ], [ 91.1976469, 26.1771716 ], [ 91.1928594, 26.1800418 ], [ 91.1874136, 26.1817547 ], [ 91.1852261, 26.1833113 ], [ 91.1837919, 26.1836475 ], [ 91.1822815, 26.1838532 ], [ 91.1812495, 26.1843548 ], [ 91.1804707, 26.1847995 ], [ 91.1800258, 26.184637 ], [ 91.1796169, 26.1843942 ], [ 91.1792814, 26.184496 ], [ 91.1793188, 26.184921 ], [ 91.1791459, 26.1853999 ], [ 91.178807, 26.1854631 ], [ 91.1782799, 26.1853454 ], [ 91.1779154, 26.1856048 ], [ 91.1774034, 26.1861469 ], [ 91.1768642, 26.1863799 ], [ 91.1762808, 26.1861108 ], [ 91.1755384, 26.1855032 ], [ 91.1742792, 26.1848937 ], [ 91.1734376, 26.1841376 ], [ 91.1728527, 26.1833631 ], [ 91.1684598, 26.1838336 ], [ 91.1646147, 26.1836814 ], [ 91.164568, 26.1836825 ], [ 91.1622085, 26.1837372 ], [ 91.1570286, 26.1836887 ], [ 91.1519054, 26.1832002 ], [ 91.1479903, 26.1827416 ], [ 91.1437916, 26.1819923 ], [ 91.140445, 26.181143 ], [ 91.1379338, 26.1800008 ], [ 91.1358661, 26.1785158 ], [ 91.1349189, 26.1775339 ], [ 91.1340946, 26.1769707 ], [ 91.1337307, 26.1762581 ], [ 91.1340887, 26.1759215 ], [ 91.1346515, 26.1759591 ], [ 91.1355602, 26.1760107 ], [ 91.1362582, 26.1761164 ], [ 91.1363954, 26.1757178 ], [ 91.1361836, 26.1752664 ], [ 91.1353322, 26.1743943 ], [ 91.1351931, 26.1743055 ], [ 91.1351707, 26.1742912 ], [ 91.1339389, 26.1735051 ], [ 91.1301242, 26.1722226 ], [ 91.1246636, 26.1708243 ], [ 91.1194429, 26.1692144 ], [ 91.1125616, 26.1668285 ], [ 91.1087495, 26.1650788 ], [ 91.1050813, 26.1632911 ], [ 91.1048125, 26.1631347 ], [ 91.1047812, 26.1631165 ], [ 91.1043471, 26.1634552 ], [ 91.1030414, 26.1641805 ], [ 91.1026572, 26.1643581 ], [ 91.1025348, 26.1644146 ], [ 91.1025905, 26.1644526 ], [ 91.1033016, 26.1649376 ], [ 91.1043259, 26.1653311 ], [ 91.1046146, 26.1642026 ], [ 91.1074239, 26.16581 ], [ 91.1107798, 26.1681021 ], [ 91.1134813, 26.1699503 ], [ 91.1146264, 26.1712292 ], [ 91.115753, 26.1722955 ], [ 91.1169998, 26.1727703 ], [ 91.1177588, 26.1727333 ], [ 91.1191214, 26.1720724 ], [ 91.1199644, 26.1716235 ], [ 91.1214365, 26.1719654 ], [ 91.1235755, 26.1725514 ], [ 91.1262354, 26.1734305 ], [ 91.1291121, 26.1748188 ], [ 91.1310266, 26.1757518 ], [ 91.1315566, 26.1760101 ], [ 91.132203, 26.1765081 ], [ 91.1326265, 26.1774109 ], [ 91.1335343, 26.1784345 ], [ 91.1358288, 26.1805446 ], [ 91.1371264, 26.1820845 ], [ 91.1378455, 26.183034 ], [ 91.1396338, 26.1840335 ], [ 91.1410241, 26.1851586 ], [ 91.1425744, 26.1851644 ], [ 91.1435163, 26.1853497 ], [ 91.1448184, 26.1854704 ], [ 91.1459409, 26.1855067 ], [ 91.1472909, 26.1856823 ], [ 91.1484579, 26.1857348 ], [ 91.1496615, 26.1859597 ], [ 91.1515812, 26.1865346 ], [ 91.1543244, 26.187621 ], [ 91.1536766, 26.1890668 ], [ 91.1515366, 26.1919023 ], [ 91.1493322, 26.1947423 ], [ 91.1475114, 26.1974816 ], [ 91.1475259, 26.1974792 ], [ 91.1461894, 26.1999071 ], [ 91.1456077, 26.2021062 ], [ 91.1451186, 26.2038904 ], [ 91.1436954, 26.2053333 ], [ 91.1427353, 26.206383 ], [ 91.1417023, 26.2078563 ], [ 91.1407638, 26.2096726 ], [ 91.1405366, 26.2114965 ], [ 91.1406944, 26.2132927 ], [ 91.1411681, 26.2150081 ], [ 91.1394756, 26.2155955 ], [ 91.1373524, 26.2156889 ], [ 91.1349673, 26.2157428 ], [ 91.1309571, 26.2156793 ], [ 91.1274197, 26.2151156 ], [ 91.1259617, 26.2147617 ], [ 91.1244499, 26.2143947 ], [ 91.121686, 26.2130759 ], [ 91.1197974, 26.2121611 ], [ 91.1169237, 26.2103253 ], [ 91.1129839, 26.2066412 ], [ 91.109752, 26.2040442 ], [ 91.1068196, 26.2022706 ], [ 91.1037201, 26.2008006 ], [ 91.100114, 26.2001828 ], [ 91.0967883, 26.1990786 ], [ 91.093184, 26.1970028 ], [ 91.0894345, 26.1940045 ], [ 91.0882827, 26.1933866 ], [ 91.0882135, 26.1889019 ], [ 91.0877187, 26.1861966 ], [ 91.0880007, 26.1842523 ], [ 91.0885175, 26.1835159 ], [ 91.090441, 26.1848367 ], [ 91.0938186, 26.1872785 ], [ 91.096075, 26.1884665 ], [ 91.0932195, 26.1849147 ], [ 91.0904361, 26.1826249 ], [ 91.0888458, 26.1809304 ], [ 91.0873675, 26.1792862 ], [ 91.0866176, 26.1780955 ], [ 91.0863172, 26.1761344 ], [ 91.0861562, 26.1747852 ], [ 91.0856834, 26.173808 ], [ 91.0851092, 26.1731492 ], [ 91.0842288, 26.1724343 ], [ 91.0826696, 26.1713401 ], [ 91.0809494, 26.170374 ], [ 91.080023, 26.1696234 ], [ 91.0796301, 26.1690683 ], [ 91.079316, 26.1684298 ], [ 91.0776072, 26.1669101 ], [ 91.0767743, 26.1665033 ], [ 91.0753141, 26.1657903 ], [ 91.0728759, 26.1647679 ], [ 91.0728757, 26.1647678 ], [ 91.0695168, 26.163481 ], [ 91.0669807, 26.1625338 ], [ 91.0634866, 26.1614602 ], [ 91.0603258, 26.1607517 ], [ 91.0561854, 26.1606567 ], [ 91.0525685, 26.1606412 ], [ 91.0500504, 26.1603923 ], [ 91.0476956, 26.159087 ], [ 91.0467276, 26.1585505 ], [ 91.0448796, 26.157593 ], [ 91.0420939, 26.1567408 ], [ 91.0385339, 26.1553992 ], [ 91.0355435, 26.1541727 ], [ 91.0336595, 26.1532954 ], [ 91.0328459, 26.1528477 ], [ 91.0312531, 26.1528438 ], [ 91.0301602, 26.1526491 ], [ 91.0288476, 26.1528975 ], [ 91.0276331, 26.1527892 ], [ 91.0262399, 26.1521103 ], [ 91.0252089, 26.1516389 ], [ 91.0244392, 26.1509744 ], [ 91.0238856, 26.1505471 ], [ 91.0237304, 26.1502471 ], [ 91.0239568, 26.1498812 ], [ 91.024773, 26.1498623 ], [ 91.0260672, 26.1503927 ], [ 91.027025, 26.1505193 ], [ 91.0285054, 26.1502201 ], [ 91.0290312, 26.1498331 ], [ 91.0287905, 26.1495391 ], [ 91.0263337, 26.1485079 ], [ 91.0231851, 26.1469425 ], [ 91.0189639, 26.145414 ], [ 91.017752, 26.1448389 ], [ 91.0150166, 26.1439439 ], [ 91.0126497, 26.1454329 ], [ 91.0109371, 26.1465258 ], [ 91.0096706, 26.1468097 ], [ 91.0086255, 26.147661 ], [ 91.0079444, 26.1477481 ], [ 91.0064692, 26.1471137 ], [ 91.0049973, 26.1465179 ], [ 91.0029233, 26.1459258 ], [ 91.0019127, 26.1456862 ], [ 91.0005818, 26.1447306 ], [ 90.9992182, 26.1438939 ], [ 90.9986487, 26.1437786 ], [ 90.9981198, 26.1437772 ], [ 90.9981458, 26.1436829 ], [ 90.9982496, 26.1433059 ], [ 90.9992281, 26.1421089 ], [ 91.0009331, 26.1416126 ], [ 91.0028036, 26.1411045 ], [ 91.0038013, 26.1401318 ], [ 91.004955, 26.1371178 ], [ 91.0048857, 26.1334383 ], [ 91.0057537, 26.1309709 ], [ 91.0064528, 26.1280159 ], [ 91.0064528, 26.1280158 ], [ 91.0063192, 26.1280527 ], [ 91.003876, 26.1282018 ], [ 91.0015664, 26.1285626 ], [ 90.9989359, 26.1287069 ], [ 90.9981997, 26.1286458 ], [ 90.9979321, 26.1284944 ], [ 90.9978655, 26.1281921 ], [ 90.9981004, 26.1275273 ], [ 90.9989048, 26.1265003 ], [ 91.0003787, 26.1251716 ], [ 91.0021204, 26.1238128 ], [ 91.0066415, 26.1206729 ], [ 91.0076798, 26.1197367 ], [ 91.0085846, 26.1184981 ], [ 91.0093555, 26.1172292 ], [ 91.0097482, 26.1161912 ], [ 91.0097484, 26.1159191 ], [ 91.0094143, 26.1154957 ], [ 91.0087788, 26.115072 ], [ 91.0083104, 26.1150111 ], [ 91.0076411, 26.1150711 ], [ 91.0060674, 26.1160371 ], [ 91.0059577, 26.1161269 ], [ 91.0058908, 26.1161816 ], [ 91.003522, 26.1181207 ], [ 91.0016469, 26.1191166 ], [ 91.0002075, 26.1194478 ], [ 90.9979767, 26.1199231 ], [ 90.9971066, 26.1200129 ], [ 90.9962641, 26.1197618 ], [ 90.9960407, 26.1196952 ], [ 90.9953435, 26.1194874 ], [ 90.9939675, 26.1186791 ], [ 90.9922574, 26.1178338 ], [ 90.99166, 26.1176028 ], [ 90.990557, 26.1171763 ], [ 90.9890715, 26.1163471 ], [ 90.988096, 26.1157386 ], [ 90.9872855, 26.1150532 ], [ 90.9866703, 26.1146791 ], [ 90.9850247, 26.1137055 ], [ 90.9838343, 26.1129708 ], [ 90.9826237, 26.1120498 ], [ 90.9821334, 26.1116768 ], [ 90.9814032, 26.1112757 ], [ 90.9798078, 26.1103697 ], [ 90.9787023, 26.1096891 ], [ 90.976847, 26.1086975 ], [ 90.9746313, 26.1073541 ], [ 90.9710456, 26.1054386 ], [ 90.9686653, 26.1041945 ], [ 90.9674717, 26.1034572 ], [ 90.967045, 26.1031936 ], [ 90.9668107, 26.1030568 ], [ 90.9667979, 26.1030493 ], [ 90.9658098, 26.1024723 ], [ 90.9636193, 26.101007 ], [ 90.961999, 26.0999609 ], [ 90.959449, 26.0988477 ], [ 90.9590465, 26.0986869 ], [ 90.9590197, 26.0986762 ], [ 90.957554, 26.0980906 ], [ 90.955719, 26.0970942 ], [ 90.955049, 26.0967381 ], [ 90.9541589, 26.0961519 ], [ 90.953509, 26.0958859 ], [ 90.9527542, 26.0958368 ], [ 90.9521594, 26.0958596 ], [ 90.9506746, 26.0953955 ], [ 90.9498825, 26.0951725 ], [ 90.9498285, 26.0951573 ], [ 90.948595, 26.09481 ], [ 90.9474202, 26.0945036 ], [ 90.9453656, 26.0938954 ], [ 90.9440159, 26.0935801 ], [ 90.9427462, 26.0932603 ], [ 90.9420463, 26.0931658 ], [ 90.9403217, 26.0929021 ], [ 90.9402391, 26.0930553 ], [ 90.9400775, 26.093355 ], [ 90.939457, 26.0945058 ], [ 90.9379562, 26.0971472 ], [ 90.9378994, 26.0972472 ], [ 90.9380196, 26.0973244 ], [ 90.94281, 26.1014655 ], [ 90.9441431, 26.103316 ], [ 90.9451876, 26.1101357 ], [ 90.9464754, 26.1159957 ], [ 90.9475344, 26.1189321 ], [ 90.9475344, 26.1189321 ], [ 90.9476451, 26.1189632 ], [ 90.9512188, 26.1215317 ], [ 90.9538646, 26.1242325 ], [ 90.955417, 26.1255962 ], [ 90.9573089, 26.1285447 ], [ 90.9591582, 26.1316478 ], [ 90.9621477, 26.1354224 ], [ 90.9655317, 26.1389437 ], [ 90.9675662, 26.1422592 ], [ 90.9673228, 26.1447767 ], [ 90.9671587, 26.1447459 ], [ 90.9650062, 26.1445303 ], [ 90.9634406, 26.1447156 ], [ 90.9618698, 26.1458037 ], [ 90.9599797, 26.1460871 ], [ 90.9575105, 26.1464111 ], [ 90.9573822, 26.1463463 ], [ 90.9574448, 26.1465052 ], [ 90.959324, 26.1512784 ], [ 90.959471, 26.1516519 ], [ 90.959713, 26.1566395 ], [ 90.9609351, 26.1568688 ], [ 90.9630821, 26.1578062 ], [ 90.9653673, 26.1588504 ], [ 90.9697272, 26.1616363 ], [ 90.9716175, 26.1625916 ], [ 90.9742946, 26.1636859 ], [ 90.9775347, 26.1648182 ], [ 90.9806926, 26.1659951 ], [ 90.9835108, 26.1667294 ], [ 90.9871473, 26.1673139 ], [ 90.992145, 26.1683608 ], [ 90.9970192, 26.1704659 ], [ 90.9980174, 26.1710563 ], [ 90.999654, 26.1715627 ], [ 91.0029893, 26.1722991 ], [ 91.0055872, 26.1729708 ], [ 91.008238, 26.1737554 ], [ 91.0099544, 26.1746837 ], [ 91.0109794, 26.1755832 ], [ 91.0121043, 26.1771364 ], [ 91.0133375, 26.1784486 ], [ 91.0150178, 26.1794571 ], [ 91.0158908, 26.1800739 ], [ 91.017098, 26.1815824 ], [ 91.0183883, 26.1835514 ], [ 91.0187717, 26.1844961 ], [ 91.0182659, 26.185115 ], [ 91.016874, 26.1854466 ], [ 91.0144066, 26.1862818 ], [ 91.012857, 26.1867801 ], [ 91.0108921, 26.1869579 ], [ 91.0084305, 26.1873649 ], [ 91.006709, 26.1873699 ], [ 91.0063867, 26.1876259 ], [ 91.0056677, 26.1887652 ], [ 91.0051055, 26.1892324 ], [ 91.0046247, 26.1891497 ], [ 91.0043773, 26.1887785 ], [ 91.0040149, 26.1885708 ], [ 91.0034787, 26.1888419 ], [ 91.0026665, 26.1894046 ], [ 91.0019328, 26.1896314 ], [ 90.999305, 26.1891172 ], [ 90.9990793, 26.1890941 ], [ 90.9992015, 26.190773 ], [ 91.0016669, 26.1916084 ], [ 91.0037769, 26.1910416 ], [ 91.0055733, 26.1910076 ], [ 91.0096371, 26.1904421 ], [ 91.0142589, 26.1897905 ], [ 91.019026, 26.1890357 ], [ 91.0161886, 26.1966178 ], [ 91.0128621, 26.196203 ], [ 91.0123765, 26.1984693 ], [ 91.0123765, 26.1984694 ], [ 91.0123525, 26.1985813 ], [ 91.012442, 26.1983751 ], [ 91.0124421, 26.198375 ], [ 91.0172361, 26.198745 ], [ 91.0211641, 26.1996562 ], [ 91.0247359, 26.2005468 ], [ 91.0281845, 26.2017661 ], [ 91.0296917, 26.2022082 ], [ 91.0312941, 26.2026277 ], [ 91.0312992, 26.2026291 ], [ 91.0312841, 26.2026531 ], [ 91.0339712, 26.2056514 ], [ 91.0380145, 26.2093713 ], [ 91.0425728, 26.2130208 ], [ 91.0424853, 26.2130941 ], [ 91.0424854, 26.2130941 ], [ 91.0425136, 26.2131098 ], [ 91.0478404, 26.2160782 ], [ 91.0536927, 26.2180788 ], [ 91.0557048, 26.2181062 ], [ 91.0557836, 26.2181072 ], [ 91.0557843, 26.2181124 ], [ 91.0617443, 26.2168596 ], [ 91.0659332, 26.2155018 ], [ 91.0665753, 26.2151992 ], [ 91.0693182, 26.2139064 ], [ 91.0712164, 26.2124755 ], [ 91.0734996, 26.2117877 ], [ 91.0736114, 26.211754 ], [ 91.0742241, 26.2121005 ], [ 91.0742273, 26.2120989 ], [ 91.0742273, 26.2120989 ], [ 91.0742874, 26.212133 ], [ 91.0813978, 26.2087275 ], [ 91.0854531, 26.2058468 ], [ 91.0882145, 26.2045899 ], [ 91.0961235, 26.2092116 ], [ 91.1033418, 26.212645 ], [ 91.1092749, 26.2148145 ], [ 91.1157135, 26.2178123 ], [ 91.1175263, 26.21839 ], [ 91.122444, 26.2193942 ], [ 91.1250058, 26.2193586 ], [ 91.127838, 26.219477 ], [ 91.1322142, 26.2199404 ], [ 91.1360126, 26.220209 ], [ 91.1380607, 26.2209736 ], [ 91.1391519, 26.222 ], [ 91.1411093, 26.2212074 ], [ 91.141255, 26.2201005 ], [ 91.1420951, 26.2190283 ], [ 91.1429306, 26.2183276 ], [ 91.1448979, 26.2177483 ], [ 91.1470986, 26.2168487 ], [ 91.1481966, 26.2166148 ], [ 91.1494833, 26.2163408 ], [ 91.1531544, 26.2160107 ], [ 91.1537118, 26.2160157 ], [ 91.155249, 26.2160295 ], [ 91.15595, 26.2163505 ], [ 91.1569092, 26.2170578 ], [ 91.1576858, 26.2178119 ], [ 91.1594873, 26.2192168 ], [ 91.1608559, 26.220284 ], [ 91.1636694, 26.2206153 ], [ 91.1658455, 26.2211342 ], [ 91.1670678, 26.2218563 ], [ 91.167329, 26.2222763 ], [ 91.1676499, 26.2224141 ], [ 91.168339, 26.22271 ], [ 91.1721431, 26.2238882 ], [ 91.1743282, 26.2245076 ], [ 91.1756135, 26.2245177 ], [ 91.1768716, 26.2245276 ], [ 91.1778321, 26.2244838 ], [ 91.1790591, 26.2248344 ], [ 91.1795906, 26.2257747 ], [ 91.180779, 26.2275958 ], [ 91.1809503, 26.2254518 ] ], [ [ 91.0536583, 26.2116872 ], [ 91.0527059, 26.2119905 ], [ 91.0518919, 26.2116358 ], [ 91.0513103, 26.2102042 ], [ 91.0513142, 26.2094462 ], [ 91.0513175, 26.2087897 ], [ 91.0505633, 26.2083719 ], [ 91.0496997, 26.2081975 ], [ 91.0486125, 26.2084512 ], [ 91.0462609, 26.2076753 ], [ 91.044587, 26.2064389 ], [ 91.0440857, 26.2051783 ], [ 91.043381, 26.2045802 ], [ 91.0430072, 26.2047834 ], [ 91.0425852, 26.2059326 ], [ 91.0416327, 26.2062358 ], [ 91.040638, 26.2053047 ], [ 91.0389309, 26.2035046 ], [ 91.0367648, 26.2003589 ], [ 91.0359379, 26.1983555 ], [ 91.0352829, 26.197577 ], [ 91.0343533, 26.1966413 ], [ 91.0341364, 26.1952798 ], [ 91.0340656, 26.1948353 ], [ 91.0329743, 26.1927916 ], [ 91.0326176, 26.1918045 ], [ 91.0321011, 26.1903682 ], [ 91.0359143, 26.1884485 ], [ 91.0361786, 26.1882489 ], [ 91.0386694, 26.1863681 ], [ 91.0426717, 26.184376 ], [ 91.044843, 26.1823369 ], [ 91.046765, 26.1804332 ], [ 91.0496261, 26.1765775 ], [ 91.0533218, 26.1710719 ], [ 91.0558077, 26.1675593 ], [ 91.0577467, 26.1643581 ], [ 91.058972, 26.1634463 ], [ 91.0601135, 26.1630707 ], [ 91.061526, 26.1635596 ], [ 91.0633103, 26.1653182 ], [ 91.0651405, 26.1676038 ], [ 91.066348, 26.1702283 ], [ 91.0679014, 26.1760685 ], [ 91.0696043, 26.1799698 ], [ 91.071602, 26.1834217 ], [ 91.073861, 26.1853822 ], [ 91.0767156, 26.1881841 ], [ 91.0782443, 26.1914926 ], [ 91.0794163, 26.1959458 ], [ 91.0801534, 26.1976609 ], [ 91.0817223, 26.1996657 ], [ 91.0809015, 26.1997969 ], [ 91.0788555, 26.2001242 ], [ 91.0776386, 26.2003875 ], [ 91.075594, 26.2008863 ], [ 91.0734795, 26.2013312 ], [ 91.0721773, 26.2013647 ], [ 91.0694107, 26.2025628 ], [ 91.0676509, 26.2033359 ], [ 91.0648055, 26.2051285 ], [ 91.063294, 26.2060216 ], [ 91.0621991, 26.2066686 ], [ 91.0607345, 26.207833 ], [ 91.0583358, 26.2092229 ], [ 91.0579651, 26.2094377 ], [ 91.0563094, 26.2099086 ], [ 91.0548483, 26.2103657 ], [ 91.0536583, 26.2116872 ] ], [ [ 91.0354128, 26.184857 ], [ 91.032238, 26.1866136 ], [ 91.0295488, 26.1864504 ], [ 91.0294305, 26.1864271 ], [ 91.0284754, 26.1862384 ], [ 91.0266941, 26.1858866 ], [ 91.0245108, 26.1840379 ], [ 91.0224102, 26.1808873 ], [ 91.0211501, 26.17915 ], [ 91.0208291, 26.1788867 ], [ 91.0189022, 26.1773059 ], [ 91.0174986, 26.176168 ], [ 91.016976, 26.1739072 ], [ 91.0180948, 26.1717661 ], [ 91.017941, 26.1692436 ], [ 91.0163569, 26.1645246 ], [ 91.0155954, 26.1625164 ], [ 91.0159323, 26.1611375 ], [ 91.0163929, 26.1606508 ], [ 91.0171871, 26.1598115 ], [ 91.0187571, 26.1591114 ], [ 91.0214444, 26.1585089 ], [ 91.0249951, 26.1580809 ], [ 91.0272684, 26.158091 ], [ 91.0272686, 26.158091 ], [ 91.0275391, 26.1579598 ], [ 91.0287671, 26.1585799 ], [ 91.0307732, 26.1591449 ], [ 91.034188, 26.1609062 ], [ 91.0377034, 26.1630728 ], [ 91.0397984, 26.16316 ], [ 91.0438589, 26.1633436 ], [ 91.0460951, 26.1644223 ], [ 91.0468352, 26.1654304 ], [ 91.0468432, 26.1670205 ], [ 91.0462968, 26.1682376 ], [ 91.0453526, 26.1701309 ], [ 91.0446984, 26.1723572 ], [ 91.0438, 26.1747774 ], [ 91.0432536, 26.1759945 ], [ 91.0429908, 26.1766023 ], [ 91.0413089, 26.179137 ], [ 91.0386254, 26.1820372 ], [ 91.0354128, 26.184857 ] ], [ [ 91.0169748, 26.1566277 ], [ 91.0152972, 26.1584005 ], [ 91.0148385, 26.1601839 ], [ 91.0144405, 26.1638648 ], [ 91.0148844, 26.1652938 ], [ 91.0161162, 26.1673427 ], [ 91.0159831, 26.1696454 ], [ 91.0157047, 26.1726727 ], [ 91.0146622, 26.173611 ], [ 91.0140221, 26.1734307 ], [ 91.0131646, 26.1726642 ], [ 91.0118212, 26.1706163 ], [ 91.0097711, 26.1685806 ], [ 91.0065963, 26.1673205 ], [ 91.0010531, 26.1662834 ], [ 90.9988936, 26.1653831 ], [ 90.9969957, 26.1626975 ], [ 90.9958869, 26.1619112 ], [ 90.9947415, 26.1621423 ], [ 90.9929721, 26.16238 ], [ 90.9901735, 26.1617879 ], [ 90.9881822, 26.1604245 ], [ 90.9873372, 26.1593188 ], [ 90.9874444, 26.1586345 ], [ 90.9881852, 26.1580559 ], [ 90.9900623, 26.1576228 ], [ 90.9911309, 26.1569834 ], [ 90.9918057, 26.156155 ], [ 90.9927015, 26.154964 ], [ 90.9942592, 26.1537262 ], [ 90.9955577, 26.1529382 ], [ 90.9958014, 26.1527903 ], [ 90.9970559, 26.1515686 ], [ 90.9978825, 26.1510215 ], [ 90.9984131, 26.1504202 ], [ 90.9988537, 26.1492612 ], [ 90.9993785, 26.1490738 ], [ 91.0002837, 26.1499121 ], [ 91.0017169, 26.1506005 ], [ 91.0036156, 26.1518573 ], [ 91.005611, 26.1537465 ], [ 91.0072121, 26.1558891 ], [ 91.0077539, 26.1563772 ], [ 91.007999, 26.1563223 ], [ 91.0080428, 26.155868 ], [ 91.0076024, 26.1551096 ], [ 91.0061959, 26.1532916 ], [ 91.005268, 26.1521917 ], [ 91.0064199, 26.1520353 ], [ 91.006699, 26.1514139 ], [ 91.0064686, 26.1506783 ], [ 91.0068532, 26.1503128 ], [ 91.0080285, 26.1509064 ], [ 91.0095892, 26.1516233 ], [ 91.0114402, 26.1528083 ], [ 91.0133773, 26.1540248 ], [ 91.0147911, 26.1544888 ], [ 91.0163356, 26.1550187 ], [ 91.0171006, 26.155679 ], [ 91.0169748, 26.1566277 ] ] ] } },
{ "type": "Feature", "properties": { "gpcode": "105675", "gpname": "BAGHMARA CHAR", "dtname": "Barpeta", "stname": "ASSAM", "sdtname": "Baghbor", "blkname": "MANDIA", "expected_mm": 15.4, "likely_min_mm": 15.1, "likely_max_mm": 15.6, "tmax_c": 32.4, "tmin_c": 25.1, "temp_c": 28.8, "rh_pct": 94.1, "wind_kph": 11.6, "heat_stress_level": "NONE", "disease_risk_flag": false, "ragi_stage": "vegetative", "paddy_stage": "vegetative", "forecast_date": "2026-09-10", "timestamp_utc": "2026-09-28T15:52:05Z" }, "geometry": { "type": "Polygon", "coordinates": [ [ [ 90.9306164, 26.1180971 ], [ 90.9361402, 26.1171202 ], [ 90.9417647, 26.1173144 ], [ 90.9475344, 26.1189321 ], [ 90.9475344, 26.1189321 ], [ 90.9464754, 26.1159957 ], [ 90.9451876, 26.1101357 ], [ 90.9441431, 26.103316 ], [ 90.94281, 26.1014655 ], [ 90.9380196, 26.0973244 ], [ 90.9378994, 26.0972472 ], [ 90.9366392, 26.0994649 ], [ 90.935302, 26.101207 ], [ 90.9335496, 26.1012689 ], [ 90.9307929, 26.0998754 ], [ 90.9277056, 26.098566 ], [ 90.9247938, 26.0969391 ], [ 90.9241205, 26.0953992 ], [ 90.9237846, 26.0936369 ], [ 90.9232748, 26.093475 ], [ 90.9229255, 26.0932872 ], [ 90.9225032, 26.0930185 ], [ 90.9220808, 26.0927499 ], [ 90.9215873, 26.0924172 ], [ 90.9207946, 26.0917134 ], [ 90.9203982, 26.0913763 ], [ 90.9198556, 26.0910095 ], [ 90.9190381, 26.0907234 ], [ 90.9186086, 26.0905699 ], [ 90.9182735, 26.0904078 ], [ 90.9179431, 26.090169 ], [ 90.9175421, 26.0898619 ], [ 90.917207, 26.0897211 ], [ 90.9168483, 26.08967 ], [ 90.9163664, 26.0896566 ], [ 90.916003, 26.0896823 ], [ 90.9151265, 26.0898095 ], [ 90.9146255, 26.0899249 ], [ 90.9142663, 26.0900444 ], [ 90.913926, 26.0901171 ], [ 90.9131839, 26.0902837 ], [ 90.912266, 26.0904337 ], [ 90.9118218, 26.090532 ], [ 90.9107869, 26.0906604 ], [ 90.9107478, 26.0906633 ], [ 90.9102009, 26.0907032 ], [ 90.909369, 26.0907888 ], [ 90.908445, 26.0908851 ], [ 90.9083627, 26.0908921 ], [ 90.9082749, 26.0908996 ], [ 90.9073391, 26.0909792 ], [ 90.9065036, 26.0910934 ], [ 90.9059364, 26.0912045 ], [ 90.9051849, 26.0913668 ], [ 90.9041356, 26.0915591 ], [ 90.9032557, 26.0916833 ], [ 90.9022868, 26.0918286 ], [ 90.9011524, 26.0920422 ], [ 90.9004717, 26.0921489 ], [ 90.8994673, 26.0923459 ], [ 90.8985495, 26.092517 ], [ 90.8984506, 26.0925354 ], [ 90.8980919, 26.0926023 ], [ 90.8973658, 26.0927389 ], [ 90.8964961, 26.0928286 ], [ 90.8951634, 26.0929142 ], [ 90.8941302, 26.0929386 ], [ 90.8929155, 26.0929984 ], [ 90.8923011, 26.0930156 ], [ 90.8923049, 26.0930182 ], [ 90.8911405, 26.0931492 ], [ 90.8898909, 26.0933795 ], [ 90.8894461, 26.0934472 ], [ 90.8880116, 26.0936549 ], [ 90.8867421, 26.0939213 ], [ 90.8859974, 26.0940343 ], [ 90.8849728, 26.0943096 ], [ 90.8843477, 26.0944732 ], [ 90.884243, 26.0945005 ], [ 90.8839032, 26.0945895 ], [ 90.8828786, 26.0948649 ], [ 90.8820889, 26.0949823 ], [ 90.8813992, 26.0950139 ], [ 90.8805194, 26.095041 ], [ 90.8796548, 26.095032 ], [ 90.8766853, 26.0950456 ], [ 90.8766736, 26.0950456 ], [ 90.8766708, 26.0950456 ], [ 90.8756463, 26.0950997 ], [ 90.8747465, 26.0951675 ], [ 90.873437, 26.0952713 ], [ 90.8723324, 26.0953931 ], [ 90.8716176, 26.095533 ], [ 90.8710778, 26.0957135 ], [ 90.8703281, 26.0961061 ], [ 90.8697282, 26.0965619 ], [ 90.8695653, 26.0967232 ], [ 90.8694794, 26.0968082 ], [ 90.8692084, 26.0970764 ], [ 90.8684886, 26.0981912 ], [ 90.8675589, 26.0997616 ], [ 90.866729, 26.1015894 ], [ 90.8663093, 26.1023269 ], [ 90.8662539, 26.1024243 ], [ 90.8658891, 26.1030652 ], [ 90.8656035, 26.1035995 ], [ 90.8655534, 26.1036932 ], [ 90.8654742, 26.1038414 ], [ 90.8643194, 26.1058407 ], [ 90.8631144, 26.1081062 ], [ 90.8622295, 26.1095819 ], [ 90.8617045, 26.1103942 ], [ 90.8610096, 26.1114186 ], [ 90.8604996, 26.1119736 ], [ 90.8600596, 26.1123844 ], [ 90.8594198, 26.112646 ], [ 90.8587449, 26.1127859 ], [ 90.8573355, 26.112803 ], [ 90.8571079, 26.112893 ], [ 90.8571078, 26.112893 ], [ 90.8553853, 26.1135849 ], [ 90.8527931, 26.1152974 ], [ 90.850236, 26.1174196 ], [ 90.8501369, 26.1189358 ], [ 90.8501604, 26.1189119 ], [ 90.8542837, 26.1183301 ], [ 90.8616584, 26.1184052 ], [ 90.8660409, 26.1178049 ], [ 90.8675949, 26.1167122 ], [ 90.8713227, 26.1130352 ], [ 90.875151, 26.111295 ], [ 90.8806643, 26.1094371 ], [ 90.8869205, 26.1078806 ], [ 90.8926535, 26.1070673 ], [ 90.8964126, 26.1068044 ], [ 90.8992251, 26.107668 ], [ 90.9006465, 26.1082755 ], [ 90.9015198, 26.1093338 ], [ 90.9042901, 26.1134995 ], [ 90.9074792, 26.1172234 ], [ 90.9096451, 26.1191696 ], [ 90.912622, 26.1206882 ], [ 90.9152967, 26.1211746 ], [ 90.9190215, 26.121267 ], [ 90.9221579, 26.1213416 ], [ 90.9245561, 26.1211735 ], [ 90.9244611, 26.1208266 ], [ 90.9243459, 26.1202456 ], [ 90.9255219, 26.119515 ], [ 90.9306164, 26.1180971 ] ] ] } },
{ "type": "Feature", "properties": { "gpcode": "105676", "gpname": "CHATALA", "dtname": "Barpeta", "stname": "ASSAM", "sdtname": "Kalgachia", "blkname": "MANDIA", "expected_mm": 19.7, "likely_min_mm": 19.7, "likely_max_mm": 19.7, "tmax_c": 32.8, "tmin_c": 25.2, "temp_c": 29.0, "rh_pct": 94.6, "wind_kph": 11.2, "heat_stress_level": "NONE", "disease_risk_flag": false, "ragi_stage": "vegetative", "paddy_stage": "vegetative", "forecast_date": "2026-09-10", "timestamp_utc": "2026-09-28T15:52:05Z" }, "geometry": { "type": "Polygon", "coordinates": [ [ [ 90.7103815, 26.2568916 ], [ 90.7097816, 26.2554307 ], [ 90.7092818, 26.2543783 ], [ 90.7082241, 26.2524502 ], [ 90.7077525, 26.25119 ], [ 90.7051941, 26.2513306 ], [ 90.7023227, 26.2514947 ], [ 90.7001393, 26.2507224 ], [ 90.6993896, 26.2487649 ], [ 90.6993268, 26.2486738 ], [ 90.6983493, 26.2472555 ], [ 90.6971274, 26.2457585 ], [ 90.6952775, 26.2450363 ], [ 90.6952409, 26.2439556 ], [ 90.6947464, 26.2419711 ], [ 90.6942768, 26.2402801 ], [ 90.6935078, 26.2376251 ], [ 90.6925882, 26.2357681 ], [ 90.6935456, 26.2353337 ], [ 90.694257, 26.2346757 ], [ 90.6949291, 26.2342014 ], [ 90.6964456, 26.2339986 ], [ 90.6990416, 26.2338205 ], [ 90.700916, 26.2333132 ], [ 90.7022461, 26.232415 ], [ 90.7033058, 26.2309096 ], [ 90.7046247, 26.2293876 ], [ 90.704641, 26.2293688 ], [ 90.7051141, 26.2287559 ], [ 90.706384, 26.2280101 ], [ 90.7090773, 26.2263925 ], [ 90.7098335, 26.2254019 ], [ 90.7115099, 26.2242822 ], [ 90.7129873, 26.224049 ], [ 90.7138309, 26.2236617 ], [ 90.7143024, 26.2225425 ], [ 90.714004, 26.2203069 ], [ 90.7129662, 26.2180173 ], [ 90.7130242, 26.2180136 ], [ 90.7120538, 26.2168882 ], [ 90.711338, 26.2159238 ], [ 90.7113328, 26.2159167 ], [ 90.7108109, 26.2138447 ], [ 90.7106511, 26.2113033 ], [ 90.7105214, 26.2060921 ], [ 90.7105104, 26.2007739 ], [ 90.7104604, 26.1986695 ], [ 90.7108886, 26.1957419 ], [ 90.7109033, 26.1956411 ], [ 90.7028327, 26.1944134 ], [ 90.6965614, 26.1934478 ], [ 90.6900625, 26.192605 ], [ 90.6881225, 26.1935972 ], [ 90.6831503, 26.1953341 ], [ 90.6782244, 26.1962086 ], [ 90.6711195, 26.1995635 ], [ 90.6711192, 26.1995636 ], [ 90.6706178, 26.2000367 ], [ 90.6690015, 26.2012694 ], [ 90.6701321, 26.2013023 ], [ 90.6707401, 26.2015461 ], [ 90.6714045, 26.2026536 ], [ 90.6706873, 26.204692 ], [ 90.6686028, 26.2096313 ], [ 90.6681295, 26.2108417 ], [ 90.6680981, 26.2109221 ], [ 90.6666757, 26.2145593 ], [ 90.6653642, 26.218068 ], [ 90.6652683, 26.2182636 ], [ 90.6652184, 26.2183654 ], [ 90.6642605, 26.2203198 ], [ 90.6637599, 26.2213578 ], [ 90.6618479, 26.2242683 ], [ 90.659986, 26.2268968 ], [ 90.660036, 26.2269465 ], [ 90.657453, 26.2310055 ], [ 90.6550478, 26.2349673 ], [ 90.6549897, 26.2350628 ], [ 90.6549874, 26.2350667 ], [ 90.6536658, 26.2368152 ], [ 90.6534303, 26.2372189 ], [ 90.6533959, 26.2372779 ], [ 90.6534048, 26.2372946 ], [ 90.655068, 26.240399 ], [ 90.6581504, 26.2436104 ], [ 90.65953, 26.2454025 ], [ 90.6595532, 26.2454326 ], [ 90.6600064, 26.2460214 ], [ 90.6600188, 26.2460374 ], [ 90.6605058, 26.24667 ], [ 90.6623272, 26.2481558 ], [ 90.6646297, 26.2489266 ], [ 90.6666916, 26.2504076 ], [ 90.6668033, 26.2504737 ], [ 90.6748232, 26.2544008 ], [ 90.6762799, 26.2549511 ], [ 90.6763114, 26.254963 ], [ 90.680343, 26.256486 ], [ 90.6803895, 26.2565036 ], [ 90.6822603, 26.2572102 ], [ 90.6822818, 26.2572184 ], [ 90.6823923, 26.2572601 ], [ 90.6825287, 26.2572967 ], [ 90.6826005, 26.2573159 ], [ 90.6838834, 26.2576597 ], [ 90.6872681, 26.2573308 ], [ 90.6934957, 26.256938 ], [ 90.6935488, 26.2569346 ], [ 90.6948304, 26.2568537 ], [ 90.6996372, 26.2562454 ], [ 90.7029122, 26.2558308 ], [ 90.7055377, 26.2573241 ], [ 90.7055635, 26.2573388 ], [ 90.7081526, 26.2588114 ], [ 90.7112012, 26.2603847 ], [ 90.7107383, 26.2579997 ], [ 90.7103799, 26.2568923 ], [ 90.7103815, 26.2568916 ], [ 90.7103815, 26.2568916 ] ] ] } },
{ "type": "Feature", "properties": { "gpcode": "105677", "gpname": "DHARMAPUR-BHATNAPAITY", "dtname": "Barpeta", "stname": "ASSAM", "sdtname": "Baghbor", "blkname": "MANDIA", "expected_mm": 17.3, "likely_min_mm": 17.0, "likely_max_mm": 17.5, "tmax_c": 32.4, "tmin_c": 25.1, "temp_c": 28.8, "rh_pct": 94.6, "wind_kph": 11.7, "heat_stress_level": "NONE", "disease_risk_flag": false, "ragi_stage": "vegetative", "paddy_stage": "vegetative", "forecast_date": "2026-09-10", "timestamp_utc": "2026-09-28T15:52:05Z" }, "geometry": { "type": "MultiPolygon", "coordinates": [ [ [ [ 90.6900625, 26.192605 ], [ 90.6965614, 26.1934478 ], [ 90.7028327, 26.1944134 ], [ 90.7109033, 26.1956411 ], [ 90.7109518, 26.1956484 ], [ 90.7203464, 26.196002 ], [ 90.7264276, 26.1966339 ], [ 90.7264779, 26.1966391 ], [ 90.7312789, 26.1971828 ], [ 90.7355305, 26.1967826 ], [ 90.7384811, 26.1950758 ], [ 90.7402482, 26.1934506 ], [ 90.7415681, 26.1935744 ], [ 90.7417615, 26.1937586 ], [ 90.7421545, 26.1919504 ], [ 90.7430613, 26.1877779 ], [ 90.7467312, 26.1840416 ], [ 90.7494662, 26.1811631 ], [ 90.7527706, 26.1786924 ], [ 90.7528293, 26.1787067 ], [ 90.7539044, 26.1775818 ], [ 90.7585418, 26.1738059 ], [ 90.7632431, 26.1697197 ], [ 90.7632479, 26.1697769 ], [ 90.764524, 26.1679858 ], [ 90.7663337, 26.1660803 ], [ 90.7683499, 26.1640833 ], [ 90.7698614, 26.1616952 ], [ 90.7710158, 26.1591382 ], [ 90.7715241, 26.1580581 ], [ 90.7731534, 26.1560489 ], [ 90.7756535, 26.1537612 ], [ 90.7782429, 26.1514533 ], [ 90.7818838, 26.148871 ], [ 90.7846057, 26.1469619 ], [ 90.7873651, 26.1456483 ], [ 90.7903144, 26.1445539 ], [ 90.7934767, 26.1434446 ], [ 90.7972779, 26.1427942 ], [ 90.7997617, 26.1422737 ], [ 90.8028288, 26.1415578 ], [ 90.8049588, 26.1414101 ], [ 90.8067806, 26.1416708 ], [ 90.8084058, 26.1425522 ], [ 90.8109618, 26.1443876 ], [ 90.8147042, 26.1475727 ], [ 90.8189056, 26.151616 ], [ 90.8204869, 26.1536462 ], [ 90.8227649, 26.1562362 ], [ 90.824757, 26.1584981 ], [ 90.8270283, 26.1609057 ], [ 90.8290295, 26.1626712 ], [ 90.8309641, 26.1641339 ], [ 90.8322126, 26.1633887 ], [ 90.8338712, 26.1632347 ], [ 90.837572, 26.1628999 ], [ 90.8406326, 26.1632945 ], [ 90.8406767, 26.1633002 ], [ 90.8406767, 26.1633003 ], [ 90.841059, 26.1640821 ], [ 90.8424755, 26.1656096 ], [ 90.8441379, 26.1670038 ], [ 90.8467117, 26.168528 ], [ 90.8485905, 26.1699458 ], [ 90.8496467, 26.1713345 ], [ 90.8496468, 26.1713345 ], [ 90.8521196, 26.17077 ], [ 90.8547425, 26.1699198 ], [ 90.8564294, 26.1690562 ], [ 90.8577038, 26.1679995 ], [ 90.8577039, 26.1679995 ], [ 90.8592424, 26.1689114 ], [ 90.860724, 26.1694561 ], [ 90.8619112, 26.169609 ], [ 90.8639563, 26.1698789 ], [ 90.8670548, 26.1699337 ], [ 90.8673779, 26.1711678 ], [ 90.8691733, 26.1738506 ], [ 90.8716916, 26.1771382 ], [ 90.8740492, 26.1760706 ], [ 90.8763578, 26.1751919 ], [ 90.878557, 26.1744284 ], [ 90.8795959, 26.1740329 ], [ 90.879563, 26.1750399 ], [ 90.8782329, 26.1762093 ], [ 90.8777503, 26.1770683 ], [ 90.8780424, 26.1776938 ], [ 90.8794284, 26.1785659 ], [ 90.8809721, 26.1789605 ], [ 90.8829313, 26.1781777 ], [ 90.8855703, 26.1760557 ], [ 90.8875712, 26.1740202 ], [ 90.8849158, 26.1720502 ], [ 90.8808945, 26.1692684 ], [ 90.8808955, 26.169266 ], [ 90.8821834, 26.1661389 ], [ 90.8823015, 26.1656626 ], [ 90.8823307, 26.1650026 ], [ 90.881688, 26.1645056 ], [ 90.8806943, 26.1634138 ], [ 90.8793466, 26.1621918 ], [ 90.8775576, 26.1612462 ], [ 90.8746727, 26.1595896 ], [ 90.871549, 26.1586464 ], [ 90.8740485, 26.1568076 ], [ 90.8749416, 26.1562821 ], [ 90.8762431, 26.1562501 ], [ 90.8796891, 26.156893 ], [ 90.8856742, 26.1590076 ], [ 90.8899787, 26.1605327 ], [ 90.8962783, 26.1625071 ], [ 90.9005383, 26.1643438 ], [ 90.9006254, 26.1642655 ], [ 90.9020157, 26.1636782 ], [ 90.9054059, 26.163441 ], [ 90.9098719, 26.1638848 ], [ 90.9106986, 26.1636379 ], [ 90.9116069, 26.1633665 ], [ 90.916416, 26.1611924 ], [ 90.9202463, 26.1594649 ], [ 90.9248899, 26.1567617 ], [ 90.9296923, 26.1523387 ], [ 90.9312526, 26.1503109 ], [ 90.9329404, 26.1476797 ], [ 90.935511, 26.1448784 ], [ 90.937058, 26.1433918 ], [ 90.9382739, 26.1425769 ], [ 90.9392769, 26.1415473 ], [ 90.9401327, 26.1408912 ], [ 90.9373881, 26.1394054 ], [ 90.934599, 26.1380695 ], [ 90.9331022, 26.1373498 ], [ 90.9308369, 26.1360359 ], [ 90.9272895, 26.1342228 ], [ 90.9236032, 26.1330673 ], [ 90.9191744, 26.1323764 ], [ 90.9155429, 26.1310991 ], [ 90.9070896, 26.1298649 ], [ 90.9058789, 26.129754 ], [ 90.9030801, 26.1294976 ], [ 90.9006961, 26.1294499 ], [ 90.8980636, 26.1299287 ], [ 90.896937, 26.1304788 ], [ 90.8962546, 26.1316459 ], [ 90.8938668, 26.1326966 ], [ 90.886927, 26.1354204 ], [ 90.8836062, 26.1362416 ], [ 90.8810834, 26.1372426 ], [ 90.8786802, 26.1381174 ], [ 90.876172, 26.1385282 ], [ 90.8745764, 26.1389341 ], [ 90.8699393, 26.1403771 ], [ 90.8635584, 26.1408762 ], [ 90.8615487, 26.1410163 ], [ 90.8587065, 26.1420982 ], [ 90.8534358, 26.1437615 ], [ 90.8493316, 26.1445775 ], [ 90.8469178, 26.1445689 ], [ 90.8440347, 26.1428845 ], [ 90.8403785, 26.1405468 ], [ 90.8375154, 26.1383307 ], [ 90.8363033, 26.137119 ], [ 90.8353003, 26.1350277 ], [ 90.8342974, 26.1324464 ], [ 90.8338683, 26.1312391 ], [ 90.8343567, 26.1300858 ], [ 90.8352891, 26.1295497 ], [ 90.8365857, 26.1302254 ], [ 90.8377626, 26.1302613 ], [ 90.8409736, 26.1289186 ], [ 90.8436357, 26.1264947 ], [ 90.8485404, 26.1205565 ], [ 90.8501369, 26.1189358 ], [ 90.850236, 26.1174196 ], [ 90.8527931, 26.1152974 ], [ 90.8553853, 26.1135849 ], [ 90.8571078, 26.112893 ], [ 90.8571079, 26.112893 ], [ 90.8573355, 26.112803 ], [ 90.8572702, 26.1128038 ], [ 90.8571731, 26.1127991 ], [ 90.8560554, 26.1127449 ], [ 90.8552457, 26.11279 ], [ 90.8548557, 26.1129208 ], [ 90.8544807, 26.1131328 ], [ 90.8536608, 26.1137691 ], [ 90.8530558, 26.1141752 ], [ 90.8527208, 26.1143421 ], [ 90.851201, 26.1147932 ], [ 90.8506011, 26.1148743 ], [ 90.8498813, 26.1149555 ], [ 90.8486415, 26.1148559 ], [ 90.8479767, 26.1147204 ], [ 90.8475318, 26.1145579 ], [ 90.846862, 26.1142056 ], [ 90.8460273, 26.113497 ], [ 90.8451227, 26.1128515 ], [ 90.8441481, 26.1120388 ], [ 90.8433185, 26.1113708 ], [ 90.842109, 26.1104769 ], [ 90.8410803, 26.1096372 ], [ 90.8410576, 26.1096187 ], [ 90.8410195, 26.1095875 ], [ 90.8401897, 26.1091315 ], [ 90.8395999, 26.1090772 ], [ 90.839185, 26.1091809 ], [ 90.83874, 26.1094968 ], [ 90.838295, 26.1098802 ], [ 90.83795, 26.1103179 ], [ 90.8376348, 26.1111844 ], [ 90.8374797, 26.1115499 ], [ 90.8371947, 26.11178 ], [ 90.8363398, 26.1120957 ], [ 90.8352648, 26.1125061 ], [ 90.8344699, 26.1129662 ], [ 90.8312098, 26.1149105 ], [ 90.8282597, 26.1166154 ], [ 90.8280114, 26.1167561 ], [ 90.8279617, 26.1167843 ], [ 90.8248844, 26.1185279 ], [ 90.8246245, 26.1186271 ], [ 90.8241995, 26.1186946 ], [ 90.8216149, 26.1187434 ], [ 90.8199452, 26.1187472 ], [ 90.8194552, 26.1188057 ], [ 90.8189352, 26.11895 ], [ 90.8182902, 26.119022 ], [ 90.8176003, 26.119139 ], [ 90.8157503, 26.1197205 ], [ 90.8136821, 26.1204694 ], [ 90.8136253, 26.1204899 ], [ 90.8133102, 26.120604 ], [ 90.8117401, 26.1212487 ], [ 90.81055, 26.1217356 ], [ 90.8099248, 26.1220693 ], [ 90.8066643, 26.1237466 ], [ 90.8045441, 26.1245806 ], [ 90.8034289, 26.1250087 ], [ 90.8016388, 26.1255766 ], [ 90.8016381, 26.1255768 ], [ 90.801536, 26.1256102 ], [ 90.8002737, 26.1260227 ], [ 90.7978485, 26.1266081 ], [ 90.7969034, 26.1268468 ], [ 90.7945883, 26.127378 ], [ 90.7942082, 26.1275177 ], [ 90.7940281, 26.1276801 ], [ 90.7937628, 26.1280546 ], [ 90.7934825, 26.1285012 ], [ 90.7933224, 26.1287719 ], [ 90.7931422, 26.1289568 ], [ 90.7929071, 26.1291146 ], [ 90.7926421, 26.1291641 ], [ 90.7922972, 26.1291459 ], [ 90.7917322, 26.1291546 ], [ 90.7912322, 26.1291272 ], [ 90.7908473, 26.1291044 ], [ 90.7904023, 26.1292125 ], [ 90.7894821, 26.1294557 ], [ 90.7883121, 26.1295904 ], [ 90.7871771, 26.1298153 ], [ 90.7853618, 26.1302655 ], [ 90.7853617, 26.1302655 ], [ 90.7852566, 26.130288 ], [ 90.7842916, 26.130495 ], [ 90.7831916, 26.1306794 ], [ 90.7822464, 26.130918 ], [ 90.7812212, 26.1312422 ], [ 90.7804111, 26.1314268 ], [ 90.7791962, 26.1316629 ], [ 90.7790083, 26.1316994 ], [ 90.7779809, 26.1318991 ], [ 90.7747704, 26.132637 ], [ 90.771925, 26.1332217 ], [ 90.7688794, 26.13391 ], [ 90.7669742, 26.1342561 ], [ 90.7662841, 26.1343143 ], [ 90.7656793, 26.1342552 ], [ 90.7647243, 26.1342679 ], [ 90.7636892, 26.1344207 ], [ 90.762654, 26.1346184 ], [ 90.7617388, 26.1347937 ], [ 90.7605986, 26.135005 ], [ 90.7597835, 26.1351352 ], [ 90.7592335, 26.1351573 ], [ 90.7587085, 26.1351162 ], [ 90.7578587, 26.1350162 ], [ 90.7568487, 26.1349613 ], [ 90.7558186, 26.1350552 ], [ 90.7543582, 26.1354692 ], [ 90.7537281, 26.1356041 ], [ 90.7525782, 26.1355354 ], [ 90.7515782, 26.1355978 ], [ 90.749718, 26.1357677 ], [ 90.7473978, 26.1359597 ], [ 90.7471378, 26.136 ], [ 90.746802, 26.1360521 ], [ 90.7460062, 26.1360762 ], [ 90.7456611, 26.1360867 ], [ 90.7456021, 26.1360885 ], [ 90.7412848, 26.1361195 ], [ 90.7412183, 26.136213 ], [ 90.7404427, 26.1373034 ], [ 90.7384817, 26.1395593 ], [ 90.7374138, 26.140811 ], [ 90.7351289, 26.1423233 ], [ 90.731477, 26.1446367 ], [ 90.7281243, 26.1466347 ], [ 90.7236446, 26.1484158 ], [ 90.7184812, 26.1505972 ], [ 90.7155481, 26.151388 ], [ 90.7101317, 26.1513481 ], [ 90.706676, 26.1505842 ], [ 90.7040083, 26.1498839 ], [ 90.7016549, 26.1490441 ], [ 90.7007455, 26.1486401 ], [ 90.7006619, 26.148603 ], [ 90.6981703, 26.1495563 ], [ 90.6962317, 26.1499405 ], [ 90.6960538, 26.1499757 ], [ 90.6961682, 26.1500339 ], [ 90.6984657, 26.1512032 ], [ 90.7001305, 26.1523849 ], [ 90.7023042, 26.1534137 ], [ 90.7050461, 26.1549925 ], [ 90.7039469, 26.1574243 ], [ 90.7021806, 26.1581346 ], [ 90.6993707, 26.1603893 ], [ 90.6981317, 26.1627128 ], [ 90.6978161, 26.1643838 ], [ 90.6986528, 26.165799 ], [ 90.7001437, 26.1664623 ], [ 90.7021738, 26.1665586 ], [ 90.7041637, 26.166952 ], [ 90.7066433, 26.1661926 ], [ 90.7086751, 26.1639913 ], [ 90.7107706, 26.1633171 ], [ 90.7116531, 26.1637278 ], [ 90.7115828, 26.1644395 ], [ 90.7094065, 26.166474 ], [ 90.7068855, 26.1690623 ], [ 90.7044638, 26.1720562 ], [ 90.7018438, 26.1734731 ], [ 90.6994493, 26.1736964 ], [ 90.698437, 26.1732947 ], [ 90.6980633, 26.1727313 ], [ 90.6983994, 26.1705287 ], [ 90.699119, 26.1690067 ], [ 90.6982414, 26.1686546 ], [ 90.6972229, 26.1697259 ], [ 90.6939678, 26.1728946 ], [ 90.6897602, 26.1755983 ], [ 90.686177, 26.1771989 ], [ 90.6787872, 26.1781297 ], [ 90.6787612, 26.178133 ], [ 90.6783011, 26.178632 ], [ 90.6770029, 26.1810396 ], [ 90.6766327, 26.1819084 ], [ 90.6767551, 26.1834428 ], [ 90.6766397, 26.186954 ], [ 90.6765119, 26.1898468 ], [ 90.6758339, 26.1915753 ], [ 90.6737607, 26.1970709 ], [ 90.6711192, 26.1995636 ], [ 90.6711195, 26.1995635 ], [ 90.6782244, 26.1962086 ], [ 90.6831503, 26.1953341 ], [ 90.6881225, 26.1935972 ], [ 90.6900625, 26.192605 ] ], [ [ 90.7091953, 26.1710395 ], [ 90.7161172, 26.1664992 ], [ 90.7207827, 26.1635275 ], [ 90.7203981, 26.1630486 ], [ 90.7204086, 26.162154 ], [ 90.7212123, 26.1609715 ], [ 90.723499, 26.1579737 ], [ 90.7263776, 26.1543552 ], [ 90.7299727, 26.1518339 ], [ 90.7347885, 26.1497531 ], [ 90.7396173, 26.1473215 ], [ 90.7431462, 26.144785 ], [ 90.7448122, 26.1431154 ], [ 90.7477962, 26.1417275 ], [ 90.7529986, 26.1445135 ], [ 90.7476899, 26.1522818 ], [ 90.747247, 26.1531184 ], [ 90.7455746, 26.1564736 ], [ 90.7437022, 26.1605494 ], [ 90.7415604, 26.164526 ], [ 90.7392991, 26.1678629 ], [ 90.7366936, 26.1709877 ], [ 90.7339835, 26.1736484 ], [ 90.7330018, 26.1748799 ], [ 90.7261226, 26.1752947 ], [ 90.7224459, 26.1757833 ], [ 90.7192775, 26.1768848 ], [ 90.7131961, 26.1774797 ], [ 90.7077836, 26.1774983 ], [ 90.7049257, 26.1768699 ], [ 90.7030462, 26.1754674 ], [ 90.7091953, 26.1710395 ] ] ], [ [ [ 90.862659, 26.4157463 ], [ 90.8624883, 26.4157485 ], [ 90.8618204, 26.415598 ], [ 90.8610272, 26.4152594 ], [ 90.8610165, 26.4152577 ], [ 90.8609259, 26.4152433 ], [ 90.858869, 26.4149172 ], [ 90.8552917, 26.4145751 ], [ 90.8540438, 26.4146619 ], [ 90.8534385, 26.4146055 ], [ 90.8516454, 26.414528 ], [ 90.8516149, 26.4145267 ], [ 90.8515287, 26.4145187 ], [ 90.8512117, 26.4144892 ], [ 90.8512414, 26.4145589 ], [ 90.8531913, 26.4191336 ], [ 90.8535721, 26.4194766 ], [ 90.8549554, 26.4197747 ], [ 90.8563337, 26.4200322 ], [ 90.8570003, 26.420461 ], [ 90.857732, 26.4222168 ], [ 90.8579571, 26.4227568 ], [ 90.8585634, 26.4242115 ], [ 90.859314, 26.4259425 ], [ 90.8605083, 26.4286967 ], [ 90.8606349, 26.4289887 ], [ 90.8609219, 26.4296505 ], [ 90.8613499, 26.4306376 ], [ 90.8615597, 26.4311212 ], [ 90.8614158, 26.4313338 ], [ 90.8612687, 26.431551 ], [ 90.8612323, 26.4316048 ], [ 90.8609029, 26.4320914 ], [ 90.8594296, 26.4340947 ], [ 90.8618307, 26.4345545 ], [ 90.8618308, 26.4345545 ], [ 90.8618296, 26.4345537 ], [ 90.8622313, 26.4327536 ], [ 90.862254, 26.4322248 ], [ 90.8623025, 26.4310919 ], [ 90.8625889, 26.4274503 ], [ 90.8627643, 26.42451 ], [ 90.862928, 26.4228152 ], [ 90.8631376, 26.4206436 ], [ 90.8632399, 26.4195838 ], [ 90.8632885, 26.4186557 ], [ 90.8626927, 26.4159023 ], [ 90.862679, 26.415839 ], [ 90.862659, 26.4157463 ] ] ] ] } },
{ "type": "Feature", "properties": { "gpcode": "105678", "gpname": "GAJIA", "dtname": "Barpeta", "stname": "ASSAM", "sdtname": "Baghbor", "blkname": "MANDIA", "expected_mm": 17.4, "likely_min_mm": 17.4, "likely_max_mm": 17.4, "tmax_c": 32.2, "tmin_c": 25.0, "temp_c": 28.6, "rh_pct": 94.0, "wind_kph": 11.3, "heat_stress_level": "NONE", "disease_risk_flag": false, "ragi_stage": "vegetative", "paddy_stage": "vegetative", "forecast_date": "2026-09-10", "timestamp_utc": "2026-09-28T15:52:05Z" }, "geometry": { "type": "Polygon", "coordinates": [ [ [ 90.9920074, 26.3076091 ], [ 90.986189, 26.3035355 ], [ 90.9861068, 26.3034779 ], [ 90.9859827, 26.303509 ], [ 90.9814328, 26.3017501 ], [ 90.9812739, 26.301696 ], [ 90.9806451, 26.3014823 ], [ 90.9773364, 26.2999695 ], [ 90.9734197, 26.2979509 ], [ 90.9707148, 26.2961774 ], [ 90.9706589, 26.2961408 ], [ 90.9699168, 26.2958481 ], [ 90.9683793, 26.2949218 ], [ 90.9668593, 26.2936471 ], [ 90.9655145, 26.2929139 ], [ 90.9639587, 26.2920657 ], [ 90.963131, 26.2915699 ], [ 90.9629764, 26.2914998 ], [ 90.9629764, 26.2914998 ], [ 90.9624445, 26.287499 ], [ 90.9625123, 26.2846926 ], [ 90.9632624, 26.280134 ], [ 90.9574404, 26.2809284 ], [ 90.9502797, 26.280831 ], [ 90.9503558, 26.2828546 ], [ 90.9492541, 26.2836088 ], [ 90.9488493, 26.2836532 ], [ 90.9473551, 26.2838172 ], [ 90.9440154, 26.2837508 ], [ 90.9440151, 26.2837522 ], [ 90.9435334, 26.2858901 ], [ 90.9420396, 26.2893733 ], [ 90.9417447, 26.2918472 ], [ 90.9414151, 26.2934585 ], [ 90.9411904, 26.2978535 ], [ 90.9410588, 26.2991436 ], [ 90.9418577, 26.3013583 ], [ 90.9425848, 26.3047524 ], [ 90.9438026, 26.3077989 ], [ 90.944308, 26.3086247 ], [ 90.9460861, 26.3118698 ], [ 90.9461566, 26.3117881 ], [ 90.9471659, 26.3106189 ], [ 90.9497673, 26.306882 ], [ 90.9540858, 26.304429 ], [ 90.9541148, 26.3044125 ], [ 90.955321, 26.3049434 ], [ 90.955825, 26.3059027 ], [ 90.9558347, 26.3059793 ], [ 90.9563062, 26.3060057 ], [ 90.9622904, 26.3063416 ], [ 90.9649838, 26.3064928 ], [ 90.965076, 26.3064979 ], [ 90.9650762, 26.3064979 ], [ 90.9650874, 26.3070204 ], [ 90.9654896, 26.3073307 ], [ 90.9689496, 26.3094576 ], [ 90.9723276, 26.3106359 ], [ 90.9740348, 26.3111459 ], [ 90.9740142, 26.311253 ], [ 90.9734542, 26.31416 ], [ 90.9734468, 26.3164382 ], [ 90.9750665, 26.3178018 ], [ 90.9778342, 26.3190229 ], [ 90.9803253, 26.3202019 ], [ 90.9826395, 26.3217012 ], [ 90.9828294, 26.3233017 ], [ 90.9828294, 26.3233017 ], [ 90.9870075, 26.3241787 ], [ 90.9888111, 26.3231634 ], [ 90.988957, 26.3230331 ], [ 90.9890867, 26.3228458 ], [ 90.9892484, 26.3224866 ], [ 90.9896198, 26.3213674 ], [ 90.9901533, 26.3202119 ], [ 90.9911203, 26.3186532 ], [ 90.9914832, 26.3180133 ], [ 90.9917587, 26.3176958 ], [ 90.9923447, 26.3171451 ], [ 90.9930358, 26.316376 ], [ 90.9935616, 26.3157676 ], [ 90.9938788, 26.3151366 ], [ 90.9942731, 26.3145995 ], [ 90.9946346, 26.3140026 ], [ 90.9950182, 26.3133421 ], [ 90.9951644, 26.3129782 ], [ 90.9956041, 26.3124876 ], [ 90.9961951, 26.3117846 ], [ 90.9946453, 26.3103738 ], [ 90.9920074, 26.3076091 ] ] ] } },
{ "type": "Feature", "properties": { "gpcode": "105679", "gpname": "GOBINDAPUR", "dtname": "Barpeta", "stname": "ASSAM", "sdtname": "Baghbor", "blkname": "MANDIA", "expected_mm": 19.9, "likely_min_mm": 19.9, "likely_max_mm": 19.9, "tmax_c": 32.2, "tmin_c": 25.1, "temp_c": 28.7, "rh_pct": 94.6, "wind_kph": 11.6, "heat_stress_level": "NONE", "disease_risk_flag": false, "ragi_stage": "vegetative", "paddy_stage": "vegetative", "forecast_date": "2026-09-10", "timestamp_utc": "2026-09-28T15:52:05Z" }, "geometry": { "type": "Polygon", "coordinates": [ [ [ 90.9110323, 26.2842483 ], [ 90.9117524, 26.2766663 ], [ 90.9120113, 26.2726436 ], [ 90.9119103, 26.2694787 ], [ 90.9122116, 26.2628349 ], [ 90.9119425, 26.2550108 ], [ 90.9101951, 26.2561376 ], [ 90.9083494, 26.2571182 ], [ 90.9064901, 26.2574419 ], [ 90.9040822, 26.2568748 ], [ 90.9015142, 26.2569383 ], [ 90.8984153, 26.2578128 ], [ 90.8968316, 26.2583493 ], [ 90.8954147, 26.2583321 ], [ 90.8932274, 26.2588333 ], [ 90.8917575, 26.2589731 ], [ 90.8888924, 26.2588086 ], [ 90.8860738, 26.2598211 ], [ 90.8833933, 26.2609405 ], [ 90.8830087, 26.2617248 ], [ 90.8817349, 26.2619302 ], [ 90.8800412, 26.261757 ], [ 90.8786233, 26.2602828 ], [ 90.8776307, 26.2600024 ], [ 90.876041, 26.2602881 ], [ 90.8753204, 26.260921 ], [ 90.8747874, 26.2614826 ], [ 90.8738441, 26.261024 ], [ 90.8731232, 26.2608994 ], [ 90.8708179, 26.2618758 ], [ 90.8696625, 26.2619564 ], [ 90.8680425, 26.261137 ], [ 90.8671485, 26.2605001 ], [ 90.8661613, 26.2610351 ], [ 90.8647101, 26.2621849 ], [ 90.8633725, 26.2631521 ], [ 90.862316, 26.2636336 ], [ 90.8622891, 26.2636071 ], [ 90.862672, 26.2651191 ], [ 90.8627167, 26.2652954 ], [ 90.862495, 26.2664761 ], [ 90.8631816, 26.2669527 ], [ 90.8641395, 26.2668277 ], [ 90.8667858, 26.2660607 ], [ 90.8696887, 26.2652757 ], [ 90.8720343, 26.2655201 ], [ 90.8739111, 26.2663216 ], [ 90.8749683, 26.2673549 ], [ 90.8754085, 26.2687226 ], [ 90.8750833, 26.2702019 ], [ 90.8749951, 26.2714316 ], [ 90.8753069, 26.2728082 ], [ 90.8764086, 26.2736054 ], [ 90.8770112, 26.2738548 ], [ 90.8776382, 26.2736362 ], [ 90.8785414, 26.272874 ], [ 90.8791974, 26.2714882 ], [ 90.880026, 26.2698571 ], [ 90.8809486, 26.2685692 ], [ 90.8821967, 26.2665593 ], [ 90.8832531, 26.2660778 ], [ 90.8851395, 26.2662375 ], [ 90.8874941, 26.2671555 ], [ 90.8874851, 26.2671615 ], [ 90.886587, 26.2681918 ], [ 90.8849653, 26.2712852 ], [ 90.8839236, 26.2736415 ], [ 90.8824959, 26.276976 ], [ 90.8812178, 26.2790778 ], [ 90.88072, 26.2796731 ], [ 90.8767503, 26.2784019 ], [ 90.8763208, 26.2788963 ], [ 90.8750515, 26.2791009 ], [ 90.8716566, 26.2795311 ], [ 90.870571, 26.2798777 ], [ 90.8692802, 26.2833348 ], [ 90.866653, 26.2842146 ], [ 90.8653576, 26.2851175 ], [ 90.864466, 26.2867277 ], [ 90.8633677, 26.2879266 ], [ 90.8627875, 26.2891668 ], [ 90.8618328, 26.2915446 ], [ 90.8765214, 26.2906163 ], [ 90.8776992, 26.2908438 ], [ 90.8782364, 26.2902189 ], [ 90.8796546, 26.2862497 ], [ 90.8811148, 26.2818719 ], [ 90.8908496, 26.282315 ], [ 90.8940452, 26.2820531 ], [ 90.8954033, 26.2800772 ], [ 90.8968606, 26.2787373 ], [ 90.8967281, 26.2809857 ], [ 90.8972802, 26.2824178 ], [ 90.8985602, 26.2833347 ], [ 90.9007093, 26.2838811 ], [ 90.9026942, 26.2841843 ], [ 90.9028607, 26.2867931 ], [ 90.9031126, 26.2887202 ], [ 90.903692, 26.2919467 ], [ 90.9038097, 26.2948166 ], [ 90.903608, 26.2967084 ], [ 90.9027181, 26.2996789 ], [ 90.9038054, 26.299951 ], [ 90.9047529, 26.297849 ], [ 90.9080766, 26.2961291 ], [ 90.9110293, 26.2951395 ], [ 90.9131459, 26.2945217 ], [ 90.9149195, 26.2937027 ], [ 90.9154904, 26.2924694 ], [ 90.9161776, 26.2912559 ], [ 90.9159406, 26.2899569 ], [ 90.914719, 26.2883509 ], [ 90.9134563, 26.2872363 ], [ 90.9109226, 26.286361 ], [ 90.9110323, 26.2842483 ] ] ] } },
{ "type": "Feature", "properties": { "gpcode": "105680", "gpname": "JANATA", "dtname": "Barpeta", "stname": "ASSAM", "sdtname": "Baghbor", "blkname": "MANDIA", "expected_mm": 20.4, "likely_min_mm": 20.4, "likely_max_mm": 20.4, "tmax_c": 32.2, "tmin_c": 25.2, "temp_c": 28.7, "rh_pct": 94.7, "wind_kph": 11.7, "heat_stress_level": "NONE", "disease_risk_flag": false, "ragi_stage": "vegetative", "paddy_stage": "vegetative", "forecast_date": "2026-09-10", "timestamp_utc": "2026-09-28T15:52:05Z" }, "geometry": { "type": "Polygon", "coordinates": [ [ [ 90.8580318, 26.2993949 ], [ 90.858421, 26.2964264 ], [ 90.8589513, 26.2936029 ], [ 90.8590689, 26.2924723 ], [ 90.859105, 26.2918342 ], [ 90.8585308, 26.291642 ], [ 90.8568181, 26.2911807 ], [ 90.8543315, 26.2911989 ], [ 90.8524941, 26.2907849 ], [ 90.8509982, 26.2908503 ], [ 90.8502898, 26.2915961 ], [ 90.8498244, 26.2926735 ], [ 90.8495033, 26.2939343 ], [ 90.8494348, 26.2951388 ], [ 90.8495303, 26.2962545 ], [ 90.8502361, 26.2974826 ], [ 90.8509953, 26.2983995 ], [ 90.8520544, 26.2996783 ], [ 90.8536723, 26.3010364 ], [ 90.8557497, 26.3022465 ], [ 90.8573341, 26.3034366 ], [ 90.8580318, 26.2993949 ] ] ] } },
{ "type": "Feature", "properties": { "gpcode": "105681", "gpname": "JANIA", "dtname": "Barpeta", "stname": "ASSAM", "sdtname": "Baghbor", "blkname": "MANDIA", "expected_mm": 18.2, "likely_min_mm": 18.1, "likely_max_mm": 18.2, "tmax_c": 32.3, "tmin_c": 25.1, "temp_c": 28.7, "rh_pct": 93.8, "wind_kph": 11.4, "heat_stress_level": "NONE", "disease_risk_flag": false, "ragi_stage": "vegetative", "paddy_stage": "vegetative", "forecast_date": "2026-09-10", "timestamp_utc": "2026-09-28T15:52:05Z" }, "geometry": { "type": "Polygon", "coordinates": [ [ [ 90.9003505, 26.3639513 ], [ 90.9054172, 26.3633733 ], [ 90.91415, 26.3637294 ], [ 90.9161206, 26.3637688 ], [ 90.9161879, 26.3637702 ], [ 90.9183296, 26.363813 ], [ 90.9185088, 26.3638617 ], [ 90.9178767, 26.3591971 ], [ 90.9189928, 26.3578879 ], [ 90.921911, 26.3576837 ], [ 90.924422, 26.357508 ], [ 90.9261594, 26.3562783 ], [ 90.9306337, 26.3511637 ], [ 90.9344141, 26.3467129 ], [ 90.9381122, 26.3436838 ], [ 90.9384782, 26.3435656 ], [ 90.9385471, 26.3435433 ], [ 90.9417651, 26.3425042 ], [ 90.9465608, 26.3411215 ], [ 90.950287, 26.3396699 ], [ 90.9510061, 26.3385114 ], [ 90.9519172, 26.336416 ], [ 90.9526204, 26.3355799 ], [ 90.9526901, 26.3354971 ], [ 90.9529076, 26.3352385 ], [ 90.9539298, 26.334428 ], [ 90.9541518, 26.3335537 ], [ 90.9541844, 26.3334252 ], [ 90.9540453, 26.3330627 ], [ 90.9536556, 26.3320465 ], [ 90.9521663, 26.3306121 ], [ 90.9515804, 26.3301286 ], [ 90.9515086, 26.3300694 ], [ 90.9514228, 26.3299986 ], [ 90.951329, 26.3299211 ], [ 90.9500349, 26.3288533 ], [ 90.9477104, 26.3272312 ], [ 90.9470883, 26.3263515 ], [ 90.9463032, 26.3243751 ], [ 90.9450071, 26.322804 ], [ 90.9447085, 26.3217169 ], [ 90.9450406, 26.3200315 ], [ 90.9459306, 26.3176914 ], [ 90.9452906, 26.3147345 ], [ 90.9452192, 26.3147932 ], [ 90.9452191, 26.3147933 ], [ 90.9446102, 26.3152734 ], [ 90.9426945, 26.3167841 ], [ 90.941475, 26.3175206 ], [ 90.940329, 26.3181796 ], [ 90.939593, 26.3180143 ], [ 90.9385867, 26.3175061 ], [ 90.9377453, 26.3161184 ], [ 90.9370331, 26.3153003 ], [ 90.9359721, 26.3150853 ], [ 90.9350079, 26.315689 ], [ 90.9344105, 26.3167309 ], [ 90.9339466, 26.3169729 ], [ 90.9335697, 26.3170098 ], [ 90.9331493, 26.3170193 ], [ 90.9322769, 26.3167002 ], [ 90.9318963, 26.3167656 ], [ 90.9316769, 26.3172068 ], [ 90.9314081, 26.3175739 ], [ 90.9311162, 26.3176717 ], [ 90.9307257, 26.3176217 ], [ 90.9302665, 26.31777 ], [ 90.9299977, 26.3181372 ], [ 90.9295755, 26.3192117 ], [ 90.9289234, 26.3201089 ], [ 90.9283494, 26.32042 ], [ 90.9278603, 26.320222 ], [ 90.9276106, 26.3198138 ], [ 90.9281247, 26.3188102 ], [ 90.928757, 26.3176822 ], [ 90.9283195, 26.3176476 ], [ 90.9279792, 26.3176206 ], [ 90.9238844, 26.3179073 ], [ 90.9205014, 26.3179894 ], [ 90.9192583, 26.318502 ], [ 90.9187025, 26.3194836 ], [ 90.9187317, 26.3195385 ], [ 90.9188539, 26.3204589 ], [ 90.9188933, 26.3228954 ], [ 90.9179153, 26.3230653 ], [ 90.9149852, 26.3234252 ], [ 90.911277, 26.32322 ], [ 90.9085921, 26.3224402 ], [ 90.9079111, 26.3239771 ], [ 90.9075512, 26.3252795 ], [ 90.9073491, 26.3269191 ], [ 90.9068097, 26.3296272 ], [ 90.9064525, 26.335941 ], [ 90.9062544, 26.3386252 ], [ 90.9059353, 26.3418985 ], [ 90.9058232, 26.345107 ], [ 90.9058232, 26.3451071 ], [ 90.9057854, 26.3451152 ], [ 90.903163, 26.3450663 ], [ 90.9027561, 26.344995 ], [ 90.9025564, 26.3453707 ], [ 90.9013821, 26.3476543 ], [ 90.9008316, 26.348874 ], [ 90.9007469, 26.348963 ], [ 90.8988094, 26.3510019 ], [ 90.8974616, 26.3526532 ], [ 90.8976678, 26.354357 ], [ 90.897974, 26.355839 ], [ 90.9007136, 26.3565068 ], [ 90.9018397, 26.3571262 ], [ 90.9024422, 26.3585876 ], [ 90.9020744, 26.3605463 ], [ 90.9003505, 26.3639513 ] ] ] } },
{ "type": "Feature", "properties": { "gpcode": "105682", "gpname": "JOYPUR SIKARTARY", "dtname": "Barpeta", "stname": "ASSAM", "sdtname": "Kalgachia", "blkname": "MANDIA", "expected_mm": 21.2, "likely_min_mm": 21.2, "likely_max_mm": 21.3, "tmax_c": 32.5, "tmin_c": 25.2, "temp_c": 28.9, "rh_pct": 95.0, "wind_kph": 11.6, "heat_stress_level": "NONE", "disease_risk_flag": false, "ragi_stage": "vegetative", "paddy_stage": "vegetative", "forecast_date": "2026-09-10", "timestamp_utc": "2026-09-28T15:52:05Z" }, "geometry": { "type": "MultiPolygon", "coordinates": [ [ [ [ 90.734021, 26.252912 ], [ 90.7341007, 26.2484605 ], [ 90.7339492, 26.2473182 ], [ 90.7340145, 26.2457164 ], [ 90.7345191, 26.2449074 ], [ 90.7354938, 26.2448571 ], [ 90.7372435, 26.2450331 ], [ 90.7390296, 26.2449925 ], [ 90.7395282, 26.2448428 ], [ 90.7399683, 26.2444338 ], [ 90.740568, 26.2435362 ], [ 90.7410024, 26.2432757 ], [ 90.7422355, 26.2431743 ], [ 90.7432535, 26.2433347 ], [ 90.7437171, 26.2435166 ], [ 90.7437162, 26.2435169 ], [ 90.7436859, 26.2441283 ], [ 90.7435936, 26.2469176 ], [ 90.7436583, 26.2485434 ], [ 90.7438049, 26.2511731 ], [ 90.7438338, 26.251693 ], [ 90.7440394, 26.252895 ], [ 90.7479573, 26.2536653 ], [ 90.7492965, 26.2539286 ], [ 90.756535, 26.2566843 ], [ 90.7566941, 26.2567448 ], [ 90.7563623, 26.2554174 ], [ 90.7564857, 26.2545032 ], [ 90.756499, 26.2527238 ], [ 90.7567857, 26.248999 ], [ 90.7567172, 26.2458255 ], [ 90.7568101, 26.2415932 ], [ 90.7568141, 26.2415476 ], [ 90.7568168, 26.2415164 ], [ 90.7575148, 26.2335415 ], [ 90.7576037, 26.2330977 ], [ 90.7579682, 26.2312792 ], [ 90.7579766, 26.2312371 ], [ 90.7581989, 26.2274013 ], [ 90.7583681, 26.2237998 ], [ 90.7591855, 26.2192312 ], [ 90.7592183, 26.2190481 ], [ 90.758944, 26.2182439 ], [ 90.7588453, 26.2182337 ], [ 90.7492682, 26.2172476 ], [ 90.7440102, 26.2172477 ], [ 90.7442487, 26.2223794 ], [ 90.7445467, 26.2255834 ], [ 90.7446595, 26.2267973 ], [ 90.7446232, 26.2311834 ], [ 90.7446125, 26.2310879 ], [ 90.7427256, 26.2314725 ], [ 90.7404693, 26.2319971 ], [ 90.7385631, 26.2319884 ], [ 90.735612, 26.2319752 ], [ 90.7352038, 26.232487 ], [ 90.7341448, 26.2324836 ], [ 90.7331826, 26.2322376 ], [ 90.7331638, 26.2322328 ], [ 90.7308551, 26.2319717 ], [ 90.7289199, 26.2319521 ], [ 90.7268582, 26.2319412 ], [ 90.7252488, 26.2319374 ], [ 90.7242905, 26.2317869 ], [ 90.7240312, 26.2319618 ], [ 90.7237049, 26.2323136 ], [ 90.7235341, 26.2329922 ], [ 90.7234328, 26.2350329 ], [ 90.7230973, 26.238407 ], [ 90.7231129, 26.2390234 ], [ 90.7228889, 26.2416653 ], [ 90.7230033, 26.2429089 ], [ 90.7232117, 26.2442943 ], [ 90.7235043, 26.2451634 ], [ 90.7238903, 26.2464152 ], [ 90.7238903, 26.246416 ], [ 90.7237828, 26.2483471 ], [ 90.7232984, 26.2499612 ], [ 90.7233455, 26.2505178 ], [ 90.7237581, 26.2515104 ], [ 90.7238938, 26.2531148 ], [ 90.7233005, 26.2547364 ], [ 90.7230036, 26.2559754 ], [ 90.7229219, 26.2571643 ], [ 90.7229217, 26.2571666 ], [ 90.7236704, 26.2577881 ], [ 90.7237507, 26.2577093 ], [ 90.7252068, 26.2562803 ], [ 90.7259318, 26.2560251 ], [ 90.7283904, 26.2566055 ], [ 90.7333656, 26.2576878 ], [ 90.7333794, 26.2577086 ], [ 90.7334562, 26.257824 ], [ 90.734117, 26.2579279 ], [ 90.7341705, 26.2572655 ], [ 90.7341768, 26.2560465 ], [ 90.734021, 26.252912 ] ] ], [ [ [ 90.7430102, 26.2608072 ], [ 90.7398077, 26.2610764 ], [ 90.7378635, 26.2611939 ], [ 90.7334305, 26.2590121 ], [ 90.7332495, 26.261505 ], [ 90.7321763, 26.2650474 ], [ 90.7321413, 26.2651629 ], [ 90.7331464, 26.265963 ], [ 90.7347458, 26.2680265 ], [ 90.7367649, 26.2733216 ], [ 90.7368649, 26.2734634 ], [ 90.7377614, 26.274735 ], [ 90.7431375, 26.2773947 ], [ 90.7433308, 26.2775027 ], [ 90.7433308, 26.2775026 ], [ 90.7436626, 26.274077 ], [ 90.7434047, 26.2706039 ], [ 90.7428317, 26.2664279 ], [ 90.7430102, 26.2608072 ] ] ] ] } },
{ "type": "Feature", "properties": { "gpcode": "105683", "gpname": "KADAMTOLA", "dtname": "Barpeta", "stname": "ASSAM", "sdtname": "Baghbor", "blkname": "MANDIA", "expected_mm": 17.8, "likely_min_mm": 17.7, "likely_max_mm": 18.1, "tmax_c": 32.3, "tmin_c": 25.1, "temp_c": 28.7, "rh_pct": 94.9, "wind_kph": 11.7, "heat_stress_level": "NONE", "disease_risk_flag": false, "ragi_stage": "vegetative", "paddy_stage": "vegetative", "forecast_date": "2026-09-10", "timestamp_utc": "2026-09-28T15:52:05Z" }, "geometry": { "type": "MultiPolygon", "coordinates": [ [ [ [ 90.8049588, 26.1414101 ], [ 90.8028288, 26.1415578 ], [ 90.7997617, 26.1422737 ], [ 90.7972779, 26.1427942 ], [ 90.7934767, 26.1434446 ], [ 90.7903144, 26.1445539 ], [ 90.7873651, 26.1456483 ], [ 90.7846057, 26.1469619 ], [ 90.7818838, 26.148871 ], [ 90.785098, 26.1520056 ], [ 90.787241, 26.1540953 ], [ 90.7897003, 26.155442 ], [ 90.7897005, 26.1554421 ], [ 90.7887726, 26.1585426 ], [ 90.7883098, 26.1616408 ], [ 90.7873063, 26.164913 ], [ 90.7874302, 26.1668723 ], [ 90.7871946, 26.1686251 ], [ 90.7857615, 26.1753753 ], [ 90.7849869, 26.1817426 ], [ 90.7950573, 26.1836839 ], [ 90.7953369, 26.1837228 ], [ 90.8004198, 26.1844313 ], [ 90.8040308, 26.1851843 ], [ 90.8041542, 26.1842167 ], [ 90.8047569, 26.1815757 ], [ 90.8048699, 26.1810802 ], [ 90.8071573, 26.1748251 ], [ 90.8087314, 26.1697687 ], [ 90.8100937, 26.1636934 ], [ 90.8110959, 26.158735 ], [ 90.8115897, 26.1558458 ], [ 90.8116044, 26.1558442 ], [ 90.8132874, 26.1556556 ], [ 90.816453, 26.1550875 ], [ 90.8204846, 26.153647 ], [ 90.8204869, 26.1536462 ], [ 90.8189056, 26.151616 ], [ 90.8147042, 26.1475727 ], [ 90.8109618, 26.1443876 ], [ 90.8084058, 26.1425522 ], [ 90.8067806, 26.1416708 ], [ 90.8049588, 26.1414101 ] ] ], [ [ [ 90.7585418, 26.1738059 ], [ 90.7539044, 26.1775818 ], [ 90.7528293, 26.1787067 ], [ 90.7567373, 26.1796604 ], [ 90.7622558, 26.1807456 ], [ 90.7653836, 26.1809077 ], [ 90.7638034, 26.1748126 ], [ 90.7630951, 26.1725079 ], [ 90.7632561, 26.1698731 ], [ 90.7632479, 26.1697769 ], [ 90.7632431, 26.1697197 ], [ 90.7585418, 26.1738059 ] ] ], [ [ [ 91.1454988, 26.2850472 ], [ 91.145549, 26.2839952 ], [ 91.1455549, 26.2838729 ], [ 91.1456551, 26.2816482 ], [ 91.1457191, 26.2810819 ], [ 91.1457971, 26.2809327 ], [ 91.1460643, 26.280929 ], [ 91.1463757, 26.2808451 ], [ 91.1464825, 26.2807656 ], [ 91.1465667, 26.2806877 ], [ 91.1465929, 26.2800802 ], [ 91.1465861, 26.2794853 ], [ 91.146556, 26.2792718 ], [ 91.146452, 26.2791252 ], [ 91.1459804, 26.2788099 ], [ 91.145985, 26.2786043 ], [ 91.1460847, 26.277696 ], [ 91.1461304, 26.2772798 ], [ 91.1462939, 26.2764218 ], [ 91.1465288, 26.275798 ], [ 91.14658, 26.2756622 ], [ 91.1467735, 26.2751455 ], [ 91.1471574, 26.2738524 ], [ 91.1471545, 26.273853 ], [ 91.1455914, 26.274043 ], [ 91.1447461, 26.2742677 ], [ 91.1439878, 26.274445 ], [ 91.1430395, 26.2745334 ], [ 91.1423749, 26.2748484 ], [ 91.1421216, 26.2749685 ], [ 91.1412816, 26.2752543 ], [ 91.1404066, 26.275399 ], [ 91.1397724, 26.2756212 ], [ 91.1397441, 26.2756311 ], [ 91.1397396, 26.2756527 ], [ 91.1395997, 26.2763189 ], [ 91.1392301, 26.2767765 ], [ 91.1387123, 26.277101 ], [ 91.1379647, 26.2774007 ], [ 91.1371556, 26.2775202 ], [ 91.1365168, 26.2775041 ], [ 91.134386, 26.2773483 ], [ 91.1338449, 26.2774075 ], [ 91.1331769, 26.2775784 ], [ 91.1328955, 26.2776858 ], [ 91.1326519, 26.2778211 ], [ 91.1323959, 26.2780203 ], [ 91.1320651, 26.2783969 ], [ 91.1313261, 26.2790769 ], [ 91.1311478, 26.2793166 ], [ 91.131039, 26.2795798 ], [ 91.1309923, 26.2797195 ], [ 91.1309929, 26.279726 ], [ 91.1310027, 26.2798287 ], [ 91.1310332, 26.2799211 ], [ 91.1311274, 26.2800558 ], [ 91.1314256, 26.2804056 ], [ 91.1324119, 26.281526 ], [ 91.1334029, 26.2824408 ], [ 91.1338822, 26.2827145 ], [ 91.1342068, 26.2830404 ], [ 91.1343332, 26.2834421 ], [ 91.1343256, 26.2838738 ], [ 91.1338428, 26.2843394 ], [ 91.1333095, 26.284747 ], [ 91.1326886, 26.2849351 ], [ 91.1318777, 26.285034 ], [ 91.1309257, 26.2850814 ], [ 91.1298409, 26.2849124 ], [ 91.1278159, 26.2846668 ], [ 91.1273426, 26.2847211 ], [ 91.1268782, 26.2848775 ], [ 91.1264806, 26.2852753 ], [ 91.1260976, 26.28597 ], [ 91.1250202, 26.2883229 ], [ 91.1256791, 26.2884003 ], [ 91.1261839, 26.2884464 ], [ 91.1281386, 26.2884096 ], [ 91.1313555, 26.2884881 ], [ 91.1344504, 26.2884724 ], [ 91.1390749, 26.2883691 ], [ 91.1396192, 26.2888641 ], [ 91.1412754, 26.289834 ], [ 91.1423645, 26.2903105 ], [ 91.1439027, 26.2907139 ], [ 91.1454305, 26.2908625 ], [ 91.1454081, 26.2907523 ], [ 91.1453644, 26.2899958 ], [ 91.1452696, 26.2884011 ], [ 91.1453214, 26.2869191 ], [ 91.1454988, 26.2850472 ] ] ] ] } },
{ "type": "Feature", "properties": { "gpcode": "105684", "gpname": "KADANG", "dtname": "Barpeta", "stname": "ASSAM", "sdtname": "Baghbor", "blkname": "MANDIA", "expected_mm": 18.9, "likely_min_mm": 18.8, "likely_max_mm": 18.9, "tmax_c": 32.3, "tmin_c": 25.1, "temp_c": 28.7, "rh_pct": 94.0, "wind_kph": 11.5, "heat_stress_level": "NONE", "disease_risk_flag": false, "ragi_stage": "vegetative", "paddy_stage": "vegetative", "forecast_date": "2026-09-10", "timestamp_utc": "2026-09-28T15:52:05Z" }, "geometry": { "type": "Polygon", "coordinates": [ [ [ 90.9059353, 26.3418985 ], [ 90.9062544, 26.3386252 ], [ 90.9064525, 26.335941 ], [ 90.9068097, 26.3296272 ], [ 90.9073491, 26.3269191 ], [ 90.9075512, 26.3252795 ], [ 90.9079111, 26.3239771 ], [ 90.9085921, 26.3224402 ], [ 90.911277, 26.32322 ], [ 90.9149852, 26.3234252 ], [ 90.9179153, 26.3230653 ], [ 90.9188933, 26.3228954 ], [ 90.9188539, 26.3204589 ], [ 90.9187317, 26.3195385 ], [ 90.9187025, 26.3194836 ], [ 90.9192583, 26.318502 ], [ 90.9205014, 26.3179894 ], [ 90.9238844, 26.3179073 ], [ 90.9279792, 26.3176206 ], [ 90.9283195, 26.3176476 ], [ 90.9298913, 26.3155861 ], [ 90.9311769, 26.3133819 ], [ 90.9311508, 26.3124437 ], [ 90.9311356, 26.3118972 ], [ 90.9306495, 26.310287 ], [ 90.929454, 26.3095095 ], [ 90.9253239, 26.3079196 ], [ 90.9211133, 26.3053956 ], [ 90.9169332, 26.3031223 ], [ 90.9144268, 26.3023402 ], [ 90.9117254, 26.302216 ], [ 90.9063291, 26.3020452 ], [ 90.9042844, 26.3014835 ], [ 90.9038054, 26.299951 ], [ 90.9027181, 26.2996789 ], [ 90.903608, 26.2967084 ], [ 90.9013447, 26.2973309 ], [ 90.8981689, 26.2973206 ], [ 90.894947, 26.2972747 ], [ 90.8914988, 26.2970898 ], [ 90.8886705, 26.2966293 ], [ 90.8881299, 26.2978281 ], [ 90.8879702, 26.2994647 ], [ 90.8880305, 26.2996826 ], [ 90.8886543, 26.3019327 ], [ 90.8900838, 26.3055871 ], [ 90.8920019, 26.3084333 ], [ 90.8924763, 26.3099747 ], [ 90.8924968, 26.3112118 ], [ 90.8924934, 26.311605 ], [ 90.8924934, 26.311605 ], [ 90.8875394, 26.311947 ], [ 90.8838318, 26.3122443 ], [ 90.8825489, 26.3122952 ], [ 90.8793991, 26.3125922 ], [ 90.8762887, 26.3128478 ], [ 90.8764802, 26.3150791 ], [ 90.8771705, 26.317121 ], [ 90.8772254, 26.3193587 ], [ 90.8772911, 26.3193695 ], [ 90.8805235, 26.3199 ], [ 90.8841555, 26.3212574 ], [ 90.8870589, 26.3231491 ], [ 90.8905042, 26.324412 ], [ 90.8915064, 26.3255224 ], [ 90.8915449, 26.325565 ], [ 90.8916897, 26.3257254 ], [ 90.8925994, 26.3277398 ], [ 90.8926331, 26.3278143 ], [ 90.8933824, 26.3294733 ], [ 90.8929431, 26.3340681 ], [ 90.8925122, 26.3373736 ], [ 90.8929155, 26.3395801 ], [ 90.8941813, 26.3394585 ], [ 90.8962399, 26.3377576 ], [ 90.8973787, 26.3371412 ], [ 90.8982131, 26.3378347 ], [ 90.8985919, 26.3387747 ], [ 90.8996857, 26.3390205 ], [ 90.901349, 26.338958 ], [ 90.9024974, 26.3391462 ], [ 90.9043256, 26.3403072 ], [ 90.9044542, 26.3418016 ], [ 90.9028072, 26.344899 ], [ 90.9027561, 26.344995 ], [ 90.903163, 26.3450663 ], [ 90.9057854, 26.3451152 ], [ 90.9058232, 26.3451071 ], [ 90.9058232, 26.345107 ], [ 90.9059353, 26.3418985 ] ] ] } },
{ "type": "Feature", "properties": { "gpcode": "105685", "gpname": "MOINBORI", "dtname": "Barpeta", "stname": "ASSAM", "sdtname": "Kalgachia", "blkname": "MANDIA", "expected_mm": 20.9, "likely_min_mm": 20.9, "likely_max_mm": 20.9, "tmax_c": 32.5, "tmin_c": 25.2, "temp_c": 28.9, "rh_pct": 94.7, "wind_kph": 11.6, "heat_stress_level": "NONE", "disease_risk_flag": false, "ragi_stage": "vegetative", "paddy_stage": "vegetative", "forecast_date": "2026-09-10", "timestamp_utc": "2026-09-28T15:52:05Z" }, "geometry": { "type": "MultiPolygon", "coordinates": [ [ [ [ 90.7830868, 26.2539468 ], [ 90.7831569, 26.2532744 ], [ 90.7833059, 26.2518441 ], [ 90.7822141, 26.2506022 ], [ 90.7811447, 26.249194 ], [ 90.7810417, 26.2479826 ], [ 90.7819637, 26.246799 ], [ 90.7830984, 26.2465942 ], [ 90.7772389, 26.2440627 ], [ 90.7730514, 26.2427054 ], [ 90.7695675, 26.2423203 ], [ 90.7694382, 26.2423038 ], [ 90.7694371, 26.2424426 ], [ 90.7694203, 26.2445027 ], [ 90.7694127, 26.2454433 ], [ 90.7693434, 26.2478523 ], [ 90.7691411, 26.2510609 ], [ 90.7688445, 26.2527282 ], [ 90.7681958, 26.2546679 ], [ 90.7690375, 26.25586 ], [ 90.7695613, 26.257067 ], [ 90.7695617, 26.2570664 ], [ 90.7713456, 26.2611019 ], [ 90.7729901, 26.2632608 ], [ 90.7748742, 26.2638639 ], [ 90.7786269, 26.2638264 ], [ 90.7802974, 26.2632828 ], [ 90.7821974, 26.2611425 ], [ 90.782815, 26.2598153 ], [ 90.7828184, 26.2577072 ], [ 90.7830868, 26.2539468 ] ] ], [ [ [ 90.7533923, 26.2607456 ], [ 90.7554103, 26.2581378 ], [ 90.756535, 26.2566843 ], [ 90.7492965, 26.2539286 ], [ 90.7479573, 26.2536653 ], [ 90.7440394, 26.252895 ], [ 90.7438338, 26.251693 ], [ 90.7438049, 26.2511731 ], [ 90.7436583, 26.2485434 ], [ 90.7435936, 26.2469176 ], [ 90.7436859, 26.2441283 ], [ 90.7437162, 26.2435169 ], [ 90.7437171, 26.2435166 ], [ 90.7432535, 26.2433347 ], [ 90.7422355, 26.2431743 ], [ 90.7410024, 26.2432757 ], [ 90.740568, 26.2435362 ], [ 90.7399683, 26.2444338 ], [ 90.7395282, 26.2448428 ], [ 90.7390296, 26.2449925 ], [ 90.7372435, 26.2450331 ], [ 90.7354938, 26.2448571 ], [ 90.7345191, 26.2449074 ], [ 90.7340145, 26.2457164 ], [ 90.7339492, 26.2473182 ], [ 90.7341007, 26.2484605 ], [ 90.734021, 26.252912 ], [ 90.7341768, 26.2560465 ], [ 90.7341705, 26.2572655 ], [ 90.734117, 26.2579279 ], [ 90.7334562, 26.257824 ], [ 90.7334866, 26.2578696 ], [ 90.733487, 26.2582335 ], [ 90.7334392, 26.2588921 ], [ 90.7334305, 26.2590121 ], [ 90.7378635, 26.2611939 ], [ 90.7398077, 26.2610764 ], [ 90.7430102, 26.2608072 ], [ 90.7428317, 26.2664279 ], [ 90.7434047, 26.2706039 ], [ 90.7436626, 26.274077 ], [ 90.7433308, 26.2775026 ], [ 90.7433308, 26.2775027 ], [ 90.7473321, 26.2797378 ], [ 90.7480191, 26.2800857 ], [ 90.7516369, 26.2800998 ], [ 90.7534646, 26.2788212 ], [ 90.7540245, 26.2763784 ], [ 90.7532426, 26.2729526 ], [ 90.7532493, 26.272951 ], [ 90.7510116, 26.2680632 ], [ 90.7514691, 26.2639081 ], [ 90.7533923, 26.2607456 ] ] ] ] } },
{ "type": "Feature", "properties": { "gpcode": "105686", "gpname": "SITOLI", "dtname": "Barpeta", "stname": "ASSAM", "sdtname": "Baghbor", "blkname": "MANDIA", "expected_mm": 18.9, "likely_min_mm": 18.8, "likely_max_mm": 18.9, "tmax_c": 32.2, "tmin_c": 25.1, "temp_c": 28.7, "rh_pct": 94.3, "wind_kph": 11.5, "heat_stress_level": "NONE", "disease_risk_flag": false, "ragi_stage": "vegetative", "paddy_stage": "vegetative", "forecast_date": "2026-09-10", "timestamp_utc": "2026-09-28T15:52:05Z" }, "geometry": { "type": "Polygon", "coordinates": [ [ [ 90.9302665, 26.31777 ], [ 90.9307257, 26.3176217 ], [ 90.9311162, 26.3176717 ], [ 90.9314081, 26.3175739 ], [ 90.9316769, 26.3172068 ], [ 90.9318963, 26.3167656 ], [ 90.9322769, 26.3167002 ], [ 90.9331493, 26.3170193 ], [ 90.9335697, 26.3170098 ], [ 90.9339466, 26.3169729 ], [ 90.9344105, 26.3167309 ], [ 90.9350079, 26.315689 ], [ 90.9359721, 26.3150853 ], [ 90.9370331, 26.3153003 ], [ 90.9377453, 26.3161184 ], [ 90.9385867, 26.3175061 ], [ 90.939593, 26.3180143 ], [ 90.940329, 26.3181796 ], [ 90.941475, 26.3175206 ], [ 90.9426945, 26.3167841 ], [ 90.9446102, 26.3152734 ], [ 90.9452191, 26.3147933 ], [ 90.9452192, 26.3147932 ], [ 90.9452906, 26.3147345 ], [ 90.945283, 26.3146992 ], [ 90.9452549, 26.3145696 ], [ 90.9452426, 26.3128469 ], [ 90.9460861, 26.3118698 ], [ 90.944308, 26.3086247 ], [ 90.9438026, 26.3077989 ], [ 90.9425848, 26.3047524 ], [ 90.9418577, 26.3013583 ], [ 90.9410588, 26.2991436 ], [ 90.9411904, 26.2978535 ], [ 90.9414151, 26.2934585 ], [ 90.9417447, 26.2918472 ], [ 90.9420396, 26.2893733 ], [ 90.9435334, 26.2858901 ], [ 90.9440151, 26.2837522 ], [ 90.9425138, 26.2827963 ], [ 90.9414317, 26.2813678 ], [ 90.9403621, 26.2796001 ], [ 90.9386871, 26.278009 ], [ 90.9366005, 26.2760492 ], [ 90.9352566, 26.2739998 ], [ 90.9348986, 26.2707229 ], [ 90.934827, 26.268374 ], [ 90.9341498, 26.2669891 ], [ 90.9331054, 26.2658235 ], [ 90.9313165, 26.2649811 ], [ 90.9285293, 26.2630085 ], [ 90.9285291, 26.2630085 ], [ 90.9276661, 26.2621782 ], [ 90.9258475, 26.2603849 ], [ 90.9249242, 26.2586305 ], [ 90.9238328, 26.2559202 ], [ 90.9231053, 26.2545516 ], [ 90.922246, 26.2529349 ], [ 90.9206132, 26.2499141 ], [ 90.9198814, 26.2493848 ], [ 90.9192813, 26.2493882 ], [ 90.9184097, 26.2502232 ], [ 90.9176536, 26.2519018 ], [ 90.9170518, 26.2538792 ], [ 90.916075, 26.2544894 ], [ 90.9142351, 26.2545408 ], [ 90.9119425, 26.2550108 ], [ 90.9122116, 26.2628349 ], [ 90.9119103, 26.2694787 ], [ 90.9120113, 26.2726436 ], [ 90.9117524, 26.2766663 ], [ 90.9110323, 26.2842483 ], [ 90.9109226, 26.286361 ], [ 90.9134563, 26.2872363 ], [ 90.914719, 26.2883509 ], [ 90.9159406, 26.2899569 ], [ 90.9161776, 26.2912559 ], [ 90.9154904, 26.2924694 ], [ 90.9149195, 26.2937027 ], [ 90.9131459, 26.2945217 ], [ 90.9110293, 26.2951395 ], [ 90.9080766, 26.2961291 ], [ 90.9047529, 26.297849 ], [ 90.9038054, 26.299951 ], [ 90.9042844, 26.3014835 ], [ 90.9063291, 26.3020452 ], [ 90.9117254, 26.302216 ], [ 90.9144268, 26.3023402 ], [ 90.9169332, 26.3031223 ], [ 90.9211133, 26.3053956 ], [ 90.9253239, 26.3079196 ], [ 90.929454, 26.3095095 ], [ 90.9306495, 26.310287 ], [ 90.9311356, 26.3118972 ], [ 90.9311508, 26.3124437 ], [ 90.9311769, 26.3133819 ], [ 90.9298913, 26.3155861 ], [ 90.9283195, 26.3176476 ], [ 90.928757, 26.3176822 ], [ 90.9281247, 26.3188102 ], [ 90.9276106, 26.3198138 ], [ 90.9278603, 26.320222 ], [ 90.9283494, 26.32042 ], [ 90.9289234, 26.3201089 ], [ 90.9295755, 26.3192117 ], [ 90.9299977, 26.3181372 ], [ 90.9302665, 26.31777 ] ] ] } },
{ "type": "Feature", "properties": { "gpcode": "105687", "gpname": "SONABORI", "dtname": "Barpeta", "stname": "ASSAM", "sdtname": "Kalgachia", "blkname": "RUPOSHI", "expected_mm": 22.0, "likely_min_mm": 22.0, "likely_max_mm": 22.1, "tmax_c": 32.3, "tmin_c": 25.2, "temp_c": 28.8, "rh_pct": 95.3, "wind_kph": 11.9, "heat_stress_level": "NONE", "disease_risk_flag": false, "ragi_stage": "vegetative", "paddy_stage": "vegetative", "forecast_date": "2026-09-10", "timestamp_utc": "2026-09-28T15:52:05Z" }, "geometry": { "type": "MultiPolygon", "coordinates": [ [ [ [ 90.7951205, 26.244422 ], [ 90.795105, 26.2441443 ], [ 90.7950974, 26.2440081 ], [ 90.7933252, 26.2429445 ], [ 90.7890189, 26.2371211 ], [ 90.7843933, 26.2328738 ], [ 90.7843316, 26.2328213 ], [ 90.7807751, 26.229798 ], [ 90.7765732, 26.2279943 ], [ 90.7730131, 26.2274349 ], [ 90.7698145, 26.228052 ], [ 90.7698119, 26.2280798 ], [ 90.7697582, 26.228069 ], [ 90.7697486, 26.2281734 ], [ 90.7695241, 26.2306313 ], [ 90.7690011, 26.2343961 ], [ 90.7690011, 26.2343962 ], [ 90.7690425, 26.2344193 ], [ 90.769067, 26.2359984 ], [ 90.7690629, 26.2398192 ], [ 90.7691435, 26.2403868 ], [ 90.7694152, 26.2423008 ], [ 90.7694152, 26.2423009 ], [ 90.7694382, 26.2423038 ], [ 90.7695675, 26.2423203 ], [ 90.7730514, 26.2427054 ], [ 90.7772389, 26.2440627 ], [ 90.7830984, 26.2465942 ], [ 90.7831504, 26.2465848 ], [ 90.7831505, 26.2465848 ], [ 90.783149, 26.2465974 ], [ 90.7853794, 26.2474521 ], [ 90.7860159, 26.2482356 ], [ 90.7877866, 26.2504153 ], [ 90.7894782, 26.2539861 ], [ 90.7919996, 26.2578626 ], [ 90.7946752, 26.2596864 ], [ 90.795511, 26.2596857 ], [ 90.7966973, 26.2596846 ], [ 90.7970858, 26.2596842 ], [ 90.7987423, 26.2585486 ], [ 90.7989802, 26.256614 ], [ 90.7989811, 26.2566071 ], [ 90.7985361, 26.2552694 ], [ 90.7981842, 26.2541411 ], [ 90.7970229, 26.2499399 ], [ 90.7959883, 26.248019 ], [ 90.7952443, 26.2466378 ], [ 90.7951205, 26.244422 ] ] ], [ [ [ 90.8280098, 26.2544473 ], [ 90.8270874, 26.2527125 ], [ 90.8260822, 26.2512831 ], [ 90.826057, 26.2512474 ], [ 90.8255649, 26.2505477 ], [ 90.8255586, 26.2505387 ], [ 90.825359, 26.250255 ], [ 90.8250901, 26.2498975 ], [ 90.8250532, 26.2498484 ], [ 90.8254325, 26.2478105 ], [ 90.8257339, 26.245312 ], [ 90.8254909, 26.2439143 ], [ 90.8250281, 26.2420109 ], [ 90.8250343, 26.2411066 ], [ 90.8250345, 26.2410814 ], [ 90.822266, 26.2398025 ], [ 90.8215555, 26.2396422 ], [ 90.818986, 26.2390624 ], [ 90.8154272, 26.2385737 ], [ 90.8140266, 26.238245 ], [ 90.8123374, 26.2375492 ], [ 90.812634, 26.2400299 ], [ 90.8134051, 26.2470605 ], [ 90.813694, 26.250447 ], [ 90.8134973, 26.252164 ], [ 90.8134444, 26.2591413 ], [ 90.8135077, 26.2590533 ], [ 90.8141797, 26.2581186 ], [ 90.8148901, 26.2559752 ], [ 90.8150153, 26.255349 ], [ 90.8151023, 26.2549487 ], [ 90.8165043, 26.2582398 ], [ 90.8174513, 26.2612042 ], [ 90.817509, 26.2612064 ], [ 90.8208228, 26.2613326 ], [ 90.8229655, 26.2610654 ], [ 90.8261557, 26.2606674 ], [ 90.8262201, 26.2606594 ], [ 90.8262191, 26.2605737 ], [ 90.8262159, 26.2602905 ], [ 90.8269148, 26.2580136 ], [ 90.8281056, 26.2562663 ], [ 90.8280098, 26.2544473 ] ] ] ] } },
{ "type": "Feature", "properties": { "gpcode": "105688", "gpname": "SONAPUR RUVI", "dtname": "Barpeta", "stname": "ASSAM", "sdtname": "Baghbor", "blkname": "MANDIA", "expected_mm": 20.6, "likely_min_mm": 20.6, "likely_max_mm": 20.6, "tmax_c": 32.2, "tmin_c": 25.2, "temp_c": 28.7, "rh_pct": 94.7, "wind_kph": 11.7, "heat_stress_level": "NONE", "disease_risk_flag": false, "ragi_stage": "vegetative", "paddy_stage": "vegetative", "forecast_date": "2026-09-10", "timestamp_utc": "2026-09-28T15:52:05Z" }, "geometry": { "type": "Polygon", "coordinates": [ [ [ 90.8772254, 26.3193587 ], [ 90.8771705, 26.317121 ], [ 90.8764802, 26.3150791 ], [ 90.8762887, 26.3128478 ], [ 90.8793991, 26.3125922 ], [ 90.8825489, 26.3122952 ], [ 90.8838318, 26.3122443 ], [ 90.8875394, 26.311947 ], [ 90.8924934, 26.311605 ], [ 90.8924934, 26.311605 ], [ 90.8924968, 26.3112118 ], [ 90.8924763, 26.3099747 ], [ 90.8920019, 26.3084333 ], [ 90.8900838, 26.3055871 ], [ 90.8886543, 26.3019327 ], [ 90.8880305, 26.2996826 ], [ 90.8879702, 26.2994647 ], [ 90.8881299, 26.2978281 ], [ 90.8886705, 26.2966293 ], [ 90.8914988, 26.2970898 ], [ 90.894947, 26.2972747 ], [ 90.8981689, 26.2973206 ], [ 90.9013447, 26.2973309 ], [ 90.903608, 26.2967084 ], [ 90.9038097, 26.2948166 ], [ 90.903692, 26.2919467 ], [ 90.9031126, 26.2887202 ], [ 90.9028607, 26.2867931 ], [ 90.9026942, 26.2841843 ], [ 90.9007093, 26.2838811 ], [ 90.8985602, 26.2833347 ], [ 90.8972802, 26.2824178 ], [ 90.8967281, 26.2809857 ], [ 90.8968606, 26.2787373 ], [ 90.8954033, 26.2800772 ], [ 90.8940452, 26.2820531 ], [ 90.8908496, 26.282315 ], [ 90.8811148, 26.2818719 ], [ 90.8796546, 26.2862497 ], [ 90.8782364, 26.2902189 ], [ 90.8776992, 26.2908438 ], [ 90.8765214, 26.2906163 ], [ 90.8618328, 26.2915446 ], [ 90.8627875, 26.2891668 ], [ 90.8633677, 26.2879266 ], [ 90.864466, 26.2867277 ], [ 90.8653576, 26.2851175 ], [ 90.866653, 26.2842146 ], [ 90.8692802, 26.2833348 ], [ 90.870571, 26.2798777 ], [ 90.8716566, 26.2795311 ], [ 90.8750515, 26.2791009 ], [ 90.8763208, 26.2788963 ], [ 90.8767503, 26.2784019 ], [ 90.88072, 26.2796731 ], [ 90.8812178, 26.2790778 ], [ 90.8824959, 26.276976 ], [ 90.8839236, 26.2736415 ], [ 90.8849653, 26.2712852 ], [ 90.886587, 26.2681918 ], [ 90.8874851, 26.2671615 ], [ 90.8874941, 26.2671555 ], [ 90.8851395, 26.2662375 ], [ 90.8832531, 26.2660778 ], [ 90.8821967, 26.2665593 ], [ 90.8809486, 26.2685692 ], [ 90.880026, 26.2698571 ], [ 90.8791974, 26.2714882 ], [ 90.8785414, 26.272874 ], [ 90.8776382, 26.2736362 ], [ 90.8770112, 26.2738548 ], [ 90.8764086, 26.2736054 ], [ 90.8753069, 26.2728082 ], [ 90.8749951, 26.2714316 ], [ 90.8750833, 26.2702019 ], [ 90.8754085, 26.2687226 ], [ 90.8749683, 26.2673549 ], [ 90.8739111, 26.2663216 ], [ 90.8720343, 26.2655201 ], [ 90.8696887, 26.2652757 ], [ 90.8667858, 26.2660607 ], [ 90.8641395, 26.2668277 ], [ 90.8631816, 26.2669527 ], [ 90.862495, 26.2664761 ], [ 90.8627167, 26.2652954 ], [ 90.862672, 26.2651191 ], [ 90.8622891, 26.2636071 ], [ 90.8599895, 26.2613484 ], [ 90.8583293, 26.2585507 ], [ 90.8562056, 26.2571254 ], [ 90.8543341, 26.2563817 ], [ 90.8524727, 26.2565112 ], [ 90.8500983, 26.2581913 ], [ 90.8480751, 26.2617115 ], [ 90.8460957, 26.2634806 ], [ 90.8445948, 26.2640512 ], [ 90.8434392, 26.263374 ], [ 90.8427822, 26.2624875 ], [ 90.8424708, 26.2611107 ], [ 90.8424196, 26.260347 ], [ 90.8423693, 26.260806 ], [ 90.8424449, 26.2630829 ], [ 90.8430258, 26.2643044 ], [ 90.8404783, 26.2672468 ], [ 90.8357016, 26.2719819 ], [ 90.8331393, 26.2746821 ], [ 90.8330615, 26.2747771 ], [ 90.8297632, 26.278811 ], [ 90.8272175, 26.282478 ], [ 90.8265365, 26.2833255 ], [ 90.8277096, 26.2847527 ], [ 90.8283793, 26.2863171 ], [ 90.8284569, 26.2886205 ], [ 90.8271271, 26.2911829 ], [ 90.826576, 26.2924024 ], [ 90.8267168, 26.2933707 ], [ 90.826762, 26.2934265 ], [ 90.8274508, 26.2942748 ], [ 90.8296921, 26.2954078 ], [ 90.8324892, 26.2960727 ], [ 90.835177, 26.2975506 ], [ 90.8370176, 26.2988725 ], [ 90.8370239, 26.2988922 ], [ 90.8370567, 26.2989954 ], [ 90.8392956, 26.2992176 ], [ 90.8412327, 26.2991996 ], [ 90.8440296, 26.2986555 ], [ 90.8477902, 26.2988021 ], [ 90.8509953, 26.2983995 ], [ 90.8502361, 26.2974826 ], [ 90.8495303, 26.2962545 ], [ 90.8494348, 26.2951388 ], [ 90.8495033, 26.2939343 ], [ 90.8498244, 26.2926735 ], [ 90.8502898, 26.2915961 ], [ 90.8509982, 26.2908503 ], [ 90.8524941, 26.2907849 ], [ 90.8543315, 26.2911989 ], [ 90.8568181, 26.2911807 ], [ 90.8585308, 26.291642 ], [ 90.859105, 26.2918342 ], [ 90.8590689, 26.2924723 ], [ 90.8589513, 26.2936029 ], [ 90.858421, 26.2964264 ], [ 90.8580318, 26.2993949 ], [ 90.8573341, 26.3034366 ], [ 90.857315, 26.3035472 ], [ 90.8576795, 26.3041856 ], [ 90.8577188, 26.3042544 ], [ 90.8585624, 26.3050859 ], [ 90.8610604, 26.3076985 ], [ 90.8640829, 26.3115221 ], [ 90.8657179, 26.3135756 ], [ 90.8670015, 26.3150343 ], [ 90.8687054, 26.3168894 ], [ 90.8708666, 26.3193299 ], [ 90.8710099, 26.3193266 ], [ 90.87219, 26.3192995 ], [ 90.8759306, 26.3191462 ], [ 90.8772254, 26.3193587 ] ] ] } },
{ "type": "Feature", "properties": { "gpcode": "105689", "gpname": "TARAKANDI", "dtname": "Barpeta", "stname": "ASSAM", "sdtname": "Kalgachia", "blkname": "MANDIA", "expected_mm": 21.6, "likely_min_mm": 21.6, "likely_max_mm": 21.7, "tmax_c": 32.4, "tmin_c": 25.2, "temp_c": 28.8, "rh_pct": 95.2, "wind_kph": 11.7, "heat_stress_level": "NONE", "disease_risk_flag": false, "ragi_stage": "vegetative", "paddy_stage": "vegetative", "forecast_date": "2026-09-10", "timestamp_utc": "2026-09-28T15:52:05Z" }, "geometry": { "type": "MultiPolygon", "coordinates": [ [ [ [ 90.812634, 26.2400299 ], [ 90.8123374, 26.2375492 ], [ 90.812218, 26.2340426 ], [ 90.8121457, 26.2316867 ], [ 90.8117442, 26.2300003 ], [ 90.8114964, 26.2280936 ], [ 90.8111159, 26.2261461 ], [ 90.8108415, 26.2244051 ], [ 90.8107398, 26.2227092 ], [ 90.8107311, 26.2226774 ], [ 90.810366, 26.2213417 ], [ 90.8102217, 26.2206551 ], [ 90.8101892, 26.2206172 ], [ 90.8091265, 26.2193764 ], [ 90.8066511, 26.2179998 ], [ 90.8035198, 26.2169783 ], [ 90.8001796, 26.2160103 ], [ 90.8001789, 26.2160101 ], [ 90.7967448, 26.2158069 ], [ 90.7929416, 26.215451 ], [ 90.7914334, 26.2148587 ], [ 90.790591, 26.2135237 ], [ 90.7905581, 26.2132226 ], [ 90.7905074, 26.2127596 ], [ 90.7903977, 26.2117568 ], [ 90.7903292, 26.2089361 ], [ 90.7907185, 26.2073467 ], [ 90.7909625, 26.2047897 ], [ 90.7917866, 26.2008983 ], [ 90.7920621, 26.1990988 ], [ 90.7921574, 26.1976989 ], [ 90.7917837, 26.1963314 ], [ 90.7910659, 26.1959553 ], [ 90.7889613, 26.1959076 ], [ 90.7875648, 26.1961203 ], [ 90.785519, 26.1972682 ], [ 90.7852642, 26.1974133 ], [ 90.785264, 26.1974134 ], [ 90.7819617, 26.1992947 ], [ 90.7758996, 26.2016104 ], [ 90.7722574, 26.2023227 ], [ 90.7696872, 26.2023455 ], [ 90.7687081, 26.2022924 ], [ 90.7674907, 26.2022263 ], [ 90.7658516, 26.2021073 ], [ 90.7638323, 26.2015501 ], [ 90.7623771, 26.2005669 ], [ 90.7571411, 26.2018188 ], [ 90.7571401, 26.2017406 ], [ 90.7571401, 26.2017364 ], [ 90.7526071, 26.2002234 ], [ 90.746386, 26.1977529 ], [ 90.7435513, 26.1959078 ], [ 90.7424097, 26.1943756 ], [ 90.7417973, 26.1937926 ], [ 90.7417615, 26.1937586 ], [ 90.7415681, 26.1935744 ], [ 90.7402482, 26.1934506 ], [ 90.7384811, 26.1950758 ], [ 90.7355305, 26.1967826 ], [ 90.7312789, 26.1971828 ], [ 90.7264779, 26.1966391 ], [ 90.7264276, 26.1966339 ], [ 90.7264147, 26.1967326 ], [ 90.7261817, 26.1985107 ], [ 90.7256887, 26.2047693 ], [ 90.7260869, 26.212284 ], [ 90.7262669, 26.2144124 ], [ 90.7262399, 26.2164168 ], [ 90.7252592, 26.2172084 ], [ 90.7229409, 26.2172327 ], [ 90.7183961, 26.217677 ], [ 90.7130242, 26.2180136 ], [ 90.7129662, 26.2180173 ], [ 90.714004, 26.2203069 ], [ 90.7143024, 26.2225425 ], [ 90.7138309, 26.2236617 ], [ 90.7129873, 26.224049 ], [ 90.7115099, 26.2242822 ], [ 90.7098335, 26.2254019 ], [ 90.7090773, 26.2263925 ], [ 90.706384, 26.2280101 ], [ 90.7051141, 26.2287559 ], [ 90.704641, 26.2293688 ], [ 90.7046247, 26.2293876 ], [ 90.7033058, 26.2309096 ], [ 90.7022461, 26.232415 ], [ 90.700916, 26.2333132 ], [ 90.6990416, 26.2338205 ], [ 90.6964456, 26.2339986 ], [ 90.6949291, 26.2342014 ], [ 90.694257, 26.2346757 ], [ 90.6935456, 26.2353337 ], [ 90.6925882, 26.2357681 ], [ 90.6935078, 26.2376251 ], [ 90.6942768, 26.2402801 ], [ 90.6947464, 26.2419711 ], [ 90.6952409, 26.2439556 ], [ 90.6952775, 26.2450363 ], [ 90.6971274, 26.2457585 ], [ 90.6983493, 26.2472555 ], [ 90.6993268, 26.2486738 ], [ 90.6993896, 26.2487649 ], [ 90.7001393, 26.2507224 ], [ 90.7023227, 26.2514947 ], [ 90.7051941, 26.2513306 ], [ 90.7077525, 26.25119 ], [ 90.7081895, 26.2496615 ], [ 90.7101934, 26.2480912 ], [ 90.7102039, 26.2480882 ], [ 90.712885, 26.2473135 ], [ 90.7159562, 26.2469214 ], [ 90.718191, 26.2463561 ], [ 90.7203715, 26.2455805 ], [ 90.721578, 26.2455964 ], [ 90.7229265, 26.2462118 ], [ 90.7238903, 26.246416 ], [ 90.7238903, 26.2464152 ], [ 90.7235043, 26.2451634 ], [ 90.7232117, 26.2442943 ], [ 90.7230033, 26.2429089 ], [ 90.7228889, 26.2416653 ], [ 90.7231129, 26.2390234 ], [ 90.7230973, 26.238407 ], [ 90.7234328, 26.2350329 ], [ 90.7235341, 26.2329922 ], [ 90.7237049, 26.2323136 ], [ 90.7240312, 26.2319618 ], [ 90.7242905, 26.2317869 ], [ 90.7252488, 26.2319374 ], [ 90.7268582, 26.2319412 ], [ 90.7289199, 26.2319521 ], [ 90.7308551, 26.2319717 ], [ 90.7331638, 26.2322328 ], [ 90.7331826, 26.2322376 ], [ 90.7331841, 26.2286807 ], [ 90.7329215, 26.2266569 ], [ 90.7328549, 26.2256215 ], [ 90.7326326, 26.2221647 ], [ 90.7325466, 26.2192065 ], [ 90.7326421, 26.2175294 ], [ 90.7342121, 26.2170993 ], [ 90.7367088, 26.2170019 ], [ 90.7375239, 26.2169701 ], [ 90.7440102, 26.2172477 ], [ 90.7492682, 26.2172476 ], [ 90.7588453, 26.2182337 ], [ 90.758944, 26.2182439 ], [ 90.7592183, 26.2190481 ], [ 90.7591855, 26.2192312 ], [ 90.7583681, 26.2237998 ], [ 90.7581989, 26.2274013 ], [ 90.7579766, 26.2312371 ], [ 90.7579682, 26.2312792 ], [ 90.7576037, 26.2330977 ], [ 90.7575148, 26.2335415 ], [ 90.7568168, 26.2415164 ], [ 90.7568141, 26.2415476 ], [ 90.7568101, 26.2415932 ], [ 90.7567172, 26.2458255 ], [ 90.7567857, 26.248999 ], [ 90.756499, 26.2527238 ], [ 90.7564857, 26.2545032 ], [ 90.7563623, 26.2554174 ], [ 90.7566941, 26.2567448 ], [ 90.7584238, 26.2551764 ], [ 90.7626924, 26.2533998 ], [ 90.7654493, 26.2531766 ], [ 90.7681958, 26.2546679 ], [ 90.7688445, 26.2527282 ], [ 90.7691411, 26.2510609 ], [ 90.7693434, 26.2478523 ], [ 90.7694127, 26.2454433 ], [ 90.7694203, 26.2445027 ], [ 90.7694371, 26.2424426 ], [ 90.7694382, 26.2423038 ], [ 90.7694152, 26.2423009 ], [ 90.7694152, 26.2423008 ], [ 90.7691435, 26.2403868 ], [ 90.7690629, 26.2398192 ], [ 90.769067, 26.2359984 ], [ 90.7690425, 26.2344193 ], [ 90.7690011, 26.2343962 ], [ 90.7690011, 26.2343961 ], [ 90.7695241, 26.2306313 ], [ 90.7697486, 26.2281734 ], [ 90.7697582, 26.228069 ], [ 90.7698119, 26.2280798 ], [ 90.7698145, 26.228052 ], [ 90.7730131, 26.2274349 ], [ 90.7765732, 26.2279943 ], [ 90.7807751, 26.229798 ], [ 90.7843316, 26.2328213 ], [ 90.7843933, 26.2328738 ], [ 90.7890189, 26.2371211 ], [ 90.7933252, 26.2429445 ], [ 90.7950974, 26.2440081 ], [ 90.7951683, 26.2440507 ], [ 90.79761, 26.2429163 ], [ 90.8009749, 26.2432739 ], [ 90.8044125, 26.2458817 ], [ 90.8068164, 26.250333 ], [ 90.8071464, 26.2542041 ], [ 90.8071572, 26.2542951 ], [ 90.8074626, 26.256866 ], [ 90.8078793, 26.2582601 ], [ 90.8088057, 26.2593458 ], [ 90.8088634, 26.2594134 ], [ 90.8117364, 26.2594962 ], [ 90.8134077, 26.2591924 ], [ 90.8134444, 26.2591413 ], [ 90.8134973, 26.252164 ], [ 90.813694, 26.250447 ], [ 90.8134051, 26.2470605 ], [ 90.812634, 26.2400299 ] ] ], [ [ [ 90.7161884, 26.2549618 ], [ 90.7129785, 26.2556599 ], [ 90.7118481, 26.2563304 ], [ 90.7103815, 26.2568916 ], [ 90.7103799, 26.2568923 ], [ 90.7107383, 26.2579997 ], [ 90.7112012, 26.2603847 ], [ 90.7112908, 26.2604309 ], [ 90.7119503, 26.2607713 ], [ 90.711981, 26.2607871 ], [ 90.7121095, 26.2608534 ], [ 90.7174036, 26.2635853 ], [ 90.7177261, 26.2636215 ], [ 90.7196278, 26.2617553 ], [ 90.7196929, 26.2616915 ], [ 90.7236704, 26.2577881 ], [ 90.7229217, 26.2571666 ], [ 90.7229219, 26.2571643 ], [ 90.7215081, 26.2565392 ], [ 90.7187689, 26.2554596 ], [ 90.7161884, 26.2549618 ] ] ] ] } },
{ "type": "Feature", "properties": { "gpcode": "105690", "gpname": "UZIRAR CHAR", "dtname": "Barpeta", "stname": "ASSAM", "sdtname": "Baghbor", "blkname": "MANDIA", "expected_mm": 17.1, "likely_min_mm": 17.1, "likely_max_mm": 17.1, "tmax_c": 32.6, "tmin_c": 25.1, "temp_c": 28.9, "rh_pct": 94.3, "wind_kph": 11.3, "heat_stress_level": "NONE", "disease_risk_flag": false, "ragi_stage": "vegetative", "paddy_stage": "vegetative", "forecast_date": "2026-09-10", "timestamp_utc": "2026-09-28T15:52:05Z" }, "geometry": { "type": "MultiPolygon", "coordinates": [ [ [ [ 90.7412848, 26.1361195 ], [ 90.7412823, 26.1361195 ], [ 90.7372188, 26.1361485 ], [ 90.7333887, 26.135967 ], [ 90.7315331, 26.1343768 ], [ 90.7305405, 26.1338806 ], [ 90.7283204, 26.1337076 ], [ 90.7244854, 26.1332889 ], [ 90.7217528, 26.1327368 ], [ 90.7187876, 26.1314489 ], [ 90.7158249, 26.1299805 ], [ 90.7145225, 26.1300417 ], [ 90.714489, 26.1300706 ], [ 90.7143759, 26.130168 ], [ 90.7135927, 26.1308429 ], [ 90.7131055, 26.1321405 ], [ 90.7121188, 26.1355346 ], [ 90.7107046, 26.1393596 ], [ 90.7091529, 26.1425261 ], [ 90.7091529, 26.1425262 ], [ 90.7086705, 26.144602 ], [ 90.7079932, 26.1458409 ], [ 90.7046531, 26.1470757 ], [ 90.700809, 26.1485467 ], [ 90.7006619, 26.148603 ], [ 90.7007455, 26.1486401 ], [ 90.7016549, 26.1490441 ], [ 90.7040083, 26.1498839 ], [ 90.706676, 26.1505842 ], [ 90.7101317, 26.1513481 ], [ 90.7155481, 26.151388 ], [ 90.7184812, 26.1505972 ], [ 90.7236446, 26.1484158 ], [ 90.7281243, 26.1466347 ], [ 90.731477, 26.1446367 ], [ 90.7351289, 26.1423233 ], [ 90.7374138, 26.140811 ], [ 90.7384817, 26.1395593 ], [ 90.7404427, 26.1373034 ], [ 90.7412183, 26.136213 ], [ 90.7412848, 26.1361195 ] ] ], [ [ [ 90.6972229, 26.1697259 ], [ 90.6982414, 26.1686546 ], [ 90.699119, 26.1690067 ], [ 90.6983994, 26.1705287 ], [ 90.6980633, 26.1727313 ], [ 90.698437, 26.1732947 ], [ 90.6994493, 26.1736964 ], [ 90.7018438, 26.1734731 ], [ 90.7044638, 26.1720562 ], [ 90.7068855, 26.1690623 ], [ 90.7094065, 26.166474 ], [ 90.7115828, 26.1644395 ], [ 90.7116531, 26.1637278 ], [ 90.7107706, 26.1633171 ], [ 90.7086751, 26.1639913 ], [ 90.7066433, 26.1661926 ], [ 90.7041637, 26.166952 ], [ 90.7021738, 26.1665586 ], [ 90.7001437, 26.1664623 ], [ 90.6986528, 26.165799 ], [ 90.6978161, 26.1643838 ], [ 90.6981317, 26.1627128 ], [ 90.6993707, 26.1603893 ], [ 90.7021806, 26.1581346 ], [ 90.7039469, 26.1574243 ], [ 90.7050461, 26.1549925 ], [ 90.7023042, 26.1534137 ], [ 90.7001305, 26.1523849 ], [ 90.6984657, 26.1512032 ], [ 90.6961682, 26.1500339 ], [ 90.6960538, 26.1499757 ], [ 90.6947075, 26.1502425 ], [ 90.6940875, 26.1507435 ], [ 90.6926024, 26.1539478 ], [ 90.6925675, 26.15403 ], [ 90.6925196, 26.1541427 ], [ 90.6895897, 26.161038 ], [ 90.6871216, 26.165612 ], [ 90.6858238, 26.1685094 ], [ 90.6844059, 26.1707975 ], [ 90.684536, 26.1707253 ], [ 90.6840982, 26.1720251 ], [ 90.6828103, 26.1739431 ], [ 90.6805795, 26.1761612 ], [ 90.6788503, 26.1780364 ], [ 90.6787612, 26.178133 ], [ 90.6787872, 26.1781297 ], [ 90.686177, 26.1771989 ], [ 90.6897602, 26.1755983 ], [ 90.6939678, 26.1728946 ], [ 90.6972229, 26.1697259 ] ] ] ] } },
{ "type": "Feature", "properties": { "gpcode": "105691", "gpname": "DAKHIN BETBARI", "dtname": "Barpeta", "stname": "ASSAM", "sdtname": "Barpeta", "blkname": "PAKABETBARI", "expected_mm": 15.8, "likely_min_mm": 15.6, "likely_max_mm": 15.9, "tmax_c": 32.2, "tmin_c": 24.9, "temp_c": 28.6, "rh_pct": 93.4, "wind_kph": 11.2, "heat_stress_level": "NONE", "disease_risk_flag": false, "ragi_stage": "vegetative", "paddy_stage": "vegetative", "forecast_date": "2026-09-10", "timestamp_utc": "2026-09-28T15:52:05Z" }, "geometry": { "type": "Polygon", "coordinates": [ [ [ 91.0537649, 26.3647937 ], [ 91.0542849, 26.3642076 ], [ 91.0544048, 26.3641364 ], [ 91.0545085, 26.3640748 ], [ 91.0553349, 26.3635839 ], [ 91.056548, 26.3630861 ], [ 91.0575869, 26.3627722 ], [ 91.0599942, 26.3616204 ], [ 91.0612741, 26.3610147 ], [ 91.0630391, 26.3598596 ], [ 91.0638359, 26.3593912 ], [ 91.0644275, 26.3596239 ], [ 91.0645887, 26.3601618 ], [ 91.0646521, 26.3613245 ], [ 91.0651927, 26.3622817 ], [ 91.0660612, 26.3626322 ], [ 91.0672842, 26.3626827 ], [ 91.0689345, 26.362394 ], [ 91.0696442, 26.3623156 ], [ 91.0697993, 26.3622985 ], [ 91.0698004, 26.3622984 ], [ 91.0711545, 26.3616529 ], [ 91.0716307, 26.3610012 ], [ 91.0716815, 26.3602767 ], [ 91.0716678, 26.3592477 ], [ 91.0711451, 26.3584952 ], [ 91.0701295, 26.3573313 ], [ 91.0692467, 26.3567216 ], [ 91.0686313, 26.3562159 ], [ 91.0674313, 26.3559921 ], [ 91.0665281, 26.3556785 ], [ 91.0657903, 26.3550786 ], [ 91.0646531, 26.3542666 ], [ 91.0639761, 26.3534906 ], [ 91.063348, 26.3524022 ], [ 91.0630634, 26.3513238 ], [ 91.0633733, 26.3505122 ], [ 91.0634552, 26.3492705 ], [ 91.0641375, 26.3483639 ], [ 91.0653178, 26.3474905 ], [ 91.0671273, 26.3468472 ], [ 91.0698479, 26.3462517 ], [ 91.0708019, 26.3458407 ], [ 91.0712349, 26.3456454 ], [ 91.0714081, 26.3455673 ], [ 91.0721572, 26.3452296 ], [ 91.0726772, 26.3446434 ], [ 91.0729581, 26.3439367 ], [ 91.0728985, 26.3432544 ], [ 91.0730429, 26.343195 ], [ 91.0731303, 26.3431591 ], [ 91.0733028, 26.3430883 ], [ 91.0741412, 26.3430976 ], [ 91.075377, 26.3430098 ], [ 91.070136, 26.3345051 ], [ 91.0696464, 26.3342623 ], [ 91.0690795, 26.3340833 ], [ 91.0677195, 26.3338824 ], [ 91.0674883, 26.3338483 ], [ 91.0663215, 26.3338362 ], [ 91.0661925, 26.3338409 ], [ 91.0660723, 26.3338513 ], [ 91.0656879, 26.3339067 ], [ 91.0655709, 26.3339421 ], [ 91.0654558, 26.3339848 ], [ 91.0654389, 26.3339938 ], [ 91.0653953, 26.3340173 ], [ 91.0653564, 26.3340492 ], [ 91.065209, 26.3341986 ], [ 91.0650702, 26.3343611 ], [ 91.0648185, 26.3347263 ], [ 91.0645019, 26.3355188 ], [ 91.0641795, 26.3368296 ], [ 91.063566, 26.3376928 ], [ 91.0631788, 26.3379936 ], [ 91.0625468, 26.3380135 ], [ 91.0618643, 26.3380867 ], [ 91.0608121, 26.3377141 ], [ 91.0592584, 26.3372778 ], [ 91.0577515, 26.3370616 ], [ 91.0569154, 26.33727 ], [ 91.0563914, 26.3375804 ], [ 91.0560129, 26.3379797 ], [ 91.0556292, 26.3389509 ], [ 91.0557594, 26.339811 ], [ 91.0562915, 26.3414874 ], [ 91.0568156, 26.3433877 ], [ 91.0567975, 26.3436831 ], [ 91.056736, 26.3446851 ], [ 91.0565729, 26.3453425 ], [ 91.0558571, 26.3456664 ], [ 91.0550354, 26.3457246 ], [ 91.0542362, 26.3454086 ], [ 91.0538139, 26.3449915 ], [ 91.0525143, 26.3436278 ], [ 91.0510403, 26.3418939 ], [ 91.0499155, 26.3410049 ], [ 91.0485782, 26.3402053 ], [ 91.0472934, 26.3393771 ], [ 91.046519, 26.3387116 ], [ 91.0461134, 26.338169 ], [ 91.0455069, 26.3368764 ], [ 91.0444943, 26.3328495 ], [ 91.0443629, 26.3326708 ], [ 91.0441817, 26.3324244 ], [ 91.0434072, 26.3317589 ], [ 91.0428414, 26.3315902 ], [ 91.0421174, 26.3315024 ], [ 91.0409628, 26.3315344 ], [ 91.0398773, 26.3318 ], [ 91.0393606, 26.3319882 ], [ 91.0391251, 26.3321815 ], [ 91.0389316, 26.3324409 ], [ 91.0387563, 26.3327823 ], [ 91.038718, 26.3331515 ], [ 91.0388484, 26.334623 ], [ 91.0391008, 26.3362791 ], [ 91.0392178, 26.3367723 ], [ 91.0399431, 26.3383558 ], [ 91.0402713, 26.3392765 ], [ 91.0405171, 26.341147 ], [ 91.0403105, 26.3422546 ], [ 91.0399433, 26.3431003 ], [ 91.0394139, 26.3439822 ], [ 91.0390396, 26.344431 ], [ 91.0385848, 26.3445874 ], [ 91.037587, 26.3451548 ], [ 91.0372731, 26.3452285 ], [ 91.0368309, 26.3453324 ], [ 91.0356359, 26.3452182 ], [ 91.034544, 26.3450222 ], [ 91.0331692, 26.3444239 ], [ 91.0325441, 26.3441576 ], [ 91.0325292, 26.3441513 ], [ 91.0308399, 26.3426759 ], [ 91.029007, 26.3415431 ], [ 91.0266338, 26.3399224 ], [ 91.0255748, 26.3391526 ], [ 91.0240346, 26.3379201 ], [ 91.0222887, 26.337174 ], [ 91.0220029, 26.3370918 ], [ 91.0203193, 26.3366079 ], [ 91.0203341, 26.3366208 ], [ 91.0202784, 26.3367288 ], [ 91.0203168, 26.3370334 ], [ 91.0208436, 26.3383375 ], [ 91.0211266, 26.3387397 ], [ 91.0218977, 26.3400018 ], [ 91.0220692, 26.3406421 ], [ 91.0221576, 26.3417222 ], [ 91.0221128, 26.342322 ], [ 91.0219552, 26.3428791 ], [ 91.0210299, 26.3439628 ], [ 91.0198377, 26.3447378 ], [ 91.0187077, 26.3456869 ], [ 91.0178065, 26.3460983 ], [ 91.0175648, 26.3461154 ], [ 91.0176871, 26.3472801 ], [ 91.0178015, 26.3501658 ], [ 91.0179616, 26.3512217 ], [ 91.0181645, 26.3517205 ], [ 91.0182297, 26.3517808 ], [ 91.018412, 26.3519493 ], [ 91.0187257, 26.3521529 ], [ 91.0199833, 26.3524745 ], [ 91.0207824, 26.3526916 ], [ 91.0203644, 26.3547312 ], [ 91.0201608, 26.3563153 ], [ 91.0200481, 26.3576364 ], [ 91.0197812, 26.3588864 ], [ 91.019567, 26.359618 ], [ 91.0194653, 26.3599654 ], [ 91.0191363, 26.3612841 ], [ 91.0190475, 26.3618341 ], [ 91.0190395, 26.3622655 ], [ 91.0191548, 26.3646375 ], [ 91.0191934, 26.365272 ], [ 91.0192414, 26.3660624 ], [ 91.0192414, 26.3660624 ], [ 91.0202053, 26.3662077 ], [ 91.0209316, 26.3663104 ], [ 91.0212799, 26.3663884 ], [ 91.0218182, 26.3665556 ], [ 91.022337, 26.3667283 ], [ 91.0224566, 26.366756 ], [ 91.0225577, 26.3667794 ], [ 91.0231886, 26.366899 ], [ 91.0238919, 26.3670649 ], [ 91.0247096, 26.3672379 ], [ 91.0253968, 26.3674151 ], [ 91.0258791, 26.3674632 ], [ 91.0264788, 26.3675637 ], [ 91.0272614, 26.3677906 ], [ 91.0277099, 26.3679077 ], [ 91.0279378, 26.3679271 ], [ 91.0282158, 26.3679178 ], [ 91.0284621, 26.3678695 ], [ 91.0286453, 26.3678155 ], [ 91.028948, 26.3676299 ], [ 91.0293418, 26.3673148 ], [ 91.0300874, 26.3667902 ], [ 91.0305563, 26.3663839 ], [ 91.0307564, 26.3662104 ], [ 91.0311882, 26.3659387 ], [ 91.0316439, 26.3656808 ], [ 91.0319488, 26.3655874 ], [ 91.0325595, 26.3655391 ], [ 91.0334338, 26.3655335 ], [ 91.0336275, 26.3655351 ], [ 91.0338586, 26.3655085 ], [ 91.0343963, 26.365409 ], [ 91.0351873, 26.3652094 ], [ 91.035688, 26.3650179 ], [ 91.0357361, 26.364714 ], [ 91.035721, 26.3645207 ], [ 91.0356907, 26.3644364 ], [ 91.0362899, 26.3643703 ], [ 91.0368942, 26.3643788 ], [ 91.0374959, 26.3644903 ], [ 91.0386599, 26.365044 ], [ 91.0401902, 26.3658799 ], [ 91.0422512, 26.3670578 ], [ 91.0437781, 26.3679861 ], [ 91.044855, 26.368502 ], [ 91.0457253, 26.3688202 ], [ 91.046391, 26.3691424 ], [ 91.0464058, 26.3691462 ], [ 91.0467054, 26.3692228 ], [ 91.0473716, 26.3692885 ], [ 91.0480689, 26.3693212 ], [ 91.04944, 26.3692447 ], [ 91.0512781, 26.3691138 ], [ 91.0517045, 26.3690425 ], [ 91.0528627, 26.3687451 ], [ 91.0536212, 26.3684348 ], [ 91.0537814, 26.3683619 ], [ 91.0538596, 26.3683263 ], [ 91.0538455, 26.3682676 ], [ 91.0536565, 26.3674792 ], [ 91.0534069, 26.366364 ], [ 91.0536085, 26.3651825 ], [ 91.0537649, 26.3647937 ] ] ] } },
{ "type": "Feature", "properties": { "gpcode": "105692", "gpname": "DAKHIN PAKA", "dtname": "Barpeta", "stname": "ASSAM", "sdtname": "Sarthebari", "blkname": "PAKABETBARI", "expected_mm": 15.7, "likely_min_mm": 15.7, "likely_max_mm": 15.7, "tmax_c": 32.4, "tmin_c": 24.7, "temp_c": 28.5, "rh_pct": 93.2, "wind_kph": 11.5, "heat_stress_level": "NONE", "disease_risk_flag": false, "ragi_stage": "vegetative", "paddy_stage": "vegetative", "forecast_date": "2026-09-10", "timestamp_utc": "2026-09-28T15:52:05Z" }, "geometry": { "type": "Polygon", "coordinates": [ [ [ 91.1228118, 26.42571 ], [ 91.1239504, 26.425485 ], [ 91.1250754, 26.425246 ], [ 91.1268137, 26.4249633 ], [ 91.1288482, 26.4245403 ], [ 91.1314591, 26.4241556 ], [ 91.1341208, 26.4238467 ], [ 91.1367824, 26.4235377 ], [ 91.1395108, 26.4229856 ], [ 91.1428548, 26.422437 ], [ 91.1428558, 26.4224293 ], [ 91.1451458, 26.4214836 ], [ 91.1473568, 26.4215641 ], [ 91.1490283, 26.4215242 ], [ 91.1498375, 26.4217047 ], [ 91.1498406, 26.4217202 ], [ 91.1509945, 26.4208277 ], [ 91.1538298, 26.4199898 ], [ 91.1578776, 26.4189062 ], [ 91.1603346, 26.4177774 ], [ 91.1629348, 26.4172738 ], [ 91.1652583, 26.4166311 ], [ 91.1667228, 26.4167265 ], [ 91.1680618, 26.4159158 ], [ 91.1685053, 26.4154472 ], [ 91.1702982, 26.4142862 ], [ 91.1720348, 26.4132044 ], [ 91.1723871, 26.4129849 ], [ 91.174021, 26.4117249 ], [ 91.1750318, 26.4116922 ], [ 91.1759551, 26.4116659 ], [ 91.1767136, 26.4117705 ], [ 91.1778996, 26.4117253 ], [ 91.1793679, 26.4113818 ], [ 91.180759, 26.4111631 ], [ 91.1817733, 26.4111699 ], [ 91.1828404, 26.4107758 ], [ 91.1838074, 26.4107462 ], [ 91.1850881, 26.4107736 ], [ 91.1860357, 26.4110235 ], [ 91.1860796, 26.411011 ], [ 91.1865946, 26.4108643 ], [ 91.187376, 26.4107288 ], [ 91.188352, 26.4103015 ], [ 91.1904616, 26.4092367 ], [ 91.1920527, 26.4082886 ], [ 91.1939537, 26.4073579 ], [ 91.1956218, 26.406285 ], [ 91.197148, 26.4051031 ], [ 91.1987652, 26.4039545 ], [ 91.1998043, 26.4032444 ], [ 91.201346, 26.4027366 ], [ 91.202602, 26.4024876 ], [ 91.2035357, 26.4025794 ], [ 91.2041908, 26.4030091 ], [ 91.204849, 26.4044712 ], [ 91.2054163, 26.4059001 ], [ 91.2055931, 26.406355 ], [ 91.2062724, 26.4081027 ], [ 91.2070183, 26.4095585 ], [ 91.2081788, 26.4121559 ], [ 91.2082546, 26.4132726 ], [ 91.209199, 26.4124899 ], [ 91.2095722, 26.4122248 ], [ 91.210471, 26.4119219 ], [ 91.2111753, 26.4119111 ], [ 91.2118388, 26.4118895 ], [ 91.2121861, 26.4118783 ], [ 91.2133372, 26.4114381 ], [ 91.2141851, 26.4110594 ], [ 91.2151804, 26.4103524 ], [ 91.2157779, 26.4096343 ], [ 91.2167166, 26.4086642 ], [ 91.2167167, 26.4086641 ], [ 91.2165699, 26.4086241 ], [ 91.2149461, 26.407708 ], [ 91.2143779, 26.4073531 ], [ 91.2139197, 26.4070668 ], [ 91.2132645, 26.4066372 ], [ 91.2119456, 26.4050717 ], [ 91.2119455, 26.4050717 ], [ 91.2119163, 26.4050813 ], [ 91.2103401, 26.4032086 ], [ 91.2095206, 26.4019169 ], [ 91.208736, 26.40102 ], [ 91.2081143, 26.4004688 ], [ 91.2077797, 26.4001751 ], [ 91.2070965, 26.4004227 ], [ 91.2067023, 26.400451 ], [ 91.2062505, 26.4003245 ], [ 91.2054884, 26.4001807 ], [ 91.2048509, 26.3999483 ], [ 91.2042431, 26.399555 ], [ 91.2039454, 26.3991792 ], [ 91.2036864, 26.3982445 ], [ 91.203522, 26.3973824 ], [ 91.2036239, 26.3965411 ], [ 91.2041074, 26.3960297 ], [ 91.2044737, 26.3956856 ], [ 91.2048523, 26.3951358 ], [ 91.2050203, 26.3948917 ], [ 91.2050208, 26.3947593 ], [ 91.2050222, 26.3944149 ], [ 91.2050649, 26.3943431 ], [ 91.204381, 26.393916 ], [ 91.203316, 26.3938335 ], [ 91.2023929, 26.39386 ], [ 91.2009129, 26.393569 ], [ 91.1997343, 26.3927003 ], [ 91.1989638, 26.3919612 ], [ 91.1982634, 26.3910184 ], [ 91.1973232, 26.3898545 ], [ 91.1960116, 26.3884789 ], [ 91.1948665, 26.3874886 ], [ 91.1938264, 26.3866894 ], [ 91.1925129, 26.3857906 ], [ 91.1910982, 26.3847401 ], [ 91.1897515, 26.3839628 ], [ 91.1888672, 26.3832988 ], [ 91.1873749, 26.3834977 ], [ 91.1861384, 26.3834671 ], [ 91.1850227, 26.3833087 ], [ 91.1838249, 26.3827193 ], [ 91.1826814, 26.3822452 ], [ 91.1817165, 26.3817979 ], [ 91.1806748, 26.3824284 ], [ 91.179592, 26.3830837 ], [ 91.178665, 26.3840635 ], [ 91.1779276, 26.3841958 ], [ 91.1770727, 26.3844954 ], [ 91.1764979, 26.3849734 ], [ 91.1760581, 26.3854815 ], [ 91.1752137, 26.3858995 ], [ 91.1734183, 26.386028 ], [ 91.1721414, 26.38604 ], [ 91.1699504, 26.3856804 ], [ 91.1682009, 26.3853289 ], [ 91.1669802, 26.3849793 ], [ 91.1660049, 26.3844136 ], [ 91.1659991, 26.3843363 ], [ 91.1649677, 26.3844878 ], [ 91.1637082, 26.384697 ], [ 91.1629778, 26.3849082 ], [ 91.1620527, 26.3854112 ], [ 91.1615551, 26.3857646 ], [ 91.1605791, 26.3861918 ], [ 91.1602393, 26.3863353 ], [ 91.1597736, 26.3860508 ], [ 91.1593814, 26.3856021 ], [ 91.1590297, 26.385111 ], [ 91.1582718, 26.3854391 ], [ 91.1570457, 26.3855267 ], [ 91.1559934, 26.3850856 ], [ 91.1549952, 26.3847597 ], [ 91.154419, 26.3847214 ], [ 91.1540019, 26.3849896 ], [ 91.1537844, 26.3855215 ], [ 91.1542953, 26.3863191 ], [ 91.1545227, 26.3868987 ], [ 91.1546082, 26.3873692 ], [ 91.1544886, 26.3880132 ], [ 91.1542746, 26.3885846 ], [ 91.1536441, 26.388431 ], [ 91.1524763, 26.3876803 ], [ 91.1510986, 26.3865475 ], [ 91.1502742, 26.3856928 ], [ 91.1493136, 26.3842918 ], [ 91.1492739, 26.3842264 ], [ 91.1485531, 26.3830375 ], [ 91.1475383, 26.3815212 ], [ 91.1471435, 26.3800401 ], [ 91.1469795, 26.3791779 ], [ 91.1469716, 26.3791515 ], [ 91.1462316, 26.3766893 ], [ 91.1459244, 26.375202 ], [ 91.1458296, 26.3744782 ], [ 91.1456562, 26.3731557 ], [ 91.1457866, 26.3721313 ], [ 91.1460709, 26.3713563 ], [ 91.1461626, 26.3703966 ], [ 91.1461001, 26.369686 ], [ 91.1461203, 26.3684136 ], [ 91.1463114, 26.3680822 ], [ 91.1467757, 26.3678504 ], [ 91.1469369, 26.36768 ], [ 91.1470426, 26.3668781 ], [ 91.1470189, 26.3656087 ], [ 91.1465748, 26.364568 ], [ 91.1463706, 26.3632087 ], [ 91.1452017, 26.3639764 ], [ 91.1442203, 26.3648408 ], [ 91.1434162, 26.365216 ], [ 91.1423217, 26.3652941 ], [ 91.1401739, 26.3656836 ], [ 91.1401533, 26.3656873 ], [ 91.1386698, 26.3657295 ], [ 91.1378795, 26.3662625 ], [ 91.137443, 26.3668101 ], [ 91.1370239, 26.3675549 ], [ 91.1364734, 26.3683091 ], [ 91.1357408, 26.368997 ], [ 91.1352605, 26.3695475 ], [ 91.1346385, 26.3699892 ], [ 91.1335209, 26.3703072 ], [ 91.1330149, 26.3700652 ], [ 91.1320156, 26.3692229 ], [ 91.1313033, 26.3686382 ], [ 91.1309483, 26.3681075 ], [ 91.1297195, 26.3680736 ], [ 91.1293412, 26.3689737 ], [ 91.1282309, 26.3697738 ], [ 91.1281502, 26.3697548 ], [ 91.1273365, 26.3695629 ], [ 91.125723, 26.3694033 ], [ 91.1226132, 26.3682516 ], [ 91.1211859, 26.3677622 ], [ 91.1210016, 26.3678172 ], [ 91.1210015, 26.3678173 ], [ 91.1191384, 26.3683984 ], [ 91.1175795, 26.3687081 ], [ 91.1155354, 26.3690125 ], [ 91.1144143, 26.369291 ], [ 91.1128796, 26.3698769 ], [ 91.1120155, 26.3705739 ], [ 91.1112666, 26.3715804 ], [ 91.1110663, 26.3723097 ], [ 91.1112635, 26.3730503 ], [ 91.1113708, 26.3742739 ], [ 91.1117283, 26.3758372 ], [ 91.1115972, 26.3773559 ], [ 91.1117895, 26.3781034 ], [ 91.1117894, 26.3781034 ], [ 91.11105, 26.3785514 ], [ 91.1104543, 26.3787923 ], [ 91.1093734, 26.3790281 ], [ 91.108417, 26.3791756 ], [ 91.1068636, 26.3790478 ], [ 91.105384, 26.3787559 ], [ 91.1053299, 26.3787621 ], [ 91.1062792, 26.3794306 ], [ 91.1079422, 26.3803052 ], [ 91.1090186, 26.381023 ], [ 91.1092678, 26.3823557 ], [ 91.1090698, 26.3841174 ], [ 91.1088407, 26.3855239 ], [ 91.1089238, 26.3864711 ], [ 91.108501, 26.3871765 ], [ 91.1074326, 26.3870539 ], [ 91.1062295, 26.3869012 ], [ 91.1047302, 26.3868887 ], [ 91.1038071, 26.3869146 ], [ 91.1022328, 26.3869747 ], [ 91.1026801, 26.388055 ], [ 91.1031204, 26.3890564 ], [ 91.1028105, 26.390548 ], [ 91.1030999, 26.3918381 ], [ 91.1040647, 26.3937951 ], [ 91.1043601, 26.3946856 ], [ 91.104451, 26.3946811 ], [ 91.110505, 26.3943695 ], [ 91.112604, 26.3940612 ], [ 91.1126653, 26.3947593 ], [ 91.1126983, 26.3951358 ], [ 91.1127655, 26.3959011 ], [ 91.1132441, 26.3973366 ], [ 91.1137182, 26.3997256 ], [ 91.1138443, 26.4016629 ], [ 91.113864, 26.4028927 ], [ 91.1135587, 26.4034307 ], [ 91.1129745, 26.4043064 ], [ 91.1126531, 26.4051634 ], [ 91.1125553, 26.4065604 ], [ 91.1123809, 26.4085776 ], [ 91.1121716, 26.4112139 ], [ 91.1118424, 26.4123545 ], [ 91.1118761, 26.4123651 ], [ 91.1119051, 26.4123742 ], [ 91.1120363, 26.4125276 ], [ 91.1126417, 26.4132353 ], [ 91.11397, 26.4148089 ], [ 91.1146468, 26.415992 ], [ 91.1159787, 26.4176123 ], [ 91.1159863, 26.4176215 ], [ 91.1161272, 26.4177931 ], [ 91.1178529, 26.4209838 ], [ 91.1185944, 26.4224006 ], [ 91.1199088, 26.4238162 ], [ 91.1204935, 26.4244498 ], [ 91.1212395, 26.424913 ], [ 91.1227578, 26.4256389 ], [ 91.1227769, 26.4256351 ], [ 91.1228118, 26.42571 ] ] ] } },
{ "type": "Feature", "properties": { "gpcode": "105693", "gpname": "DAKHIN PASCHIM BETBARI", "dtname": "Barpeta", "stname": "ASSAM", "sdtname": "Barpeta", "blkname": "PAKABETBARI", "expected_mm": 16.1, "likely_min_mm": 15.9, "likely_max_mm": 16.1, "tmax_c": 32.3, "tmin_c": 24.9, "temp_c": 28.6, "rh_pct": 93.3, "wind_kph": 11.3, "heat_stress_level": "NONE", "disease_risk_flag": false, "ragi_stage": "vegetative", "paddy_stage": "vegetative", "forecast_date": "2026-09-10", "timestamp_utc": "2026-09-28T15:52:05Z" }, "geometry": { "type": "Polygon", "coordinates": [ [ [ 91.0162662, 26.3822984 ], [ 91.0168155, 26.380244 ], [ 91.0169854, 26.3793189 ], [ 91.0172497, 26.3780384 ], [ 91.0175299, 26.376669 ], [ 91.01753, 26.376669 ], [ 91.01816, 26.37712 ], [ 91.0190561, 26.3778672 ], [ 91.0196776, 26.3783364 ], [ 91.0206145, 26.3790294 ], [ 91.0210571, 26.3792752 ], [ 91.0215807, 26.3794491 ], [ 91.0222934, 26.3797886 ], [ 91.0226255, 26.380073 ], [ 91.0228096, 26.3803575 ], [ 91.0230115, 26.380846 ], [ 91.0232592, 26.3810747 ], [ 91.0235667, 26.3812069 ], [ 91.0239037, 26.3812857 ], [ 91.0245058, 26.3815304 ], [ 91.0250294, 26.381791 ], [ 91.0253274, 26.3819443 ], [ 91.0254921, 26.3821988 ], [ 91.0258387, 26.3827796 ], [ 91.0260104, 26.3829214 ], [ 91.026196, 26.3829596 ], [ 91.0264422, 26.3829114 ], [ 91.0268535, 26.382667 ], [ 91.0282263, 26.3815645 ], [ 91.0284369, 26.3815263 ], [ 91.0285961, 26.3814973 ], [ 91.0295538, 26.3815118 ], [ 91.0306222, 26.381621 ], [ 91.032922, 26.3820124 ], [ 91.0341744, 26.382321 ], [ 91.0357292, 26.3827614 ], [ 91.0357726, 26.3822276 ], [ 91.0358081, 26.3815889 ], [ 91.0357419, 26.3810908 ], [ 91.0357727, 26.3807911 ], [ 91.0358976, 26.3805257 ], [ 91.0360721, 26.3801748 ], [ 91.0362809, 26.3796983 ], [ 91.0362865, 26.3793696 ], [ 91.0361583, 26.3782909 ], [ 91.035976, 26.3765903 ], [ 91.0358383, 26.3756548 ], [ 91.0357078, 26.3752023 ], [ 91.0355472, 26.3749264 ], [ 91.0352664, 26.3747102 ], [ 91.035005, 26.374585 ], [ 91.0348577, 26.3744621 ], [ 91.0347651, 26.3743147 ], [ 91.0347676, 26.3742119 ], [ 91.0348099, 26.3740447 ], [ 91.0349861, 26.3737142 ], [ 91.0350561, 26.3734732 ], [ 91.0350597, 26.3729907 ], [ 91.0350802, 26.3728354 ], [ 91.0352114, 26.3726414 ], [ 91.0353704, 26.372507 ], [ 91.0355826, 26.3723278 ], [ 91.0356312, 26.372232 ], [ 91.0356935, 26.3720327 ], [ 91.0357651, 26.3716788 ], [ 91.0356643, 26.370783 ], [ 91.0356519, 26.3702569 ], [ 91.0357127, 26.3696472 ], [ 91.0356851, 26.3693311 ], [ 91.0356132, 26.3690283 ], [ 91.0354454, 26.3686708 ], [ 91.0353214, 26.368423 ], [ 91.0352749, 26.3682826 ], [ 91.0353124, 26.3677978 ], [ 91.0354192, 26.3666718 ], [ 91.0356786, 26.3650778 ], [ 91.035688, 26.3650179 ], [ 91.0351873, 26.3652094 ], [ 91.0343963, 26.365409 ], [ 91.0338586, 26.3655085 ], [ 91.0336275, 26.3655351 ], [ 91.0334338, 26.3655335 ], [ 91.0325595, 26.3655391 ], [ 91.0319488, 26.3655874 ], [ 91.0316439, 26.3656808 ], [ 91.0311882, 26.3659387 ], [ 91.0307564, 26.3662104 ], [ 91.0305563, 26.3663839 ], [ 91.0300874, 26.3667902 ], [ 91.0293418, 26.3673148 ], [ 91.028948, 26.3676299 ], [ 91.0286453, 26.3678155 ], [ 91.0284621, 26.3678695 ], [ 91.0282158, 26.3679178 ], [ 91.0279378, 26.3679271 ], [ 91.0277099, 26.3679077 ], [ 91.0272614, 26.3677906 ], [ 91.0264788, 26.3675637 ], [ 91.0258791, 26.3674632 ], [ 91.0253968, 26.3674151 ], [ 91.0247096, 26.3672379 ], [ 91.0238919, 26.3670649 ], [ 91.0231886, 26.366899 ], [ 91.0225577, 26.3667794 ], [ 91.0224566, 26.366756 ], [ 91.022337, 26.3667283 ], [ 91.0218182, 26.3665556 ], [ 91.0212799, 26.3663884 ], [ 91.0209316, 26.3663104 ], [ 91.0202053, 26.3662077 ], [ 91.0192414, 26.3660624 ], [ 91.0192414, 26.3660624 ], [ 91.0191934, 26.365272 ], [ 91.0191933, 26.365272 ], [ 91.0185009, 26.3651197 ], [ 91.0166272, 26.3647801 ], [ 91.0136126, 26.3640919 ], [ 91.0124894, 26.3638737 ], [ 91.0111972, 26.3635443 ], [ 91.0102313, 26.3631712 ], [ 91.0096243, 26.3629985 ], [ 91.0086186, 26.36269 ], [ 91.0081816, 26.3624876 ], [ 91.0077925, 26.3622689 ], [ 91.007679, 26.3622051 ], [ 91.0076577, 26.3621917 ], [ 91.0068722, 26.3616977 ], [ 91.0058073, 26.3608392 ], [ 91.0052545, 26.360242 ], [ 91.0042997, 26.3590726 ], [ 91.0038468, 26.3583146 ], [ 91.0033892, 26.3573722 ], [ 91.0031241, 26.3564162 ], [ 91.0029276, 26.355493 ], [ 91.0020206, 26.3558935 ], [ 91.0009104, 26.3561207 ], [ 90.9994227, 26.3561262 ], [ 90.9979028, 26.3557614 ], [ 90.996433, 26.3550205 ], [ 90.9947123, 26.3542475 ], [ 90.9941559, 26.3541873 ], [ 90.9935747, 26.3544767 ], [ 90.993518, 26.354534 ], [ 90.9929413, 26.3551174 ], [ 90.9927441, 26.3557026 ], [ 90.9927763, 26.3560729 ], [ 90.9929393, 26.3566824 ], [ 90.9930992, 26.3578882 ], [ 90.9930055, 26.3587145 ], [ 90.9929705, 26.3588324 ], [ 90.993075, 26.3597192 ], [ 90.9934392, 26.3605363 ], [ 90.9941286, 26.3621271 ], [ 90.9942176, 26.3625183 ], [ 90.9940278, 26.3631741 ], [ 90.9940268, 26.3631775 ], [ 90.9934401, 26.3640385 ], [ 90.9930554, 26.3646865 ], [ 90.9925632, 26.365367 ], [ 90.9916583, 26.3659954 ], [ 90.990997, 26.3663152 ], [ 90.9906333, 26.3668872 ], [ 90.9904886, 26.3674439 ], [ 90.9905033, 26.3688835 ], [ 90.9901909, 26.370048 ], [ 90.9901716, 26.3706543 ], [ 90.9901687, 26.3707451 ], [ 90.9908362, 26.3717661 ], [ 90.9917087, 26.3732447 ], [ 90.9938001, 26.3751751 ], [ 90.9965106, 26.3781387 ], [ 90.9968279, 26.378936 ], [ 90.9967655, 26.3794868 ], [ 90.9965194, 26.3798271 ], [ 90.9962878, 26.3800172 ], [ 90.9954917, 26.3803714 ], [ 90.9947181, 26.3803513 ], [ 90.9943872, 26.3803498 ], [ 90.9935353, 26.3800621 ], [ 90.9927967, 26.3794932 ], [ 90.9921931, 26.3788898 ], [ 90.9915287, 26.3785392 ], [ 90.9911092, 26.3784694 ], [ 90.9900009, 26.3787213 ], [ 90.988465, 26.3791275 ], [ 90.9873212, 26.3796054 ], [ 90.9866556, 26.3798758 ], [ 90.9862405, 26.3802733 ], [ 90.9862411, 26.3802744 ], [ 90.9864556, 26.3805158 ], [ 90.986663, 26.3806756 ], [ 90.9871769, 26.3809574 ], [ 90.9874461, 26.3810411 ], [ 90.9881669, 26.3810827 ], [ 90.9893032, 26.3811874 ], [ 90.9927799, 26.38163 ], [ 90.9955744, 26.3818834 ], [ 90.9979933, 26.3822054 ], [ 91.0000873, 26.382458 ], [ 91.00026, 26.3824887 ], [ 91.0056521, 26.3834478 ], [ 91.007309, 26.383649 ], [ 91.010313, 26.384022 ], [ 91.0141957, 26.3846182 ], [ 91.0157041, 26.3848675 ], [ 91.0162662, 26.3822984 ] ] ] } },
{ "type": "Feature", "properties": { "gpcode": "105694", "gpname": "DAKHIN PUB PAKA", "dtname": "Barpeta", "stname": "ASSAM", "sdtname": "Sarthebari", "blkname": "PAKABETBARI", "expected_mm": 15.9, "likely_min_mm": 15.9, "likely_max_mm": 15.9, "tmax_c": 32.4, "tmin_c": 24.7, "temp_c": 28.5, "rh_pct": 93.3, "wind_kph": 11.5, "heat_stress_level": "NONE", "disease_risk_flag": false, "ragi_stage": "vegetative", "paddy_stage": "vegetative", "forecast_date": "2026-09-10", "timestamp_utc": "2026-09-28T15:52:05Z" }, "geometry": { "type": "Polygon", "coordinates": [ [ [ 91.2053674, 26.3938341 ], [ 91.2056111, 26.3931017 ], [ 91.2061052, 26.3927087 ], [ 91.2070449, 26.3924182 ], [ 91.2070559, 26.3924592 ], [ 91.2082312, 26.3922953 ], [ 91.2097255, 26.3917511 ], [ 91.2113616, 26.3913159 ], [ 91.2124932, 26.3911551 ], [ 91.2143026, 26.391184 ], [ 91.2155627, 26.3912816 ], [ 91.2156337, 26.3912871 ], [ 91.2160122, 26.3905846 ], [ 91.2163837, 26.3898032 ], [ 91.2165625, 26.3888371 ], [ 91.2166433, 26.3877588 ], [ 91.2165086, 26.3867357 ], [ 91.2162521, 26.3853361 ], [ 91.2161018, 26.3836389 ], [ 91.2160816, 26.381795 ], [ 91.2157922, 26.3816354 ], [ 91.2150095, 26.3802617 ], [ 91.2142425, 26.3795621 ], [ 91.2130341, 26.3788545 ], [ 91.2118993, 26.3779827 ], [ 91.2109223, 26.376901 ], [ 91.2098875, 26.3756645 ], [ 91.2090399, 26.3750501 ], [ 91.2070515, 26.3740918 ], [ 91.2070514, 26.3740918 ], [ 91.2069965, 26.3740995 ], [ 91.2069838, 26.3740592 ], [ 91.2067516, 26.3733227 ], [ 91.2070075, 26.3722318 ], [ 91.2072301, 26.3712625 ], [ 91.2075132, 26.3700224 ], [ 91.2082016, 26.3693375 ], [ 91.2093103, 26.3684237 ], [ 91.20985, 26.3675508 ], [ 91.2100481, 26.3663052 ], [ 91.2102533, 26.3651385 ], [ 91.2102867, 26.3640239 ], [ 91.2102328, 26.3629156 ], [ 91.210128, 26.3617315 ], [ 91.2096903, 26.3607699 ], [ 91.2097273, 26.3602695 ], [ 91.2097021, 26.3601956 ], [ 91.2094894, 26.3595716 ], [ 91.2093389, 26.3588674 ], [ 91.2086667, 26.3582404 ], [ 91.2076266, 26.3574413 ], [ 91.2066215, 26.3570368 ], [ 91.2054467, 26.3562076 ], [ 91.2041143, 26.3555882 ], [ 91.2029675, 26.3550747 ], [ 91.2020395, 26.3545455 ], [ 91.2017831, 26.3539179 ], [ 91.20239, 26.3535273 ], [ 91.2025357, 26.3532702 ], [ 91.2026949, 26.352989 ], [ 91.2028211, 26.3524239 ], [ 91.2025464, 26.3518081 ], [ 91.2021481, 26.3511989 ], [ 91.2021802, 26.3511887 ], [ 91.201468, 26.3505747 ], [ 91.2010655, 26.3500077 ], [ 91.2001778, 26.3494359 ], [ 91.1991326, 26.349074 ], [ 91.1982725, 26.3491879 ], [ 91.1975632, 26.349636 ], [ 91.1967892, 26.3498504 ], [ 91.1962042, 26.3502102 ], [ 91.1956805, 26.3507641 ], [ 91.1952532, 26.3509139 ], [ 91.1939205, 26.3512876 ], [ 91.1929872, 26.3511957 ], [ 91.1918753, 26.3510768 ], [ 91.1908982, 26.3509879 ], [ 91.190259, 26.3512324 ], [ 91.1891995, 26.3517056 ], [ 91.1878563, 26.3519608 ], [ 91.1862261, 26.3519585 ], [ 91.1854819, 26.3520119 ], [ 91.1849758, 26.3517701 ], [ 91.1846783, 26.3513942 ], [ 91.1840028, 26.3507276 ], [ 91.1831764, 26.3503499 ], [ 91.1822939, 26.3509111 ], [ 91.1820801, 26.3514826 ], [ 91.1821567, 26.3523509 ], [ 91.1818623, 26.3530075 ], [ 91.1807973, 26.353918 ], [ 91.1800107, 26.3544907 ], [ 91.1791192, 26.3548724 ], [ 91.1785134, 26.3549952 ], [ 91.1776676, 26.3548969 ], [ 91.1763089, 26.3544778 ], [ 91.1754228, 26.3544221 ], [ 91.1753791, 26.3544096 ], [ 91.174439, 26.3541398 ], [ 91.1728456, 26.3540553 ], [ 91.1728728, 26.3539489 ], [ 91.1713814, 26.3547645 ], [ 91.1702308, 26.3552044 ], [ 91.1690501, 26.3558053 ], [ 91.1681059, 26.3565878 ], [ 91.1669462, 26.3574255 ], [ 91.1665974, 26.3579669 ], [ 91.1664935, 26.3579802 ], [ 91.1662902, 26.3590033 ], [ 91.1665315, 26.3597407 ], [ 91.1671244, 26.3609694 ], [ 91.1672552, 26.3619531 ], [ 91.1674193, 26.3628151 ], [ 91.1674014, 26.3636108 ], [ 91.1669984, 26.3640369 ], [ 91.1658142, 26.3645983 ], [ 91.165504, 26.3643784 ], [ 91.1640806, 26.3637255 ], [ 91.1627991, 26.3631816 ], [ 91.1617955, 26.3632931 ], [ 91.1607114, 26.3634898 ], [ 91.1595994, 26.3633707 ], [ 91.1581532, 26.3629577 ], [ 91.1570183, 26.3630786 ], [ 91.1561795, 26.3630591 ], [ 91.1545776, 26.3623793 ], [ 91.1532189, 26.36196 ], [ 91.1513731, 26.3620124 ], [ 91.1496448, 26.3618976 ], [ 91.1480547, 26.3618523 ], [ 91.1470963, 26.3624768 ], [ 91.1464375, 26.3630839 ], [ 91.1463622, 26.3631533 ], [ 91.1463706, 26.3632087 ], [ 91.1465748, 26.364568 ], [ 91.1470189, 26.3656087 ], [ 91.1470426, 26.3668781 ], [ 91.1469369, 26.36768 ], [ 91.1467757, 26.3678504 ], [ 91.1463114, 26.3680822 ], [ 91.1461203, 26.3684136 ], [ 91.1461001, 26.369686 ], [ 91.1461626, 26.3703966 ], [ 91.1460709, 26.3713563 ], [ 91.1457866, 26.3721313 ], [ 91.1456562, 26.3731557 ], [ 91.1458296, 26.3744782 ], [ 91.1459244, 26.375202 ], [ 91.1462316, 26.3766893 ], [ 91.1469716, 26.3791515 ], [ 91.1469795, 26.3791779 ], [ 91.1471435, 26.3800401 ], [ 91.1475383, 26.3815212 ], [ 91.1485531, 26.3830375 ], [ 91.1492739, 26.3842264 ], [ 91.1493136, 26.3842918 ], [ 91.1502742, 26.3856928 ], [ 91.1510986, 26.3865475 ], [ 91.1524763, 26.3876803 ], [ 91.1536441, 26.388431 ], [ 91.1542746, 26.3885846 ], [ 91.1544886, 26.3880132 ], [ 91.1546082, 26.3873692 ], [ 91.1545227, 26.3868987 ], [ 91.1542953, 26.3863191 ], [ 91.1537844, 26.3855215 ], [ 91.1540019, 26.3849896 ], [ 91.154419, 26.3847214 ], [ 91.1549952, 26.3847597 ], [ 91.1559934, 26.3850856 ], [ 91.1570457, 26.3855267 ], [ 91.1582718, 26.3854391 ], [ 91.1590297, 26.385111 ], [ 91.1593814, 26.3856021 ], [ 91.1597736, 26.3860508 ], [ 91.1602393, 26.3863353 ], [ 91.1605791, 26.3861918 ], [ 91.1615551, 26.3857646 ], [ 91.1620527, 26.3854112 ], [ 91.1629778, 26.3849082 ], [ 91.1637082, 26.384697 ], [ 91.1649677, 26.3844878 ], [ 91.1659991, 26.3843363 ], [ 91.1660049, 26.3844136 ], [ 91.1669802, 26.3849793 ], [ 91.1682009, 26.3853289 ], [ 91.1699504, 26.3856804 ], [ 91.1721414, 26.38604 ], [ 91.1734183, 26.386028 ], [ 91.1752137, 26.3858995 ], [ 91.1760581, 26.3854815 ], [ 91.1764979, 26.3849734 ], [ 91.1770727, 26.3844954 ], [ 91.1779276, 26.3841958 ], [ 91.178665, 26.3840635 ], [ 91.179592, 26.3830837 ], [ 91.1806748, 26.3824284 ], [ 91.1817165, 26.3817979 ], [ 91.1826814, 26.3822452 ], [ 91.1838249, 26.3827193 ], [ 91.1850227, 26.3833087 ], [ 91.1861384, 26.3834671 ], [ 91.1873749, 26.3834977 ], [ 91.1888672, 26.3832988 ], [ 91.1897515, 26.3839628 ], [ 91.1910982, 26.3847401 ], [ 91.1925129, 26.3857906 ], [ 91.1938264, 26.3866894 ], [ 91.1948665, 26.3874886 ], [ 91.1960116, 26.3884789 ], [ 91.1973232, 26.3898545 ], [ 91.1982634, 26.3910184 ], [ 91.1989638, 26.3919612 ], [ 91.1997343, 26.3927003 ], [ 91.2009129, 26.393569 ], [ 91.2023929, 26.39386 ], [ 91.203316, 26.3938335 ], [ 91.204381, 26.393916 ], [ 91.2050649, 26.3943431 ], [ 91.2053674, 26.3938341 ] ] ] } },
{ "type": "Feature", "properties": { "gpcode": "105695", "gpname": "MADHYA BETBARI", "dtname": "Barpeta", "stname": "ASSAM", "sdtname": "Barpeta", "blkname": "PAKABETBARI", "expected_mm": 15.7, "likely_min_mm": 15.5, "likely_max_mm": 15.8, "tmax_c": 32.3, "tmin_c": 24.8, "temp_c": 28.5, "rh_pct": 93.3, "wind_kph": 11.3, "heat_stress_level": "NONE", "disease_risk_flag": false, "ragi_stage": "vegetative", "paddy_stage": "vegetative", "forecast_date": "2026-09-10", "timestamp_utc": "2026-09-28T15:52:05Z" }, "geometry": { "type": "Polygon", "coordinates": [ [ [ 91.0667122, 26.3830237 ], [ 91.065823, 26.3807762 ], [ 91.0648698, 26.3791201 ], [ 91.0636097, 26.3775986 ], [ 91.0631403, 26.3771444 ], [ 91.0621819, 26.3763403 ], [ 91.0610852, 26.3755151 ], [ 91.0598998, 26.3743269 ], [ 91.0587437, 26.3729519 ], [ 91.0583806, 26.3725432 ], [ 91.0579691, 26.3718495 ], [ 91.0579001, 26.3717332 ], [ 91.0566373, 26.3715251 ], [ 91.0555826, 26.3712221 ], [ 91.0547543, 26.3704569 ], [ 91.0539559, 26.3687282 ], [ 91.0538596, 26.3683263 ], [ 91.0537814, 26.3683619 ], [ 91.0536212, 26.3684348 ], [ 91.0528627, 26.3687451 ], [ 91.0517045, 26.3690425 ], [ 91.0512781, 26.3691138 ], [ 91.04944, 26.3692447 ], [ 91.0480689, 26.3693212 ], [ 91.0473716, 26.3692885 ], [ 91.0467054, 26.3692228 ], [ 91.0464058, 26.3691462 ], [ 91.046391, 26.3691424 ], [ 91.0457253, 26.3688202 ], [ 91.044855, 26.368502 ], [ 91.0437781, 26.3679861 ], [ 91.0422512, 26.3670578 ], [ 91.0401902, 26.3658799 ], [ 91.0386599, 26.365044 ], [ 91.0374959, 26.3644903 ], [ 91.0368942, 26.3643788 ], [ 91.0362899, 26.3643703 ], [ 91.0356907, 26.3644364 ], [ 91.035721, 26.3645207 ], [ 91.0357361, 26.364714 ], [ 91.035688, 26.3650179 ], [ 91.0356786, 26.3650778 ], [ 91.0354192, 26.3666718 ], [ 91.0353124, 26.3677978 ], [ 91.0352749, 26.3682826 ], [ 91.0353214, 26.368423 ], [ 91.0354454, 26.3686708 ], [ 91.0356132, 26.3690283 ], [ 91.0356851, 26.3693311 ], [ 91.0357127, 26.3696472 ], [ 91.0356519, 26.3702569 ], [ 91.0356643, 26.370783 ], [ 91.0357651, 26.3716788 ], [ 91.0356935, 26.3720327 ], [ 91.0356312, 26.372232 ], [ 91.0355826, 26.3723278 ], [ 91.0353704, 26.372507 ], [ 91.0352114, 26.3726414 ], [ 91.0350802, 26.3728354 ], [ 91.0350597, 26.3729907 ], [ 91.0350561, 26.3734732 ], [ 91.0349861, 26.3737142 ], [ 91.0348099, 26.3740447 ], [ 91.0347676, 26.3742119 ], [ 91.0347651, 26.3743147 ], [ 91.0348577, 26.3744621 ], [ 91.035005, 26.374585 ], [ 91.0352664, 26.3747102 ], [ 91.0355472, 26.3749264 ], [ 91.0357078, 26.3752023 ], [ 91.0358383, 26.3756548 ], [ 91.035976, 26.3765903 ], [ 91.0361583, 26.3782909 ], [ 91.0362865, 26.3793696 ], [ 91.0362809, 26.3796983 ], [ 91.0360721, 26.3801748 ], [ 91.0358976, 26.3805257 ], [ 91.0357727, 26.3807911 ], [ 91.0357419, 26.3810908 ], [ 91.0358081, 26.3815889 ], [ 91.0357726, 26.3822276 ], [ 91.0357292, 26.3827614 ], [ 91.0341744, 26.382321 ], [ 91.032922, 26.3820124 ], [ 91.0306222, 26.381621 ], [ 91.0295538, 26.3815118 ], [ 91.0285961, 26.3814973 ], [ 91.0284369, 26.3815263 ], [ 91.0284369, 26.3815263 ], [ 91.0285731, 26.3818627 ], [ 91.0287864, 26.3823504 ], [ 91.0293653, 26.3833765 ], [ 91.0295366, 26.3837748 ], [ 91.0295823, 26.3840382 ], [ 91.0295463, 26.3842768 ], [ 91.0294291, 26.3845006 ], [ 91.028763, 26.3854812 ], [ 91.0284182, 26.3859672 ], [ 91.0281483, 26.3867692 ], [ 91.0280173, 26.3870966 ], [ 91.0274356, 26.3879994 ], [ 91.0272594, 26.3883299 ], [ 91.0268885, 26.389295 ], [ 91.026689, 26.3897502 ], [ 91.0264736, 26.3900219 ], [ 91.0263644, 26.3901889 ], [ 91.0264438, 26.3902067 ], [ 91.0267113, 26.3903365 ], [ 91.028216, 26.3912049 ], [ 91.0288324, 26.3914846 ], [ 91.0292264, 26.3917593 ], [ 91.0298646, 26.3922458 ], [ 91.0304986, 26.3927292 ], [ 91.0309807, 26.3931139 ], [ 91.0319852, 26.3937303 ], [ 91.0330524, 26.3943474 ], [ 91.0336883, 26.3947593 ], [ 91.0337524, 26.3948007 ], [ 91.0342938, 26.3951358 ], [ 91.0346416, 26.3953509 ], [ 91.0348742, 26.395473 ], [ 91.0350011, 26.3955563 ], [ 91.0351087, 26.3956821 ], [ 91.0353171, 26.3963086 ], [ 91.0354097, 26.3967176 ], [ 91.0354664, 26.3973675 ], [ 91.0354777, 26.3975616 ], [ 91.0354953, 26.3976988 ], [ 91.0355334, 26.3978091 ], [ 91.035636, 26.3979403 ], [ 91.0360193, 26.3982877 ], [ 91.0362939, 26.3984991 ], [ 91.0366134, 26.3987022 ], [ 91.0370123, 26.3988961 ], [ 91.0371663, 26.398971 ], [ 91.0375899, 26.3991702 ], [ 91.0378164, 26.399295 ], [ 91.0380684, 26.3994339 ], [ 91.0382379, 26.3995502 ], [ 91.0384001, 26.3996464 ], [ 91.0385547, 26.399656 ], [ 91.0389648, 26.3996578 ], [ 91.0393083, 26.3996797 ], [ 91.0396223, 26.3997549 ], [ 91.0399555, 26.3998545 ], [ 91.0406077, 26.4000854 ], [ 91.0412844, 26.4002923 ], [ 91.0416425, 26.4004158 ], [ 91.04211, 26.4006187 ], [ 91.0425561, 26.4007718 ], [ 91.0433003, 26.4010171 ], [ 91.0432988, 26.4010951 ], [ 91.0433758, 26.4013257 ], [ 91.0438521, 26.4018255 ], [ 91.0439862, 26.4019766 ], [ 91.0448154, 26.4022379 ], [ 91.0458219, 26.4026796 ], [ 91.0467405, 26.4031584 ], [ 91.0472825, 26.4033663 ], [ 91.0477956, 26.4035044 ], [ 91.0480369, 26.4035283 ], [ 91.048184, 26.4035179 ], [ 91.0484634, 26.4034571 ], [ 91.0488036, 26.40331 ], [ 91.0500271, 26.4024539 ], [ 91.0507679, 26.4019397 ], [ 91.0511993, 26.401663 ], [ 91.0517691, 26.4014072 ], [ 91.0525026, 26.4011953 ], [ 91.0525689, 26.4011762 ], [ 91.0539656, 26.4007387 ], [ 91.0548305, 26.40038 ], [ 91.0556371, 26.4000971 ], [ 91.0568321, 26.3998278 ], [ 91.0573934, 26.399822 ], [ 91.0578706, 26.3997235 ], [ 91.0582396, 26.3996461 ], [ 91.0586432, 26.3994431 ], [ 91.0591069, 26.3992985 ], [ 91.0594475, 26.3992966 ], [ 91.0598924, 26.3992942 ], [ 91.0602151, 26.3992097 ], [ 91.06051, 26.3991643 ], [ 91.0608333, 26.3991146 ], [ 91.0621592, 26.3990412 ], [ 91.063679, 26.3990369 ], [ 91.0649642, 26.3990177 ], [ 91.0658565, 26.3989339 ], [ 91.0668435, 26.3988832 ], [ 91.0668393, 26.3987962 ], [ 91.0668197, 26.3972688 ], [ 91.0669106, 26.3966125 ], [ 91.0671952, 26.3956998 ], [ 91.0673841, 26.3951358 ], [ 91.0674029, 26.3950798 ], [ 91.067453, 26.3947593 ], [ 91.0675197, 26.3943327 ], [ 91.0676025, 26.3930649 ], [ 91.0681436, 26.3902729 ], [ 91.0683237, 26.3893367 ], [ 91.0684328, 26.3883805 ], [ 91.068411, 26.3878691 ], [ 91.0683557, 26.3872368 ], [ 91.0682432, 26.3867319 ], [ 91.0677286, 26.3854038 ], [ 91.0670406, 26.3837927 ], [ 91.0668938, 26.383449 ], [ 91.0667122, 26.3830237 ] ] ] } },
{ "type": "Feature", "properties": { "gpcode": "105696", "gpname": "PASCHIM BETBARI", "dtname": "Barpeta", "stname": "ASSAM", "sdtname": "Barpeta", "blkname": "PAKABETBARI", "expected_mm": 16.1, "likely_min_mm": 15.9, "likely_max_mm": 16.1, "tmax_c": 32.3, "tmin_c": 24.9, "temp_c": 28.6, "rh_pct": 93.3, "wind_kph": 11.3, "heat_stress_level": "NONE", "disease_risk_flag": false, "ragi_stage": "vegetative", "paddy_stage": "vegetative", "forecast_date": "2026-09-10", "timestamp_utc": "2026-09-28T15:52:05Z" }, "geometry": { "type": "Polygon", "coordinates": [ [ [ 91.0025404, 26.4012314 ], [ 91.0037144, 26.401099 ], [ 91.0044671, 26.401195 ], [ 91.0054707, 26.4013229 ], [ 91.0069581, 26.4017124 ], [ 91.0080654, 26.4020815 ], [ 91.0090233, 26.4026349 ], [ 91.0092272, 26.4027771 ], [ 91.0098718, 26.4023533 ], [ 91.010125, 26.4022535 ], [ 91.0109012, 26.402014 ], [ 91.011433, 26.4018431 ], [ 91.0121824, 26.4016877 ], [ 91.0127072, 26.4015687 ], [ 91.012978, 26.4015392 ], [ 91.0132321, 26.4014495 ], [ 91.0133938, 26.4013458 ], [ 91.0135261, 26.4012142 ], [ 91.0135261, 26.4012142 ], [ 91.0143606, 26.4014928 ], [ 91.0154853, 26.4018546 ], [ 91.0160072, 26.4019918 ], [ 91.0166534, 26.4020898 ], [ 91.0175975, 26.4022079 ], [ 91.0180659, 26.4022261 ], [ 91.018449, 26.4021786 ], [ 91.0192517, 26.4021117 ], [ 91.0201434, 26.4021514 ], [ 91.0207328, 26.40212 ], [ 91.0216667, 26.4021463 ], [ 91.0218915, 26.402125 ], [ 91.0220846, 26.4021066 ], [ 91.0229655, 26.4020238 ], [ 91.0243812, 26.4019342 ], [ 91.0259097, 26.4017855 ], [ 91.0267419, 26.4016652 ], [ 91.0273913, 26.4015373 ], [ 91.0281713, 26.4014719 ], [ 91.0289174, 26.401409 ], [ 91.0295797, 26.4013006 ], [ 91.0296227, 26.4012876 ], [ 91.0299792, 26.4011801 ], [ 91.0305863, 26.4008294 ], [ 91.0311974, 26.4005504 ], [ 91.0314768, 26.4004896 ], [ 91.031926, 26.4004168 ], [ 91.0324311, 26.4004632 ], [ 91.0328796, 26.4005136 ], [ 91.0334495, 26.4007811 ], [ 91.0338427, 26.4011125 ], [ 91.0339987, 26.401204 ], [ 91.0341372, 26.401225 ], [ 91.0343044, 26.4011824 ], [ 91.034615, 26.4010886 ], [ 91.0352239, 26.4007583 ], [ 91.0355111, 26.400533 ], [ 91.0360735, 26.4000624 ], [ 91.0366019, 26.3994608 ], [ 91.0370123, 26.3988961 ], [ 91.0366134, 26.3987022 ], [ 91.0362939, 26.3984991 ], [ 91.0360193, 26.3982877 ], [ 91.035636, 26.3979403 ], [ 91.0355334, 26.3978091 ], [ 91.0354953, 26.3976988 ], [ 91.0354777, 26.3975616 ], [ 91.0354664, 26.3973675 ], [ 91.0354097, 26.3967176 ], [ 91.0353171, 26.3963086 ], [ 91.0351087, 26.3956821 ], [ 91.0350011, 26.3955563 ], [ 91.0348742, 26.395473 ], [ 91.0346416, 26.3953509 ], [ 91.0342938, 26.3951358 ], [ 91.0337524, 26.3948007 ], [ 91.0336883, 26.3947593 ], [ 91.0330524, 26.3943474 ], [ 91.0319852, 26.3937303 ], [ 91.0309807, 26.3931139 ], [ 91.0304986, 26.3927292 ], [ 91.0298646, 26.3922458 ], [ 91.0292264, 26.3917593 ], [ 91.0288324, 26.3914846 ], [ 91.028216, 26.3912049 ], [ 91.0267113, 26.3903365 ], [ 91.0264438, 26.3902067 ], [ 91.0263644, 26.3901889 ], [ 91.0264736, 26.3900219 ], [ 91.026689, 26.3897502 ], [ 91.0268885, 26.389295 ], [ 91.0272594, 26.3883299 ], [ 91.0274356, 26.3879994 ], [ 91.0280173, 26.3870966 ], [ 91.0281483, 26.3867692 ], [ 91.0284182, 26.3859672 ], [ 91.028763, 26.3854812 ], [ 91.0294291, 26.3845006 ], [ 91.0295463, 26.3842768 ], [ 91.0295823, 26.3840382 ], [ 91.0295366, 26.3837748 ], [ 91.0293653, 26.3833765 ], [ 91.0287864, 26.3823504 ], [ 91.0285731, 26.3818627 ], [ 91.0284369, 26.3815263 ], [ 91.0284369, 26.3815263 ], [ 91.0282263, 26.3815645 ], [ 91.0268535, 26.382667 ], [ 91.0264422, 26.3829114 ], [ 91.026196, 26.3829596 ], [ 91.0260104, 26.3829214 ], [ 91.0258387, 26.3827796 ], [ 91.0254921, 26.3821988 ], [ 91.0253274, 26.3819443 ], [ 91.0250294, 26.381791 ], [ 91.0245058, 26.3815304 ], [ 91.0239037, 26.3812857 ], [ 91.0235667, 26.3812069 ], [ 91.0232592, 26.3810747 ], [ 91.0230115, 26.380846 ], [ 91.0228096, 26.3803575 ], [ 91.0226255, 26.380073 ], [ 91.0222934, 26.3797886 ], [ 91.0215807, 26.3794491 ], [ 91.0210571, 26.3792752 ], [ 91.0206145, 26.3790294 ], [ 91.0196776, 26.3783364 ], [ 91.0190561, 26.3778672 ], [ 91.01816, 26.37712 ], [ 91.01753, 26.376669 ], [ 91.0175299, 26.376669 ], [ 91.0172497, 26.3780384 ], [ 91.0169854, 26.3793189 ], [ 91.0168155, 26.380244 ], [ 91.0162662, 26.3822984 ], [ 91.0157041, 26.3848675 ], [ 91.0141957, 26.3846182 ], [ 91.010313, 26.384022 ], [ 91.007309, 26.383649 ], [ 91.0056521, 26.3834478 ], [ 91.00026, 26.3824887 ], [ 91.0000873, 26.382458 ], [ 90.9979933, 26.3822054 ], [ 90.9955744, 26.3818834 ], [ 90.9927799, 26.38163 ], [ 90.9893032, 26.3811874 ], [ 90.9881669, 26.3810827 ], [ 90.9874461, 26.3810411 ], [ 90.9871769, 26.3809574 ], [ 90.986663, 26.3806756 ], [ 90.9864556, 26.3805158 ], [ 90.9862411, 26.3802744 ], [ 90.9862405, 26.3802733 ], [ 90.9858157, 26.3806801 ], [ 90.9854148, 26.381446 ], [ 90.9854533, 26.3818905 ], [ 90.9854983, 26.3824089 ], [ 90.9860815, 26.383411 ], [ 90.9884618, 26.3854293 ], [ 90.989238, 26.3857969 ], [ 90.9901888, 26.3859535 ], [ 90.9911311, 26.3860113 ], [ 90.9930661, 26.3860738 ], [ 90.994898, 26.386218 ], [ 90.9953895, 26.3864815 ], [ 90.9956553, 26.3866863 ], [ 90.9958664, 26.3868949 ], [ 90.9958836, 26.3870924 ], [ 90.9959028, 26.3873146 ], [ 90.9956589, 26.3876796 ], [ 90.9943032, 26.3888927 ], [ 90.9933435, 26.3895785 ], [ 90.9931666, 26.3897049 ], [ 90.9911563, 26.3916347 ], [ 90.9904599, 26.3925034 ], [ 90.9896968, 26.3932569 ], [ 90.9896474, 26.3933058 ], [ 90.989066, 26.3935661 ], [ 90.9886512, 26.3938685 ], [ 90.9882831, 26.3943912 ], [ 90.9881608, 26.3947593 ], [ 90.9880358, 26.3951358 ], [ 90.9879115, 26.3955102 ], [ 90.9878028, 26.3961636 ], [ 90.9872471, 26.3967491 ], [ 90.987017, 26.3969075 ], [ 90.9868048, 26.3970535 ], [ 90.9854584, 26.3974215 ], [ 90.9850731, 26.3977467 ], [ 90.9848839, 26.3981077 ], [ 90.9849096, 26.3984039 ], [ 90.9850405, 26.3986431 ], [ 90.9854982, 26.3988345 ], [ 90.9863122, 26.3990007 ], [ 90.9877075, 26.3988777 ], [ 90.9894993, 26.3988758 ], [ 90.9906146, 26.3990208 ], [ 90.9912411, 26.3992499 ], [ 90.9918486, 26.3995797 ], [ 90.9939452, 26.4006695 ], [ 90.9943379, 26.4010641 ], [ 90.9943598, 26.4016338 ], [ 90.9943799, 26.4025017 ], [ 90.9946404, 26.4032782 ], [ 90.9962792, 26.4053236 ], [ 90.9973725, 26.4061656 ], [ 90.9977561, 26.4061386 ], [ 90.9981291, 26.4059882 ], [ 90.9988315, 26.4048707 ], [ 90.9998764, 26.4029342 ], [ 91.0012321, 26.401721 ], [ 91.0025404, 26.4012314 ] ] ] } },
{ "type": "Feature", "properties": { "gpcode": "105697", "gpname": "PASCHIM PAKA", "dtname": "Barpeta", "stname": "ASSAM", "sdtname": "Sarthebari", "blkname": "PAKABETBARI", "expected_mm": 15.5, "likely_min_mm": 15.3, "likely_max_mm": 15.6, "tmax_c": 32.3, "tmin_c": 24.7, "temp_c": 28.5, "rh_pct": 93.3, "wind_kph": 11.3, "heat_stress_level": "NONE", "disease_risk_flag": false, "ragi_stage": "vegetative", "paddy_stage": "vegetative", "forecast_date": "2026-09-10", "timestamp_utc": "2026-09-28T15:52:05Z" }, "geometry": { "type": "Polygon", "coordinates": [ [ [ 91.1166978, 26.4269045 ], [ 91.1175337, 26.4268847 ], [ 91.1185793, 26.4272472 ], [ 91.1197633, 26.4276792 ], [ 91.1211664, 26.4280956 ], [ 91.1226584, 26.4290219 ], [ 91.1237952, 26.4294176 ], [ 91.1238068, 26.4294193 ], [ 91.1236994, 26.4288287 ], [ 91.1236967, 26.4277962 ], [ 91.1234049, 26.426983 ], [ 91.1228118, 26.42571 ], [ 91.1227769, 26.4256351 ], [ 91.1227578, 26.4256389 ], [ 91.1212395, 26.424913 ], [ 91.1204935, 26.4244498 ], [ 91.1199088, 26.4238162 ], [ 91.1185944, 26.4224006 ], [ 91.1178529, 26.4209838 ], [ 91.1161272, 26.4177931 ], [ 91.1159863, 26.4176215 ], [ 91.1159787, 26.4176123 ], [ 91.1146468, 26.415992 ], [ 91.11397, 26.4148089 ], [ 91.1126417, 26.4132353 ], [ 91.1120363, 26.4125276 ], [ 91.1119051, 26.4123742 ], [ 91.1118761, 26.4123651 ], [ 91.1118424, 26.4123545 ], [ 91.1121716, 26.4112139 ], [ 91.1123809, 26.4085776 ], [ 91.1125553, 26.4065604 ], [ 91.1126531, 26.4051634 ], [ 91.1129745, 26.4043064 ], [ 91.1135587, 26.4034307 ], [ 91.113864, 26.4028927 ], [ 91.1138443, 26.4016629 ], [ 91.1137182, 26.3997256 ], [ 91.1132441, 26.3973366 ], [ 91.1127655, 26.3959011 ], [ 91.1126983, 26.3951358 ], [ 91.1126653, 26.3947593 ], [ 91.112604, 26.3940612 ], [ 91.110505, 26.3943695 ], [ 91.104451, 26.3946811 ], [ 91.1043601, 26.3946856 ], [ 91.1040647, 26.3937951 ], [ 91.1030999, 26.3918381 ], [ 91.1028105, 26.390548 ], [ 91.1031204, 26.3890564 ], [ 91.1026801, 26.388055 ], [ 91.1022328, 26.3869747 ], [ 91.1038071, 26.3869146 ], [ 91.1047302, 26.3868887 ], [ 91.1062295, 26.3869012 ], [ 91.1074326, 26.3870539 ], [ 91.108501, 26.3871765 ], [ 91.1089238, 26.3864711 ], [ 91.1088407, 26.3855239 ], [ 91.1090698, 26.3841174 ], [ 91.1092678, 26.3823557 ], [ 91.1090186, 26.381023 ], [ 91.1079422, 26.3803052 ], [ 91.1062792, 26.3794306 ], [ 91.1053299, 26.3787621 ], [ 91.105384, 26.3787559 ], [ 91.1068636, 26.3790478 ], [ 91.108417, 26.3791756 ], [ 91.1093734, 26.3790281 ], [ 91.1104543, 26.3787923 ], [ 91.11105, 26.3785514 ], [ 91.1117894, 26.3781034 ], [ 91.1117895, 26.3781034 ], [ 91.1115972, 26.3773559 ], [ 91.1117283, 26.3758372 ], [ 91.1113708, 26.3742739 ], [ 91.1112635, 26.3730503 ], [ 91.1110663, 26.3723097 ], [ 91.1112666, 26.3715804 ], [ 91.1120155, 26.3705739 ], [ 91.1128796, 26.3698769 ], [ 91.1144143, 26.369291 ], [ 91.1155354, 26.3690125 ], [ 91.1175795, 26.3687081 ], [ 91.1191384, 26.3683984 ], [ 91.1210015, 26.3678173 ], [ 91.1210016, 26.3678172 ], [ 91.1211859, 26.3677622 ], [ 91.1211211, 26.36774 ], [ 91.1210663, 26.3677228 ], [ 91.1210662, 26.3677228 ], [ 91.1190967, 26.3671057 ], [ 91.1173307, 26.3665106 ], [ 91.1144163, 26.3654135 ], [ 91.1124053, 26.3646298 ], [ 91.1107709, 26.3642311 ], [ 91.1080439, 26.3635326 ], [ 91.107253, 26.3627649 ], [ 91.1068637, 26.3625584 ], [ 91.1068274, 26.3625392 ], [ 91.1048567, 26.3614935 ], [ 91.1035918, 26.3609656 ], [ 91.1031625, 26.3604125 ], [ 91.1029832, 26.3596699 ], [ 91.1026027, 26.3588044 ], [ 91.102021, 26.3578158 ], [ 91.1010096, 26.3569103 ], [ 91.1006234, 26.3567482 ], [ 91.1005508, 26.3567177 ], [ 91.099191, 26.356147 ], [ 91.0980577, 26.3558156 ], [ 91.0970997, 26.3557464 ], [ 91.0958946, 26.3559007 ], [ 91.0947235, 26.355572 ], [ 91.0943032, 26.3551213 ], [ 91.0941299, 26.3544469 ], [ 91.0940841, 26.3539241 ], [ 91.0940731, 26.3537987 ], [ 91.0940737, 26.3537966 ], [ 91.0940727, 26.3537962 ], [ 91.0945959, 26.3519419 ], [ 91.0947672, 26.3504191 ], [ 91.0942538, 26.3484458 ], [ 91.0943702, 26.3471672 ], [ 91.0947616, 26.3464184 ], [ 91.0953291, 26.3450734 ], [ 91.0951757, 26.3441917 ], [ 91.0949622, 26.3439865 ], [ 91.0949195, 26.3439454 ], [ 91.0945105, 26.3435523 ], [ 91.0929949, 26.3427675 ], [ 91.0913101, 26.3417886 ], [ 91.0889581, 26.3405826 ], [ 91.087981, 26.3401403 ], [ 91.0872534, 26.339811 ], [ 91.0867038, 26.3400561 ], [ 91.0864876, 26.3410671 ], [ 91.0860311, 26.3429453 ], [ 91.0859803, 26.343154 ], [ 91.0858455, 26.3437084 ], [ 91.0855772, 26.344214 ], [ 91.0855534, 26.3442345 ], [ 91.0846287, 26.3450308 ], [ 91.0837583, 26.3450926 ], [ 91.082419, 26.3450161 ], [ 91.0804792, 26.3446045 ], [ 91.0776731, 26.3434305 ], [ 91.0756927, 26.3429874 ], [ 91.0754945, 26.3430015 ], [ 91.075377, 26.3430098 ], [ 91.0741412, 26.3430976 ], [ 91.0733028, 26.3430883 ], [ 91.0731303, 26.3431591 ], [ 91.0730429, 26.343195 ], [ 91.0730658, 26.3432535 ], [ 91.0735021, 26.3443701 ], [ 91.0735284, 26.3456789 ], [ 91.073515, 26.3459859 ], [ 91.0735134, 26.3460246 ], [ 91.0740085, 26.3476576 ], [ 91.074924, 26.3505716 ], [ 91.0754493, 26.3520436 ], [ 91.07563, 26.3531032 ], [ 91.0760977, 26.3544205 ], [ 91.0764616, 26.3560628 ], [ 91.0769408, 26.3565054 ], [ 91.0777899, 26.3566437 ], [ 91.0786849, 26.3569331 ], [ 91.0786966, 26.3569368 ], [ 91.0794524, 26.3575187 ], [ 91.0794241, 26.3586956 ], [ 91.079629, 26.3600315 ], [ 91.0797268, 26.361653 ], [ 91.079865, 26.363232 ], [ 91.0799893, 26.3646529 ], [ 91.0796858, 26.3665063 ], [ 91.0796734, 26.3665819 ], [ 91.0794198, 26.367712 ], [ 91.0790959, 26.3690457 ], [ 91.0793078, 26.3704605 ], [ 91.0796641, 26.3716592 ], [ 91.0783494, 26.3712361 ], [ 91.0769333, 26.3706614 ], [ 91.0757971, 26.3702654 ], [ 91.0757217, 26.3701922 ], [ 91.0684656, 26.3730271 ], [ 91.069363, 26.3733352 ], [ 91.0707992, 26.3736453 ], [ 91.0716905, 26.3738224 ], [ 91.0726616, 26.3744744 ], [ 91.0740758, 26.3754041 ], [ 91.075439, 26.3762832 ], [ 91.0767198, 26.3774282 ], [ 91.0775952, 26.378293 ], [ 91.0778093, 26.3789988 ], [ 91.0777903, 26.3796524 ], [ 91.0776897, 26.3802431 ], [ 91.0772054, 26.3812388 ], [ 91.0771466, 26.3823072 ], [ 91.0772778, 26.3825641 ], [ 91.0772907, 26.3825894 ], [ 91.0774681, 26.3829367 ], [ 91.0782079, 26.3836281 ], [ 91.0783803, 26.3837703 ], [ 91.0783805, 26.3837703 ], [ 91.0784958, 26.3838655 ], [ 91.0787827, 26.3841023 ], [ 91.0794688, 26.3849805 ], [ 91.079931, 26.385909 ], [ 91.0800664, 26.386586 ], [ 91.0806381, 26.387026 ], [ 91.081431, 26.3873817 ], [ 91.0822498, 26.3875982 ], [ 91.0833983, 26.3881003 ], [ 91.0835915, 26.3885672 ], [ 91.0833973, 26.3889586 ], [ 91.0828045, 26.3895843 ], [ 91.0826162, 26.390044 ], [ 91.0826899, 26.3904507 ], [ 91.0831601, 26.3910353 ], [ 91.0842, 26.3911674 ], [ 91.0848755, 26.3910508 ], [ 91.0858297, 26.3906398 ], [ 91.0864752, 26.3901819 ], [ 91.0871765, 26.3899262 ], [ 91.0876866, 26.3900959 ], [ 91.0877224, 26.3905053 ], [ 91.0875521, 26.3911697 ], [ 91.0872652, 26.391808 ], [ 91.0869751, 26.3922608 ], [ 91.0869145, 26.3923555 ], [ 91.0865279, 26.3929589 ], [ 91.0864542, 26.3938567 ], [ 91.0866972, 26.3944574 ], [ 91.087287, 26.3951022 ], [ 91.0881735, 26.3956571 ], [ 91.0893966, 26.3962092 ], [ 91.0894083, 26.3962193 ], [ 91.0894115, 26.3962173 ], [ 91.0894484, 26.3962495 ], [ 91.0900561, 26.3967803 ], [ 91.0905293, 26.3973989 ], [ 91.0906438, 26.3978371 ], [ 91.0906916, 26.398383 ], [ 91.0905182, 26.3990133 ], [ 91.090083, 26.3996964 ], [ 91.0896037, 26.4003141 ], [ 91.0890319, 26.4011786 ], [ 91.0889372, 26.4018376 ], [ 91.0890966, 26.4027876 ], [ 91.0894279, 26.4040471 ], [ 91.0896689, 26.4050599 ], [ 91.0901283, 26.4059542 ], [ 91.0906662, 26.4068772 ], [ 91.0909538, 26.4075312 ], [ 91.0909876, 26.4076079 ], [ 91.0910469, 26.4077427 ], [ 91.0911414, 26.4083883 ], [ 91.0913208, 26.4091308 ], [ 91.091803, 26.4098518 ], [ 91.0923719, 26.4102577 ], [ 91.092873, 26.4103251 ], [ 91.093953, 26.4100423 ], [ 91.094786, 26.4099831 ], [ 91.0952672, 26.4102579 ], [ 91.0955452, 26.4108218 ], [ 91.0955912, 26.4118086 ], [ 91.0954675, 26.4121491 ], [ 91.0955392, 26.4129679 ], [ 91.0958282, 26.413222 ], [ 91.096697, 26.4135723 ], [ 91.0974841, 26.4138596 ], [ 91.0981906, 26.4145303 ], [ 91.0984108, 26.4153043 ], [ 91.0983013, 26.4157927 ], [ 91.0980312, 26.4161895 ], [ 91.097272, 26.4166554 ], [ 91.0965238, 26.4168116 ], [ 91.095618, 26.4169103 ], [ 91.0952983, 26.4171733 ], [ 91.0952903, 26.4175171 ], [ 91.0954651, 26.4177381 ], [ 91.0953659, 26.4177878 ], [ 91.0954013, 26.4178325 ], [ 91.0954835, 26.4179365 ], [ 91.0959997, 26.4181745 ], [ 91.0968884, 26.4183173 ], [ 91.098103, 26.4182653 ], [ 91.0993933, 26.418208 ], [ 91.100555, 26.4179881 ], [ 91.1012096, 26.4176326 ], [ 91.1017884, 26.4172825 ], [ 91.1023722, 26.4165543 ], [ 91.1030407, 26.4159232 ], [ 91.103771, 26.4155623 ], [ 91.1044235, 26.415619 ], [ 91.1049686, 26.4157518 ], [ 91.1060039, 26.4162618 ], [ 91.1070092, 26.4164306 ], [ 91.1077009, 26.416294 ], [ 91.1080952, 26.4162161 ], [ 91.1086252, 26.4161783 ], [ 91.1094323, 26.4162582 ], [ 91.1104196, 26.4162223 ], [ 91.1110783, 26.4163471 ], [ 91.1114928, 26.4167295 ], [ 91.1115786, 26.4172727 ], [ 91.1112819, 26.4182098 ], [ 91.1111764, 26.4191785 ], [ 91.1115313, 26.4201832 ], [ 91.1119289, 26.4208071 ], [ 91.1126067, 26.4215828 ], [ 91.1127133, 26.4223649 ], [ 91.1123508, 26.4230086 ], [ 91.1122792, 26.4234943 ], [ 91.1125543, 26.424024 ], [ 91.1130536, 26.4245034 ], [ 91.1130516, 26.4249155 ], [ 91.1128105, 26.4252073 ], [ 91.1123831, 26.4255467 ], [ 91.1111358, 26.426528 ], [ 91.1107035, 26.4272454 ], [ 91.1105024, 26.4284269 ], [ 91.1106793, 26.4295491 ], [ 91.110682, 26.4295512 ], [ 91.1107458, 26.4294568 ], [ 91.1117746, 26.4285655 ], [ 91.1124212, 26.4284004 ], [ 91.1132904, 26.4282591 ], [ 91.1142333, 26.4279537 ], [ 91.115257, 26.4275631 ], [ 91.1162442, 26.4271119 ], [ 91.1166978, 26.4269045 ] ] ] } },
{ "type": "Feature", "properties": { "gpcode": "105698", "gpname": "PUB BETBARI", "dtname": "Barpeta", "stname": "ASSAM", "sdtname": "Barpeta", "blkname": "PAKABETBARI", "expected_mm": 15.4, "likely_min_mm": 15.1, "likely_max_mm": 15.6, "tmax_c": 32.3, "tmin_c": 24.7, "temp_c": 28.5, "rh_pct": 93.3, "wind_kph": 11.3, "heat_stress_level": "NONE", "disease_risk_flag": false, "ragi_stage": "vegetative", "paddy_stage": "vegetative", "forecast_date": "2026-09-10", "timestamp_utc": "2026-09-28T15:52:05Z" }, "geometry": { "type": "Polygon", "coordinates": [ [ [ 91.0894484, 26.3962495 ], [ 91.0894115, 26.3962173 ], [ 91.0894083, 26.3962193 ], [ 91.0893966, 26.3962092 ], [ 91.0881735, 26.3956571 ], [ 91.087287, 26.3951022 ], [ 91.0866972, 26.3944574 ], [ 91.0864542, 26.3938567 ], [ 91.0865279, 26.3929589 ], [ 91.0869145, 26.3923555 ], [ 91.0869751, 26.3922608 ], [ 91.0872652, 26.391808 ], [ 91.0875521, 26.3911697 ], [ 91.0877224, 26.3905053 ], [ 91.0876866, 26.3900959 ], [ 91.0871765, 26.3899262 ], [ 91.0864752, 26.3901819 ], [ 91.0858297, 26.3906398 ], [ 91.0848755, 26.3910508 ], [ 91.0842, 26.3911674 ], [ 91.0831601, 26.3910353 ], [ 91.0826899, 26.3904507 ], [ 91.0826162, 26.390044 ], [ 91.0828045, 26.3895843 ], [ 91.0833973, 26.3889586 ], [ 91.0835915, 26.3885672 ], [ 91.0833983, 26.3881003 ], [ 91.0822498, 26.3875982 ], [ 91.081431, 26.3873817 ], [ 91.0806381, 26.387026 ], [ 91.0800664, 26.386586 ], [ 91.079931, 26.385909 ], [ 91.0794688, 26.3849805 ], [ 91.0787827, 26.3841023 ], [ 91.0784958, 26.3838655 ], [ 91.0783805, 26.3837703 ], [ 91.0783803, 26.3837703 ], [ 91.0782079, 26.3836281 ], [ 91.0774681, 26.3829367 ], [ 91.0772907, 26.3825894 ], [ 91.0772778, 26.3825641 ], [ 91.0771466, 26.3823072 ], [ 91.0772054, 26.3812388 ], [ 91.0776897, 26.3802431 ], [ 91.0777903, 26.3796524 ], [ 91.0778093, 26.3789988 ], [ 91.0775952, 26.378293 ], [ 91.0767198, 26.3774282 ], [ 91.075439, 26.3762832 ], [ 91.0740758, 26.3754041 ], [ 91.0726616, 26.3744744 ], [ 91.0716905, 26.3738224 ], [ 91.0707992, 26.3736453 ], [ 91.069363, 26.3733352 ], [ 91.0684656, 26.3730271 ], [ 91.0683712, 26.3729947 ], [ 91.067871, 26.372823 ], [ 91.0665314, 26.3727464 ], [ 91.0657067, 26.3724615 ], [ 91.0646371, 26.371988 ], [ 91.0640396, 26.3716871 ], [ 91.0629012, 26.3717335 ], [ 91.0619729, 26.3720053 ], [ 91.0606044, 26.3720336 ], [ 91.0585307, 26.3718372 ], [ 91.0580331, 26.3717552 ], [ 91.0579001, 26.3717332 ], [ 91.0579691, 26.3718495 ], [ 91.0583806, 26.3725432 ], [ 91.0587437, 26.3729519 ], [ 91.0598998, 26.3743269 ], [ 91.0610852, 26.3755151 ], [ 91.0621819, 26.3763403 ], [ 91.0631403, 26.3771444 ], [ 91.0636097, 26.3775986 ], [ 91.0648698, 26.3791201 ], [ 91.065823, 26.3807762 ], [ 91.0667122, 26.3830237 ], [ 91.0668938, 26.383449 ], [ 91.0670406, 26.3837927 ], [ 91.0677286, 26.3854038 ], [ 91.0682432, 26.3867319 ], [ 91.0683557, 26.3872368 ], [ 91.068411, 26.3878691 ], [ 91.0684328, 26.3883805 ], [ 91.0683237, 26.3893367 ], [ 91.0681436, 26.3902729 ], [ 91.0676025, 26.3930649 ], [ 91.0675197, 26.3943327 ], [ 91.067453, 26.3947593 ], [ 91.0674029, 26.3950798 ], [ 91.0673841, 26.3951358 ], [ 91.0671952, 26.3956998 ], [ 91.0669106, 26.3966125 ], [ 91.0668197, 26.3972688 ], [ 91.0668393, 26.3987962 ], [ 91.0668435, 26.3988832 ], [ 91.0668437, 26.3988868 ], [ 91.0668965, 26.399972 ], [ 91.0671691, 26.400876 ], [ 91.0671831, 26.4009212 ], [ 91.0680569, 26.4012322 ], [ 91.0696079, 26.4017789 ], [ 91.0714934, 26.4023736 ], [ 91.0723631, 26.4026813 ], [ 91.0742757, 26.4033254 ], [ 91.0752159, 26.4036588 ], [ 91.0756833, 26.4039233 ], [ 91.0760496, 26.4042051 ], [ 91.0763122, 26.4045222 ], [ 91.0768533, 26.4051096 ], [ 91.077747, 26.4060825 ], [ 91.07834, 26.4068716 ], [ 91.078646, 26.4073779 ], [ 91.0792454, 26.4087615 ], [ 91.07948, 26.4093605 ], [ 91.0796572, 26.4100966 ], [ 91.0796573, 26.4100966 ], [ 91.0798874, 26.4099534 ], [ 91.0802851, 26.4098123 ], [ 91.0820518, 26.4093073 ], [ 91.0827845, 26.4090911 ], [ 91.0846456, 26.4087538 ], [ 91.0862262, 26.4084671 ], [ 91.0877096, 26.4081381 ], [ 91.0890118, 26.4079225 ], [ 91.0903385, 26.4077256 ], [ 91.0908899, 26.4076256 ], [ 91.0909876, 26.4076079 ], [ 91.0909538, 26.4075312 ], [ 91.0906662, 26.4068772 ], [ 91.0901283, 26.4059542 ], [ 91.0896689, 26.4050599 ], [ 91.0894279, 26.4040471 ], [ 91.0890966, 26.4027876 ], [ 91.0889372, 26.4018376 ], [ 91.0890319, 26.4011786 ], [ 91.0896037, 26.4003141 ], [ 91.090083, 26.3996964 ], [ 91.0905182, 26.3990133 ], [ 91.0906916, 26.398383 ], [ 91.0906438, 26.3978371 ], [ 91.0905293, 26.3973989 ], [ 91.0900561, 26.3967803 ], [ 91.0894484, 26.3962495 ] ] ] } },
{ "type": "Feature", "properties": { "gpcode": "105699", "gpname": "UTTAR BETBARI", "dtname": "Barpeta", "stname": "ASSAM", "sdtname": "Barpeta", "blkname": "PAKABETBARI", "expected_mm": 15.8, "likely_min_mm": 15.7, "likely_max_mm": 15.8, "tmax_c": 32.4, "tmin_c": 24.8, "temp_c": 28.6, "rh_pct": 93.1, "wind_kph": 11.5, "heat_stress_level": "NONE", "disease_risk_flag": false, "ragi_stage": "vegetative", "paddy_stage": "vegetative", "forecast_date": "2026-09-10", "timestamp_utc": "2026-09-28T15:52:05Z" }, "geometry": { "type": "Polygon", "coordinates": [ [ [ 91.0569114, 26.4261398 ], [ 91.0567457, 26.4232952 ], [ 91.0563718, 26.4196455 ], [ 91.0563466, 26.4175753 ], [ 91.0562317, 26.4159441 ], [ 91.0562592, 26.4158559 ], [ 91.0562249, 26.4158567 ], [ 91.0542595, 26.4159027 ], [ 91.0535023, 26.4160999 ], [ 91.0529363, 26.41614 ], [ 91.0517312, 26.4161638 ], [ 91.0509093, 26.4162065 ], [ 91.050467, 26.4162276 ], [ 91.0499767, 26.4162212 ], [ 91.0493227, 26.4161649 ], [ 91.0485221, 26.4159959 ], [ 91.0481848, 26.4158505 ], [ 91.0480723, 26.415802 ], [ 91.047277, 26.4151709 ], [ 91.0465349, 26.4146284 ], [ 91.0459013, 26.4142834 ], [ 91.0456327, 26.4140766 ], [ 91.0455208, 26.4139142 ], [ 91.0454371, 26.4137929 ], [ 91.045318, 26.413473 ], [ 91.0450802, 26.4124435 ], [ 91.0449571, 26.4118161 ], [ 91.0447698, 26.4106596 ], [ 91.0446844, 26.4096807 ], [ 91.0446724, 26.4091564 ], [ 91.0446722, 26.4091481 ], [ 91.0446951, 26.40889 ], [ 91.044761, 26.4087315 ], [ 91.0449739, 26.4084292 ], [ 91.0453642, 26.4080732 ], [ 91.0459237, 26.4074386 ], [ 91.0461535, 26.4069402 ], [ 91.0462522, 26.4066357 ], [ 91.0462899, 26.4062842 ], [ 91.0462887, 26.406176 ], [ 91.0462867, 26.4059869 ], [ 91.0461178, 26.4054858 ], [ 91.0457745, 26.4049459 ], [ 91.0450973, 26.4036969 ], [ 91.0443574, 26.402395 ], [ 91.0439862, 26.4019766 ], [ 91.0438521, 26.4018255 ], [ 91.0433758, 26.4013257 ], [ 91.0432988, 26.4010951 ], [ 91.0433003, 26.4010171 ], [ 91.0425561, 26.4007718 ], [ 91.04211, 26.4006187 ], [ 91.0416425, 26.4004158 ], [ 91.0412844, 26.4002923 ], [ 91.0406077, 26.4000854 ], [ 91.0399555, 26.3998545 ], [ 91.0396223, 26.3997549 ], [ 91.0393083, 26.3996797 ], [ 91.0389648, 26.3996578 ], [ 91.0385547, 26.399656 ], [ 91.0384001, 26.3996464 ], [ 91.0382379, 26.3995502 ], [ 91.0380684, 26.3994339 ], [ 91.0378164, 26.399295 ], [ 91.0375899, 26.3991702 ], [ 91.0371663, 26.398971 ], [ 91.0370123, 26.3988961 ], [ 91.0366019, 26.3994608 ], [ 91.0360735, 26.4000624 ], [ 91.0355111, 26.400533 ], [ 91.0352239, 26.4007583 ], [ 91.034615, 26.4010886 ], [ 91.0343044, 26.4011824 ], [ 91.0341372, 26.401225 ], [ 91.0339987, 26.401204 ], [ 91.0338427, 26.4011125 ], [ 91.0334495, 26.4007811 ], [ 91.0328796, 26.4005136 ], [ 91.0324311, 26.4004632 ], [ 91.031926, 26.4004168 ], [ 91.0314768, 26.4004896 ], [ 91.0311974, 26.4005504 ], [ 91.0305863, 26.4008294 ], [ 91.0299792, 26.4011801 ], [ 91.0296227, 26.4012876 ], [ 91.0295797, 26.4013006 ], [ 91.0289174, 26.401409 ], [ 91.0281713, 26.4014719 ], [ 91.0273913, 26.4015373 ], [ 91.0267419, 26.4016652 ], [ 91.0259097, 26.4017855 ], [ 91.0243812, 26.4019342 ], [ 91.0229655, 26.4020238 ], [ 91.0220846, 26.4021066 ], [ 91.0218915, 26.402125 ], [ 91.0216667, 26.4021463 ], [ 91.0207328, 26.40212 ], [ 91.0201434, 26.4021514 ], [ 91.0192517, 26.4021117 ], [ 91.018449, 26.4021786 ], [ 91.0180659, 26.4022261 ], [ 91.0175975, 26.4022079 ], [ 91.0166534, 26.4020898 ], [ 91.0160072, 26.4019918 ], [ 91.0154853, 26.4018546 ], [ 91.0143606, 26.4014928 ], [ 91.0135261, 26.4012142 ], [ 91.0135261, 26.4012142 ], [ 91.0133938, 26.4013458 ], [ 91.0132321, 26.4014495 ], [ 91.012978, 26.4015392 ], [ 91.0127072, 26.4015687 ], [ 91.0121824, 26.4016877 ], [ 91.011433, 26.4018431 ], [ 91.0109012, 26.402014 ], [ 91.010125, 26.4022535 ], [ 91.0098718, 26.4023533 ], [ 91.0092272, 26.4027771 ], [ 91.0093223, 26.4028435 ], [ 91.0095299, 26.4030712 ], [ 91.0096336, 26.4033122 ], [ 91.0099172, 26.4040373 ], [ 91.0103153, 26.4051269 ], [ 91.0107852, 26.4064102 ], [ 91.011388, 26.4076345 ], [ 91.0115831, 26.4082913 ], [ 91.0116227, 26.4093814 ], [ 91.0111697, 26.410829 ], [ 91.0108595, 26.4115198 ], [ 91.0101183, 26.4125895 ], [ 91.0036139, 26.4219763 ], [ 91.003598, 26.4219992 ], [ 91.0022908, 26.4242566 ], [ 91.0022908, 26.4242568 ], [ 91.0022892, 26.4242747 ], [ 91.0022617, 26.4245893 ], [ 91.0022363, 26.4248798 ], [ 91.002416, 26.4266307 ], [ 91.0027857, 26.4270765 ], [ 91.0033236, 26.4272373 ], [ 91.0040427, 26.4272612 ], [ 91.0045908, 26.4272225 ], [ 91.0053684, 26.426969 ], [ 91.0066474, 26.4264567 ], [ 91.0074272, 26.4262278 ], [ 91.0082349, 26.42632 ], [ 91.0088948, 26.4262983 ], [ 91.010039, 26.4258202 ], [ 91.0116294, 26.4255369 ], [ 91.0134447, 26.4254834 ], [ 91.0172688, 26.4250646 ], [ 91.0216784, 26.4251024 ], [ 91.0268232, 26.4256581 ], [ 91.0272023, 26.4257334 ], [ 91.027275, 26.4257479 ], [ 91.0294049, 26.4261712 ], [ 91.0315942, 26.4266127 ], [ 91.0334041, 26.4271306 ], [ 91.0358387, 26.4278528 ], [ 91.0362336, 26.4279772 ], [ 91.0363266, 26.4280065 ], [ 91.0369368, 26.4281988 ], [ 91.0377929, 26.4282128 ], [ 91.0382431, 26.4276842 ], [ 91.0387562, 26.4269276 ], [ 91.0390877, 26.4259852 ], [ 91.0393359, 26.4256696 ], [ 91.0396678, 26.4256461 ], [ 91.0398293, 26.4256347 ], [ 91.0398547, 26.425644 ], [ 91.040171, 26.4257596 ], [ 91.0422261, 26.4265582 ], [ 91.0436482, 26.4270537 ], [ 91.0461036, 26.4276997 ], [ 91.0470823, 26.427854 ], [ 91.0493352, 26.4281167 ], [ 91.0528633, 26.4284134 ], [ 91.0553903, 26.4286722 ], [ 91.0554626, 26.4286796 ], [ 91.0565919, 26.4287953 ], [ 91.0568385, 26.4287778 ], [ 91.0570276, 26.4284167 ], [ 91.0570392, 26.4279191 ], [ 91.0569114, 26.4261398 ] ] ] } },
{ "type": "Feature", "properties": { "gpcode": "105700", "gpname": "UTTAR PUB BETBARI", "dtname": "Barpeta", "stname": "ASSAM", "sdtname": "Barpeta", "blkname": "PAKABETBARI", "expected_mm": 15.4, "likely_min_mm": 15.0, "likely_max_mm": 15.6, "tmax_c": 32.3, "tmin_c": 24.7, "temp_c": 28.5, "rh_pct": 93.2, "wind_kph": 11.5, "heat_stress_level": "NONE", "disease_risk_flag": false, "ragi_stage": "vegetative", "paddy_stage": "vegetative", "forecast_date": "2026-09-10", "timestamp_utc": "2026-09-28T15:52:05Z" }, "geometry": { "type": "Polygon", "coordinates": [ [ [ 91.0919173, 26.418106 ], [ 91.0927098, 26.4180249 ], [ 91.0935175, 26.4181165 ], [ 91.0940512, 26.4182277 ], [ 91.0944961, 26.4182706 ], [ 91.0947133, 26.4182303 ], [ 91.0953111, 26.4178153 ], [ 91.0953659, 26.4177878 ], [ 91.0954651, 26.4177381 ], [ 91.0952903, 26.4175171 ], [ 91.0952983, 26.4171733 ], [ 91.095618, 26.4169103 ], [ 91.0965238, 26.4168116 ], [ 91.097272, 26.4166554 ], [ 91.0980312, 26.4161895 ], [ 91.0983013, 26.4157927 ], [ 91.0984108, 26.4153043 ], [ 91.0981906, 26.4145303 ], [ 91.0974841, 26.4138596 ], [ 91.096697, 26.4135723 ], [ 91.0958282, 26.413222 ], [ 91.0955392, 26.4129679 ], [ 91.0954675, 26.4121491 ], [ 91.0955912, 26.4118086 ], [ 91.0955452, 26.4108218 ], [ 91.0952672, 26.4102579 ], [ 91.094786, 26.4099831 ], [ 91.093953, 26.4100423 ], [ 91.092873, 26.4103251 ], [ 91.0923719, 26.4102577 ], [ 91.091803, 26.4098518 ], [ 91.0913208, 26.4091308 ], [ 91.0911414, 26.4083883 ], [ 91.0910469, 26.4077427 ], [ 91.0909876, 26.4076079 ], [ 91.0908899, 26.4076256 ], [ 91.0903385, 26.4077256 ], [ 91.0890118, 26.4079225 ], [ 91.0877096, 26.4081381 ], [ 91.0862262, 26.4084671 ], [ 91.0846456, 26.4087538 ], [ 91.0827845, 26.4090911 ], [ 91.0820518, 26.4093073 ], [ 91.0802851, 26.4098123 ], [ 91.0798874, 26.4099534 ], [ 91.0796573, 26.4100966 ], [ 91.0796572, 26.4100966 ], [ 91.07948, 26.4093605 ], [ 91.0792454, 26.4087615 ], [ 91.078646, 26.4073779 ], [ 91.07834, 26.4068716 ], [ 91.077747, 26.4060825 ], [ 91.0768533, 26.4051096 ], [ 91.0763122, 26.4045222 ], [ 91.0760496, 26.4042051 ], [ 91.0756833, 26.4039233 ], [ 91.0752159, 26.4036588 ], [ 91.0742757, 26.4033254 ], [ 91.0723631, 26.4026813 ], [ 91.0714934, 26.4023736 ], [ 91.0696079, 26.4017789 ], [ 91.0680569, 26.4012322 ], [ 91.0671831, 26.4009212 ], [ 91.0671691, 26.400876 ], [ 91.0668965, 26.399972 ], [ 91.0668437, 26.3988868 ], [ 91.0668435, 26.3988832 ], [ 91.0658565, 26.3989339 ], [ 91.0649642, 26.3990177 ], [ 91.063679, 26.3990369 ], [ 91.0621592, 26.3990412 ], [ 91.0608333, 26.3991146 ], [ 91.06051, 26.3991643 ], [ 91.0602151, 26.3992097 ], [ 91.0598924, 26.3992942 ], [ 91.0594475, 26.3992966 ], [ 91.0591069, 26.3992985 ], [ 91.0586432, 26.3994431 ], [ 91.0582396, 26.3996461 ], [ 91.0578706, 26.3997235 ], [ 91.0573934, 26.399822 ], [ 91.0568321, 26.3998278 ], [ 91.0556371, 26.4000971 ], [ 91.0548305, 26.40038 ], [ 91.0539656, 26.4007387 ], [ 91.0525689, 26.4011762 ], [ 91.0525026, 26.4011953 ], [ 91.0517691, 26.4014072 ], [ 91.0511993, 26.401663 ], [ 91.0507679, 26.4019397 ], [ 91.0500271, 26.4024539 ], [ 91.0488036, 26.40331 ], [ 91.0484634, 26.4034571 ], [ 91.048184, 26.4035179 ], [ 91.0480369, 26.4035283 ], [ 91.0477956, 26.4035044 ], [ 91.0472825, 26.4033663 ], [ 91.0467405, 26.4031584 ], [ 91.0458219, 26.4026796 ], [ 91.0448154, 26.4022379 ], [ 91.0439862, 26.4019766 ], [ 91.0443574, 26.402395 ], [ 91.0450973, 26.4036969 ], [ 91.0457745, 26.4049459 ], [ 91.0461178, 26.4054858 ], [ 91.0462867, 26.4059869 ], [ 91.0462887, 26.406176 ], [ 91.0462899, 26.4062842 ], [ 91.0462522, 26.4066357 ], [ 91.0461535, 26.4069402 ], [ 91.0459237, 26.4074386 ], [ 91.0453642, 26.4080732 ], [ 91.0449739, 26.4084292 ], [ 91.044761, 26.4087315 ], [ 91.0446951, 26.40889 ], [ 91.0446722, 26.4091481 ], [ 91.0446724, 26.4091564 ], [ 91.0446844, 26.4096807 ], [ 91.0447698, 26.4106596 ], [ 91.0449571, 26.4118161 ], [ 91.0450802, 26.4124435 ], [ 91.045318, 26.413473 ], [ 91.0454371, 26.4137929 ], [ 91.0455208, 26.4139142 ], [ 91.0456327, 26.4140766 ], [ 91.0459013, 26.4142834 ], [ 91.0465349, 26.4146284 ], [ 91.047277, 26.4151709 ], [ 91.0480723, 26.415802 ], [ 91.0481848, 26.4158505 ], [ 91.0485221, 26.4159959 ], [ 91.0493227, 26.4161649 ], [ 91.0499767, 26.4162212 ], [ 91.050467, 26.4162276 ], [ 91.0509093, 26.4162065 ], [ 91.0517312, 26.4161638 ], [ 91.0529363, 26.41614 ], [ 91.0535023, 26.4160999 ], [ 91.0542595, 26.4159027 ], [ 91.0562249, 26.4158567 ], [ 91.0562592, 26.4158559 ], [ 91.0562885, 26.4157625 ], [ 91.0563825, 26.4154614 ], [ 91.0568478, 26.4151056 ], [ 91.0574824, 26.4151104 ], [ 91.0582223, 26.415058 ], [ 91.0589349, 26.4150075 ], [ 91.059361, 26.4151511 ], [ 91.0598672, 26.4152644 ], [ 91.0605797, 26.4152139 ], [ 91.0617646, 26.4152045 ], [ 91.0622326, 26.4151962 ], [ 91.0624851, 26.4153015 ], [ 91.0625504, 26.4153288 ], [ 91.0626905, 26.4153872 ], [ 91.0636553, 26.4160144 ], [ 91.0654311, 26.4174037 ], [ 91.0669172, 26.4183168 ], [ 91.0682534, 26.4190914 ], [ 91.0686839, 26.4192845 ], [ 91.0701773, 26.4196505 ], [ 91.0712381, 26.4197989 ], [ 91.0716254, 26.4199088 ], [ 91.0717041, 26.4199311 ], [ 91.0727086, 26.4202163 ], [ 91.0732869, 26.420523 ], [ 91.0732916, 26.4205293 ], [ 91.0732934, 26.4205317 ], [ 91.0733066, 26.4205496 ], [ 91.0737246, 26.4211129 ], [ 91.073992, 26.4219633 ], [ 91.0741902, 26.4229676 ], [ 91.0745665, 26.4234875 ], [ 91.0749235, 26.423785 ], [ 91.0755314, 26.4241144 ], [ 91.0763435, 26.4242555 ], [ 91.0778056, 26.4243952 ], [ 91.0783372, 26.4244816 ], [ 91.0787591, 26.4245759 ], [ 91.07946, 26.4250229 ], [ 91.0802302, 26.4253161 ], [ 91.0812933, 26.425489 ], [ 91.0821832, 26.4255749 ], [ 91.0832607, 26.4255978 ], [ 91.0839314, 26.4256992 ], [ 91.084817, 26.4257357 ], [ 91.085601, 26.4255559 ], [ 91.086644, 26.4251838 ], [ 91.0879436, 26.4245947 ], [ 91.0881882, 26.4243231 ], [ 91.0882522, 26.4242521 ], [ 91.0889238, 26.4235067 ], [ 91.0900302, 26.4222856 ], [ 91.0901581, 26.421634 ], [ 91.0905693, 26.4206609 ], [ 91.0907474, 26.4201763 ], [ 91.090979, 26.4190421 ], [ 91.0912184, 26.4186277 ], [ 91.0919173, 26.418106 ] ] ] } },
{ "type": "Feature", "properties": { "gpcode": "105701", "gpname": "HALDIA", "dtname": "Barpeta", "stname": "ASSAM", "sdtname": "Kalgachia", "blkname": "RUPOSHI", "expected_mm": 18.0, "likely_min_mm": 17.9, "likely_max_mm": 18.0, "tmax_c": 32.5, "tmin_c": 25.2, "temp_c": 28.9, "rh_pct": 92.7, "wind_kph": 11.4, "heat_stress_level": "NONE", "disease_risk_flag": false, "ragi_stage": "vegetative", "paddy_stage": "vegetative", "forecast_date": "2026-09-10", "timestamp_utc": "2026-09-28T15:52:05Z" }, "geometry": { "type": "MultiPolygon", "coordinates": [ [ [ [ 90.8969356, 26.4174029 ], [ 90.896677, 26.4126622 ], [ 90.896692, 26.4126612 ], [ 90.8965356, 26.4108444 ], [ 90.8964229, 26.409535 ], [ 90.8961622, 26.4086311 ], [ 90.8959883, 26.4076717 ], [ 90.8930736, 26.4065249 ], [ 90.8915462, 26.4059706 ], [ 90.8890836, 26.4050989 ], [ 90.8834394, 26.403253 ], [ 90.8815127, 26.4033873 ], [ 90.8791024, 26.4038516 ], [ 90.8759289, 26.4047972 ], [ 90.8741133, 26.4050106 ], [ 90.8738654, 26.4050397 ], [ 90.87306, 26.4050299 ], [ 90.8721425, 26.4045669 ], [ 90.8704196, 26.403666 ], [ 90.8703927, 26.4036428 ], [ 90.8694222, 26.4028051 ], [ 90.8677942, 26.4015188 ], [ 90.8662306, 26.4003433 ], [ 90.8644655, 26.3989512 ], [ 90.8639186, 26.3982236 ], [ 90.8623525, 26.3978715 ], [ 90.8623472, 26.3978562 ], [ 90.8612257, 26.3980569 ], [ 90.8608189, 26.398217 ], [ 90.8606261, 26.3987408 ], [ 90.8604463, 26.4002682 ], [ 90.8601424, 26.4026934 ], [ 90.8597129, 26.406214 ], [ 90.8596285, 26.4086403 ], [ 90.8603852, 26.4131981 ], [ 90.8609259, 26.4152433 ], [ 90.8610165, 26.4152577 ], [ 90.8610272, 26.4152594 ], [ 90.8618204, 26.415598 ], [ 90.8624883, 26.4157485 ], [ 90.862659, 26.4157463 ], [ 90.8627411, 26.4157452 ], [ 90.8633607, 26.4157371 ], [ 90.864183, 26.4157783 ], [ 90.8655395, 26.4156839 ], [ 90.8661907, 26.4156386 ], [ 90.8667665, 26.4153524 ], [ 90.8669415, 26.4148479 ], [ 90.8668411, 26.4143134 ], [ 90.8667865, 26.4136772 ], [ 90.8670659, 26.4131162 ], [ 90.8680925, 26.4129956 ], [ 90.8713649, 26.4129646 ], [ 90.8725839, 26.4131752 ], [ 90.873537, 26.413504 ], [ 90.8736289, 26.4135357 ], [ 90.8736527, 26.4135439 ], [ 90.8744585, 26.4140292 ], [ 90.8761745, 26.4149436 ], [ 90.8761759, 26.4149478 ], [ 90.8761951, 26.4150069 ], [ 90.8764715, 26.4158582 ], [ 90.876739, 26.4164304 ], [ 90.8764054, 26.4169952 ], [ 90.8756378, 26.4175901 ], [ 90.8746821, 26.4179029 ], [ 90.8743817, 26.4182191 ], [ 90.8743485, 26.4184676 ], [ 90.8752128, 26.4189982 ], [ 90.8761063, 26.4192313 ], [ 90.8769285, 26.4192725 ], [ 90.8770156, 26.41928 ], [ 90.8770988, 26.4192871 ], [ 90.8781934, 26.4193813 ], [ 90.8792328, 26.4194074 ], [ 90.880051, 26.4193996 ], [ 90.8814701, 26.4193992 ], [ 90.8890756, 26.4196075 ], [ 90.8914299, 26.4196895 ], [ 90.8933333, 26.4196059 ], [ 90.8947525, 26.4196054 ], [ 90.8952176, 26.419584 ], [ 90.895265, 26.4195819 ], [ 90.8967693, 26.4195127 ], [ 90.8969356, 26.4174029 ] ] ], [ [ [ 90.8588724, 26.4488842 ], [ 90.8597536, 26.4493591 ], [ 90.8602465, 26.4502077 ], [ 90.8611063, 26.4508417 ], [ 90.8626007, 26.451526 ], [ 90.863337, 26.4515379 ], [ 90.8643009, 26.4513447 ], [ 90.864714, 26.4510236 ], [ 90.8655483, 26.450375 ], [ 90.8674029, 26.4483225 ], [ 90.8697828, 26.4470848 ], [ 90.8716175, 26.4455749 ], [ 90.8701568, 26.4449461 ], [ 90.8673245, 26.4431566 ], [ 90.8657979, 26.4418911 ], [ 90.8639, 26.4390982 ], [ 90.8645333, 26.4386423 ], [ 90.8648883, 26.4383216 ], [ 90.867352, 26.436096 ], [ 90.8673297, 26.4360147 ], [ 90.8672898, 26.4358691 ], [ 90.8668774, 26.4355511 ], [ 90.8654544, 26.4354189 ], [ 90.8632825, 26.4355314 ], [ 90.8618308, 26.4345545 ], [ 90.8618307, 26.4345545 ], [ 90.8594296, 26.4340947 ], [ 90.8584772, 26.4353897 ], [ 90.8560442, 26.4386976 ], [ 90.8551868, 26.4395549 ], [ 90.8517726, 26.4411835 ], [ 90.8514259, 26.4413937 ], [ 90.8492957, 26.4426858 ], [ 90.8481075, 26.4431142 ], [ 90.8469757, 26.4435724 ], [ 90.8463647, 26.4465526 ], [ 90.8470808, 26.4492901 ], [ 90.8471074, 26.4493919 ], [ 90.8477226, 26.4500812 ], [ 90.8478913, 26.4501826 ], [ 90.8489857, 26.450841 ], [ 90.8512826, 26.4516832 ], [ 90.852961, 26.4517978 ], [ 90.8539619, 26.4514971 ], [ 90.8557183, 26.4500266 ], [ 90.8573651, 26.4492728 ], [ 90.8588724, 26.4488842 ] ] ] ] } },
{ "type": "Feature", "properties": { "gpcode": "105702", "gpname": "GUILEZA", "dtname": "Barpeta", "stname": "ASSAM", "sdtname": "Kalgachia", "blkname": "RUPOSHI", "expected_mm": 17.6, "likely_min_mm": 17.6, "likely_max_mm": 17.6, "tmax_c": 32.5, "tmin_c": 25.1, "temp_c": 28.8, "rh_pct": 92.8, "wind_kph": 11.4, "heat_stress_level": "NONE", "disease_risk_flag": false, "ragi_stage": "vegetative", "paddy_stage": "vegetative", "forecast_date": "2026-09-10", "timestamp_utc": "2026-09-28T15:52:05Z" }, "geometry": { "type": "Polygon", "coordinates": [ [ [ 90.9037597, 26.436275 ], [ 90.9043588, 26.4362078 ], [ 90.9043626, 26.4361626 ], [ 90.9043885, 26.4358528 ], [ 90.9042433, 26.4349799 ], [ 90.9040258, 26.4340806 ], [ 90.9039796, 26.4331378 ], [ 90.9040512, 26.4323566 ], [ 90.9040698, 26.4321539 ], [ 90.9043422, 26.431252 ], [ 90.9077518, 26.4272111 ], [ 90.9078142, 26.4271372 ], [ 90.9078161, 26.4274072 ], [ 90.9084177, 26.4280544 ], [ 90.9091316, 26.4281031 ], [ 90.9098744, 26.4278543 ], [ 90.9126957, 26.4270172 ], [ 90.9138188, 26.4273817 ], [ 90.9150507, 26.4277387 ], [ 90.9163325, 26.428043 ], [ 90.9173183, 26.4287125 ], [ 90.9179405, 26.4289643 ], [ 90.9185197, 26.4289713 ], [ 90.9185416, 26.4289716 ], [ 90.9189879, 26.4284481 ], [ 90.919551, 26.4280149 ], [ 90.9204192, 26.4279542 ], [ 90.9212875, 26.4278935 ], [ 90.9220555, 26.4279382 ], [ 90.9230281, 26.4278209 ], [ 90.9244764, 26.4275227 ], [ 90.9248428, 26.4267094 ], [ 90.9254814, 26.4256504 ], [ 90.9258665, 26.4252744 ], [ 90.9264753, 26.4254198 ], [ 90.9275458, 26.4267676 ], [ 90.9278976, 26.4273874 ], [ 90.9284494, 26.4275635 ], [ 90.9288324, 26.4275098 ], [ 90.9292767, 26.4271298 ], [ 90.9292392, 26.4260049 ], [ 90.9281503, 26.4244435 ], [ 90.9268533, 26.4221986 ], [ 90.9268353, 26.4213389 ], [ 90.9268343, 26.4212872 ], [ 90.9268304, 26.4212428 ], [ 90.9267537, 26.4203532 ], [ 90.9271636, 26.4199219 ], [ 90.9278683, 26.420141 ], [ 90.9282703, 26.4209988 ], [ 90.9287995, 26.421257 ], [ 90.9292026, 26.4207456 ], [ 90.9296054, 26.4198852 ], [ 90.9295748, 26.4188404 ], [ 90.929483, 26.4181219 ], [ 90.9288942, 26.4175188 ], [ 90.9275531, 26.4168341 ], [ 90.9263423, 26.4166235 ], [ 90.9258658, 26.41663 ], [ 90.9255128, 26.4170306 ], [ 90.9250916, 26.4176775 ], [ 90.9241116, 26.4180682 ], [ 90.9235824, 26.4178099 ], [ 90.9233813, 26.4170877 ], [ 90.9233491, 26.4169722 ], [ 90.9236679, 26.4163812 ], [ 90.9243878, 26.4157402 ], [ 90.9244013, 26.415727 ], [ 90.9244997, 26.4156315 ], [ 90.925103, 26.4150458 ], [ 90.9261263, 26.412048 ], [ 90.9258746, 26.4108575 ], [ 90.9258722, 26.4108473 ], [ 90.925853, 26.4107626 ], [ 90.9256823, 26.4100119 ], [ 90.9251074, 26.4095688 ], [ 90.9243301, 26.4095427 ], [ 90.9236689, 26.4094816 ], [ 90.9233562, 26.4089665 ], [ 90.9234945, 26.4081515 ], [ 90.9239272, 26.407638 ], [ 90.9251114, 26.4061591 ], [ 90.9252089, 26.4055617 ], [ 90.9249667, 26.4048269 ], [ 90.9240109, 26.4041152 ], [ 90.9238442, 26.4040312 ], [ 90.9237816, 26.4041252 ], [ 90.9230132, 26.4037377 ], [ 90.922329, 26.4034097 ], [ 90.9221394, 26.4029397 ], [ 90.9223716, 26.4025208 ], [ 90.9227542, 26.4021182 ], [ 90.9232559, 26.4015021 ], [ 90.9216616, 26.4012099 ], [ 90.917962, 26.4011393 ], [ 90.9125514, 26.4015834 ], [ 90.9111701, 26.4016799 ], [ 90.9107689, 26.3999954 ], [ 90.9105158, 26.3967101 ], [ 90.9103995, 26.3951999 ], [ 90.9102244, 26.3951358 ], [ 90.9093724, 26.3948237 ], [ 90.9090637, 26.3947593 ], [ 90.9066542, 26.3942562 ], [ 90.9006983, 26.3943099 ], [ 90.8956923, 26.394607 ], [ 90.8940932, 26.3947019 ], [ 90.894089, 26.3947593 ], [ 90.8940856, 26.3948043 ], [ 90.8940405, 26.3951358 ], [ 90.8938139, 26.3968009 ], [ 90.893167, 26.4015537 ], [ 90.8928161, 26.4038506 ], [ 90.8916484, 26.4060068 ], [ 90.8915462, 26.4059706 ], [ 90.8930736, 26.4065249 ], [ 90.8959883, 26.4076717 ], [ 90.8961622, 26.4086311 ], [ 90.8964229, 26.409535 ], [ 90.8965356, 26.4108444 ], [ 90.896692, 26.4126612 ], [ 90.896677, 26.4126622 ], [ 90.8969356, 26.4174029 ], [ 90.8967693, 26.4195127 ], [ 90.895265, 26.4195819 ], [ 90.8952176, 26.419584 ], [ 90.8947525, 26.4196054 ], [ 90.8933333, 26.4196059 ], [ 90.8914299, 26.4196895 ], [ 90.8890756, 26.4196075 ], [ 90.8814701, 26.4193992 ], [ 90.880051, 26.4193996 ], [ 90.8792328, 26.4194074 ], [ 90.8781934, 26.4193813 ], [ 90.8770988, 26.4192871 ], [ 90.8770156, 26.41928 ], [ 90.8769285, 26.4192725 ], [ 90.8761063, 26.4192313 ], [ 90.8752128, 26.4189982 ], [ 90.8743485, 26.4184676 ], [ 90.8743817, 26.4182191 ], [ 90.8746821, 26.4179029 ], [ 90.8756378, 26.4175901 ], [ 90.8764054, 26.4169952 ], [ 90.876739, 26.4164304 ], [ 90.8764715, 26.4158582 ], [ 90.8761951, 26.4150069 ], [ 90.8761759, 26.4149478 ], [ 90.8761745, 26.4149436 ], [ 90.8744585, 26.4140292 ], [ 90.8736527, 26.4135439 ], [ 90.8736289, 26.4135357 ], [ 90.873537, 26.413504 ], [ 90.8725839, 26.4131752 ], [ 90.8713649, 26.4129646 ], [ 90.8680925, 26.4129956 ], [ 90.8670659, 26.4131162 ], [ 90.8667865, 26.4136772 ], [ 90.8668411, 26.4143134 ], [ 90.8669415, 26.4148479 ], [ 90.8667665, 26.4153524 ], [ 90.8661907, 26.4156386 ], [ 90.8655395, 26.4156839 ], [ 90.864183, 26.4157783 ], [ 90.8633607, 26.4157371 ], [ 90.8627411, 26.4157452 ], [ 90.862659, 26.4157463 ], [ 90.862679, 26.415839 ], [ 90.8626927, 26.4159023 ], [ 90.8632885, 26.4186557 ], [ 90.8632399, 26.4195838 ], [ 90.8631376, 26.4206436 ], [ 90.862928, 26.4228152 ], [ 90.8627643, 26.42451 ], [ 90.8625889, 26.4274503 ], [ 90.8623025, 26.4310919 ], [ 90.862254, 26.4322248 ], [ 90.8622313, 26.4327536 ], [ 90.8618296, 26.4345537 ], [ 90.8618308, 26.4345545 ], [ 90.8632825, 26.4355314 ], [ 90.8654544, 26.4354189 ], [ 90.8668774, 26.4355511 ], [ 90.8672898, 26.4358691 ], [ 90.8673297, 26.4360147 ], [ 90.8686378, 26.435995 ], [ 90.8703727, 26.4360162 ], [ 90.8727381, 26.4360408 ], [ 90.8733484, 26.435809 ], [ 90.8737497, 26.434977 ], [ 90.873974, 26.4339208 ], [ 90.873938116386881, 26.433697302064189 ], [ 90.8753353, 26.4338733 ], [ 90.8769217, 26.4339993 ], [ 90.8786393, 26.4339268 ], [ 90.8786393, 26.4339267 ], [ 90.8786992, 26.4327029 ], [ 90.878968, 26.4321639 ], [ 90.8799878, 26.431809 ], [ 90.8813851, 26.4315697 ], [ 90.8824733, 26.4313994 ], [ 90.8844891, 26.4310224 ], [ 90.8859229, 26.4312063 ], [ 90.8865817, 26.4315387 ], [ 90.8879352, 26.4320119 ], [ 90.8889032, 26.4322756 ], [ 90.8900157, 26.4323872 ], [ 90.8910238, 26.4325061 ], [ 90.8922123, 26.4322814 ], [ 90.8935052, 26.4320493 ], [ 90.8945611, 26.4316309 ], [ 90.8945772, 26.4316907 ], [ 90.8952307, 26.4333115 ], [ 90.8952449, 26.433347 ], [ 90.8958362, 26.4347248 ], [ 90.8955117, 26.4358353 ], [ 90.8961385, 26.4364065 ], [ 90.8969581, 26.436775 ], [ 90.8981617, 26.4367288 ], [ 90.8989881, 26.4368548 ], [ 90.8990132, 26.4368586 ], [ 90.8993987, 26.4368633 ], [ 90.9006703, 26.4365852 ], [ 90.901567, 26.4364281 ], [ 90.9023144, 26.436975 ], [ 90.9026972, 26.4369483 ], [ 90.903021, 26.4366419 ], [ 90.9037597, 26.436275 ] ], [ [ 90.8739381, 26.4336973 ], [ 90.8739381, 26.4336972 ], [ 90.873938116386881, 26.433697302064189 ], [ 90.8739381, 26.4336973 ] ] ] } },
{ "type": "Feature", "properties": { "gpcode": "105703", "gpname": "LACHANGA", "dtname": "Barpeta", "stname": "ASSAM", "sdtname": "Kalgachia", "blkname": "RUPOSHI", "expected_mm": 18.2, "likely_min_mm": 18.2, "likely_max_mm": 18.2, "tmax_c": 32.4, "tmin_c": 25.1, "temp_c": 28.8, "rh_pct": 93.3, "wind_kph": 11.5, "heat_stress_level": "NONE", "disease_risk_flag": false, "ragi_stage": "vegetative", "paddy_stage": "vegetative", "forecast_date": "2026-09-10", "timestamp_utc": "2026-09-28T15:52:05Z" }, "geometry": { "type": "Polygon", "coordinates": [ [ [ 90.8928161, 26.4038506 ], [ 90.893167, 26.4015537 ], [ 90.8938139, 26.3968009 ], [ 90.8940405, 26.3951358 ], [ 90.8940856, 26.3948043 ], [ 90.894089, 26.3947593 ], [ 90.8940932, 26.3947019 ], [ 90.8956923, 26.394607 ], [ 90.9006983, 26.3943099 ], [ 90.9066542, 26.3942562 ], [ 90.9090637, 26.3947593 ], [ 90.9093724, 26.3948237 ], [ 90.9102244, 26.3951358 ], [ 90.9103995, 26.3951999 ], [ 90.9105158, 26.3967101 ], [ 90.9107689, 26.3999954 ], [ 90.9111701, 26.4016799 ], [ 90.9125514, 26.4015834 ], [ 90.917962, 26.4011393 ], [ 90.9216616, 26.4012099 ], [ 90.9232559, 26.4015021 ], [ 90.9236265, 26.4011712 ], [ 90.9238926, 26.4004546 ], [ 90.9242817, 26.399783 ], [ 90.9248284, 26.3992079 ], [ 90.9256462, 26.3986674 ], [ 90.9264944, 26.3988228 ], [ 90.9272673, 26.3991446 ], [ 90.9278436, 26.3985673 ], [ 90.9278657, 26.3977872 ], [ 90.9270054, 26.3968004 ], [ 90.92685, 26.3963817 ], [ 90.9266878, 26.395883 ], [ 90.9265937, 26.3951378 ], [ 90.9265945, 26.3951358 ], [ 90.9267482, 26.3947593 ], [ 90.9268643, 26.3944746 ], [ 90.9274451, 26.3939507 ], [ 90.9279693, 26.3938066 ], [ 90.9285915, 26.3937631 ], [ 90.9291545, 26.3937237 ], [ 90.9295097, 26.3933499 ], [ 90.9294225, 26.3926848 ], [ 90.9297455, 26.3919373 ], [ 90.9301012, 26.3918841 ], [ 90.9301975, 26.3918698 ], [ 90.930164, 26.3917902 ], [ 90.9304852, 26.3917422 ], [ 90.9312326, 26.3914215 ], [ 90.9316309, 26.3908566 ], [ 90.9317423, 26.3904193 ], [ 90.9321794, 26.3899591 ], [ 90.9326739, 26.3898171 ], [ 90.9332115, 26.3894842 ], [ 90.9332955, 26.3890755 ], [ 90.9327846, 26.3886818 ], [ 90.9321278, 26.388325 ], [ 90.9316739, 26.3879005 ], [ 90.9321726, 26.3874629 ], [ 90.9326717, 26.3873741 ], [ 90.9332346, 26.3873347 ], [ 90.9338272, 26.3872932 ], [ 90.9342828, 26.3870466 ], [ 90.9341982, 26.3867572 ], [ 90.9337055, 26.3862279 ], [ 90.9324331, 26.3856459 ], [ 90.9318527, 26.3851559 ], [ 90.9317285, 26.3851981 ], [ 90.9295587, 26.3859361 ], [ 90.925223, 26.3869641 ], [ 90.9206807, 26.3876406 ], [ 90.9168834, 26.3882061 ], [ 90.910241, 26.3896255 ], [ 90.9093201, 26.3882737 ], [ 90.9090951, 26.3873285 ], [ 90.908919, 26.3865893 ], [ 90.9096002, 26.3851584 ], [ 90.9107754, 26.3826721 ], [ 90.9115205, 26.3807099 ], [ 90.9117153, 26.3795766 ], [ 90.9118243, 26.379569 ], [ 90.9125051, 26.3784018 ], [ 90.9125251, 26.3783673 ], [ 90.9148019, 26.3759357 ], [ 90.9164372, 26.374656 ], [ 90.9177132, 26.3736573 ], [ 90.9217397, 26.3717581 ], [ 90.9218342, 26.3717135 ], [ 90.9218026, 26.3716641 ], [ 90.9209239, 26.3703969 ], [ 90.9199741, 26.3683693 ], [ 90.9194161, 26.3660458 ], [ 90.9194274, 26.3642568 ], [ 90.9194278, 26.3641871 ], [ 90.9194283, 26.3641119 ], [ 90.9185088, 26.3638617 ], [ 90.9183296, 26.363813 ], [ 90.9161879, 26.3637702 ], [ 90.9161206, 26.3637688 ], [ 90.91415, 26.3637294 ], [ 90.9054172, 26.3633733 ], [ 90.9003505, 26.3639513 ], [ 90.9002876, 26.3640451 ], [ 90.893879, 26.3639274 ], [ 90.8923979, 26.3640308 ], [ 90.8928006, 26.3655373 ], [ 90.8935067, 26.3678386 ], [ 90.8903704, 26.3681901 ], [ 90.8888889, 26.3683924 ], [ 90.887573, 26.3700978 ], [ 90.886699, 26.3718384 ], [ 90.8867752, 26.3731504 ], [ 90.8874076, 26.3741273 ], [ 90.8883668, 26.3746532 ], [ 90.8914901, 26.3752586 ], [ 90.8927514, 26.3758951 ], [ 90.8928441, 26.3765473 ], [ 90.8927243, 26.3772802 ], [ 90.8920671, 26.3781069 ], [ 90.8920314, 26.3781519 ], [ 90.8913498, 26.3791544 ], [ 90.8901841, 26.3802238 ], [ 90.8891445, 26.3802963 ], [ 90.8882608, 26.3797981 ], [ 90.8860847, 26.3783032 ], [ 90.8838087, 26.3777703 ], [ 90.8819358, 26.3785266 ], [ 90.8793868, 26.3792445 ], [ 90.8784929, 26.3793067 ], [ 90.878562, 26.3801119 ], [ 90.8790237, 26.3808044 ], [ 90.8802798, 26.3822317 ], [ 90.8790077, 26.3823203 ], [ 90.8768269, 26.3824723 ], [ 90.8755851, 26.3816367 ], [ 90.8736471, 26.3807838 ], [ 90.8719414, 26.3800792 ], [ 90.8706188, 26.3800066 ], [ 90.8692332, 26.3802265 ], [ 90.8694174, 26.3817699 ], [ 90.8694401, 26.3824599 ], [ 90.8694487, 26.3829862 ], [ 90.869411, 26.3830573 ], [ 90.8693103, 26.3830876 ], [ 90.8692086, 26.3830647 ], [ 90.8691156, 26.3829929 ], [ 90.8689593, 26.3828226 ], [ 90.8685232, 26.382853 ], [ 90.8681712, 26.3834373 ], [ 90.8685125, 26.3840064 ], [ 90.868946, 26.3843714 ], [ 90.8688681, 26.3851672 ], [ 90.868175, 26.3860388 ], [ 90.8680076, 26.3870714 ], [ 90.8673095, 26.3891617 ], [ 90.8661759, 26.392995 ], [ 90.8656517, 26.3947593 ], [ 90.8655399, 26.3951358 ], [ 90.8654666, 26.3953825 ], [ 90.864388, 26.3973017 ], [ 90.8639186, 26.3982236 ], [ 90.8644655, 26.3989512 ], [ 90.8662306, 26.4003433 ], [ 90.8677942, 26.4015188 ], [ 90.8694222, 26.4028051 ], [ 90.8703927, 26.4036428 ], [ 90.8704196, 26.403666 ], [ 90.8721425, 26.4045669 ], [ 90.87306, 26.4050299 ], [ 90.8738654, 26.4050397 ], [ 90.8741133, 26.4050106 ], [ 90.8759289, 26.4047972 ], [ 90.8791024, 26.4038516 ], [ 90.8815127, 26.4033873 ], [ 90.8834394, 26.403253 ], [ 90.8890836, 26.4050989 ], [ 90.8915462, 26.4059706 ], [ 90.8916484, 26.4060068 ], [ 90.8928161, 26.4038506 ] ] ] } },
{ "type": "Feature", "properties": { "gpcode": "105704", "gpname": "BALAIPATHAR", "dtname": "Barpeta", "stname": "ASSAM", "sdtname": "Kalgachia", "blkname": "RUPOSHI", "expected_mm": 18.9, "likely_min_mm": 18.9, "likely_max_mm": 18.9, "tmax_c": 32.4, "tmin_c": 25.2, "temp_c": 28.8, "rh_pct": 93.5, "wind_kph": 11.5, "heat_stress_level": "NONE", "disease_risk_flag": false, "ragi_stage": "vegetative", "paddy_stage": "vegetative", "forecast_date": "2026-09-10", "timestamp_utc": "2026-09-28T15:52:05Z" }, "geometry": { "type": "MultiPolygon", "coordinates": [ [ [ [ 90.7625755, 26.2970662 ], [ 90.7620165, 26.2961403 ], [ 90.7600324, 26.2980979 ], [ 90.7580147, 26.2988628 ], [ 90.7561569, 26.2984969 ], [ 90.7534868, 26.2963098 ], [ 90.7533626, 26.2961337 ], [ 90.7524155, 26.2987548 ], [ 90.7503067, 26.3027532 ], [ 90.7492644, 26.3045564 ], [ 90.7492695, 26.304562 ], [ 90.7494673, 26.3047813 ], [ 90.7504416, 26.3060998 ], [ 90.751411, 26.308461 ], [ 90.7515909, 26.3095443 ], [ 90.7518864, 26.3096542 ], [ 90.7519359, 26.3096726 ], [ 90.7537444, 26.3103449 ], [ 90.7575834, 26.3116002 ], [ 90.7576274, 26.3116145 ], [ 90.7577807, 26.3116647 ], [ 90.7591408, 26.3121094 ], [ 90.761974, 26.3118725 ], [ 90.7629882, 26.3113543 ], [ 90.764492, 26.3097939 ], [ 90.7660758, 26.3085225 ], [ 90.7662555, 26.3077644 ], [ 90.7663678, 26.30752 ], [ 90.7663586, 26.3074977 ], [ 90.7662542, 26.3072522 ], [ 90.7655692, 26.3061077 ], [ 90.7658109, 26.3046152 ], [ 90.7657692, 26.3041241 ], [ 90.763814, 26.3021842 ], [ 90.7628118, 26.2998492 ], [ 90.7625755, 26.2970662 ] ] ], [ [ [ 90.8860847, 26.3783032 ], [ 90.8882608, 26.3797981 ], [ 90.8891445, 26.3802963 ], [ 90.8901841, 26.3802238 ], [ 90.8913498, 26.3791544 ], [ 90.8920314, 26.3781519 ], [ 90.8920671, 26.3781069 ], [ 90.8927243, 26.3772802 ], [ 90.8928441, 26.3765473 ], [ 90.8927514, 26.3758951 ], [ 90.8914901, 26.3752586 ], [ 90.8883668, 26.3746532 ], [ 90.8874076, 26.3741273 ], [ 90.8867752, 26.3731504 ], [ 90.886699, 26.3718384 ], [ 90.887573, 26.3700978 ], [ 90.8888889, 26.3683924 ], [ 90.8903704, 26.3681901 ], [ 90.8935067, 26.3678386 ], [ 90.8928006, 26.3655373 ], [ 90.8923979, 26.3640308 ], [ 90.893879, 26.3639274 ], [ 90.9002876, 26.3640451 ], [ 90.9003505, 26.3639513 ], [ 90.9020744, 26.3605463 ], [ 90.9024422, 26.3585876 ], [ 90.9018397, 26.3571262 ], [ 90.9007136, 26.3565068 ], [ 90.897974, 26.355839 ], [ 90.8976678, 26.354357 ], [ 90.8974616, 26.3526532 ], [ 90.8988094, 26.3510019 ], [ 90.9007469, 26.348963 ], [ 90.8881105, 26.3461269 ], [ 90.8858568, 26.348707 ], [ 90.8832799, 26.3511969 ], [ 90.8837724, 26.3522495 ], [ 90.8836653, 26.355682 ], [ 90.8837722, 26.356926 ], [ 90.8808383, 26.3593701 ], [ 90.8803131, 26.3600653 ], [ 90.8804959, 26.3621933 ], [ 90.8806787, 26.3643212 ], [ 90.8795801, 26.364299 ], [ 90.8778746, 26.3640227 ], [ 90.8760406, 26.3635247 ], [ 90.8749784, 26.3639281 ], [ 90.873939, 26.3650214 ], [ 90.8741217, 26.3671494 ], [ 90.8744225, 26.3706522 ], [ 90.8750837, 26.3741379 ], [ 90.8756248, 26.3769904 ], [ 90.8759032, 26.3802313 ], [ 90.8755851, 26.3816367 ], [ 90.8768269, 26.3824723 ], [ 90.8790077, 26.3823203 ], [ 90.8802798, 26.3822317 ], [ 90.8790237, 26.3808044 ], [ 90.878562, 26.3801119 ], [ 90.8784929, 26.3793067 ], [ 90.8793868, 26.3792445 ], [ 90.8819358, 26.3785266 ], [ 90.8838087, 26.3777703 ], [ 90.8860847, 26.3783032 ] ] ], [ [ [ 90.8691156, 26.3829929 ], [ 90.8692086, 26.3830647 ], [ 90.8693103, 26.3830876 ], [ 90.869411, 26.3830573 ], [ 90.8694487, 26.3829862 ], [ 90.8694401, 26.3824599 ], [ 90.8694174, 26.3817699 ], [ 90.8692332, 26.3802265 ], [ 90.86914, 26.3802413 ], [ 90.867406, 26.3792094 ], [ 90.8656752, 26.3786383 ], [ 90.8643551, 26.3780755 ], [ 90.8643469, 26.3780721 ], [ 90.8626384, 26.3773347 ], [ 90.8614059, 26.3766419 ], [ 90.8612456, 26.3771779 ], [ 90.8603622, 26.3786987 ], [ 90.8580194, 26.3808601 ], [ 90.8577401, 26.3811364 ], [ 90.8576601, 26.3812155 ], [ 90.8511708, 26.3876331 ], [ 90.8492726, 26.3895914 ], [ 90.8492308, 26.389631 ], [ 90.8491623, 26.3896958 ], [ 90.8491498, 26.3897076 ], [ 90.8490766, 26.3897769 ], [ 90.8480018, 26.3907933 ], [ 90.8479137, 26.3908767 ], [ 90.8479396, 26.3908871 ], [ 90.8498626, 26.3916595 ], [ 90.8521193, 26.3923918 ], [ 90.8552317, 26.3932952 ], [ 90.8568257, 26.3935466 ], [ 90.8578994, 26.3937439 ], [ 90.858126, 26.3937855 ], [ 90.8595548, 26.3938179 ], [ 90.8610341, 26.3940114 ], [ 90.8612871, 26.3947593 ], [ 90.8614145, 26.3951358 ], [ 90.8619158, 26.3966175 ], [ 90.8623472, 26.3978562 ], [ 90.8623525, 26.3978715 ], [ 90.8639186, 26.3982236 ], [ 90.864388, 26.3973017 ], [ 90.8654666, 26.3953825 ], [ 90.8655399, 26.3951358 ], [ 90.8656517, 26.3947593 ], [ 90.8661759, 26.392995 ], [ 90.8673095, 26.3891617 ], [ 90.8680076, 26.3870714 ], [ 90.868175, 26.3860388 ], [ 90.8688681, 26.3851672 ], [ 90.868946, 26.3843714 ], [ 90.8685125, 26.3840064 ], [ 90.8681712, 26.3834373 ], [ 90.8685232, 26.382853 ], [ 90.8689593, 26.3828226 ], [ 90.8691156, 26.3829929 ] ] ] ] } },
{ "type": "Feature", "properties": { "gpcode": "105705", "gpname": "KALGACHIA", "dtname": "Barpeta", "stname": "ASSAM", "sdtname": "Kalgachia", "blkname": "RUPOSHI", "expected_mm": 19.0, "likely_min_mm": 19.0, "likely_max_mm": 19.0, "tmax_c": 32.4, "tmin_c": 25.2, "temp_c": 28.8, "rh_pct": 93.6, "wind_kph": 11.5, "heat_stress_level": "NONE", "disease_risk_flag": false, "ragi_stage": "vegetative", "paddy_stage": "vegetative", "forecast_date": "2026-09-10", "timestamp_utc": "2026-09-28T15:52:05Z" }, "geometry": { "type": "Polygon", "coordinates": [ [ [ 90.8759032, 26.3802313 ], [ 90.8756248, 26.3769904 ], [ 90.8750837, 26.3741379 ], [ 90.8744225, 26.3706522 ], [ 90.8741217, 26.3671494 ], [ 90.873939, 26.3650214 ], [ 90.8749784, 26.3639281 ], [ 90.8760406, 26.3635247 ], [ 90.8778746, 26.3640227 ], [ 90.8795801, 26.364299 ], [ 90.8806787, 26.3643212 ], [ 90.8804959, 26.3621933 ], [ 90.8803131, 26.3600653 ], [ 90.8808383, 26.3593701 ], [ 90.8837722, 26.356926 ], [ 90.8836653, 26.355682 ], [ 90.8837724, 26.3522495 ], [ 90.8832799, 26.3511969 ], [ 90.8858568, 26.348707 ], [ 90.8881105, 26.3461269 ], [ 90.9007469, 26.348963 ], [ 90.9008316, 26.348874 ], [ 90.9013821, 26.3476543 ], [ 90.9025564, 26.3453707 ], [ 90.9027561, 26.344995 ], [ 90.9028072, 26.344899 ], [ 90.9044542, 26.3418016 ], [ 90.9043256, 26.3403072 ], [ 90.9024974, 26.3391462 ], [ 90.901349, 26.338958 ], [ 90.8996857, 26.3390205 ], [ 90.8985919, 26.3387747 ], [ 90.8982131, 26.3378347 ], [ 90.8973787, 26.3371412 ], [ 90.8962399, 26.3377576 ], [ 90.8941813, 26.3394585 ], [ 90.8929155, 26.3395801 ], [ 90.8928524, 26.339674 ], [ 90.8925193, 26.33975 ], [ 90.8913257, 26.3400029 ], [ 90.8892002, 26.3401513 ], [ 90.8877242, 26.3397767 ], [ 90.8856261, 26.338968 ], [ 90.8831308, 26.3386415 ], [ 90.8823131, 26.3386985 ], [ 90.8797882, 26.3388745 ], [ 90.8769945, 26.3390693 ], [ 90.8737027, 26.338877 ], [ 90.8707233, 26.3390846 ], [ 90.8684706, 26.3392415 ], [ 90.8670354, 26.3393414 ], [ 90.8666751, 26.3398277 ], [ 90.8664124, 26.3407797 ], [ 90.8663405, 26.3410404 ], [ 90.8664792, 26.3426571 ], [ 90.8671031, 26.344178 ], [ 90.8672169, 26.3455039 ], [ 90.8670484, 26.3471623 ], [ 90.8668569, 26.347543 ], [ 90.8665331, 26.3481862 ], [ 90.8653147, 26.3488967 ], [ 90.8632187, 26.3500307 ], [ 90.8628978, 26.3500989 ], [ 90.8618366, 26.3503245 ], [ 90.8604936, 26.3506485 ], [ 90.8600368, 26.3510755 ], [ 90.8590919, 26.3508201 ], [ 90.8572693, 26.3505599 ], [ 90.8525738, 26.3498327 ], [ 90.8511558, 26.3494948 ], [ 90.8472934, 26.3489977 ], [ 90.8454667, 26.3489023 ], [ 90.840907, 26.3489062 ], [ 90.8397673, 26.348829 ], [ 90.8397645, 26.3487962 ], [ 90.8388953, 26.3493177 ], [ 90.8381658, 26.3501916 ], [ 90.8368552, 26.3515341 ], [ 90.8341776, 26.3524607 ], [ 90.8357448, 26.3540287 ], [ 90.8408508, 26.357647 ], [ 90.8410074, 26.35762 ], [ 90.8430925, 26.3585817 ], [ 90.8459229, 26.3599046 ], [ 90.8485629, 26.3606994 ], [ 90.8508675, 26.360939 ], [ 90.8545415, 26.3607815 ], [ 90.857021, 26.3607819 ], [ 90.8578923, 26.3611044 ], [ 90.8579004, 26.3611074 ], [ 90.8579966, 26.361143 ], [ 90.8590131, 26.3615809 ], [ 90.8597683, 26.3626235 ], [ 90.8600779, 26.3633817 ], [ 90.8604958, 26.3651105 ], [ 90.8605171, 26.3651984 ], [ 90.8613401, 26.3686025 ], [ 90.8613675, 26.3687161 ], [ 90.8613703, 26.3687279 ], [ 90.8618092, 26.3705981 ], [ 90.8620364, 26.3727959 ], [ 90.8618138, 26.375278 ], [ 90.8617755, 26.375406 ], [ 90.8617641, 26.3754441 ], [ 90.8614389, 26.3765315 ], [ 90.8614059, 26.3766419 ], [ 90.8626384, 26.3773347 ], [ 90.8643469, 26.3780721 ], [ 90.8643551, 26.3780755 ], [ 90.8656752, 26.3786383 ], [ 90.867406, 26.3792094 ], [ 90.86914, 26.3802413 ], [ 90.8692332, 26.3802265 ], [ 90.8706188, 26.3800066 ], [ 90.8719414, 26.3800792 ], [ 90.8736471, 26.3807838 ], [ 90.8755851, 26.3816367 ], [ 90.8759032, 26.3802313 ] ] ] } },
{ "type": "Feature", "properties": { "gpcode": "105706", "gpname": "SAWPUR", "dtname": "Barpeta", "stname": "ASSAM", "sdtname": "Kalgachia", "blkname": "RUPOSHI", "expected_mm": 19.9, "likely_min_mm": 19.9, "likely_max_mm": 19.9, "tmax_c": 32.3, "tmin_c": 25.2, "temp_c": 28.8, "rh_pct": 94.1, "wind_kph": 11.6, "heat_stress_level": "NONE", "disease_risk_flag": false, "ragi_stage": "vegetative", "paddy_stage": "vegetative", "forecast_date": "2026-09-10", "timestamp_utc": "2026-09-28T15:52:05Z" }, "geometry": { "type": "Polygon", "coordinates": [ [ [ 90.8507973, 26.3348562 ], [ 90.8531227, 26.3346945 ], [ 90.8564738, 26.3349883 ], [ 90.8573572, 26.3357782 ], [ 90.859557, 26.3362838 ], [ 90.8629812, 26.3374287 ], [ 90.865036, 26.3388006 ], [ 90.8664124, 26.3407797 ], [ 90.8666751, 26.3398277 ], [ 90.8670354, 26.3393414 ], [ 90.8684706, 26.3392415 ], [ 90.8707233, 26.3390846 ], [ 90.8737027, 26.338877 ], [ 90.8769945, 26.3390693 ], [ 90.8797882, 26.3388745 ], [ 90.8823131, 26.3386985 ], [ 90.8831308, 26.3386415 ], [ 90.8856261, 26.338968 ], [ 90.8877242, 26.3397767 ], [ 90.8892002, 26.3401513 ], [ 90.8913257, 26.3400029 ], [ 90.8925193, 26.33975 ], [ 90.8928524, 26.339674 ], [ 90.8929155, 26.3395801 ], [ 90.8925122, 26.3373736 ], [ 90.8929431, 26.3340681 ], [ 90.8933824, 26.3294733 ], [ 90.8926331, 26.3278143 ], [ 90.8925994, 26.3277398 ], [ 90.8916897, 26.3257254 ], [ 90.8915449, 26.325565 ], [ 90.8915064, 26.3255224 ], [ 90.8905042, 26.324412 ], [ 90.8870589, 26.3231491 ], [ 90.8841555, 26.3212574 ], [ 90.8805235, 26.3199 ], [ 90.8772911, 26.3193695 ], [ 90.8772254, 26.3193587 ], [ 90.8759306, 26.3191462 ], [ 90.87219, 26.3192995 ], [ 90.8710099, 26.3193266 ], [ 90.8708666, 26.3193299 ], [ 90.868741, 26.3193787 ], [ 90.8660617, 26.3187062 ], [ 90.8638515, 26.3172493 ], [ 90.8623018, 26.3158537 ], [ 90.8607391, 26.3156941 ], [ 90.8593951, 26.3160024 ], [ 90.8559828, 26.3165083 ], [ 90.8540692, 26.3164267 ], [ 90.852397, 26.3156839 ], [ 90.8511898, 26.3146455 ], [ 90.8507233, 26.310055 ], [ 90.848846, 26.3083062 ], [ 90.8459347, 26.3077032 ], [ 90.8401669, 26.3071376 ], [ 90.8373286, 26.3066904 ], [ 90.8372656, 26.3067841 ], [ 90.8320135, 26.3073112 ], [ 90.8319478, 26.3073102 ], [ 90.8321232, 26.309362 ], [ 90.8321959, 26.3102132 ], [ 90.832091, 26.3133492 ], [ 90.8319836, 26.3144435 ], [ 90.8315622, 26.3184906 ], [ 90.8317155, 26.3202835 ], [ 90.8317162, 26.3202913 ], [ 90.8317596, 26.3207987 ], [ 90.8317766, 26.3208551 ], [ 90.8321928, 26.3222342 ], [ 90.833141, 26.3236213 ], [ 90.8332998, 26.3238535 ], [ 90.833718, 26.3244125 ], [ 90.8338165, 26.3244669 ], [ 90.8338166, 26.324467 ], [ 90.8345563, 26.3259398 ], [ 90.8346908, 26.3279395 ], [ 90.8348644, 26.3299693 ], [ 90.8346775, 26.3324853 ], [ 90.8344996, 26.3348763 ], [ 90.8357291, 26.3370887 ], [ 90.8368871, 26.3416944 ], [ 90.8382209, 26.3448951 ], [ 90.8396496, 26.3474539 ], [ 90.8414464, 26.3449579 ], [ 90.8430711, 26.342161 ], [ 90.8446552, 26.3391034 ], [ 90.8455647, 26.3379863 ], [ 90.8477526, 26.3360065 ], [ 90.8490102, 26.3355403 ], [ 90.8507973, 26.3348562 ] ] ] } },
{ "type": "Feature", "properties": { "gpcode": "105707", "gpname": "TAPESWARA", "dtname": "Barpeta", "stname": "ASSAM", "sdtname": "Kalgachia", "blkname": "RUPOSHI", "expected_mm": 20.0, "likely_min_mm": 20.0, "likely_max_mm": 20.0, "tmax_c": 32.4, "tmin_c": 25.2, "temp_c": 28.8, "rh_pct": 93.9, "wind_kph": 11.6, "heat_stress_level": "NONE", "disease_risk_flag": false, "ragi_stage": "vegetative", "paddy_stage": "vegetative", "forecast_date": "2026-09-10", "timestamp_utc": "2026-09-28T15:52:05Z" }, "geometry": { "type": "Polygon", "coordinates": [ [ [ 90.8388953, 26.3493177 ], [ 90.8397645, 26.3487962 ], [ 90.8397673, 26.348829 ], [ 90.840907, 26.3489062 ], [ 90.8454667, 26.3489023 ], [ 90.8472934, 26.3489977 ], [ 90.8511558, 26.3494948 ], [ 90.8525738, 26.3498327 ], [ 90.8572693, 26.3505599 ], [ 90.8590919, 26.3508201 ], [ 90.8600368, 26.3510755 ], [ 90.8604936, 26.3506485 ], [ 90.8618366, 26.3503245 ], [ 90.8628978, 26.3500989 ], [ 90.8632187, 26.3500307 ], [ 90.8653147, 26.3488967 ], [ 90.8665331, 26.3481862 ], [ 90.8668569, 26.347543 ], [ 90.8670484, 26.3471623 ], [ 90.8672169, 26.3455039 ], [ 90.8671031, 26.344178 ], [ 90.8664792, 26.3426571 ], [ 90.8663405, 26.3410404 ], [ 90.8664124, 26.3407797 ], [ 90.865036, 26.3388006 ], [ 90.8629812, 26.3374287 ], [ 90.859557, 26.3362838 ], [ 90.8573572, 26.3357782 ], [ 90.8564738, 26.3349883 ], [ 90.8531227, 26.3346945 ], [ 90.8507973, 26.3348562 ], [ 90.8490102, 26.3355403 ], [ 90.8477526, 26.3360065 ], [ 90.8455647, 26.3379863 ], [ 90.8446552, 26.3391034 ], [ 90.8430711, 26.342161 ], [ 90.8414464, 26.3449579 ], [ 90.8396496, 26.3474539 ], [ 90.8382209, 26.3448951 ], [ 90.8368871, 26.3416944 ], [ 90.8357291, 26.3370887 ], [ 90.8344996, 26.3348763 ], [ 90.8346775, 26.3324853 ], [ 90.8332242, 26.3325862 ], [ 90.8307256, 26.3332865 ], [ 90.8291942, 26.3341832 ], [ 90.8280232, 26.3354501 ], [ 90.8279579, 26.3354222 ], [ 90.8258991, 26.3345435 ], [ 90.822597, 26.3324672 ], [ 90.8216703, 26.3325315 ], [ 90.8212435, 26.3332754 ], [ 90.8212435, 26.3332755 ], [ 90.8212341, 26.3332688 ], [ 90.8197029, 26.3351708 ], [ 90.81669, 26.3371252 ], [ 90.8141577, 26.3382886 ], [ 90.8134478, 26.3389635 ], [ 90.8129727, 26.3398198 ], [ 90.8120866, 26.3405728 ], [ 90.8094313, 26.34158 ], [ 90.8060828, 26.3421742 ], [ 90.8046692, 26.3423682 ], [ 90.8049752, 26.3430798 ], [ 90.8051055, 26.3436395 ], [ 90.805061, 26.3447993 ], [ 90.8041932, 26.3462481 ], [ 90.8041348, 26.3463457 ], [ 90.8036477, 26.3471589 ], [ 90.8036479, 26.34752 ], [ 90.805703, 26.3496226 ], [ 90.8058029, 26.3497249 ], [ 90.8078535, 26.3518228 ], [ 90.8083953, 26.3524974 ], [ 90.8085573, 26.3526992 ], [ 90.8105544, 26.3551862 ], [ 90.8112197, 26.3561072 ], [ 90.8115757, 26.3581471 ], [ 90.8131559, 26.3594115 ], [ 90.8141261, 26.3600934 ], [ 90.8141729, 26.3601508 ], [ 90.814197, 26.3601802 ], [ 90.814285, 26.360288 ], [ 90.8143335, 26.3603474 ], [ 90.8146163, 26.3606938 ], [ 90.8147918, 26.3617725 ], [ 90.8151921, 26.3624541 ], [ 90.8179841, 26.3667741 ], [ 90.8183391, 26.3669367 ], [ 90.8195593, 26.3666856 ], [ 90.8196281, 26.3666714 ], [ 90.8235924, 26.3658555 ], [ 90.8255865, 26.3651387 ], [ 90.8274456, 26.3642593 ], [ 90.828119, 26.3638443 ], [ 90.8281902, 26.3638004 ], [ 90.8295242, 26.3629783 ], [ 90.8314682, 26.3621801 ], [ 90.8344616, 26.3608632 ], [ 90.8365402, 26.3596994 ], [ 90.840114, 26.3578399 ], [ 90.8401829, 26.357804 ], [ 90.8403027, 26.3577417 ], [ 90.8408508, 26.357647 ], [ 90.8357448, 26.3540287 ], [ 90.8341776, 26.3524607 ], [ 90.8368552, 26.3515341 ], [ 90.8381658, 26.3501916 ], [ 90.8388953, 26.3493177 ] ] ] } },
{ "type": "Feature", "properties": { "gpcode": "105708", "gpname": "TITAPANI", "dtname": "Barpeta", "stname": "ASSAM", "sdtname": "Kalgachia", "blkname": "RUPOSHI", "expected_mm": 20.6, "likely_min_mm": 20.6, "likely_max_mm": 20.6, "tmax_c": 32.4, "tmin_c": 25.2, "temp_c": 28.8, "rh_pct": 94.2, "wind_kph": 11.7, "heat_stress_level": "NONE", "disease_risk_flag": false, "ragi_stage": "vegetative", "paddy_stage": "vegetative", "forecast_date": "2026-09-10", "timestamp_utc": "2026-09-28T15:52:05Z" }, "geometry": { "type": "Polygon", "coordinates": [ [ [ 90.8197029, 26.3351708 ], [ 90.8212341, 26.3332688 ], [ 90.8212435, 26.3332755 ], [ 90.8212435, 26.3332754 ], [ 90.8216703, 26.3325315 ], [ 90.822597, 26.3324672 ], [ 90.8258991, 26.3345435 ], [ 90.8279579, 26.3354222 ], [ 90.8280232, 26.3354501 ], [ 90.8291942, 26.3341832 ], [ 90.8307256, 26.3332865 ], [ 90.8332242, 26.3325862 ], [ 90.8346775, 26.3324853 ], [ 90.8348644, 26.3299693 ], [ 90.8346908, 26.3279395 ], [ 90.8345563, 26.3259398 ], [ 90.8338166, 26.324467 ], [ 90.8338165, 26.3244669 ], [ 90.833718, 26.3244125 ], [ 90.8332998, 26.3238535 ], [ 90.833141, 26.3236213 ], [ 90.8321928, 26.3222342 ], [ 90.8317766, 26.3208551 ], [ 90.8317596, 26.3207987 ], [ 90.8317162, 26.3202913 ], [ 90.8317155, 26.3202835 ], [ 90.8315622, 26.3184906 ], [ 90.8319836, 26.3144435 ], [ 90.832091, 26.3133492 ], [ 90.8321959, 26.3102132 ], [ 90.8321232, 26.309362 ], [ 90.8319478, 26.3073102 ], [ 90.8320135, 26.3073112 ], [ 90.8372656, 26.3067841 ], [ 90.8373286, 26.3066904 ], [ 90.8366543, 26.3057707 ], [ 90.8375241, 26.3040994 ], [ 90.8377514, 26.3011841 ], [ 90.8370567, 26.2989954 ], [ 90.8370239, 26.2988922 ], [ 90.8370176, 26.2988725 ], [ 90.835177, 26.2975506 ], [ 90.8324892, 26.2960727 ], [ 90.8296921, 26.2954078 ], [ 90.8274508, 26.2942748 ], [ 90.826762, 26.2934265 ], [ 90.8266537, 26.2934645 ], [ 90.8251035, 26.2940078 ], [ 90.8236964, 26.2945752 ], [ 90.8242626, 26.2965692 ], [ 90.8243619, 26.2977315 ], [ 90.8250761, 26.3018152 ], [ 90.8251838, 26.3030756 ], [ 90.8257861, 26.3041372 ], [ 90.8260434, 26.3071492 ], [ 90.8250568, 26.3070229 ], [ 90.823291, 26.3067968 ], [ 90.8192589, 26.3062202 ], [ 90.8172945, 26.3067516 ], [ 90.8163696, 26.3083307 ], [ 90.8150982, 26.3114158 ], [ 90.8110659, 26.3116952 ], [ 90.8066609, 26.3119308 ], [ 90.8066943, 26.3120765 ], [ 90.8062999, 26.3127532 ], [ 90.8053262, 26.3143143 ], [ 90.8046624, 26.3157942 ], [ 90.8038237, 26.3173959 ], [ 90.8026302, 26.3189929 ], [ 90.8017468, 26.3198464 ], [ 90.8016714, 26.3199192 ], [ 90.800912, 26.3206528 ], [ 90.7999376, 26.3210088 ], [ 90.7966197, 26.3214087 ], [ 90.793612, 26.3226685 ], [ 90.7935132, 26.3227098 ], [ 90.7906042, 26.3239282 ], [ 90.7904697, 26.3250879 ], [ 90.7904127, 26.3257009 ], [ 90.790408, 26.3257517 ], [ 90.7902406, 26.3275519 ], [ 90.7895366, 26.3293115 ], [ 90.7900665, 26.3296323 ], [ 90.7972791, 26.3327593 ], [ 90.7982889, 26.3335045 ], [ 90.7993938, 26.3345881 ], [ 90.8000947, 26.3355164 ], [ 90.8001097, 26.3355362 ], [ 90.800904, 26.3365882 ], [ 90.8018294, 26.3385066 ], [ 90.8022746, 26.3391071 ], [ 90.8036496, 26.3406287 ], [ 90.8044899, 26.3419514 ], [ 90.8046346, 26.3422879 ], [ 90.8046692, 26.3423682 ], [ 90.8060828, 26.3421742 ], [ 90.8094313, 26.34158 ], [ 90.8120866, 26.3405728 ], [ 90.8129727, 26.3398198 ], [ 90.8134478, 26.3389635 ], [ 90.8141577, 26.3382886 ], [ 90.81669, 26.3371252 ], [ 90.8197029, 26.3351708 ] ] ] } },
{ "type": "Feature", "properties": { "gpcode": "105709", "gpname": "BONGHUGI", "dtname": "Barpeta", "stname": "ASSAM", "sdtname": "Kalgachia", "blkname": "RUPOSHI", "expected_mm": 21.3, "likely_min_mm": 21.3, "likely_max_mm": 21.3, "tmax_c": 32.3, "tmin_c": 25.2, "temp_c": 28.8, "rh_pct": 94.7, "wind_kph": 11.8, "heat_stress_level": "NONE", "disease_risk_flag": false, "ragi_stage": "vegetative", "paddy_stage": "vegetative", "forecast_date": "2026-09-10", "timestamp_utc": "2026-09-28T15:52:05Z" }, "geometry": { "type": "Polygon", "coordinates": [ [ [ 90.8172945, 26.3067516 ], [ 90.8192589, 26.3062202 ], [ 90.823291, 26.3067968 ], [ 90.8250568, 26.3070229 ], [ 90.8260434, 26.3071492 ], [ 90.8257861, 26.3041372 ], [ 90.8251838, 26.3030756 ], [ 90.8250761, 26.3018152 ], [ 90.8243619, 26.2977315 ], [ 90.8242626, 26.2965692 ], [ 90.8236964, 26.2945752 ], [ 90.8251035, 26.2940078 ], [ 90.8266537, 26.2934645 ], [ 90.826762, 26.2934265 ], [ 90.8267168, 26.2933707 ], [ 90.826576, 26.2924024 ], [ 90.8271271, 26.2911829 ], [ 90.8284569, 26.2886205 ], [ 90.8283793, 26.2863171 ], [ 90.8277096, 26.2847527 ], [ 90.8265365, 26.2833255 ], [ 90.8264734, 26.2834193 ], [ 90.8258579, 26.2828228 ], [ 90.8250716, 26.2818974 ], [ 90.8243593, 26.2814904 ], [ 90.823507, 26.2812744 ], [ 90.8223159, 26.281102 ], [ 90.8203722, 26.280934 ], [ 90.8201478, 26.28091 ], [ 90.8192522, 26.2807977 ], [ 90.8181101, 26.2804137 ], [ 90.8171656, 26.279902 ], [ 90.8165825, 26.279439 ], [ 90.8160172, 26.278834 ], [ 90.8157911, 26.2783663 ], [ 90.8156869, 26.2779306 ], [ 90.8156984, 26.2775405 ], [ 90.8154462, 26.2770277 ], [ 90.8150171, 26.2765969 ], [ 90.815011, 26.2766005 ], [ 90.814603, 26.2762204 ], [ 90.8139539, 26.275856 ], [ 90.8131996, 26.2755659 ], [ 90.8126479, 26.2753827 ], [ 90.8118304, 26.2748755 ], [ 90.8109138, 26.2745163 ], [ 90.8100069, 26.2744448 ], [ 90.8093966, 26.2742724 ], [ 90.8087043, 26.2737499 ], [ 90.808426, 26.2732794 ], [ 90.8081302, 26.2732999 ], [ 90.8073573, 26.2733534 ], [ 90.8062623, 26.2725072 ], [ 90.8039187, 26.2707264 ], [ 90.8035709, 26.2704621 ], [ 90.8010801, 26.2739076 ], [ 90.79572, 26.2823153 ], [ 90.7956984, 26.2823491 ], [ 90.7939714, 26.2856632 ], [ 90.7909348, 26.2843255 ], [ 90.7871887, 26.2828061 ], [ 90.7854539, 26.2821686 ], [ 90.7833969, 26.2832623 ], [ 90.7832913, 26.2833185 ], [ 90.7803211, 26.2849069 ], [ 90.7792146, 26.2856422 ], [ 90.7790853, 26.2884175 ], [ 90.7806433, 26.291702 ], [ 90.7820898, 26.2945331 ], [ 90.7823099, 26.2971197 ], [ 90.7834853, 26.3010563 ], [ 90.7835803, 26.3021734 ], [ 90.7836513, 26.302178 ], [ 90.7889859, 26.3025249 ], [ 90.7890129, 26.3025266 ], [ 90.7892226, 26.3025403 ], [ 90.7935149, 26.3039869 ], [ 90.7973578, 26.3057355 ], [ 90.7993462, 26.3053756 ], [ 90.8009407, 26.3054076 ], [ 90.8009506, 26.3054078 ], [ 90.8014248, 26.3054173 ], [ 90.8029754, 26.305576 ], [ 90.8034656, 26.305856 ], [ 90.8043501, 26.3069757 ], [ 90.8053635, 26.3087769 ], [ 90.8062934, 26.3098604 ], [ 90.8065184, 26.3102171 ], [ 90.8064739, 26.3111151 ], [ 90.8066404, 26.3118416 ], [ 90.8066609, 26.3119308 ], [ 90.8110659, 26.3116952 ], [ 90.8150982, 26.3114158 ], [ 90.8163696, 26.3083307 ], [ 90.8172945, 26.3067516 ] ] ] } },
{ "type": "Feature", "properties": { "gpcode": "105710", "gpname": "ISABPUR", "dtname": "Barpeta", "stname": "ASSAM", "sdtname": "Kalgachia", "blkname": "RUPOSHI", "expected_mm": 20.7, "likely_min_mm": 20.7, "likely_max_mm": 20.7, "tmax_c": 32.5, "tmin_c": 25.2, "temp_c": 28.9, "rh_pct": 94.5, "wind_kph": 11.5, "heat_stress_level": "NONE", "disease_risk_flag": false, "ragi_stage": "vegetative", "paddy_stage": "vegetative", "forecast_date": "2026-09-10", "timestamp_utc": "2026-09-28T15:52:05Z" }, "geometry": { "type": "Polygon", "coordinates": [ [ [ 90.7503067, 26.3027532 ], [ 90.7524155, 26.2987548 ], [ 90.7533626, 26.2961337 ], [ 90.7514933, 26.2934832 ], [ 90.751285, 26.2910276 ], [ 90.7515315, 26.2896273 ], [ 90.7523958, 26.2883493 ], [ 90.753851, 26.2872532 ], [ 90.7556667, 26.2858393 ], [ 90.7600275, 26.2838381 ], [ 90.7628675, 26.2815587 ], [ 90.7629004, 26.2815322 ], [ 90.7649686, 26.2792158 ], [ 90.7664116, 26.2755594 ], [ 90.7660334, 26.2711065 ], [ 90.7672013, 26.2702355 ], [ 90.7689475, 26.2697197 ], [ 90.7719983, 26.2686527 ], [ 90.7737863, 26.2677717 ], [ 90.7746946, 26.2664781 ], [ 90.7748742, 26.2638639 ], [ 90.7729901, 26.2632608 ], [ 90.7713456, 26.2611019 ], [ 90.7695617, 26.2570664 ], [ 90.7695613, 26.257067 ], [ 90.7690375, 26.25586 ], [ 90.7681958, 26.2546679 ], [ 90.7654493, 26.2531766 ], [ 90.7626924, 26.2533998 ], [ 90.7584238, 26.2551764 ], [ 90.7566941, 26.2567448 ], [ 90.756535, 26.2566843 ], [ 90.756535, 26.2566843 ], [ 90.7554103, 26.2581378 ], [ 90.7533923, 26.2607456 ], [ 90.7514691, 26.2639081 ], [ 90.7510116, 26.2680632 ], [ 90.7532493, 26.272951 ], [ 90.7532426, 26.2729526 ], [ 90.7540245, 26.2763784 ], [ 90.7534646, 26.2788212 ], [ 90.7516369, 26.2800998 ], [ 90.7480191, 26.2800857 ], [ 90.7473321, 26.2797378 ], [ 90.7433308, 26.2775027 ], [ 90.7431375, 26.2773947 ], [ 90.7377614, 26.274735 ], [ 90.7368649, 26.2734634 ], [ 90.7367649, 26.2733216 ], [ 90.7347458, 26.2680265 ], [ 90.7331464, 26.265963 ], [ 90.7321413, 26.2651629 ], [ 90.7320966, 26.2653103 ], [ 90.7312037, 26.2682574 ], [ 90.7309621, 26.2684394 ], [ 90.7301965, 26.2685492 ], [ 90.7258845, 26.2685523 ], [ 90.7202552, 26.2683419 ], [ 90.7201846, 26.2683393 ], [ 90.7201343, 26.2683374 ], [ 90.720094, 26.2683738 ], [ 90.7199332, 26.2688105 ], [ 90.7208075, 26.2780817 ], [ 90.7208136, 26.2781459 ], [ 90.7209931, 26.2800498 ], [ 90.7210006, 26.2801296 ], [ 90.72107, 26.2808651 ], [ 90.72103, 26.281229 ], [ 90.7205468, 26.2817386 ], [ 90.7204262, 26.282139 ], [ 90.7204264, 26.2823936 ], [ 90.7227607, 26.2843644 ], [ 90.7234556, 26.285238 ], [ 90.7234684, 26.2852541 ], [ 90.7273606, 26.2901464 ], [ 90.7274833, 26.290281 ], [ 90.7275135, 26.290314 ], [ 90.7284195, 26.2913068 ], [ 90.72849, 26.2913841 ], [ 90.7298985, 26.2929275 ], [ 90.7311086, 26.2937635 ], [ 90.7358191, 26.2964901 ], [ 90.7358574, 26.2965123 ], [ 90.7377631, 26.2976152 ], [ 90.7392749, 26.298357 ], [ 90.7428363, 26.3001044 ], [ 90.7441269, 26.3007218 ], [ 90.744812, 26.3005757 ], [ 90.7451749, 26.3006846 ], [ 90.7455379, 26.3008298 ], [ 90.7460224, 26.3015571 ], [ 90.747136, 26.3033554 ], [ 90.7482732, 26.3034579 ], [ 90.7491227, 26.3043994 ], [ 90.7491601, 26.3044409 ], [ 90.7492644, 26.3045564 ], [ 90.7503067, 26.3027532 ] ] ] } },
{ "type": "Feature", "properties": { "gpcode": "105711", "gpname": "BARVITHA", "dtname": "Barpeta", "stname": "ASSAM", "sdtname": "Kalgachia", "blkname": "RUPOSHI", "expected_mm": 21.1, "likely_min_mm": 21.1, "likely_max_mm": 21.1, "tmax_c": 32.4, "tmin_c": 25.2, "temp_c": 28.8, "rh_pct": 94.7, "wind_kph": 11.7, "heat_stress_level": "NONE", "disease_risk_flag": false, "ragi_stage": "vegetative", "paddy_stage": "vegetative", "forecast_date": "2026-09-10", "timestamp_utc": "2026-09-28T15:52:05Z" }, "geometry": { "type": "Polygon", "coordinates": [ [ [ 90.7674045, 26.3065242 ], [ 90.768069, 26.3062042 ], [ 90.7693081, 26.3062051 ], [ 90.7701024, 26.3054882 ], [ 90.771696, 26.3044062 ], [ 90.7727995, 26.3040144 ], [ 90.7728648, 26.3039913 ], [ 90.7731549, 26.3038883 ], [ 90.7746836, 26.3036141 ], [ 90.7772516, 26.302975 ], [ 90.7809686, 26.3022554 ], [ 90.7824275, 26.3020984 ], [ 90.7832205, 26.30215 ], [ 90.7832705, 26.3021532 ], [ 90.7835803, 26.3021734 ], [ 90.7834853, 26.3010563 ], [ 90.7823099, 26.2971197 ], [ 90.7820898, 26.2945331 ], [ 90.7806433, 26.291702 ], [ 90.7790853, 26.2884175 ], [ 90.7792146, 26.2856422 ], [ 90.7803211, 26.2849069 ], [ 90.7832913, 26.2833185 ], [ 90.7833969, 26.2832623 ], [ 90.7854539, 26.2821686 ], [ 90.7871887, 26.2828061 ], [ 90.7909348, 26.2843255 ], [ 90.7939714, 26.2856632 ], [ 90.7956984, 26.2823491 ], [ 90.79572, 26.2823153 ], [ 90.8010801, 26.2739076 ], [ 90.8035709, 26.2704621 ], [ 90.8036617, 26.2703366 ], [ 90.8023517, 26.2686818 ], [ 90.800592, 26.2668935 ], [ 90.7975112, 26.2646038 ], [ 90.7949221, 26.2625605 ], [ 90.794922, 26.2625605 ], [ 90.7942607, 26.2633868 ], [ 90.7930111, 26.2649482 ], [ 90.7905639, 26.2662372 ], [ 90.788575, 26.2664736 ], [ 90.7854043, 26.2674175 ], [ 90.781613, 26.2696557 ], [ 90.7783669, 26.2701435 ], [ 90.7770015, 26.2682618 ], [ 90.7746946, 26.2664781 ], [ 90.7737863, 26.2677717 ], [ 90.7719983, 26.2686527 ], [ 90.7689475, 26.2697197 ], [ 90.7672013, 26.2702355 ], [ 90.7660334, 26.2711065 ], [ 90.7664116, 26.2755594 ], [ 90.7649686, 26.2792158 ], [ 90.7629004, 26.2815322 ], [ 90.7628675, 26.2815587 ], [ 90.7600275, 26.2838381 ], [ 90.7556667, 26.2858393 ], [ 90.753851, 26.2872532 ], [ 90.7523958, 26.2883493 ], [ 90.7515315, 26.2896273 ], [ 90.751285, 26.2910276 ], [ 90.7514933, 26.2934832 ], [ 90.7533626, 26.2961337 ], [ 90.7534868, 26.2963098 ], [ 90.7561569, 26.2984969 ], [ 90.7580147, 26.2988628 ], [ 90.7600324, 26.2980979 ], [ 90.7620165, 26.2961403 ], [ 90.7625755, 26.2970662 ], [ 90.7628118, 26.2998492 ], [ 90.763814, 26.3021842 ], [ 90.7657692, 26.3041241 ], [ 90.7658109, 26.3046152 ], [ 90.7655692, 26.3061077 ], [ 90.7662542, 26.3072522 ], [ 90.7663586, 26.3074977 ], [ 90.7663586, 26.3074977 ], [ 90.7663678, 26.30752 ], [ 90.7664211, 26.3074042 ], [ 90.7664753, 26.3072862 ], [ 90.7674045, 26.3065242 ] ] ] } },
{ "type": "Feature", "properties": { "gpcode": "105712", "gpname": "CHIKNI", "dtname": "Barpeta", "stname": "ASSAM", "sdtname": "Kalgachia", "blkname": "RUPOSHI", "expected_mm": 21.7, "likely_min_mm": 21.7, "likely_max_mm": 21.7, "tmax_c": 32.3, "tmin_c": 25.2, "temp_c": 28.8, "rh_pct": 95.0, "wind_kph": 11.9, "heat_stress_level": "NONE", "disease_risk_flag": false, "ragi_stage": "vegetative", "paddy_stage": "vegetative", "forecast_date": "2026-09-10", "timestamp_utc": "2026-09-28T15:52:05Z" }, "geometry": { "type": "Polygon", "coordinates": [ [ [ 90.8297632, 26.278811 ], [ 90.8330615, 26.2747771 ], [ 90.8331393, 26.2746821 ], [ 90.8357016, 26.2719819 ], [ 90.8404783, 26.2672468 ], [ 90.8430258, 26.2643044 ], [ 90.8424449, 26.2630829 ], [ 90.8423693, 26.260806 ], [ 90.8424196, 26.260347 ], [ 90.842463, 26.2599521 ], [ 90.8425534, 26.2591286 ], [ 90.8435254, 26.2579602 ], [ 90.8458087, 26.255761 ], [ 90.8474614, 26.2541962 ], [ 90.8485062, 26.2528348 ], [ 90.8486743, 26.2516686 ], [ 90.8476949, 26.2503137 ], [ 90.8462991, 26.249659 ], [ 90.8443341, 26.2493125 ], [ 90.8429409, 26.2500805 ], [ 90.8423509, 26.2511655 ], [ 90.8423491, 26.2511687 ], [ 90.8422982, 26.2512846 ], [ 90.8418257, 26.2523597 ], [ 90.8416734, 26.2537127 ], [ 90.8415122, 26.2560061 ], [ 90.8409865, 26.2575192 ], [ 90.8402626, 26.2588046 ], [ 90.8397915, 26.2599113 ], [ 90.8396712, 26.261638 ], [ 90.8394233, 26.2636151 ], [ 90.8392642, 26.264888 ], [ 90.8385676, 26.2661447 ], [ 90.8377889, 26.2667894 ], [ 90.8368029, 26.2670996 ], [ 90.8354184, 26.2669272 ], [ 90.8342046, 26.2659645 ], [ 90.8313853, 26.2643347 ], [ 90.8279809, 26.263175 ], [ 90.8266807, 26.262245 ], [ 90.8262251, 26.2610953 ], [ 90.8262201, 26.2606594 ], [ 90.8261557, 26.2606674 ], [ 90.8229655, 26.2610654 ], [ 90.8208228, 26.2613326 ], [ 90.817509, 26.2612064 ], [ 90.8174513, 26.2612042 ], [ 90.8165043, 26.2582398 ], [ 90.8151023, 26.2549487 ], [ 90.8150153, 26.255349 ], [ 90.8148901, 26.2559752 ], [ 90.8141797, 26.2581186 ], [ 90.8135077, 26.2590533 ], [ 90.8135077, 26.2590533 ], [ 90.8134444, 26.2591413 ], [ 90.8134077, 26.2591924 ], [ 90.8117364, 26.2594962 ], [ 90.8088634, 26.2594134 ], [ 90.8088057, 26.2593458 ], [ 90.8078793, 26.2582601 ], [ 90.8074626, 26.256866 ], [ 90.8071572, 26.2542951 ], [ 90.8071464, 26.2542041 ], [ 90.8068164, 26.250333 ], [ 90.8044125, 26.2458817 ], [ 90.8009749, 26.2432739 ], [ 90.79761, 26.2429163 ], [ 90.7951683, 26.2440507 ], [ 90.7950974, 26.2440081 ], [ 90.795105, 26.2441443 ], [ 90.7951205, 26.244422 ], [ 90.7952443, 26.2466378 ], [ 90.7959883, 26.248019 ], [ 90.7970229, 26.2499399 ], [ 90.7981842, 26.2541411 ], [ 90.7985361, 26.2552694 ], [ 90.7989811, 26.2566071 ], [ 90.7989802, 26.256614 ], [ 90.7987423, 26.2585486 ], [ 90.7970858, 26.2596842 ], [ 90.7966973, 26.2596846 ], [ 90.795511, 26.2596857 ], [ 90.7946752, 26.2596864 ], [ 90.7919996, 26.2578626 ], [ 90.7894782, 26.2539861 ], [ 90.7877866, 26.2504153 ], [ 90.7860159, 26.2482356 ], [ 90.7853794, 26.2474521 ], [ 90.783149, 26.2465974 ], [ 90.7831505, 26.2465848 ], [ 90.7831504, 26.2465848 ], [ 90.7830984, 26.2465942 ], [ 90.7819637, 26.246799 ], [ 90.7810417, 26.2479826 ], [ 90.7811447, 26.249194 ], [ 90.7822141, 26.2506022 ], [ 90.7833059, 26.2518441 ], [ 90.7831569, 26.2532744 ], [ 90.7830868, 26.2539468 ], [ 90.7828184, 26.2577072 ], [ 90.782815, 26.2598153 ], [ 90.7821974, 26.2611425 ], [ 90.7802974, 26.2632828 ], [ 90.7786269, 26.2638264 ], [ 90.7748742, 26.2638639 ], [ 90.7746946, 26.2664781 ], [ 90.7770015, 26.2682618 ], [ 90.7783669, 26.2701435 ], [ 90.781613, 26.2696557 ], [ 90.7854043, 26.2674175 ], [ 90.788575, 26.2664736 ], [ 90.7905639, 26.2662372 ], [ 90.7930111, 26.2649482 ], [ 90.7942607, 26.2633868 ], [ 90.794922, 26.2625605 ], [ 90.7949221, 26.2625605 ], [ 90.7975112, 26.2646038 ], [ 90.800592, 26.2668935 ], [ 90.8023517, 26.2686818 ], [ 90.8036617, 26.2703366 ], [ 90.8035709, 26.2704621 ], [ 90.8039187, 26.2707264 ], [ 90.8062623, 26.2725072 ], [ 90.8073573, 26.2733534 ], [ 90.8081302, 26.2732999 ], [ 90.808426, 26.2732794 ], [ 90.8087043, 26.2737499 ], [ 90.8093966, 26.2742724 ], [ 90.8100069, 26.2744448 ], [ 90.8109138, 26.2745163 ], [ 90.8118304, 26.2748755 ], [ 90.8126479, 26.2753827 ], [ 90.8131996, 26.2755659 ], [ 90.8139539, 26.275856 ], [ 90.814603, 26.2762204 ], [ 90.815011, 26.2766005 ], [ 90.8150171, 26.2765969 ], [ 90.8154462, 26.2770277 ], [ 90.8156984, 26.2775405 ], [ 90.8156869, 26.2779306 ], [ 90.8157911, 26.2783663 ], [ 90.8160172, 26.278834 ], [ 90.8165825, 26.279439 ], [ 90.8171656, 26.279902 ], [ 90.8181101, 26.2804137 ], [ 90.8192522, 26.2807977 ], [ 90.8201478, 26.28091 ], [ 90.8203722, 26.280934 ], [ 90.8223159, 26.281102 ], [ 90.823507, 26.2812744 ], [ 90.8243593, 26.2814904 ], [ 90.8250716, 26.2818974 ], [ 90.8258579, 26.2828228 ], [ 90.8264734, 26.2834193 ], [ 90.8265365, 26.2833255 ], [ 90.8272175, 26.282478 ], [ 90.8297632, 26.278811 ] ] ] } },
{ "type": "Feature", "properties": { "gpcode": "105713", "gpname": "UTTAR PUB SARUKHETRI", "dtname": "Barpeta", "stname": "ASSAM", "sdtname": "Sarthebari", "blkname": "SARUKHETRI", "expected_mm": 16.4, "likely_min_mm": 16.4, "likely_max_mm": 16.4, "tmax_c": 32.5, "tmin_c": 24.6, "temp_c": 28.6, "rh_pct": 93.3, "wind_kph": 11.6, "heat_stress_level": "NONE", "disease_risk_flag": false, "ragi_stage": "vegetative", "paddy_stage": "vegetative", "forecast_date": "2026-09-10", "timestamp_utc": "2026-09-28T15:52:05Z" }, "geometry": { "type": "MultiPolygon", "coordinates": [ [ [ [ 91.2815019, 26.3759866 ], [ 91.2816572, 26.3759867 ], [ 91.2818527, 26.3759869 ], [ 91.282048, 26.3759734 ], [ 91.2821884, 26.3758788 ], [ 91.282379, 26.3757029 ], [ 91.2825746, 26.3754323 ], [ 91.282665, 26.3750713 ], [ 91.28261, 26.3748772 ], [ 91.2824699, 26.3747688 ], [ 91.2822244, 26.3746874 ], [ 91.2818186, 26.3746736 ], [ 91.2813075, 26.3747364 ], [ 91.2810619, 26.3749258 ], [ 91.2809564, 26.3751966 ], [ 91.2807959, 26.3754311 ], [ 91.2806054, 26.3756251 ], [ 91.2803197, 26.375688 ], [ 91.2801444, 26.3756383 ], [ 91.279864, 26.3753673 ], [ 91.279739, 26.3751145 ], [ 91.2797592, 26.3748934 ], [ 91.2797393, 26.374767 ], [ 91.2797246, 26.3743383 ], [ 91.2799557, 26.3735938 ], [ 91.2802368, 26.3728945 ], [ 91.2803423, 26.3725155 ], [ 91.2803225, 26.3722446 ], [ 91.2802876, 26.372055 ], [ 91.2801324, 26.371897 ], [ 91.2799221, 26.3718021 ], [ 91.2796366, 26.3717523 ], [ 91.2787648, 26.3717607 ], [ 91.2782388, 26.3716657 ], [ 91.2777281, 26.3713494 ], [ 91.2765115, 26.3702383 ], [ 91.2745292, 26.3682874 ], [ 91.2728924, 26.3667157 ], [ 91.2716811, 26.3654963 ], [ 91.2713458, 26.3651396 ], [ 91.2711006, 26.3647423 ], [ 91.2710992, 26.3647385 ], [ 91.2710032, 26.364753 ], [ 91.2642434, 26.3657704 ], [ 91.2642612, 26.3658339 ], [ 91.2644362, 26.3662311 ], [ 91.2647715, 26.3666737 ], [ 91.2650315, 26.3671703 ], [ 91.2651214, 26.3674863 ], [ 91.265101, 26.3678834 ], [ 91.2649597, 26.3689619 ], [ 91.2649391, 26.3696117 ], [ 91.2649386, 26.3700224 ], [ 91.2649382, 26.3704827 ], [ 91.2649581, 26.3707084 ], [ 91.2650281, 26.3707851 ], [ 91.2656792, 26.370912 ], [ 91.2672823, 26.3711975 ], [ 91.268795, 26.3715191 ], [ 91.2699722, 26.3716914 ], [ 91.270343, 26.3716465 ], [ 91.2706236, 26.3715835 ], [ 91.270819, 26.3715024 ], [ 91.2710296, 26.3713131 ], [ 91.2713106, 26.370871 ], [ 91.271481, 26.3708034 ], [ 91.2720271, 26.3708038 ], [ 91.2724679, 26.3708854 ], [ 91.2727333, 26.3710436 ], [ 91.2728734, 26.3712828 ], [ 91.2730685, 26.3715808 ], [ 91.2733489, 26.3717254 ], [ 91.2740152, 26.3718522 ], [ 91.2749319, 26.3720109 ], [ 91.2753877, 26.372124 ], [ 91.2756181, 26.3721874 ], [ 91.2757233, 26.3722957 ], [ 91.2757231, 26.3725213 ], [ 91.2755824, 26.3729139 ], [ 91.2752763, 26.3734011 ], [ 91.2748499, 26.3741454 ], [ 91.2746391, 26.3745289 ], [ 91.2745688, 26.3747184 ], [ 91.2745686, 26.3749575 ], [ 91.2747088, 26.3751156 ], [ 91.2752196, 26.3753822 ], [ 91.2760661, 26.375622 ], [ 91.2767173, 26.3757803 ], [ 91.2772232, 26.3759883 ], [ 91.2776287, 26.3763542 ], [ 91.2779438, 26.3768734 ], [ 91.278189, 26.3772526 ], [ 91.2784395, 26.3774604 ], [ 91.2786849, 26.3774921 ], [ 91.2787088, 26.3774866 ], [ 91.2787607, 26.3774746 ], [ 91.2790157, 26.3774156 ], [ 91.2793164, 26.3771901 ], [ 91.2796523, 26.3769692 ], [ 91.2800381, 26.3768747 ], [ 91.2804591, 26.3768299 ], [ 91.2807447, 26.3767173 ], [ 91.2810255, 26.3765099 ], [ 91.2812211, 26.3762437 ], [ 91.2813615, 26.3760678 ], [ 91.2815019, 26.3759866 ] ] ], [ [ [ 91.2413279, 26.3881183 ], [ 91.2419974, 26.38813 ], [ 91.2420695, 26.3881313 ], [ 91.24076, 26.3864175 ], [ 91.2387737, 26.3842348 ], [ 91.2377356, 26.3833555 ], [ 91.236567, 26.3821019 ], [ 91.2358694, 26.3810103 ], [ 91.2356133, 26.3804103 ], [ 91.2354975, 26.3797831 ], [ 91.2354971, 26.3794492 ], [ 91.235497, 26.3793587 ], [ 91.2354969, 26.3791969 ], [ 91.2354968, 26.3791242 ], [ 91.2355112, 26.3790537 ], [ 91.2355965, 26.3786368 ], [ 91.2358114, 26.3780499 ], [ 91.2361365, 26.3773591 ], [ 91.2365168, 26.3768715 ], [ 91.2369323, 26.3765011 ], [ 91.2375533, 26.3762569 ], [ 91.2383946, 26.3758861 ], [ 91.2390408, 26.3757367 ], [ 91.2396622, 26.3757994 ], [ 91.2402486, 26.37602 ], [ 91.2408452, 26.3763896 ], [ 91.2411563, 26.3768542 ], [ 91.2415985, 26.3781491 ], [ 91.2417294, 26.3787266 ], [ 91.2420555, 26.3791866 ], [ 91.2430485, 26.3801065 ], [ 91.243906, 26.3808458 ], [ 91.2441166, 26.3809765 ], [ 91.2444171, 26.3808725 ], [ 91.2452078, 26.3799557 ], [ 91.2454327, 26.3793915 ], [ 91.2454617, 26.3783805 ], [ 91.2454615, 26.3781098 ], [ 91.2456464, 26.3776764 ], [ 91.2459567, 26.3773556 ], [ 91.2465123, 26.3768813 ], [ 91.2467674, 26.3764568 ], [ 91.2468773, 26.3761003 ], [ 91.2467415, 26.3756581 ], [ 91.2465004, 26.3751754 ], [ 91.2457876, 26.3738583 ], [ 91.2456869, 26.3733303 ], [ 91.2457013, 26.3727662 ], [ 91.2458558, 26.3719989 ], [ 91.2461069, 26.3715225 ], [ 91.2461566, 26.3714282 ], [ 91.2463959, 26.370974 ], [ 91.2470732, 26.3699038 ], [ 91.2475351, 26.3689881 ], [ 91.2479369, 26.3680994 ], [ 91.2483636, 26.3671972 ], [ 91.2485019, 26.3670493 ], [ 91.2469173, 26.3656848 ], [ 91.2455301, 26.3639576 ], [ 91.2440012, 26.3621214 ], [ 91.2432517, 26.3606262 ], [ 91.2431728, 26.3592415 ], [ 91.2434495, 26.3578048 ], [ 91.2434406, 26.3572096 ], [ 91.2432532, 26.3565876 ], [ 91.2429012, 26.3560965 ], [ 91.2424424, 26.3558913 ], [ 91.2420624, 26.3560775 ], [ 91.2417421, 26.3569348 ], [ 91.2414076, 26.3576342 ], [ 91.2409698, 26.3576657 ], [ 91.2401223, 26.3570515 ], [ 91.2394603, 26.356543 ], [ 91.2391402, 26.3564616 ], [ 91.2385974, 26.3563021 ], [ 91.2380791, 26.3564189 ], [ 91.237636, 26.3568876 ], [ 91.2366851, 26.3575917 ], [ 91.2362351, 26.3579816 ], [ 91.235708, 26.3584962 ], [ 91.2356046, 26.3588215 ], [ 91.2356276, 26.3589156 ], [ 91.2349548, 26.3587874 ], [ 91.2336536, 26.3585236 ], [ 91.2320496, 26.3583213 ], [ 91.2304333, 26.3584772 ], [ 91.2301075, 26.3587788 ], [ 91.2294753, 26.3591024 ], [ 91.2283371, 26.3591843 ], [ 91.2273529, 26.3590167 ], [ 91.2257751, 26.3586138 ], [ 91.2236704, 26.3577324 ], [ 91.2215306, 26.3574494 ], [ 91.2199703, 26.3572438 ], [ 91.2199709, 26.357273 ], [ 91.2199947, 26.3585131 ], [ 91.2199489, 26.3599861 ], [ 91.2197982, 26.3612681 ], [ 91.2198732, 26.3626131 ], [ 91.2204859, 26.3645552 ], [ 91.2211127, 26.3656621 ], [ 91.2218498, 26.3665227 ], [ 91.222806, 26.3673675 ], [ 91.224079, 26.3683087 ], [ 91.2252053, 26.3696497 ], [ 91.2253559, 26.3703538 ], [ 91.2252261, 26.3718726 ], [ 91.2248407, 26.3724961 ], [ 91.223867, 26.372447 ], [ 91.2234097, 26.3720442 ], [ 91.2228126, 26.3717693 ], [ 91.2215954, 26.3714597 ], [ 91.2200718, 26.371172 ], [ 91.2190493, 26.3709374 ], [ 91.2182436, 26.3707967 ], [ 91.2179652, 26.3711345 ], [ 91.2178652, 26.3714992 ], [ 91.217459, 26.3718858 ], [ 91.216944, 26.372042 ], [ 91.2161261, 26.3722597 ], [ 91.2153922, 26.3724316 ], [ 91.2147986, 26.3721962 ], [ 91.2144273, 26.3719845 ], [ 91.214014, 26.3722922 ], [ 91.2137931, 26.3727848 ], [ 91.213384, 26.3730846 ], [ 91.212997, 26.3731919 ], [ 91.2121248, 26.3732942 ], [ 91.2117044, 26.3735231 ], [ 91.2107779, 26.3735102 ], [ 91.2095485, 26.3735587 ], [ 91.2081717, 26.3739357 ], [ 91.2070514, 26.3740918 ], [ 91.2070515, 26.3740918 ], [ 91.2090399, 26.3750501 ], [ 91.2098875, 26.3756645 ], [ 91.2109223, 26.376901 ], [ 91.2118993, 26.3779827 ], [ 91.2130341, 26.3788545 ], [ 91.2142425, 26.3795621 ], [ 91.2150095, 26.3802617 ], [ 91.2157922, 26.3816354 ], [ 91.2160816, 26.381795 ], [ 91.2163018, 26.3819165 ], [ 91.2171338, 26.3822896 ], [ 91.2171284, 26.3822941 ], [ 91.2181942, 26.3828809 ], [ 91.2195356, 26.3840953 ], [ 91.2209228, 26.3848297 ], [ 91.2217442, 26.3846515 ], [ 91.222084, 26.3845079 ], [ 91.2228722, 26.3844512 ], [ 91.2235763, 26.3844403 ], [ 91.2242471, 26.3845509 ], [ 91.2249372, 26.3853752 ], [ 91.2253732, 26.3858205 ], [ 91.2261658, 26.3862877 ], [ 91.2268146, 26.3866701 ], [ 91.2285662, 26.3875372 ], [ 91.2304227, 26.3885953 ], [ 91.2322199, 26.3889823 ], [ 91.2330728, 26.3891592 ], [ 91.2345091, 26.3894531 ], [ 91.235102, 26.3896593 ], [ 91.2365089, 26.3901486 ], [ 91.2366198, 26.3900697 ], [ 91.2375061, 26.3894392 ], [ 91.2387132, 26.3889283 ], [ 91.2396499, 26.3886071 ], [ 91.2413279, 26.3881183 ] ] ] ] } },
{ "type": "Feature", "properties": { "gpcode": "105714", "gpname": "PUB SARUKHETRI", "dtname": "Barpeta", "stname": "ASSAM", "sdtname": "Sarthebari", "blkname": "SARUKHETRI", "expected_mm": 16.3, "likely_min_mm": 16.3, "likely_max_mm": 16.3, "tmax_c": 32.5, "tmin_c": 24.6, "temp_c": 28.6, "rh_pct": 93.6, "wind_kph": 11.5, "heat_stress_level": "NONE", "disease_risk_flag": false, "ragi_stage": "vegetative", "paddy_stage": "vegetative", "forecast_date": "2026-09-10", "timestamp_utc": "2026-09-28T15:52:05Z" }, "geometry": { "type": "Polygon", "coordinates": [ [ [ 91.2548204, 26.3632764 ], [ 91.2558073, 26.3632456 ], [ 91.2559626, 26.3632909 ], [ 91.2560326, 26.3634354 ], [ 91.2561726, 26.3637514 ], [ 91.2563527, 26.3640043 ], [ 91.2564226, 26.3641036 ], [ 91.2568435, 26.3640544 ], [ 91.2576151, 26.3639602 ], [ 91.2585171, 26.3637398 ], [ 91.2589881, 26.3636274 ], [ 91.2597297, 26.36347 ], [ 91.2606968, 26.3632813 ], [ 91.2611527, 26.3631372 ], [ 91.2616138, 26.3630428 ], [ 91.2617691, 26.3629346 ], [ 91.2619649, 26.3626007 ], [ 91.2622762, 26.3618473 ], [ 91.2624725, 26.3614189 ], [ 91.2624871, 26.3613872 ], [ 91.2625829, 26.3613643 ], [ 91.2630132, 26.3612612 ], [ 91.2634892, 26.3611488 ], [ 91.2641256, 26.3609778 ], [ 91.2646718, 26.3608157 ], [ 91.2650726, 26.3607393 ], [ 91.2653933, 26.3606899 ], [ 91.2656037, 26.3607081 ], [ 91.265814, 26.3607535 ], [ 91.2660041, 26.361074 ], [ 91.266114, 26.361372 ], [ 91.266199, 26.3615796 ], [ 91.2662687, 26.3621032 ], [ 91.2662181, 26.3626582 ], [ 91.2660923, 26.363132 ], [ 91.2659017, 26.3633935 ], [ 91.2648789, 26.3642638 ], [ 91.264277, 26.3650892 ], [ 91.2641714, 26.3655133 ], [ 91.2642206, 26.3656889 ], [ 91.2642434, 26.3657704 ], [ 91.2710032, 26.364753 ], [ 91.2710992, 26.3647385 ], [ 91.271069, 26.3646582 ], [ 91.2710106, 26.3645031 ], [ 91.271066, 26.3642188 ], [ 91.2717181, 26.3632986 ], [ 91.2724, 26.3626718 ], [ 91.272701, 26.3622432 ], [ 91.273283, 26.3611335 ], [ 91.27374, 26.3598341 ], [ 91.2742522, 26.3584038 ], [ 91.274724, 26.357303 ], [ 91.2748997, 26.3569059 ], [ 91.2751504, 26.3566218 ], [ 91.2754813, 26.3564145 ], [ 91.2758721, 26.3562749 ], [ 91.2761326, 26.3562119 ], [ 91.2764332, 26.3561624 ], [ 91.2767689, 26.3561491 ], [ 91.2771696, 26.3561313 ], [ 91.2775403, 26.356118 ], [ 91.277768, 26.3561182 ], [ 91.2778409, 26.3561182 ], [ 91.2780539, 26.3561184 ], [ 91.2781565, 26.3561185 ], [ 91.2787025, 26.3561504 ], [ 91.2792285, 26.3560695 ], [ 91.2797046, 26.3558938 ], [ 91.2799152, 26.3556096 ], [ 91.2799855, 26.3553118 ], [ 91.2798956, 26.3549959 ], [ 91.2793852, 26.3544585 ], [ 91.2790098, 26.3541197 ], [ 91.2785642, 26.3537268 ], [ 91.2780336, 26.353203 ], [ 91.2774981, 26.3527243 ], [ 91.2771027, 26.3522727 ], [ 91.2769277, 26.3519657 ], [ 91.2768579, 26.3515053 ], [ 91.2767682, 26.3509051 ], [ 91.276439, 26.3492802 ], [ 91.2763357, 26.3470101 ], [ 91.2764761, 26.345926 ], [ 91.2764903, 26.3458168 ], [ 91.2765122, 26.3456472 ], [ 91.2766384, 26.3444875 ], [ 91.276975, 26.3433144 ], [ 91.2773963, 26.3425565 ], [ 91.2776423, 26.3418391 ], [ 91.2775927, 26.3413336 ], [ 91.2773977, 26.3408596 ], [ 91.2769923, 26.3406337 ], [ 91.2763763, 26.3404753 ], [ 91.2756049, 26.3405244 ], [ 91.2755811, 26.3405318 ], [ 91.2749536, 26.340727 ], [ 91.2728592, 26.3416011 ], [ 91.2708151, 26.3422179 ], [ 91.2696728, 26.3425645 ], [ 91.2693923, 26.3425824 ], [ 91.2692521, 26.3425823 ], [ 91.2691068, 26.3425506 ], [ 91.2689666, 26.3424693 ], [ 91.2687213, 26.3422479 ], [ 91.268036, 26.3414081 ], [ 91.2671803, 26.3404733 ], [ 91.266705, 26.3398862 ], [ 91.26637, 26.3392992 ], [ 91.2662302, 26.3387124 ], [ 91.2662507, 26.3383153 ], [ 91.2662349, 26.3381963 ], [ 91.2662167, 26.3380603 ], [ 91.266196, 26.3379046 ], [ 91.266372, 26.3370789 ], [ 91.2668491, 26.3357344 ], [ 91.267552, 26.3338575 ], [ 91.2677477, 26.3334424 ], [ 91.2684499, 26.3323644 ], [ 91.2691018, 26.3314803 ], [ 91.2692702, 26.3311657 ], [ 91.2692974, 26.3311149 ], [ 91.2695633, 26.33056 ], [ 91.2696838, 26.3303074 ], [ 91.2697281, 26.330187 ], [ 91.2697643, 26.3300887 ], [ 91.2698947, 26.3297344 ], [ 91.2700003, 26.329229 ], [ 91.2699354, 26.3289221 ], [ 91.2694755, 26.3280372 ], [ 91.2683001, 26.3263079 ], [ 91.2674747, 26.3254001 ], [ 91.2671745, 26.3251021 ], [ 91.2670144, 26.3248943 ], [ 91.2664392, 26.3240681 ], [ 91.2657341, 26.3230521 ], [ 91.2652588, 26.3224966 ], [ 91.2647687, 26.3216749 ], [ 91.2640541, 26.3202076 ], [ 91.2636345, 26.319034 ], [ 91.2633699, 26.3181176 ], [ 91.2631249, 26.3177834 ], [ 91.2628096, 26.3175756 ], [ 91.2627792, 26.3175647 ], [ 91.2627313, 26.3175476 ], [ 91.2624542, 26.317449 ], [ 91.2616481, 26.3172588 ], [ 91.260837, 26.3172085 ], [ 91.25957, 26.3172075 ], [ 91.2588138, 26.3172249 ], [ 91.2584283, 26.3171614 ], [ 91.2580579, 26.3170348 ], [ 91.257652, 26.3167569 ], [ 91.2574843, 26.3167822 ], [ 91.2547025, 26.3172027 ], [ 91.2529291, 26.316437 ], [ 91.2509543, 26.3150302 ], [ 91.248648, 26.3138716 ], [ 91.2486033, 26.3138491 ], [ 91.2486624, 26.313761 ], [ 91.2498092, 26.3120539 ], [ 91.250875, 26.3096731 ], [ 91.2519706, 26.3081243 ], [ 91.2524238, 26.3067806 ], [ 91.2523782, 26.3062915 ], [ 91.2522008, 26.3043926 ], [ 91.2521919, 26.3042976 ], [ 91.2515682, 26.3042985 ], [ 91.2483013, 26.3044958 ], [ 91.2449161, 26.3040647 ], [ 91.2421609, 26.3037865 ], [ 91.2406713, 26.3033774 ], [ 91.2396438, 26.3032131 ], [ 91.238506, 26.3032951 ], [ 91.2373175, 26.3033013 ], [ 91.2355678, 26.3030199 ], [ 91.2354411, 26.3029995 ], [ 91.2344467, 26.3025757 ], [ 91.2326673, 26.3023934 ], [ 91.2327597, 26.3047254 ], [ 91.2328082, 26.3059511 ], [ 91.2327557, 26.3073452 ], [ 91.2330357, 26.310503 ], [ 91.2329794, 26.3123166 ], [ 91.2332771, 26.3126924 ], [ 91.2340812, 26.3131329 ], [ 91.233739, 26.3139227 ], [ 91.2335972, 26.3148068 ], [ 91.2336374, 26.3157573 ], [ 91.2332272, 26.3166544 ], [ 91.2332272, 26.3166544 ], [ 91.2331218, 26.3167383 ], [ 91.2327796, 26.3170108 ], [ 91.2322527, 26.3175254 ], [ 91.2323525, 26.3181538 ], [ 91.2321587, 26.3189454 ], [ 91.2317998, 26.3203615 ], [ 91.2315267, 26.3212551 ], [ 91.231194, 26.3224708 ], [ 91.2307055, 26.3234196 ], [ 91.2301714, 26.3248484 ], [ 91.2296339, 26.3262376 ], [ 91.2304795, 26.3263356 ], [ 91.2310485, 26.3262947 ], [ 91.2315265, 26.3262206 ], [ 91.2322182, 26.3260803 ], [ 91.2322183, 26.3260803 ], [ 91.2327524, 26.3274625 ], [ 91.2331533, 26.3285062 ], [ 91.2334894, 26.3303092 ], [ 91.2335402, 26.3313781 ], [ 91.2331865, 26.3323569 ], [ 91.2331357, 26.3332742 ], [ 91.232964, 26.3343193 ], [ 91.2325884, 26.3370347 ], [ 91.2323607, 26.3384414 ], [ 91.2319947, 26.3397786 ], [ 91.2320962, 26.3409233 ], [ 91.2320489, 26.3423932 ], [ 91.2321249, 26.3424139 ], [ 91.2321248, 26.3424139 ], [ 91.2317516, 26.3430793 ], [ 91.2315869, 26.3442035 ], [ 91.2312428, 26.345289 ], [ 91.2312253, 26.3470778 ], [ 91.2315562, 26.348325 ], [ 91.2314765, 26.3493912 ], [ 91.2314755, 26.3494033 ], [ 91.2314843, 26.3499986 ], [ 91.2311568, 26.3507769 ], [ 91.2304599, 26.3518598 ], [ 91.2297716, 26.3525449 ], [ 91.2289222, 26.3534004 ], [ 91.2287997, 26.3540051 ], [ 91.2289975, 26.3547455 ], [ 91.2295, 26.3559408 ], [ 91.2300725, 26.3569324 ], [ 91.2302476, 26.3579128 ], [ 91.2304333, 26.3584772 ], [ 91.2320496, 26.3583213 ], [ 91.2336536, 26.3585236 ], [ 91.2349548, 26.3587874 ], [ 91.2356276, 26.3589156 ], [ 91.2356046, 26.3588215 ], [ 91.235708, 26.3584962 ], [ 91.2362351, 26.3579816 ], [ 91.2366851, 26.3575917 ], [ 91.237636, 26.3568876 ], [ 91.2380791, 26.3564189 ], [ 91.2385974, 26.3563021 ], [ 91.2391402, 26.3564616 ], [ 91.2394603, 26.356543 ], [ 91.2401223, 26.3570515 ], [ 91.2409698, 26.3576657 ], [ 91.2414076, 26.3576342 ], [ 91.2417421, 26.3569348 ], [ 91.2420624, 26.3560775 ], [ 91.2424424, 26.3558913 ], [ 91.2429012, 26.3560965 ], [ 91.2432532, 26.3565876 ], [ 91.2434406, 26.3572096 ], [ 91.2434495, 26.3578048 ], [ 91.2431728, 26.3592415 ], [ 91.2432517, 26.3606262 ], [ 91.2440012, 26.3621214 ], [ 91.2455301, 26.3639576 ], [ 91.2469173, 26.3656848 ], [ 91.2485019, 26.3670493 ], [ 91.2485743, 26.3669717 ], [ 91.2485831, 26.3669679 ], [ 91.2491558, 26.3667195 ], [ 91.2502983, 26.3664046 ], [ 91.2511602, 26.3661842 ], [ 91.251496, 26.3661214 ], [ 91.2516363, 26.3660402 ], [ 91.2517769, 26.3657695 ], [ 91.2518122, 26.3656116 ], [ 91.2519527, 26.3652823 ], [ 91.2522542, 26.3644386 ], [ 91.2523951, 26.3638521 ], [ 91.2525006, 26.3635543 ], [ 91.2526409, 26.3634912 ], [ 91.2534676, 26.3634107 ], [ 91.2548204, 26.3632764 ] ] ] } },
{ "type": "Feature", "properties": { "gpcode": "105715", "gpname": "DAKHIN PUB SARUKHETRI", "dtname": "Barpeta", "stname": "ASSAM", "sdtname": "Sarthebari", "blkname": "SARUKHETRI", "expected_mm": 15.9, "likely_min_mm": 15.9, "likely_max_mm": 15.9, "tmax_c": 32.6, "tmin_c": 24.8, "temp_c": 28.7, "rh_pct": 93.9, "wind_kph": 11.1, "heat_stress_level": "NONE", "disease_risk_flag": false, "ragi_stage": "vegetative", "paddy_stage": "vegetative", "forecast_date": "2026-09-10", "timestamp_utc": "2026-09-28T15:52:05Z" }, "geometry": { "type": "Polygon", "coordinates": [ [ [ 91.2213631, 26.2994543 ], [ 91.223383, 26.2993884 ], [ 91.2250301, 26.2995878 ], [ 91.2253759, 26.2996206 ], [ 91.2255054, 26.2996483 ], [ 91.22691, 26.2999485 ], [ 91.228767, 26.3005299 ], [ 91.2303388, 26.3013701 ], [ 91.2326673, 26.3023934 ], [ 91.2326673, 26.3023934 ], [ 91.2344467, 26.3025757 ], [ 91.2354411, 26.3029995 ], [ 91.2355678, 26.3030199 ], [ 91.2373175, 26.3033013 ], [ 91.238506, 26.3032951 ], [ 91.2396438, 26.3032131 ], [ 91.2406713, 26.3033774 ], [ 91.2421609, 26.3037865 ], [ 91.2449161, 26.3040647 ], [ 91.2483013, 26.3044958 ], [ 91.2515682, 26.3042985 ], [ 91.2521919, 26.3042976 ], [ 91.2517316, 26.3042397 ], [ 91.2516345, 26.3042037 ], [ 91.2513412, 26.3040949 ], [ 91.251096, 26.3038555 ], [ 91.2508311, 26.3034762 ], [ 91.2505363, 26.3028577 ], [ 91.250222, 26.3018104 ], [ 91.2501132, 26.3005286 ], [ 91.2503503, 26.2988726 ], [ 91.2505417, 26.2978573 ], [ 91.2510386, 26.2966708 ], [ 91.2517605, 26.2957508 ], [ 91.2522602, 26.2952477 ], [ 91.2523424, 26.2951649 ], [ 91.2525174, 26.2949888 ], [ 91.2535894, 26.2942947 ], [ 91.2543107, 26.2940109 ], [ 91.255047, 26.293804 ], [ 91.2558081, 26.2937233 ], [ 91.2566692, 26.2936789 ], [ 91.25732, 26.2937742 ], [ 91.2579346, 26.2940625 ], [ 91.2583709, 26.294267 ], [ 91.2590367, 26.2944164 ], [ 91.2593521, 26.2944167 ], [ 91.2596526, 26.2943538 ], [ 91.2601085, 26.2940518 ], [ 91.2607801, 26.2933077 ], [ 91.2611461, 26.2928477 ], [ 91.2613268, 26.2923378 ], [ 91.2614676, 26.2917061 ], [ 91.2615182, 26.2910698 ], [ 91.2614989, 26.2903342 ], [ 91.2613443, 26.2897338 ], [ 91.2611495, 26.2892418 ], [ 91.2608695, 26.2889572 ], [ 91.2603941, 26.288686 ], [ 91.2596935, 26.2884463 ], [ 91.258654, 26.2881144 ], [ 91.2586351, 26.2881084 ], [ 91.2586024, 26.288098 ], [ 91.2569507, 26.2876182 ], [ 91.2552991, 26.2870617 ], [ 91.2535825, 26.2865142 ], [ 91.2528269, 26.2861661 ], [ 91.2507504, 26.2850857 ], [ 91.2496647, 26.284489 ], [ 91.2493294, 26.2843444 ], [ 91.2490141, 26.2842628 ], [ 91.2484685, 26.2841676 ], [ 91.2470851, 26.2834639 ], [ 91.2468126, 26.2833345 ], [ 91.2467778, 26.2833179 ], [ 91.2455122, 26.2827164 ], [ 91.2436597, 26.2816046 ], [ 91.2426108, 26.2808293 ], [ 91.2426041, 26.2808244 ], [ 91.2415908, 26.2800754 ], [ 91.2405101, 26.2793527 ], [ 91.2395225, 26.2791586 ], [ 91.2379797, 26.2790485 ], [ 91.2365298, 26.2794671 ], [ 91.2340313, 26.2803041 ], [ 91.2315406, 26.2811784 ], [ 91.2313161, 26.2812572 ], [ 91.2313135, 26.2812582 ], [ 91.2298154, 26.281784 ], [ 91.2275943, 26.282398 ], [ 91.227008, 26.2824541 ], [ 91.2267386, 26.2822923 ], [ 91.2266936, 26.2822653 ], [ 91.2262671, 26.2820092 ], [ 91.2251567, 26.2805806 ], [ 91.2251507, 26.280573 ], [ 91.2247535, 26.2800619 ], [ 91.2231785, 26.2786157 ], [ 91.2216511, 26.2770179 ], [ 91.2203545, 26.2761838 ], [ 91.2194593, 26.2756278 ], [ 91.2191813, 26.2752939 ], [ 91.2189639, 26.2735683 ], [ 91.2188784, 26.2733663 ], [ 91.2170381, 26.2726078 ], [ 91.2159611, 26.2724793 ], [ 91.2146589, 26.2719548 ], [ 91.2132221, 26.2711997 ], [ 91.2117076, 26.2708287 ], [ 91.2116463, 26.2708424 ], [ 91.2110334, 26.2709794 ], [ 91.2103942, 26.271778 ], [ 91.2102156, 26.2723403 ], [ 91.2097662, 26.2728532 ], [ 91.2091883, 26.2732038 ], [ 91.2083639, 26.2737781 ], [ 91.2079401, 26.2741519 ], [ 91.2075271, 26.2750744 ], [ 91.2067584, 26.2758506 ], [ 91.2057463, 26.2760264 ], [ 91.2056886, 26.2760353 ], [ 91.2056179, 26.2760461 ], [ 91.2040567, 26.2762851 ], [ 91.2031551, 26.2764185 ], [ 91.2024212, 26.277158 ], [ 91.2014695, 26.278016 ], [ 91.2004528, 26.2785698 ], [ 91.1989393, 26.2792641 ], [ 91.1988814, 26.2792761 ], [ 91.1988731, 26.2793588 ], [ 91.1987513, 26.280582 ], [ 91.1985988, 26.2813478 ], [ 91.1985757, 26.2825809 ], [ 91.1982114, 26.2834412 ], [ 91.1982637, 26.2840334 ], [ 91.198694, 26.2849161 ], [ 91.1988738, 26.2864524 ], [ 91.1991596, 26.2872483 ], [ 91.1991658, 26.2872657 ], [ 91.1998675, 26.2877317 ], [ 91.2009525, 26.288051 ], [ 91.2019764, 26.2881761 ], [ 91.2028655, 26.2882712 ], [ 91.2047066, 26.2881787 ], [ 91.2055747, 26.2880369 ], [ 91.2062345, 26.2877843 ], [ 91.206597, 26.2876456 ], [ 91.2075158, 26.2875795 ], [ 91.2087952, 26.2876068 ], [ 91.2094078, 26.2875628 ], [ 91.2097943, 26.2884487 ], [ 91.2097855, 26.2888465 ], [ 91.2094565, 26.2891085 ], [ 91.2083695, 26.2892661 ], [ 91.2077097, 26.2892738 ], [ 91.207698, 26.2895099 ], [ 91.2076939, 26.2895927 ], [ 91.2083395, 26.2904203 ], [ 91.2093057, 26.2907306 ], [ 91.2098533, 26.291446 ], [ 91.2102328, 26.293246 ], [ 91.2106175, 26.2946087 ], [ 91.210759, 26.2957108 ], [ 91.2109269, 26.2966124 ], [ 91.211268, 26.2979782 ], [ 91.2119958, 26.2992369 ], [ 91.2128429, 26.2998513 ], [ 91.2137337, 26.3004626 ], [ 91.2138175, 26.3014099 ], [ 91.2139942, 26.3019136 ], [ 91.2148816, 26.3024854 ], [ 91.2154959, 26.3029576 ], [ 91.2161102, 26.3034299 ], [ 91.2164252, 26.3040031 ], [ 91.2164881, 26.3047136 ], [ 91.2165293, 26.3052377 ], [ 91.2176165, 26.3048879 ], [ 91.2183518, 26.3042393 ], [ 91.2189785, 26.30336 ], [ 91.219833, 26.302067 ], [ 91.2205088, 26.3007473 ], [ 91.2213631, 26.2994543 ] ] ] } },
{ "type": "Feature", "properties": { "gpcode": "105716", "gpname": "DAKHIN PASCHIM SARUKHETRI", "dtname": "Barpeta", "stname": "ASSAM", "sdtname": "Chenga", "blkname": "CHENGA", "expected_mm": 15.9, "likely_min_mm": 15.9, "likely_max_mm": 15.9, "tmax_c": 32.4, "tmin_c": 24.8, "temp_c": 28.6, "rh_pct": 93.7, "wind_kph": 11.2, "heat_stress_level": "NONE", "disease_risk_flag": false, "ragi_stage": "vegetative", "paddy_stage": "vegetative", "forecast_date": "2026-09-10", "timestamp_utc": "2026-09-28T15:52:05Z" }, "geometry": { "type": "MultiPolygon", "coordinates": [ [ [ [ 91.2052221, 26.2658492 ], [ 91.2066392, 26.2658796 ], [ 91.2066501, 26.2658554 ], [ 91.2068203, 26.265151 ], [ 91.2072369, 26.2641046 ], [ 91.2075976, 26.2634495 ], [ 91.2082844, 26.2625402 ], [ 91.209117, 26.2617196 ], [ 91.209117, 26.2617195 ], [ 91.2090879, 26.2609213 ], [ 91.2090391, 26.2603691 ], [ 91.2088346, 26.2592424 ], [ 91.2084635, 26.257675 ], [ 91.2081331, 26.2560419 ], [ 91.2079153, 26.2551557 ], [ 91.2078213, 26.2540928 ], [ 91.2064288, 26.2474942 ], [ 91.2045774, 26.2487271 ], [ 91.1932418, 26.2526107 ], [ 91.1932347, 26.2528321 ], [ 91.1933256, 26.2554407 ], [ 91.1933931, 26.2565999 ], [ 91.1934786, 26.2578311 ], [ 91.1936449, 26.2590625 ], [ 91.1938258, 26.2597941 ], [ 91.1941712, 26.2614681 ], [ 91.1944384, 26.2627852 ], [ 91.1944669, 26.2633704 ], [ 91.1944654, 26.2649329 ], [ 91.1945265, 26.2666121 ], [ 91.1959238, 26.2665803 ], [ 91.1983846, 26.2664454 ], [ 91.1995865, 26.2662333 ], [ 91.2005278, 26.2662286 ], [ 91.2009594, 26.2661554 ], [ 91.2015911, 26.2660682 ], [ 91.2032768, 26.2659366 ], [ 91.2035468, 26.2659244 ], [ 91.2052221, 26.2658492 ] ] ], [ [ [ 91.2073373, 26.3317219 ], [ 91.2081374, 26.331307 ], [ 91.2090042, 26.3306489 ], [ 91.2089912, 26.3306365 ], [ 91.2097778, 26.3300373 ], [ 91.2103154, 26.3296413 ], [ 91.2112504, 26.3292563 ], [ 91.2116845, 26.3291853 ], [ 91.2119822, 26.3295612 ], [ 91.2123007, 26.3301739 ], [ 91.212747, 26.3307376 ], [ 91.2131584, 26.3309067 ], [ 91.2135261, 26.3310789 ], [ 91.2141617, 26.3307948 ], [ 91.2141608, 26.3307479 ], [ 91.2141495, 26.3301602 ], [ 91.213978, 26.3292192 ], [ 91.2140395, 26.3284202 ], [ 91.2144108, 26.3276389 ], [ 91.215078, 26.326717 ], [ 91.2158925, 26.3254463 ], [ 91.2158861, 26.3254159 ], [ 91.2168886, 26.3252555 ], [ 91.2184224, 26.3246686 ], [ 91.2198929, 26.3243642 ], [ 91.2213303, 26.3241813 ], [ 91.2230093, 26.3240913 ], [ 91.2230111, 26.3241018 ], [ 91.2239232, 26.3239567 ], [ 91.2245797, 26.3239095 ], [ 91.2251084, 26.3239112 ], [ 91.2256476, 26.3240313 ], [ 91.2259486, 26.3244465 ], [ 91.2263373, 26.3248556 ], [ 91.2269359, 26.3256467 ], [ 91.2274436, 26.3264047 ], [ 91.2281281, 26.3266732 ], [ 91.2286533, 26.3266354 ], [ 91.2296339, 26.3262376 ], [ 91.2301714, 26.3248484 ], [ 91.2307055, 26.3234196 ], [ 91.231194, 26.3224708 ], [ 91.2315267, 26.3212551 ], [ 91.2317998, 26.3203615 ], [ 91.2321587, 26.3189454 ], [ 91.2323525, 26.3181538 ], [ 91.2322527, 26.3175254 ], [ 91.2327796, 26.3170108 ], [ 91.2331218, 26.3167383 ], [ 91.2332272, 26.3166544 ], [ 91.2336374, 26.3157573 ], [ 91.2335972, 26.3148068 ], [ 91.233739, 26.3139227 ], [ 91.2340812, 26.3131329 ], [ 91.2332771, 26.3126924 ], [ 91.2329794, 26.3123166 ], [ 91.2330357, 26.310503 ], [ 91.2327557, 26.3073452 ], [ 91.2328082, 26.3059511 ], [ 91.2327597, 26.3047254 ], [ 91.2326673, 26.3023934 ], [ 91.2303388, 26.3013701 ], [ 91.228767, 26.3005299 ], [ 91.22691, 26.2999485 ], [ 91.2255054, 26.2996483 ], [ 91.2253759, 26.2996206 ], [ 91.2250301, 26.2995878 ], [ 91.223383, 26.2993884 ], [ 91.2213631, 26.2994543 ], [ 91.2205088, 26.3007473 ], [ 91.219833, 26.302067 ], [ 91.2189785, 26.30336 ], [ 91.2183518, 26.3042393 ], [ 91.2176165, 26.3048879 ], [ 91.2165293, 26.3052377 ], [ 91.2165032, 26.3052461 ], [ 91.2169058, 26.305813 ], [ 91.2171296, 26.306353 ], [ 91.2170177, 26.307039 ], [ 91.2170141, 26.3070366 ], [ 91.2162012, 26.3069451 ], [ 91.2154014, 26.3063669 ], [ 91.2148394, 26.3064868 ], [ 91.214302, 26.306883 ], [ 91.2142989, 26.3074379 ], [ 91.2124412, 26.307255 ], [ 91.2105683, 26.3069924 ], [ 91.2085973, 26.3066176 ], [ 91.2065983, 26.3069202 ], [ 91.2052557, 26.3071755 ], [ 91.2034216, 26.3073901 ], [ 91.2034215, 26.3073901 ], [ 91.2032546, 26.3064535 ], [ 91.2032748, 26.305186 ], [ 91.2027572, 26.3033164 ], [ 91.2026455, 26.3020533 ], [ 91.2025427, 26.3003923 ], [ 91.202391, 26.2981786 ], [ 91.2022321, 26.2968792 ], [ 91.202238, 26.2944556 ], [ 91.2016284, 26.2932064 ], [ 91.2015481, 26.2922985 ], [ 91.2016708, 26.2916938 ], [ 91.2022872, 26.2906962 ], [ 91.2026924, 26.2902444 ], [ 91.2030488, 26.289847 ], [ 91.2037577, 26.2893988 ], [ 91.2045383, 26.2892633 ], [ 91.2051614, 26.2893377 ], [ 91.2058859, 26.2895637 ], [ 91.2058771, 26.2899616 ], [ 91.2057912, 26.2904842 ], [ 91.2055407, 26.2911377 ], [ 91.2053569, 26.2915483 ], [ 91.2054425, 26.2920188 ], [ 91.2058066, 26.2921515 ], [ 91.2064752, 26.2917459 ], [ 91.2070862, 26.2911856 ], [ 91.2073173, 26.2908115 ], [ 91.2077409, 26.2906222 ], [ 91.2083395, 26.2904203 ], [ 91.2076939, 26.2895927 ], [ 91.207698, 26.2895099 ], [ 91.2077097, 26.2892738 ], [ 91.2083695, 26.2892661 ], [ 91.2094565, 26.2891085 ], [ 91.2097855, 26.2888465 ], [ 91.2097943, 26.2884487 ], [ 91.2094078, 26.2875628 ], [ 91.2087952, 26.2876068 ], [ 91.2075158, 26.2875795 ], [ 91.206597, 26.2876456 ], [ 91.2062345, 26.2877843 ], [ 91.2055747, 26.2880369 ], [ 91.2047066, 26.2881787 ], [ 91.2028655, 26.2882712 ], [ 91.2019764, 26.2881761 ], [ 91.2009525, 26.288051 ], [ 91.1998675, 26.2877317 ], [ 91.1991658, 26.2872657 ], [ 91.1991596, 26.2872483 ], [ 91.1988738, 26.2864524 ], [ 91.198694, 26.2849161 ], [ 91.1982637, 26.2840334 ], [ 91.1982114, 26.2834412 ], [ 91.1985757, 26.2825809 ], [ 91.1985988, 26.2813478 ], [ 91.1987513, 26.280582 ], [ 91.1988731, 26.2793588 ], [ 91.1988814, 26.2792761 ], [ 91.1974211, 26.2795772 ], [ 91.1965422, 26.2795374 ], [ 91.1956861, 26.2793241 ], [ 91.1940723, 26.2787189 ], [ 91.1932526, 26.2780567 ], [ 91.1924935, 26.2772184 ], [ 91.1915564, 26.2752255 ], [ 91.1914812, 26.2751153 ], [ 91.1913189, 26.2748776 ], [ 91.1905511, 26.2737526 ], [ 91.1889423, 26.2719109 ], [ 91.1877747, 26.2716169 ], [ 91.1868551, 26.2715456 ], [ 91.1860124, 26.2719151 ], [ 91.1852497, 26.2727595 ], [ 91.1849393, 26.273523 ], [ 91.184792, 26.2748726 ], [ 91.1840245, 26.2760951 ], [ 91.1838031, 26.2771143 ], [ 91.1837894, 26.2771775 ], [ 91.1836457, 26.277839 ], [ 91.1831747, 26.2789715 ], [ 91.1824815, 26.2797422 ], [ 91.1820182, 26.2805309 ], [ 91.1818545, 26.2812636 ], [ 91.1820128, 26.2826257 ], [ 91.1821788, 26.2836439 ], [ 91.1826864, 26.2850839 ], [ 91.1826964, 26.2864909 ], [ 91.1829818, 26.2875692 ], [ 91.1831856, 26.2885847 ], [ 91.1837242, 26.2903858 ], [ 91.1836799, 26.2904777 ], [ 91.1834668, 26.2909193 ], [ 91.18304, 26.2912589 ], [ 91.1825045, 26.2912286 ], [ 91.1818495, 26.2911383 ], [ 91.1808588, 26.2906943 ], [ 91.1798831, 26.2904209 ], [ 91.1793837, 26.2908 ], [ 91.1787889, 26.291392 ], [ 91.1787596, 26.2923555 ], [ 91.1786157, 26.2928808 ], [ 91.1777927, 26.2930428 ], [ 91.1766249, 26.2927488 ], [ 91.1751949, 26.2931176 ], [ 91.1727575, 26.2935325 ], [ 91.1706341, 26.2949206 ], [ 91.1695734, 26.2954086 ], [ 91.1670589, 26.2953827 ], [ 91.1651721, 26.295659 ], [ 91.1651713, 26.2956591 ], [ 91.1650449, 26.2956776 ], [ 91.1647667, 26.2957184 ], [ 91.1636626, 26.2952824 ], [ 91.1627333, 26.295967 ], [ 91.162686, 26.2960232 ], [ 91.1615962, 26.2973187 ], [ 91.1605787, 26.2987306 ], [ 91.1596127, 26.2998641 ], [ 91.1590346, 26.3002144 ], [ 91.1577845, 26.3007158 ], [ 91.1569109, 26.3012907 ], [ 91.1568737, 26.301304 ], [ 91.156772, 26.3013404 ], [ 91.1568081, 26.3013986 ], [ 91.1579885, 26.3033007 ], [ 91.1589765, 26.3050176 ], [ 91.1605119, 26.30745 ], [ 91.1612129, 26.3089093 ], [ 91.1621015, 26.3099976 ], [ 91.1621541, 26.3100494 ], [ 91.1624936, 26.310384 ], [ 91.1642366, 26.3111729 ], [ 91.1661269, 26.3116335 ], [ 91.1673752, 26.3120374 ], [ 91.168439, 26.3123816 ], [ 91.169834, 26.3127187 ], [ 91.1711872, 26.312582 ], [ 91.1724544, 26.312968 ], [ 91.1737793, 26.3135087 ], [ 91.1757238, 26.3140844 ], [ 91.1779171, 26.3144834 ], [ 91.1791854, 26.3148833 ], [ 91.1792123, 26.3149419 ], [ 91.1800175, 26.3150828 ], [ 91.1806247, 26.3154763 ], [ 91.1807784, 26.31622 ], [ 91.1811143, 26.3170301 ], [ 91.1820065, 26.3181578 ], [ 91.182857, 26.3188119 ], [ 91.1836692, 26.3190317 ], [ 91.1844814, 26.3192516 ], [ 91.1860078, 26.3195791 ], [ 91.1867797, 26.3198415 ], [ 91.1877012, 26.3203814 ], [ 91.1876635, 26.3204514 ], [ 91.1877263, 26.321162 ], [ 91.1876979, 26.3218393 ], [ 91.1868631, 26.3226784 ], [ 91.1863445, 26.323788 ], [ 91.1865454, 26.3245681 ], [ 91.1873329, 26.3255047 ], [ 91.1878422, 26.325786 ], [ 91.1887176, 26.3257232 ], [ 91.1894686, 26.3257488 ], [ 91.1899849, 26.326109 ], [ 91.1903507, 26.326758 ], [ 91.1902209, 26.3272838 ], [ 91.1899126, 26.3277825 ], [ 91.1898843, 26.3284598 ], [ 91.1902709, 26.3293457 ], [ 91.1908117, 26.3299822 ], [ 91.1909918, 26.3305254 ], [ 91.1907427, 26.331247 ], [ 91.1907588, 26.3312537 ], [ 91.1919997, 26.3319626 ], [ 91.1933827, 26.3326579 ], [ 91.1945765, 26.3332078 ], [ 91.1954674, 26.3338191 ], [ 91.1962324, 26.3340026 ], [ 91.197663, 26.333741 ], [ 91.1988467, 26.3331794 ], [ 91.199274, 26.3330295 ], [ 91.2004278, 26.332629 ], [ 91.2016021, 26.332447 ], [ 91.2018618, 26.3324068 ], [ 91.2032624, 26.3323062 ], [ 91.2042445, 26.3329508 ], [ 91.2044394, 26.3333204 ], [ 91.205073, 26.3335133 ], [ 91.2051505, 26.3335617 ], [ 91.2060988, 26.3341546 ], [ 91.2066365, 26.3337585 ], [ 91.2066104, 26.3329659 ], [ 91.2067331, 26.3323612 ], [ 91.2073373, 26.3317219 ] ] ] ] } },
{ "type": "Feature", "properties": { "gpcode": "105717", "gpname": "MADHYA SARUKHETRI", "dtname": "Barpeta", "stname": "ASSAM", "sdtname": "Sarthebari", "blkname": "SARUKHETRI", "expected_mm": 16.0, "likely_min_mm": 16.0, "likely_max_mm": 16.0, "tmax_c": 32.5, "tmin_c": 24.7, "temp_c": 28.6, "rh_pct": 93.6, "wind_kph": 11.4, "heat_stress_level": "NONE", "disease_risk_flag": false, "ragi_stage": "vegetative", "paddy_stage": "vegetative", "forecast_date": "2026-09-10", "timestamp_utc": "2026-09-28T15:52:05Z" }, "geometry": { "type": "Polygon", "coordinates": [ [ [ 91.2136089, 26.3553432 ], [ 91.214467, 26.3550829 ], [ 91.215747, 26.3551101 ], [ 91.2172108, 26.3557199 ], [ 91.2182842, 26.3563974 ], [ 91.2188445, 26.3567544 ], [ 91.2199708, 26.357273 ], [ 91.2199709, 26.357273 ], [ 91.2199703, 26.3572438 ], [ 91.2215306, 26.3574494 ], [ 91.2236704, 26.3577324 ], [ 91.2257751, 26.3586138 ], [ 91.2273529, 26.3590167 ], [ 91.2283371, 26.3591843 ], [ 91.2294753, 26.3591024 ], [ 91.2301075, 26.3587788 ], [ 91.2304333, 26.3584772 ], [ 91.2302476, 26.3579128 ], [ 91.2300725, 26.3569324 ], [ 91.2295, 26.3559408 ], [ 91.2289975, 26.3547455 ], [ 91.2287997, 26.3540051 ], [ 91.2289222, 26.3534004 ], [ 91.2297716, 26.3525449 ], [ 91.2304599, 26.3518598 ], [ 91.2311568, 26.3507769 ], [ 91.2314843, 26.3499986 ], [ 91.2314755, 26.3494033 ], [ 91.2314765, 26.3493912 ], [ 91.2315562, 26.348325 ], [ 91.2312253, 26.3470778 ], [ 91.2312428, 26.345289 ], [ 91.2315869, 26.3442035 ], [ 91.2317516, 26.3430793 ], [ 91.2321248, 26.3424139 ], [ 91.2321249, 26.3424139 ], [ 91.2320489, 26.3423932 ], [ 91.2320962, 26.3409233 ], [ 91.2319947, 26.3397786 ], [ 91.2323607, 26.3384414 ], [ 91.2325884, 26.3370347 ], [ 91.232964, 26.3343193 ], [ 91.2331357, 26.3332742 ], [ 91.2331865, 26.3323569 ], [ 91.2335402, 26.3313781 ], [ 91.2334894, 26.3303092 ], [ 91.2331533, 26.3285062 ], [ 91.2327524, 26.3274625 ], [ 91.2322183, 26.3260803 ], [ 91.2322182, 26.3260803 ], [ 91.2315265, 26.3262206 ], [ 91.2310485, 26.3262947 ], [ 91.2304795, 26.3263356 ], [ 91.2296339, 26.3262376 ], [ 91.2286533, 26.3266354 ], [ 91.2281281, 26.3266732 ], [ 91.2274436, 26.3264047 ], [ 91.2269359, 26.3256467 ], [ 91.2263373, 26.3248556 ], [ 91.2259486, 26.3244465 ], [ 91.2256476, 26.3240313 ], [ 91.2251084, 26.3239112 ], [ 91.2245797, 26.3239095 ], [ 91.2239232, 26.3239567 ], [ 91.2230111, 26.3241018 ], [ 91.2230093, 26.3240913 ], [ 91.2213303, 26.3241813 ], [ 91.2198929, 26.3243642 ], [ 91.2184224, 26.3246686 ], [ 91.2168886, 26.3252555 ], [ 91.2158861, 26.3254159 ], [ 91.2158925, 26.3254463 ], [ 91.215078, 26.326717 ], [ 91.2144108, 26.3276389 ], [ 91.2140395, 26.3284202 ], [ 91.213978, 26.3292192 ], [ 91.2141495, 26.3301602 ], [ 91.2141608, 26.3307479 ], [ 91.2141617, 26.3307948 ], [ 91.2135261, 26.3310789 ], [ 91.2131584, 26.3309067 ], [ 91.212747, 26.3307376 ], [ 91.2123007, 26.3301739 ], [ 91.2119822, 26.3295612 ], [ 91.2116845, 26.3291853 ], [ 91.2112504, 26.3292563 ], [ 91.2103154, 26.3296413 ], [ 91.2097778, 26.3300373 ], [ 91.2089912, 26.3306365 ], [ 91.2089912, 26.3306365 ], [ 91.2090042, 26.3306489 ], [ 91.2081374, 26.331307 ], [ 91.2073373, 26.3317219 ], [ 91.2067331, 26.3323612 ], [ 91.2066104, 26.3329659 ], [ 91.2066365, 26.3337585 ], [ 91.2060988, 26.3341546 ], [ 91.2051505, 26.3335617 ], [ 91.205073, 26.3335133 ], [ 91.2044394, 26.3333204 ], [ 91.2042445, 26.3329508 ], [ 91.2032624, 26.3323062 ], [ 91.2018618, 26.3324068 ], [ 91.2016021, 26.332447 ], [ 91.2004278, 26.332629 ], [ 91.199274, 26.3330295 ], [ 91.1988467, 26.3331794 ], [ 91.197663, 26.333741 ], [ 91.1962324, 26.3340026 ], [ 91.1954674, 26.3338191 ], [ 91.1945765, 26.3332078 ], [ 91.1933827, 26.3326579 ], [ 91.1919997, 26.3319626 ], [ 91.1907588, 26.3312537 ], [ 91.1906705, 26.3332461 ], [ 91.1907872, 26.335065 ], [ 91.1904471, 26.3362016 ], [ 91.189981, 26.3369103 ], [ 91.1891319, 26.3376452 ], [ 91.1890425, 26.3377226 ], [ 91.1890062, 26.3377167 ], [ 91.188196, 26.3383517 ], [ 91.1866179, 26.3399346 ], [ 91.1852217, 26.3415838 ], [ 91.1841862, 26.3433263 ], [ 91.1837198, 26.345028 ], [ 91.1830657, 26.3471006 ], [ 91.1831335, 26.3483669 ], [ 91.1831347, 26.3484211 ], [ 91.1831764, 26.3503499 ], [ 91.1840028, 26.3507276 ], [ 91.1846783, 26.3513942 ], [ 91.1849758, 26.3517701 ], [ 91.1854819, 26.3520119 ], [ 91.1862261, 26.3519585 ], [ 91.1878563, 26.3519608 ], [ 91.1891995, 26.3517056 ], [ 91.190259, 26.3512324 ], [ 91.1908982, 26.3509879 ], [ 91.1918753, 26.3510768 ], [ 91.1929872, 26.3511957 ], [ 91.1939205, 26.3512876 ], [ 91.1952532, 26.3509139 ], [ 91.1956805, 26.3507641 ], [ 91.1962042, 26.3502102 ], [ 91.1967892, 26.3498504 ], [ 91.1975632, 26.349636 ], [ 91.1982725, 26.3491879 ], [ 91.1991326, 26.349074 ], [ 91.2001778, 26.3494359 ], [ 91.2010655, 26.3500077 ], [ 91.201468, 26.3505747 ], [ 91.2021802, 26.3511887 ], [ 91.2021481, 26.3511989 ], [ 91.2025464, 26.3518081 ], [ 91.2028211, 26.3524239 ], [ 91.2026949, 26.352989 ], [ 91.2025357, 26.3532702 ], [ 91.20239, 26.3535273 ], [ 91.2017831, 26.3539179 ], [ 91.2020395, 26.3545455 ], [ 91.2029675, 26.3550747 ], [ 91.2041143, 26.3555882 ], [ 91.2054467, 26.3562076 ], [ 91.2066215, 26.3570368 ], [ 91.2076266, 26.3574413 ], [ 91.2086667, 26.3582404 ], [ 91.2093389, 26.3588674 ], [ 91.2094894, 26.3595716 ], [ 91.2097021, 26.3601956 ], [ 91.2097022, 26.3601956 ], [ 91.2102004, 26.3596397 ], [ 91.2105035, 26.3585851 ], [ 91.2110868, 26.357709 ], [ 91.2124127, 26.3562633 ], [ 91.2136089, 26.3553432 ] ] ] } },
{ "type": "Feature", "properties": { "gpcode": "105718", "gpname": "MADHYA PASCHIM SARUKHETRI", "dtname": "Barpeta", "stname": "ASSAM", "sdtname": "Sarthebari", "blkname": "SARUKHETRI", "expected_mm": 15.9, "likely_min_mm": 15.9, "likely_max_mm": 15.9, "tmax_c": 32.4, "tmin_c": 24.7, "temp_c": 28.5, "rh_pct": 93.6, "wind_kph": 11.3, "heat_stress_level": "NONE", "disease_risk_flag": false, "ragi_stage": "vegetative", "paddy_stage": "vegetative", "forecast_date": "2026-09-10", "timestamp_utc": "2026-09-28T15:52:05Z" }, "geometry": { "type": "Polygon", "coordinates": [ [ [ 91.1669462, 26.3574255 ], [ 91.1681059, 26.3565878 ], [ 91.1690501, 26.3558053 ], [ 91.1702308, 26.3552044 ], [ 91.1713814, 26.3547645 ], [ 91.1728728, 26.3539489 ], [ 91.1728456, 26.3540553 ], [ 91.174439, 26.3541398 ], [ 91.1753791, 26.3544096 ], [ 91.1754228, 26.3544221 ], [ 91.1763089, 26.3544778 ], [ 91.1776676, 26.3548969 ], [ 91.1785134, 26.3549952 ], [ 91.1791192, 26.3548724 ], [ 91.1800107, 26.3544907 ], [ 91.1807973, 26.353918 ], [ 91.1818623, 26.3530075 ], [ 91.1821567, 26.3523509 ], [ 91.1820801, 26.3514826 ], [ 91.1822939, 26.3509111 ], [ 91.1831764, 26.3503499 ], [ 91.1831347, 26.3484211 ], [ 91.1831335, 26.3483669 ], [ 91.1830657, 26.3471006 ], [ 91.1837198, 26.345028 ], [ 91.1841862, 26.3433263 ], [ 91.1852217, 26.3415838 ], [ 91.1866179, 26.3399346 ], [ 91.188196, 26.3383517 ], [ 91.1890062, 26.3377167 ], [ 91.1890425, 26.3377226 ], [ 91.1891319, 26.3376452 ], [ 91.189981, 26.3369103 ], [ 91.1904471, 26.3362016 ], [ 91.1907872, 26.335065 ], [ 91.1906705, 26.3332461 ], [ 91.1907588, 26.3312537 ], [ 91.1907427, 26.331247 ], [ 91.1909918, 26.3305254 ], [ 91.1908117, 26.3299822 ], [ 91.1902709, 26.3293457 ], [ 91.1898843, 26.3284598 ], [ 91.1899126, 26.3277825 ], [ 91.1902209, 26.3272838 ], [ 91.1903507, 26.326758 ], [ 91.1899849, 26.326109 ], [ 91.1894686, 26.3257488 ], [ 91.1887176, 26.3257232 ], [ 91.1878422, 26.325786 ], [ 91.1873329, 26.3255047 ], [ 91.1865454, 26.3245681 ], [ 91.1863445, 26.323788 ], [ 91.1868631, 26.3226784 ], [ 91.1876979, 26.3218393 ], [ 91.1877263, 26.321162 ], [ 91.1876635, 26.3204514 ], [ 91.1877012, 26.3203814 ], [ 91.1867797, 26.3198415 ], [ 91.1860078, 26.3195791 ], [ 91.1844814, 26.3192516 ], [ 91.1836692, 26.3190317 ], [ 91.182857, 26.3188119 ], [ 91.1820065, 26.3181578 ], [ 91.1811143, 26.3170301 ], [ 91.1807784, 26.31622 ], [ 91.1806247, 26.3154763 ], [ 91.1800175, 26.3150828 ], [ 91.1792123, 26.3149419 ], [ 91.1791854, 26.3148833 ], [ 91.1779171, 26.3144834 ], [ 91.1757238, 26.3140844 ], [ 91.1737793, 26.3135087 ], [ 91.1724544, 26.312968 ], [ 91.1711872, 26.312582 ], [ 91.169834, 26.3127187 ], [ 91.168439, 26.3123816 ], [ 91.1673752, 26.3120374 ], [ 91.1661269, 26.3116335 ], [ 91.1642366, 26.3111729 ], [ 91.1624936, 26.310384 ], [ 91.1621541, 26.3100494 ], [ 91.1609299, 26.3105406 ], [ 91.1594907, 26.3111996 ], [ 91.1586342, 26.3119759 ], [ 91.1575922, 26.3126463 ], [ 91.1570629, 26.3136375 ], [ 91.1567226, 26.3147741 ], [ 91.1568095, 26.3157609 ], [ 91.1568471, 26.3171882 ], [ 91.1570667, 26.318682 ], [ 91.1571148, 26.3202277 ], [ 91.1572315, 26.3210535 ], [ 91.1566897, 26.3223081 ], [ 91.1566828, 26.3223241 ], [ 91.1568506, 26.3232448 ], [ 91.157216, 26.323894 ], [ 91.1577232, 26.3246521 ], [ 91.1583339, 26.3250851 ], [ 91.1587418, 26.3252149 ], [ 91.1589432, 26.3250018 ], [ 91.1591099, 26.324394 ], [ 91.1596038, 26.3240012 ], [ 91.1600992, 26.3241247 ], [ 91.16071, 26.3245577 ], [ 91.1609845, 26.3251736 ], [ 91.161152, 26.3260752 ], [ 91.1610499, 26.3269166 ], [ 91.1607972, 26.328047 ], [ 91.1615552, 26.3281516 ], [ 91.1627474, 26.3281855 ], [ 91.1633741, 26.3282996 ], [ 91.1637297, 26.3278372 ], [ 91.1640521, 26.3274964 ], [ 91.1645877, 26.3275771 ], [ 91.1648081, 26.3280778 ], [ 91.1650145, 26.3284205 ], [ 91.1655168, 26.3286229 ], [ 91.1667931, 26.328611 ], [ 91.1681201, 26.3286749 ], [ 91.1690935, 26.3287244 ], [ 91.169193, 26.3286976 ], [ 91.1697661, 26.329461 ], [ 91.1700039, 26.3301589 ], [ 91.1702312, 26.3307385 ], [ 91.1701854, 26.3312184 ], [ 91.1700083, 26.3317078 ], [ 91.1697506, 26.3322824 ], [ 91.169866, 26.3325919 ], [ 91.1699849, 26.3329409 ], [ 91.1703998, 26.3331495 ], [ 91.1707216, 26.3338017 ], [ 91.1706335, 26.3348011 ], [ 91.1706553, 26.3365473 ], [ 91.1707902, 26.3372219 ], [ 91.1708348, 26.3374449 ], [ 91.1708093, 26.3391547 ], [ 91.1710745, 26.3411616 ], [ 91.1712221, 26.3433357 ], [ 91.1710256, 26.3441045 ], [ 91.1696428, 26.343409 ], [ 91.1693177, 26.3432308 ], [ 91.1688095, 26.3429523 ], [ 91.167766, 26.3431064 ], [ 91.1668661, 26.3428928 ], [ 91.1656006, 26.34203 ], [ 91.1644526, 26.341 ], [ 91.1629718, 26.3401923 ], [ 91.1611179, 26.3396497 ], [ 91.1610346, 26.3396232 ], [ 91.1608261, 26.340991 ], [ 91.1603801, 26.3429296 ], [ 91.16039, 26.344041 ], [ 91.1598203, 26.3450748 ], [ 91.1592938, 26.3470985 ], [ 91.1587603, 26.3490431 ], [ 91.1583963, 26.3498543 ], [ 91.1579502, 26.3508488 ], [ 91.1575924, 26.351788 ], [ 91.1571504, 26.3527728 ], [ 91.156426, 26.3535387 ], [ 91.156425, 26.3535397 ], [ 91.1558677, 26.3542151 ], [ 91.155724, 26.3545828 ], [ 91.1561462, 26.3558544 ], [ 91.1566441, 26.355622 ], [ 91.1569501, 26.3554792 ], [ 91.1578202, 26.3558539 ], [ 91.1584081, 26.3565268 ], [ 91.1588036, 26.3570149 ], [ 91.1594513, 26.3573658 ], [ 91.1601921, 26.3572732 ], [ 91.1610503, 26.3570132 ], [ 91.1618613, 26.3567168 ], [ 91.1627473, 26.3567727 ], [ 91.1636208, 26.3571868 ], [ 91.1641372, 26.3575471 ], [ 91.1649601, 26.3578854 ], [ 91.1659004, 26.3580564 ], [ 91.1664935, 26.3579802 ], [ 91.1665974, 26.3579669 ], [ 91.1669462, 26.3574255 ] ] ] } },
{ "type": "Feature", "properties": { "gpcode": "105719", "gpname": "PASCHIM SARUKHETRI", "dtname": "Barpeta", "stname": "ASSAM", "sdtname": "Sarthebari", "blkname": "SARUKHETRI", "expected_mm": 15.7, "likely_min_mm": 15.7, "likely_max_mm": 15.7, "tmax_c": 32.3, "tmin_c": 24.8, "temp_c": 28.5, "rh_pct": 93.5, "wind_kph": 11.3, "heat_stress_level": "NONE", "disease_risk_flag": false, "ragi_stage": "vegetative", "paddy_stage": "vegetative", "forecast_date": "2026-09-10", "timestamp_utc": "2026-09-28T15:52:05Z" }, "geometry": { "type": "Polygon", "coordinates": [ [ [ 91.1442203, 26.3648408 ], [ 91.1452017, 26.3639764 ], [ 91.1463706, 26.3632087 ], [ 91.1463622, 26.3631533 ], [ 91.1464375, 26.3630839 ], [ 91.1470963, 26.3624768 ], [ 91.1480547, 26.3618523 ], [ 91.1496448, 26.3618976 ], [ 91.1513731, 26.3620124 ], [ 91.1532189, 26.36196 ], [ 91.1545776, 26.3623793 ], [ 91.1561795, 26.3630591 ], [ 91.1570183, 26.3630786 ], [ 91.1581532, 26.3629577 ], [ 91.1595994, 26.3633707 ], [ 91.1607114, 26.3634898 ], [ 91.1617955, 26.3632931 ], [ 91.1627991, 26.3631816 ], [ 91.1640806, 26.3637255 ], [ 91.165504, 26.3643784 ], [ 91.1658142, 26.3645983 ], [ 91.1669984, 26.3640369 ], [ 91.1674014, 26.3636108 ], [ 91.1674193, 26.3628151 ], [ 91.1672552, 26.3619531 ], [ 91.1671244, 26.3609694 ], [ 91.1665315, 26.3597407 ], [ 91.1662902, 26.3590033 ], [ 91.1664935, 26.3579802 ], [ 91.1659004, 26.3580564 ], [ 91.1649601, 26.3578854 ], [ 91.1641372, 26.3575471 ], [ 91.1636208, 26.3571868 ], [ 91.1627473, 26.3567727 ], [ 91.1618613, 26.3567168 ], [ 91.1610503, 26.3570132 ], [ 91.1601921, 26.3572732 ], [ 91.1594513, 26.3573658 ], [ 91.1588036, 26.3570149 ], [ 91.1584081, 26.3565268 ], [ 91.1578202, 26.3558539 ], [ 91.1569501, 26.3554792 ], [ 91.1566441, 26.355622 ], [ 91.1561462, 26.3558544 ], [ 91.155724, 26.3545828 ], [ 91.1558677, 26.3542151 ], [ 91.156425, 26.3535397 ], [ 91.156426, 26.3535387 ], [ 91.1571504, 26.3527728 ], [ 91.1575924, 26.351788 ], [ 91.1579502, 26.3508488 ], [ 91.1583963, 26.3498543 ], [ 91.1587603, 26.3490431 ], [ 91.1592938, 26.3470985 ], [ 91.1598203, 26.3450748 ], [ 91.16039, 26.344041 ], [ 91.1603801, 26.3429296 ], [ 91.1608261, 26.340991 ], [ 91.1610346, 26.3396232 ], [ 91.1611179, 26.3396497 ], [ 91.1629718, 26.3401923 ], [ 91.1644526, 26.341 ], [ 91.1656006, 26.34203 ], [ 91.1668661, 26.3428928 ], [ 91.167766, 26.3431064 ], [ 91.1688095, 26.3429523 ], [ 91.1693177, 26.3432308 ], [ 91.1696428, 26.343409 ], [ 91.1710256, 26.3441045 ], [ 91.1712221, 26.3433357 ], [ 91.1710745, 26.3411616 ], [ 91.1708093, 26.3391547 ], [ 91.1708348, 26.3374449 ], [ 91.1707902, 26.3372219 ], [ 91.1706553, 26.3365473 ], [ 91.1706335, 26.3348011 ], [ 91.1707216, 26.3338017 ], [ 91.1703998, 26.3331495 ], [ 91.1699849, 26.3329409 ], [ 91.169866, 26.3325919 ], [ 91.1697506, 26.3322824 ], [ 91.1700083, 26.3317078 ], [ 91.1701854, 26.3312184 ], [ 91.1702312, 26.3307385 ], [ 91.1700039, 26.3301589 ], [ 91.1697661, 26.329461 ], [ 91.169193, 26.3286976 ], [ 91.1690935, 26.3287244 ], [ 91.1681201, 26.3286749 ], [ 91.1667931, 26.328611 ], [ 91.1655168, 26.3286229 ], [ 91.1650145, 26.3284205 ], [ 91.1648081, 26.3280778 ], [ 91.1645877, 26.3275771 ], [ 91.1640521, 26.3274964 ], [ 91.1637297, 26.3278372 ], [ 91.1633741, 26.3282996 ], [ 91.1627474, 26.3281855 ], [ 91.1615552, 26.3281516 ], [ 91.1607972, 26.328047 ], [ 91.1610499, 26.3269166 ], [ 91.161152, 26.3260752 ], [ 91.1609845, 26.3251736 ], [ 91.16071, 26.3245577 ], [ 91.1600992, 26.3241247 ], [ 91.1596038, 26.3240012 ], [ 91.1591099, 26.324394 ], [ 91.1589432, 26.3250018 ], [ 91.1587418, 26.3252149 ], [ 91.1583339, 26.3250851 ], [ 91.1577232, 26.3246521 ], [ 91.157216, 26.323894 ], [ 91.1568506, 26.3232448 ], [ 91.1566828, 26.3223241 ], [ 91.1566897, 26.3223081 ], [ 91.1572315, 26.3210535 ], [ 91.1571148, 26.3202277 ], [ 91.1570667, 26.318682 ], [ 91.1568471, 26.3171882 ], [ 91.1568095, 26.3157609 ], [ 91.1567226, 26.3147741 ], [ 91.1570629, 26.3136375 ], [ 91.1575922, 26.3126463 ], [ 91.1586342, 26.3119759 ], [ 91.1594907, 26.3111996 ], [ 91.1609299, 26.3105406 ], [ 91.1621541, 26.3100494 ], [ 91.1621015, 26.3099976 ], [ 91.1612129, 26.3089093 ], [ 91.1605119, 26.30745 ], [ 91.1589765, 26.3050176 ], [ 91.1579885, 26.3033007 ], [ 91.1568081, 26.3013986 ], [ 91.156772, 26.3013404 ], [ 91.1554718, 26.3018056 ], [ 91.1544306, 26.302086 ], [ 91.1529056, 26.3020578 ], [ 91.1510299, 26.3015052 ], [ 91.1487928, 26.3007381 ], [ 91.1474238, 26.3003209 ], [ 91.1462867, 26.2995095 ], [ 91.1462091, 26.2995613 ], [ 91.1459991, 26.2997017 ], [ 91.1452768, 26.3005774 ], [ 91.1448792, 26.3021164 ], [ 91.1446678, 26.3036079 ], [ 91.1445429, 26.3047841 ], [ 91.1443055, 26.3059799 ], [ 91.1445059, 26.3069613 ], [ 91.1445581, 26.3079875 ], [ 91.1445269, 26.3093631 ], [ 91.1448709, 26.3106776 ], [ 91.1447598, 26.3115782 ], [ 91.1450041, 26.3126251 ], [ 91.1452875, 26.3141155 ], [ 91.1452063, 26.3153573 ], [ 91.1449511, 26.3167832 ], [ 91.1445066, 26.3182226 ], [ 91.1437944, 26.3196469 ], [ 91.1428286, 26.3210707 ], [ 91.1428285, 26.3210707 ], [ 91.1419219, 26.3215817 ], [ 91.1397276, 26.3217384 ], [ 91.1384293, 26.3216938 ], [ 91.1368086, 26.3218781 ], [ 91.1353144, 26.3226372 ], [ 91.1344472, 26.3228952 ], [ 91.1343352, 26.3229286 ], [ 91.1336448, 26.323134 ], [ 91.1319087, 26.3237386 ], [ 91.1314618, 26.3242854 ], [ 91.1315019, 26.3251752 ], [ 91.1316466, 26.3259545 ], [ 91.1320242, 26.3267859 ], [ 91.1319148, 26.3272744 ], [ 91.1317118, 26.3275635 ], [ 91.1309732, 26.3278223 ], [ 91.1301973, 26.3280116 ], [ 91.1300831, 26.3280394 ], [ 91.1297804, 26.3281133 ], [ 91.1288585, 26.3284537 ], [ 91.1284146, 26.3290347 ], [ 91.1284288, 26.3300637 ], [ 91.128065, 26.3310701 ], [ 91.1280638, 26.3310733 ], [ 91.1280434, 26.3311052 ], [ 91.1280041, 26.3311666 ], [ 91.1279828, 26.3311999 ], [ 91.1276956, 26.3316488 ], [ 91.126952, 26.3322855 ], [ 91.1265489, 26.332898 ], [ 91.1263848, 26.3336307 ], [ 91.1264009, 26.3342475 ], [ 91.1267546, 26.3348059 ], [ 91.1272805, 26.3355924 ], [ 91.1274828, 26.3361616 ], [ 91.1274988, 26.3367785 ], [ 91.1277301, 26.3372427 ], [ 91.1282574, 26.3376324 ], [ 91.1285354, 26.3381962 ], [ 91.1287299, 26.3391093 ], [ 91.1293256, 26.3398222 ], [ 91.1302209, 26.3404792 ], [ 91.1308106, 26.3411239 ], [ 91.1315558, 26.342238 ], [ 91.1320061, 26.3430299 ], [ 91.1321897, 26.3442527 ], [ 91.1323494, 26.3452026 ], [ 91.1329523, 26.34643 ], [ 91.1334109, 26.3481825 ], [ 91.1337369, 26.3492922 ], [ 91.1336279, 26.3506223 ], [ 91.1338614, 26.3519789 ], [ 91.1339435, 26.3533464 ], [ 91.1336296, 26.3538891 ], [ 91.1336115, 26.3539199 ], [ 91.1336115, 26.3539199 ], [ 91.1330604, 26.3541303 ], [ 91.1320915, 26.3543711 ], [ 91.1302541, 26.3542618 ], [ 91.1281747, 26.3539981 ], [ 91.1262616, 26.3538943 ], [ 91.1249472, 26.3545373 ], [ 91.1241806, 26.3553472 ], [ 91.1241592, 26.3554181 ], [ 91.1241172, 26.3555572 ], [ 91.123888, 26.3563163 ], [ 91.1238733, 26.3574503 ], [ 91.1238358, 26.3587576 ], [ 91.1235941, 26.3599078 ], [ 91.1228934, 26.3614683 ], [ 91.122588, 26.3627604 ], [ 91.1228532, 26.3640461 ], [ 91.1235883, 26.3646117 ], [ 91.1253472, 26.3646923 ], [ 91.1263342, 26.3646563 ], [ 91.1276381, 26.3656276 ], [ 91.1276754, 26.365661 ], [ 91.1288785, 26.3667408 ], [ 91.1298767, 26.3676995 ], [ 91.1297597, 26.367978 ], [ 91.1297595, 26.3679784 ], [ 91.1297195, 26.3680736 ], [ 91.1309483, 26.3681075 ], [ 91.1313033, 26.3686382 ], [ 91.1320156, 26.3692229 ], [ 91.1330149, 26.3700652 ], [ 91.1335209, 26.3703072 ], [ 91.1346385, 26.3699892 ], [ 91.1352605, 26.3695475 ], [ 91.1357408, 26.368997 ], [ 91.1364734, 26.3683091 ], [ 91.1370239, 26.3675549 ], [ 91.137443, 26.3668101 ], [ 91.1378795, 26.3662625 ], [ 91.1386698, 26.3657295 ], [ 91.1401533, 26.3656873 ], [ 91.1401739, 26.3656836 ], [ 91.1423217, 26.3652941 ], [ 91.1434162, 26.365216 ], [ 91.1442203, 26.3648408 ] ] ] } },
{ "type": "Feature", "properties": { "gpcode": "105737", "gpname": "BONGAIGAON", "dtname": "Barpeta", "stname": "ASSAM", "sdtname": "Sarthebari", "blkname": "PAKABETBARI", "expected_mm": 15.4, "likely_min_mm": 15.1, "likely_max_mm": 15.6, "tmax_c": 32.2, "tmin_c": 24.8, "temp_c": 28.5, "rh_pct": 93.4, "wind_kph": 11.2, "heat_stress_level": "NONE", "disease_risk_flag": false, "ragi_stage": "vegetative", "paddy_stage": "vegetative", "forecast_date": "2026-09-10", "timestamp_utc": "2026-09-28T15:52:05Z" }, "geometry": { "type": "Polygon", "coordinates": [ [ [ 91.0730658, 26.3432535 ], [ 91.0730429, 26.343195 ], [ 91.0728985, 26.3432544 ], [ 91.0729581, 26.3439367 ], [ 91.0726772, 26.3446434 ], [ 91.0721572, 26.3452296 ], [ 91.0714081, 26.3455673 ], [ 91.0712349, 26.3456454 ], [ 91.0708019, 26.3458407 ], [ 91.0698479, 26.3462517 ], [ 91.0671273, 26.3468472 ], [ 91.0653178, 26.3474905 ], [ 91.0641375, 26.3483639 ], [ 91.0634552, 26.3492705 ], [ 91.0633733, 26.3505122 ], [ 91.0630634, 26.3513238 ], [ 91.063348, 26.3524022 ], [ 91.0639761, 26.3534906 ], [ 91.0646531, 26.3542666 ], [ 91.0657903, 26.3550786 ], [ 91.0665281, 26.3556785 ], [ 91.0674313, 26.3559921 ], [ 91.0686313, 26.3562159 ], [ 91.0692467, 26.3567216 ], [ 91.0701295, 26.3573313 ], [ 91.0711451, 26.3584952 ], [ 91.0716678, 26.3592477 ], [ 91.0716815, 26.3602767 ], [ 91.0716307, 26.3610012 ], [ 91.0711545, 26.3616529 ], [ 91.0698004, 26.3622984 ], [ 91.0697993, 26.3622985 ], [ 91.0696442, 26.3623156 ], [ 91.069735, 26.3623928 ], [ 91.0706856, 26.3632008 ], [ 91.0717224, 26.3644776 ], [ 91.0730299, 26.366331 ], [ 91.0738248, 26.3678634 ], [ 91.0743847, 26.3686648 ], [ 91.0745488, 26.3688997 ], [ 91.0748824, 26.3693771 ], [ 91.0757217, 26.3701922 ], [ 91.0757971, 26.3702654 ], [ 91.0769333, 26.3706614 ], [ 91.0783494, 26.3712361 ], [ 91.0796641, 26.3716592 ], [ 91.0793078, 26.3704605 ], [ 91.0790959, 26.3690457 ], [ 91.0794198, 26.367712 ], [ 91.0796734, 26.3665819 ], [ 91.0796858, 26.3665063 ], [ 91.0799893, 26.3646529 ], [ 91.079865, 26.363232 ], [ 91.0797268, 26.361653 ], [ 91.079629, 26.3600315 ], [ 91.0794241, 26.3586956 ], [ 91.0794524, 26.3575187 ], [ 91.0786966, 26.3569368 ], [ 91.0786849, 26.3569331 ], [ 91.0777899, 26.3566437 ], [ 91.0769408, 26.3565054 ], [ 91.0764616, 26.3560628 ], [ 91.0760977, 26.3544205 ], [ 91.07563, 26.3531032 ], [ 91.0754493, 26.3520436 ], [ 91.074924, 26.3505716 ], [ 91.0740085, 26.3476576 ], [ 91.0735134, 26.3460246 ], [ 91.073515, 26.3459859 ], [ 91.0735284, 26.3456789 ], [ 91.0735021, 26.3443701 ], [ 91.0730658, 26.3432535 ] ] ] } },
{ "type": "Feature", "properties": { "gpcode": "253426", "gpname": "BALLAMGURI", "dtname": "Barpeta", "stname": "ASSAM", "sdtname": "Barnagar (Pt)", "blkname": "CHAKCHAKA", "expected_mm": 16.1, "likely_min_mm": 16.1, "likely_max_mm": 16.1, "tmax_c": 32.5, "tmin_c": 24.9, "temp_c": 28.7, "rh_pct": 92.5, "wind_kph": 11.5, "heat_stress_level": "NONE", "disease_risk_flag": false, "ragi_stage": "vegetative", "paddy_stage": "vegetative", "forecast_date": "2026-09-10", "timestamp_utc": "2026-09-28T15:52:05Z" }, "geometry": { "type": "Polygon", "coordinates": [ [ [ 90.966827, 26.4909951 ], [ 90.9653329, 26.4900612 ], [ 90.9633206, 26.48946 ], [ 90.9583864, 26.4848766 ], [ 90.9514265, 26.484833 ], [ 90.9513286, 26.4848324 ], [ 90.9515299, 26.4853636 ], [ 90.951551, 26.4862153 ], [ 90.9506233, 26.4882709 ], [ 90.9503304, 26.4891446 ], [ 90.9505248, 26.4901738 ], [ 90.9507063, 26.4904454 ], [ 90.9520669, 26.4903501 ], [ 90.9551586, 26.4901807 ], [ 90.957848, 26.4902291 ], [ 90.9599699, 26.4904121 ], [ 90.9612749, 26.4908893 ], [ 90.9619518, 26.4914106 ], [ 90.9623233, 26.4923095 ], [ 90.9623263, 26.4923089 ], [ 90.9653317, 26.4917414 ], [ 90.9668317, 26.4917113 ], [ 90.9675413, 26.4914416 ], [ 90.9674712, 26.4913978 ], [ 90.9671991, 26.4912277 ], [ 90.966827, 26.4909951 ] ] ] } },
{ "type": "Feature", "properties": { "gpcode": "261102", "gpname": "Silbari", "dtname": "Barpeta", "stname": "ASSAM", "sdtname": "Barpeta", "blkname": "BARPETA", "expected_mm": 16.6, "likely_min_mm": 16.6, "likely_max_mm": 16.6, "tmax_c": 32.3, "tmin_c": 25.0, "temp_c": 28.6, "rh_pct": 93.3, "wind_kph": 11.4, "heat_stress_level": "NONE", "disease_risk_flag": false, "ragi_stage": "vegetative", "paddy_stage": "vegetative", "forecast_date": "2026-09-10", "timestamp_utc": "2026-09-28T15:52:05Z" }, "geometry": { "type": "Polygon", "coordinates": [ [ [ 90.9748855, 26.3934068 ], [ 90.9757213, 26.3933481 ], [ 90.9769229, 26.3933754 ], [ 90.9776748, 26.3902896 ], [ 90.978595, 26.3861734 ], [ 90.9785054, 26.3861694 ], [ 90.9770112, 26.3861037 ], [ 90.9763435, 26.3861133 ], [ 90.9759267, 26.3861551 ], [ 90.9749044, 26.3862083 ], [ 90.9741173, 26.386233 ], [ 90.9732441, 26.3862571 ], [ 90.972715, 26.3862757 ], [ 90.9721421, 26.3862663 ], [ 90.9710127, 26.3861966 ], [ 90.9701942, 26.3860188 ], [ 90.9695659, 26.3859263 ], [ 90.9688176, 26.3858796 ], [ 90.9678425, 26.3857618 ], [ 90.9671738, 26.3857316 ], [ 90.9665055, 26.3857013 ], [ 90.9657461, 26.3856864 ], [ 90.9652527, 26.3856403 ], [ 90.9647899, 26.3855486 ], [ 90.9642391, 26.3853948 ], [ 90.9634168, 26.3852911 ], [ 90.9627859, 26.3852027 ], [ 90.9627859, 26.3852027 ], [ 90.9627321, 26.3854855 ], [ 90.9625789, 26.3861049 ], [ 90.9623502, 26.3869655 ], [ 90.9620974, 26.3880266 ], [ 90.9618392, 26.3888643 ], [ 90.9614286, 26.3900061 ], [ 90.9611007, 26.3908364 ], [ 90.9610084, 26.3912031 ], [ 90.961006, 26.3912247 ], [ 90.9609615, 26.3916161 ], [ 90.9608614, 26.3925299 ], [ 90.9606544, 26.3939602 ], [ 90.9604852, 26.3943943 ], [ 90.9603161, 26.3947593 ], [ 90.9602412, 26.3949207 ], [ 90.960181, 26.3951358 ], [ 90.9601369, 26.3952931 ], [ 90.9600302, 26.3964304 ], [ 90.9600079, 26.3966684 ], [ 90.9599017, 26.3987871 ], [ 90.9597376, 26.3999164 ], [ 90.9595028, 26.4012372 ], [ 90.9604529, 26.4007224 ], [ 90.9614806, 26.4004038 ], [ 90.9634364, 26.3999062 ], [ 90.9640012, 26.3997424 ], [ 90.9650411, 26.399334 ], [ 90.9663886, 26.3988171 ], [ 90.9670197, 26.3986238 ], [ 90.9673221, 26.3984534 ], [ 90.9677809, 26.3980645 ], [ 90.9689169, 26.3970159 ], [ 90.9696033, 26.3963467 ], [ 90.9700961, 26.3959891 ], [ 90.9706661, 26.3957256 ], [ 90.9714233, 26.3952896 ], [ 90.971651, 26.3951358 ], [ 90.9722084, 26.3947593 ], [ 90.9734548, 26.3939173 ], [ 90.973971, 26.3936698 ], [ 90.9748855, 26.3934068 ] ] ] } },
{ "type": "Feature", "properties": { "gpcode": "261107", "gpname": "Borphena", "dtname": "Barpeta", "stname": "ASSAM", "sdtname": "Barnagar (Pt)", "blkname": "GOBARDHANA", "expected_mm": 17.1, "likely_min_mm": 17.1, "likely_max_mm": 17.1, "tmax_c": 32.4, "tmin_c": 24.8, "temp_c": 28.6, "rh_pct": 92.5, "wind_kph": 11.3, "heat_stress_level": "NONE", "disease_risk_flag": false, "ragi_stage": "vegetative", "paddy_stage": "vegetative", "forecast_date": "2026-09-10", "timestamp_utc": "2026-09-28T15:52:05Z" }, "geometry": { "type": "Polygon", "coordinates": [ [ [ 90.9748189, 26.5834861 ], [ 90.9749126, 26.5813354 ], [ 90.9752269, 26.5776873 ], [ 90.9753194, 26.5767349 ], [ 90.9753088, 26.5767358 ], [ 90.9715429, 26.5770711 ], [ 90.969356, 26.5773191 ], [ 90.9673301, 26.5776031 ], [ 90.9653964, 26.5777387 ], [ 90.9634105, 26.5778779 ], [ 90.9634027, 26.5778807 ], [ 90.9619883, 26.5783938 ], [ 90.9601547, 26.5781676 ], [ 90.9589788, 26.57825 ], [ 90.9584484, 26.5785 ], [ 90.9575627, 26.5792006 ], [ 90.9571657, 26.5800797 ], [ 90.9570282, 26.5812245 ], [ 90.9570955, 26.5820002 ], [ 90.9585103, 26.5833994 ], [ 90.958607, 26.5834951 ], [ 90.9604384, 26.5833158 ], [ 90.960485, 26.5833112 ], [ 90.9610493, 26.5832792 ], [ 90.9627809, 26.5831808 ], [ 90.9634622, 26.5831421 ], [ 90.9645393, 26.5838626 ], [ 90.9646675, 26.5839484 ], [ 90.9652994, 26.5845156 ], [ 90.965249, 26.5849611 ], [ 90.9652233, 26.5851881 ], [ 90.965125, 26.5854246 ], [ 90.9650071, 26.5857082 ], [ 90.964754, 26.5863169 ], [ 90.9647289, 26.5863916 ], [ 90.9646095, 26.5867468 ], [ 90.9643055, 26.5876514 ], [ 90.9638621, 26.5889709 ], [ 90.96376, 26.5892749 ], [ 90.9637181, 26.5894281 ], [ 90.9636109, 26.5898199 ], [ 90.9632566, 26.5911153 ], [ 90.9632583, 26.5912592 ], [ 90.9632727, 26.5924892 ], [ 90.963303, 26.5950796 ], [ 90.9633357, 26.5978745 ], [ 90.9633418, 26.5983913 ], [ 90.9633928, 26.598468 ], [ 90.9634796, 26.5985988 ], [ 90.963546, 26.5986987 ], [ 90.9643341, 26.5989024 ], [ 90.9651983, 26.59915 ], [ 90.9661013, 26.5994088 ], [ 90.9662629, 26.5992963 ], [ 90.9663159, 26.599246 ], [ 90.9662403, 26.5988142 ], [ 90.9660328, 26.5978948 ], [ 90.9659186, 26.5973883 ], [ 90.9658831, 26.5972309 ], [ 90.9659393, 26.5959804 ], [ 90.9659521, 26.5956969 ], [ 90.9662438, 26.5948129 ], [ 90.96654, 26.5939155 ], [ 90.9666295, 26.593659 ], [ 90.9667371, 26.5933505 ], [ 90.9668497, 26.5930281 ], [ 90.9668834, 26.5929315 ], [ 90.9668983, 26.5928887 ], [ 90.9670182, 26.5925451 ], [ 90.967211, 26.5919928 ], [ 90.9673179, 26.5916863 ], [ 90.9673391, 26.5916257 ], [ 90.9676895, 26.5906217 ], [ 90.9679091, 26.590499 ], [ 90.9679398, 26.5904819 ], [ 90.967955, 26.5904735 ], [ 90.967981, 26.5903884 ], [ 90.9688867, 26.5874337 ], [ 90.9697507, 26.5860804 ], [ 90.9702643, 26.58513 ], [ 90.971076, 26.5847892 ], [ 90.9720113, 26.5846606 ], [ 90.9736195, 26.5846108 ], [ 90.9745494, 26.5844194 ], [ 90.9747982, 26.5840551 ], [ 90.9748189, 26.5834861 ] ] ] } },
{ "type": "Feature", "properties": { "gpcode": "261123", "gpname": "Paschim Howly", "dtname": "Barpeta", "stname": "ASSAM", "sdtname": "Barnagar (Pt)", "blkname": "CHAKCHAKA", "expected_mm": 16.2, "likely_min_mm": 16.2, "likely_max_mm": 16.2, "tmax_c": 32.5, "tmin_c": 24.9, "temp_c": 28.7, "rh_pct": 92.7, "wind_kph": 11.5, "heat_stress_level": "NONE", "disease_risk_flag": false, "ragi_stage": "vegetative", "paddy_stage": "vegetative", "forecast_date": "2026-09-10", "timestamp_utc": "2026-09-28T15:52:05Z" }, "geometry": { "type": "Polygon", "coordinates": [ [ [ 90.9740451, 26.4676499 ], [ 90.9737721, 26.4661912 ], [ 90.9730138, 26.4611584 ], [ 90.9729761, 26.4611599 ], [ 90.9729761, 26.4611599 ], [ 90.9726204, 26.4585735 ], [ 90.9724592, 26.4563855 ], [ 90.9743297, 26.4554932 ], [ 90.974245, 26.4545164 ], [ 90.9743082, 26.4545807 ], [ 90.9748548, 26.4547744 ], [ 90.9760983, 26.4549269 ], [ 90.9767903, 26.4549897 ], [ 90.9773871, 26.4551833 ], [ 90.9777685, 26.4555892 ], [ 90.9781296, 26.4557424 ], [ 90.9784404, 26.4557828 ], [ 90.9785563, 26.4557312 ], [ 90.9789166, 26.4555704 ], [ 90.9792521, 26.4551821 ], [ 90.9791565, 26.4547714 ], [ 90.9787701, 26.4542979 ], [ 90.9784387, 26.4537385 ], [ 90.9782477, 26.4532016 ], [ 90.9781519, 26.4525833 ], [ 90.9781059, 26.4514868 ], [ 90.97796, 26.4509272 ], [ 90.977346, 26.4492392 ], [ 90.9773117, 26.4491451 ], [ 90.9769101, 26.4484323 ], [ 90.9763381, 26.4478866 ], [ 90.9754303, 26.447436 ], [ 90.9740663, 26.4470487 ], [ 90.9733042, 26.4468146 ], [ 90.9726574, 26.4467699 ], [ 90.9718703, 26.4468787 ], [ 90.9709879, 26.4467303 ], [ 90.9702958, 26.4462569 ], [ 90.9696735, 26.4455263 ], [ 90.9694573, 26.4447051 ], [ 90.969532, 26.4439965 ], [ 90.9699123, 26.4432245 ], [ 90.9703632, 26.4426826 ], [ 90.9706487, 26.4425335 ], [ 90.9712252, 26.4424701 ], [ 90.971556, 26.442384 ], [ 90.9720119, 26.4419957 ], [ 90.9726732, 26.4414175 ], [ 90.972798, 26.4413422 ], [ 90.9734598, 26.4409432 ], [ 90.974412, 26.4405365 ], [ 90.9749571, 26.4401703 ], [ 90.9750781, 26.4400891 ], [ 90.9753161, 26.4399292 ], [ 90.9753362, 26.4399185 ], [ 90.9753347, 26.4399167 ], [ 90.9755351, 26.4397821 ], [ 90.9766511, 26.4393492 ], [ 90.9775105, 26.4393486 ], [ 90.9781552, 26.4394343 ], [ 90.9788956, 26.4398856 ], [ 90.9795646, 26.4405521 ], [ 90.9799709, 26.4411328 ], [ 90.9799714, 26.4417137 ], [ 90.9794948, 26.4427037 ], [ 90.9791613, 26.4435431 ], [ 90.9790187, 26.4442963 ], [ 90.9791386, 26.4448341 ], [ 90.9796641, 26.445178 ], [ 90.9801893, 26.4452206 ], [ 90.9819081, 26.4451118 ], [ 90.9824809, 26.4448962 ], [ 90.983101, 26.4442718 ], [ 90.9835552, 26.4433327 ], [ 90.9836499, 26.4424935 ], [ 90.9836014, 26.4416329 ], [ 90.983386, 26.4410736 ], [ 90.9830276, 26.4407296 ], [ 90.9823378, 26.440433 ], [ 90.9814065, 26.4401539 ], [ 90.9809048, 26.4397455 ], [ 90.980331, 26.4387562 ], [ 90.9798766, 26.4378098 ], [ 90.9798781, 26.4370245 ], [ 90.9798775, 26.4363575 ], [ 90.9799721, 26.4353031 ], [ 90.9802102, 26.4345929 ], [ 90.9802336, 26.434055 ], [ 90.9799467, 26.4335604 ], [ 90.9793016, 26.4328508 ], [ 90.9786591, 26.4320916 ], [ 90.9780857, 26.4314896 ], [ 90.9772498, 26.4309307 ], [ 90.9760557, 26.4302215 ], [ 90.975769, 26.4299205 ], [ 90.9757108, 26.4297874 ], [ 90.9755059, 26.4293182 ], [ 90.9754458, 26.4285152 ], [ 90.974718, 26.4285663 ], [ 90.9722073, 26.4287427 ], [ 90.9705171, 26.4286719 ], [ 90.9698977, 26.4288103 ], [ 90.9698536, 26.4288016 ], [ 90.9698437, 26.4287997 ], [ 90.9682917, 26.4284964 ], [ 90.965791, 26.4275206 ], [ 90.9657495, 26.4275044 ], [ 90.9656629, 26.4275691 ], [ 90.9656124, 26.4276068 ], [ 90.9656002, 26.4276632 ], [ 90.9637653, 26.4360786 ], [ 90.96262, 26.4389252 ], [ 90.9632569, 26.4392346 ], [ 90.963959, 26.4398043 ], [ 90.964185, 26.4399877 ], [ 90.9649525, 26.4408493 ], [ 90.965304, 26.4414402 ], [ 90.9654948, 26.441896 ], [ 90.9656654, 26.4420899 ], [ 90.9665478, 26.4422609 ], [ 90.9673599, 26.4422784 ], [ 90.9678815, 26.4424947 ], [ 90.9681977, 26.4428962 ], [ 90.9682035, 26.4430441 ], [ 90.968218, 26.4434152 ], [ 90.9681734, 26.4440379 ], [ 90.9677182, 26.4452883 ], [ 90.9670524, 26.4466968 ], [ 90.9669077, 26.4474279 ], [ 90.9669331, 26.4479875 ], [ 90.9671002, 26.4490926 ], [ 90.9672456, 26.4500542 ], [ 90.9673619, 26.4515254 ], [ 90.9672672, 26.4521482 ], [ 90.9671722, 26.4525589 ], [ 90.9673183, 26.4533757 ], [ 90.9673189, 26.4543009 ], [ 90.967129, 26.455032 ], [ 90.9671492, 26.4553118 ], [ 90.9673399, 26.4555057 ], [ 90.9678215, 26.4558485 ], [ 90.9683838, 26.4560702 ], [ 90.9684878, 26.4561113 ], [ 90.966759, 26.4566619 ], [ 90.9649848, 26.4574131 ], [ 90.9648253, 26.457412 ], [ 90.9651605, 26.4576327 ], [ 90.9660182, 26.4580383 ], [ 90.9664045, 26.4583631 ], [ 90.9665452, 26.458751 ], [ 90.9665205, 26.4592249 ], [ 90.9663803, 26.4595229 ], [ 90.9660195, 26.4599021 ], [ 90.9651374, 26.4602908 ], [ 90.9644205, 26.4603363 ], [ 90.9635378, 26.4600976 ], [ 90.9630113, 26.459904 ], [ 90.9621734, 26.4591102 ], [ 90.961767, 26.458808 ], [ 90.9613158, 26.4587451 ], [ 90.9602427, 26.4587232 ], [ 90.959596, 26.4587686 ], [ 90.9592399, 26.458683 ], [ 90.958929, 26.4584667 ], [ 90.9588596, 26.4583643 ], [ 90.9585927, 26.4579704 ], [ 90.9584519, 26.457456 ], [ 90.9585219, 26.4570273 ], [ 90.9585771, 26.4569419 ], [ 90.9588574, 26.456508 ], [ 90.9590476, 26.4560341 ], [ 90.9590223, 26.4556505 ], [ 90.9586158, 26.4551543 ], [ 90.9580893, 26.4548974 ], [ 90.9576579, 26.4548119 ], [ 90.9568709, 26.4549387 ], [ 90.9568491, 26.4549526 ], [ 90.9563948, 26.4552412 ], [ 90.9557032, 26.4557155 ], [ 90.9552472, 26.4560181 ], [ 90.9549415, 26.4561898 ], [ 90.9541094, 26.4563752 ], [ 90.953157, 26.4568496 ], [ 90.9525741, 26.4571504 ], [ 90.9519842, 26.4574549 ], [ 90.9514378, 26.4577756 ], [ 90.9508414, 26.4580151 ], [ 90.9506759, 26.4580151 ], [ 90.9505544, 26.4579902 ], [ 90.9504928, 26.4579776 ], [ 90.9504728, 26.4579917 ], [ 90.9504535, 26.4579695 ], [ 90.9501494, 26.4579071 ], [ 90.9495977, 26.4576502 ], [ 90.9493369, 26.4574111 ], [ 90.9492915, 26.4571133 ], [ 90.9492662, 26.4567477 ], [ 90.9490505, 26.45645 ], [ 90.9490503, 26.4561702 ], [ 90.948935, 26.4559988 ], [ 90.9486941, 26.4558048 ], [ 90.9484334, 26.4557598 ], [ 90.9481225, 26.455611 ], [ 90.947977, 26.4554577 ], [ 90.9477613, 26.4554172 ], [ 90.9473103, 26.4557198 ], [ 90.9467842, 26.4563427 ], [ 90.9466391, 26.4568573 ], [ 90.94683, 26.45748 ], [ 90.9470962, 26.4582335 ], [ 90.9473321, 26.4586215 ], [ 90.9477633, 26.4588605 ], [ 90.947934, 26.4590725 ], [ 90.948169, 26.4591531 ], [ 90.9482649, 26.459186 ], [ 90.9483151, 26.4592032 ], [ 90.9490774, 26.4594375 ], [ 90.9499599, 26.4595228 ], [ 90.9510128, 26.4595449 ], [ 90.9517299, 26.459716 ], [ 90.9522313, 26.4597158 ], [ 90.9527776, 26.4595034 ], [ 90.9534944, 26.4590292 ], [ 90.9540727, 26.4587289 ], [ 90.9544517, 26.4585322 ], [ 90.9553791, 26.4584235 ], [ 90.9562165, 26.4586396 ], [ 90.956959, 26.4591763 ], [ 90.9576714, 26.4598438 ], [ 90.9581732, 26.460358 ], [ 90.9584844, 26.4609851 ], [ 90.9585098, 26.4615221 ], [ 90.9587758, 26.4618649 ], [ 90.9588313, 26.4618963 ], [ 90.9601803, 26.4626584 ], [ 90.9602988, 26.4629957 ], [ 90.9602991, 26.463383 ], [ 90.9601799, 26.4636627 ], [ 90.9597743, 26.4640287 ], [ 90.9589151, 26.4646532 ], [ 90.9586527, 26.4649545 ], [ 90.9583426, 26.4654065 ], [ 90.9581509, 26.465828 ], [ 90.9580559, 26.4665165 ], [ 90.9580708, 26.4671079 ], [ 90.9580762, 26.4673186 ], [ 90.9609098, 26.4673323 ], [ 90.9632497, 26.4671998 ], [ 90.9654396, 26.467362 ], [ 90.966886, 26.4674502 ], [ 90.9678949, 26.4673477 ], [ 90.9708147, 26.4676324 ], [ 90.9725108, 26.4677661 ], [ 90.9738704, 26.4676631 ], [ 90.9740451, 26.4676499 ] ] ] } },
{ "type": "Feature", "properties": { "gpcode": "261126", "gpname": "Gobardhana", "dtname": "Barpeta", "stname": "ASSAM", "sdtname": "Barnagar (Pt)", "blkname": "GOBARDHANA", "expected_mm": 17.2, "likely_min_mm": 17.2, "likely_max_mm": 17.2, "tmax_c": 32.4, "tmin_c": 24.8, "temp_c": 28.6, "rh_pct": 92.4, "wind_kph": 11.2, "heat_stress_level": "NONE", "disease_risk_flag": false, "ragi_stage": "vegetative", "paddy_stage": "vegetative", "forecast_date": "2026-09-10", "timestamp_utc": "2026-09-28T15:52:05Z" }, "geometry": { "type": "Polygon", "coordinates": [ [ [ 90.9564335, 26.5833851 ], [ 90.9565999, 26.5833747 ], [ 90.9585989, 26.5834959 ], [ 90.958607, 26.5834951 ], [ 90.9585103, 26.5833994 ], [ 90.9570955, 26.5820002 ], [ 90.9570282, 26.5812245 ], [ 90.9571657, 26.5800797 ], [ 90.9575627, 26.5792006 ], [ 90.9584484, 26.5785 ], [ 90.9589788, 26.57825 ], [ 90.9601547, 26.5781676 ], [ 90.9619883, 26.5783938 ], [ 90.9634027, 26.5778807 ], [ 90.9620707, 26.5760674 ], [ 90.9618112, 26.5751258 ], [ 90.9631562, 26.5742317 ], [ 90.9651555, 26.5747314 ], [ 90.9675359, 26.5755242 ], [ 90.9681877, 26.5748387 ], [ 90.9668126, 26.5733356 ], [ 90.965816, 26.5700464 ], [ 90.965554, 26.5670257 ], [ 90.9622594, 26.5633915 ], [ 90.9624062, 26.5614944 ], [ 90.9631894, 26.5595911 ], [ 90.9630089, 26.5582586 ], [ 90.96297, 26.5579713 ], [ 90.961247, 26.5572391 ], [ 90.9588725, 26.5571923 ], [ 90.9564183, 26.5562268 ], [ 90.9550392, 26.5549016 ], [ 90.9550198, 26.5537655 ], [ 90.9549013, 26.5505747 ], [ 90.9542108, 26.548988 ], [ 90.9528185, 26.5465973 ], [ 90.9522014, 26.5458585 ], [ 90.9513598, 26.5453746 ], [ 90.9513232, 26.545339 ], [ 90.9512868, 26.5453469 ], [ 90.95028, 26.5455665 ], [ 90.9484624, 26.5464759 ], [ 90.9457778, 26.5472013 ], [ 90.9449111, 26.5474354 ], [ 90.9421011, 26.5469213 ], [ 90.9412012, 26.5464903 ], [ 90.9407464, 26.546422 ], [ 90.9407464, 26.546422 ], [ 90.9384367, 26.5500594 ], [ 90.9329466, 26.5549228 ], [ 90.9327374, 26.5551081 ], [ 90.9326859, 26.5551537 ], [ 90.9330951, 26.555349 ], [ 90.9335097, 26.5560863 ], [ 90.9336191, 26.5571464 ], [ 90.9338871, 26.5589016 ], [ 90.9342047, 26.5626591 ], [ 90.9342062, 26.5627016 ], [ 90.9342427, 26.5637543 ], [ 90.9342814, 26.5648749 ], [ 90.9342897, 26.5651121 ], [ 90.9342955, 26.5652808 ], [ 90.9342968, 26.5653171 ], [ 90.9342968, 26.5653192 ], [ 90.9342971, 26.5653194 ], [ 90.934297, 26.5653237 ], [ 90.9343013, 26.565447 ], [ 90.9343147, 26.565834 ], [ 90.934315, 26.565843 ], [ 90.9343252, 26.5661383 ], [ 90.9343318, 26.5663289 ], [ 90.9343315, 26.5663523 ], [ 90.9343331, 26.5663663 ], [ 90.9343558, 26.5670229 ], [ 90.9457896, 26.5657593 ], [ 90.9487196, 26.5663405 ], [ 90.9482747, 26.5675777 ], [ 90.9480172, 26.5691565 ], [ 90.9482116, 26.5704908 ], [ 90.9485393, 26.5724543 ], [ 90.9484161, 26.5755846 ], [ 90.9484303, 26.57757 ], [ 90.9483763, 26.5778575 ], [ 90.9488966, 26.5793109 ], [ 90.9488925, 26.5810848 ], [ 90.948772, 26.5823641 ], [ 90.948772, 26.5823641 ], [ 90.9487659, 26.5824366 ], [ 90.9488127, 26.5824193 ], [ 90.9488718, 26.5823975 ], [ 90.9494035, 26.5825784 ], [ 90.9512304, 26.5833168 ], [ 90.9525729, 26.5836248 ], [ 90.95279, 26.5836113 ], [ 90.9536778, 26.5835562 ], [ 90.9539318, 26.5835404 ], [ 90.9541227, 26.5835286 ], [ 90.9561071, 26.5834053 ], [ 90.9564335, 26.5833851 ] ] ] } },
{ "type": "Feature", "properties": { "gpcode": "261128", "gpname": "Mainamata Pathar", "dtname": "Barpeta", "stname": "ASSAM", "sdtname": "Barnagar (Pt)", "blkname": "GOBARDHANA", "expected_mm": 17.2, "likely_min_mm": 16.7, "likely_max_mm": 17.5, "tmax_c": 32.5, "tmin_c": 25.1, "temp_c": 28.8, "rh_pct": 92.0, "wind_kph": 11.1, "heat_stress_level": "NONE", "disease_risk_flag": false, "ragi_stage": "vegetative", "paddy_stage": "vegetative", "forecast_date": "2026-09-10", "timestamp_utc": "2026-09-28T15:52:05Z" }, "geometry": { "type": "Polygon", "coordinates": [ [ [ 90.8837525, 26.5187718 ], [ 90.8837525, 26.5187718 ], [ 90.8825728, 26.5193029 ], [ 90.8792147, 26.5208147 ], [ 90.8787207, 26.5211223 ], [ 90.8743389, 26.5238507 ], [ 90.8708451, 26.5263194 ], [ 90.8705438, 26.5265323 ], [ 90.8730228, 26.5299521 ], [ 90.8746964, 26.5324109 ], [ 90.8764528, 26.5349914 ], [ 90.8775768, 26.5371091 ], [ 90.8785073, 26.5384697 ], [ 90.8797224, 26.5393721 ], [ 90.8797752, 26.5394113 ], [ 90.8816926, 26.5382796 ], [ 90.8834365, 26.5373699 ], [ 90.8851201, 26.5366996 ], [ 90.8847271, 26.5361157 ], [ 90.8846472, 26.5347762 ], [ 90.8847352, 26.5341709 ], [ 90.8852089, 26.5331605 ], [ 90.8855568, 26.5323164 ], [ 90.8856289, 26.5319331 ], [ 90.88569, 26.5310144 ], [ 90.8852418, 26.5298789 ], [ 90.8847937, 26.5287435 ], [ 90.8846726, 26.527743 ], [ 90.8849693, 26.5267133 ], [ 90.88575, 26.5239787 ], [ 90.8860412, 26.5224765 ], [ 90.8860836, 26.5217483 ], [ 90.8860216, 26.5210274 ], [ 90.885756, 26.5203838 ], [ 90.8850322, 26.519709 ], [ 90.8847872, 26.5195296 ], [ 90.8837525, 26.5187718 ] ] ] } },
{ "type": "Feature", "properties": { "gpcode": "261162", "gpname": "Bhangnamari", "dtname": "Barpeta", "stname": "ASSAM", "sdtname": "Barnagar (Pt)", "blkname": "GOBARDHANA", "expected_mm": 16.9, "likely_min_mm": 16.6, "likely_max_mm": 17.0, "tmax_c": 32.4, "tmin_c": 25.0, "temp_c": 28.7, "rh_pct": 92.0, "wind_kph": 10.7, "heat_stress_level": "NONE", "disease_risk_flag": false, "ragi_stage": "vegetative", "paddy_stage": "vegetative", "forecast_date": "2026-09-10", "timestamp_utc": "2026-09-28T15:52:05Z" }, "geometry": { "type": "Polygon", "coordinates": [ [ [ 90.8959214, 26.6206508 ], [ 90.8959482, 26.6164886 ], [ 90.896094, 26.6142056 ], [ 90.8959884, 26.6129802 ], [ 90.8956438, 26.6119642 ], [ 90.895606, 26.6118528 ], [ 90.8964248, 26.6113511 ], [ 90.8961324, 26.6098192 ], [ 90.8964051, 26.6062755 ], [ 90.8958154, 26.6039105 ], [ 90.8960797, 26.6025053 ], [ 90.897317, 26.6012056 ], [ 90.8988003, 26.6005244 ], [ 90.9003331, 26.6004176 ], [ 90.9009861, 26.5997942 ], [ 90.9010594, 26.5991535 ], [ 90.9008233, 26.5986042 ], [ 90.9008185, 26.598593 ], [ 90.9008183, 26.5985925 ], [ 90.9004593, 26.5981551 ], [ 90.8997073, 26.5976297 ], [ 90.8982333, 26.5976747 ], [ 90.8964792, 26.5974502 ], [ 90.8948132, 26.5967573 ], [ 90.8923859, 26.5961751 ], [ 90.8903119, 26.5952217 ], [ 90.8899602, 26.5952042 ], [ 90.8883762, 26.5951253 ], [ 90.885875, 26.5944327 ], [ 90.8844106, 26.5938411 ], [ 90.884168, 26.5927178 ], [ 90.8844663, 26.592567 ], [ 90.8852782, 26.5920482 ], [ 90.8864959, 26.5907692 ], [ 90.8865705, 26.5896468 ], [ 90.8854439, 26.5880041 ], [ 90.8849556, 26.587306 ], [ 90.8839464, 26.5865288 ], [ 90.881676, 26.5850303 ], [ 90.8813927, 26.5847848 ], [ 90.8805651, 26.5840675 ], [ 90.8801947, 26.5832457 ], [ 90.8801862, 26.5828948 ], [ 90.8801238, 26.5829036 ], [ 90.8763369, 26.5834385 ], [ 90.875659, 26.5835242 ], [ 90.8743651, 26.5829208 ], [ 90.8721834, 26.5819553 ], [ 90.8710761, 26.5810307 ], [ 90.8700602, 26.5796759 ], [ 90.8696075, 26.5778968 ], [ 90.8696039, 26.5773577 ], [ 90.8696889, 26.576851 ], [ 90.8700751, 26.5763619 ], [ 90.8707529, 26.5762762 ], [ 90.8721872, 26.5760225 ], [ 90.8727729, 26.575691 ], [ 90.8729528, 26.5755893 ], [ 90.8729321, 26.5755724 ], [ 90.8721699, 26.5749502 ], [ 90.8713965, 26.5739254 ], [ 90.8713405, 26.5732743 ], [ 90.8714746, 26.5728413 ], [ 90.8730297, 26.5720013 ], [ 90.8746666, 26.5711169 ], [ 90.8749283, 26.5706749 ], [ 90.8748463, 26.5702184 ], [ 90.8747151, 26.5696882 ], [ 90.8753427, 26.5675258 ], [ 90.8757805, 26.5656462 ], [ 90.8760453, 26.5642083 ], [ 90.8759431, 26.5641763 ], [ 90.8718809, 26.5641028 ], [ 90.8670646, 26.5636836 ], [ 90.8632514, 26.5626751 ], [ 90.860339, 26.5641509 ], [ 90.858964, 26.5650938 ], [ 90.8575599, 26.5666938 ], [ 90.8573224, 26.5672477 ], [ 90.8568935, 26.5672389 ], [ 90.8552006, 26.567472 ], [ 90.8535831, 26.5675843 ], [ 90.8524664, 26.5675462 ], [ 90.8514152, 26.5672725 ], [ 90.8512665, 26.5671185 ], [ 90.8503342, 26.5661533 ], [ 90.8488277, 26.5655644 ], [ 90.847377, 26.5651257 ], [ 90.8446491, 26.5642748 ], [ 90.8418034, 26.5635476 ], [ 90.8399316, 26.5631877 ], [ 90.8399316, 26.5631876 ], [ 90.8400542, 26.5624901 ], [ 90.8405449, 26.5607226 ], [ 90.8407933, 26.5591258 ], [ 90.8407244, 26.5583217 ], [ 90.8403935, 26.5569704 ], [ 90.8402949, 26.5553208 ], [ 90.8401213, 26.5518251 ], [ 90.8401213, 26.5518251 ], [ 90.840025, 26.5496765 ], [ 90.8400639, 26.5476321 ], [ 90.8400456, 26.537683 ], [ 90.8407264, 26.5374191 ], [ 90.8402058, 26.5372344 ], [ 90.8400844, 26.5371914 ], [ 90.8387951, 26.536708 ], [ 90.8379021, 26.536753 ], [ 90.8364619, 26.5372038 ], [ 90.8362959, 26.5372672 ], [ 90.8355327, 26.5375584 ], [ 90.8351975, 26.5376863 ], [ 90.8344698, 26.5381238 ], [ 90.8338223, 26.5384395 ], [ 90.8329043, 26.5384393 ], [ 90.8322069, 26.5384887 ], [ 90.8319107, 26.5387051 ], [ 90.831504, 26.5393097 ], [ 90.8315036, 26.5403523 ], [ 90.8314481, 26.5412675 ], [ 90.8314379, 26.5414353 ], [ 90.8311918, 26.5420625 ], [ 90.8308806, 26.5423693 ], [ 90.8299674, 26.5423915 ], [ 90.8292398, 26.542319 ], [ 90.8286477, 26.5426573 ], [ 90.8283765, 26.543095 ], [ 90.8282408, 26.5437718 ], [ 90.8282956, 26.5444759 ], [ 90.8283419, 26.5446822 ], [ 90.828342, 26.5446834 ], [ 90.8283422, 26.5446834 ], [ 90.8283426, 26.5446854 ], [ 90.8283447, 26.5446945 ], [ 90.8283517, 26.544726 ], [ 90.8283773, 26.5448401 ], [ 90.8284329, 26.5450878 ], [ 90.828486, 26.5453243 ], [ 90.828506, 26.5455484 ], [ 90.8285061, 26.5455502 ], [ 90.828508, 26.5455714 ], [ 90.8285359, 26.5458839 ], [ 90.8285379, 26.545911 ], [ 90.8285495, 26.5460639 ], [ 90.8285908, 26.5466106 ], [ 90.8285874, 26.5467262 ], [ 90.82855, 26.5479824 ], [ 90.8282534, 26.5493181 ], [ 90.8281727, 26.5503109 ], [ 90.8282489, 26.5505577 ], [ 90.8282552, 26.5505781 ], [ 90.8283079, 26.5507487 ], [ 90.82831, 26.5507566 ], [ 90.8284227, 26.5511858 ], [ 90.8285082, 26.5515115 ], [ 90.8284992, 26.5516516 ], [ 90.8284972, 26.5516827 ], [ 90.8284653, 26.5521783 ], [ 90.8284555, 26.5523303 ], [ 90.8283726, 26.5536183 ], [ 90.8283063, 26.5546478 ], [ 90.8280598, 26.555812 ], [ 90.8278588, 26.5566289 ], [ 90.8274628, 26.5573121 ], [ 90.8271003, 26.5579374 ], [ 90.8267888, 26.5588216 ], [ 90.8267393, 26.5588453 ], [ 90.826036, 26.5591824 ], [ 90.8253775, 26.5594155 ], [ 90.8251884, 26.5594825 ], [ 90.8246961, 26.5596568 ], [ 90.8246607, 26.5596693 ], [ 90.8245186, 26.5597377 ], [ 90.8227484, 26.5605891 ], [ 90.8220637, 26.5608549 ], [ 90.8215638, 26.561049 ], [ 90.8211623, 26.5612655 ], [ 90.8183835, 26.5634841 ], [ 90.8180496, 26.5637507 ], [ 90.8175119, 26.5650142 ], [ 90.8174576, 26.5657345 ], [ 90.8174159, 26.5662867 ], [ 90.8174956, 26.567257 ], [ 90.8178467, 26.5678393 ], [ 90.8179982, 26.5682232 ], [ 90.8179989, 26.568225 ], [ 90.8181424, 26.5685886 ], [ 90.8185987, 26.5689994 ], [ 90.8189751, 26.5692433 ], [ 90.8196777, 26.5693158 ], [ 90.8206462, 26.5695373 ], [ 90.8210627, 26.5696187 ], [ 90.8216547, 26.570007 ], [ 90.8221962, 26.5708556 ], [ 90.8224368, 26.5716319 ], [ 90.8227074, 26.5722414 ], [ 90.823219, 26.5729907 ], [ 90.8237005, 26.5737174 ], [ 90.8246585, 26.5749452 ], [ 90.8253559, 26.5754555 ], [ 90.8257071, 26.5755007 ], [ 90.8272432, 26.5751132 ], [ 90.828483, 26.5746308 ], [ 90.8296928, 26.574171 ], [ 90.8310531, 26.5737426 ], [ 90.8323733, 26.5730662 ], [ 90.8329406, 26.5725564 ], [ 90.8332069, 26.5719022 ], [ 90.834015, 26.5714421 ], [ 90.8350941, 26.5712258 ], [ 90.8378393, 26.571371 ], [ 90.8396461, 26.5713716 ], [ 90.839541, 26.5718782 ], [ 90.8379483, 26.5741103 ], [ 90.8361641, 26.5766109 ], [ 90.8412029, 26.581306 ], [ 90.8432303, 26.5802496 ], [ 90.8452578, 26.5791931 ], [ 90.8476719, 26.5776454 ], [ 90.8480206, 26.5776285 ], [ 90.8487484, 26.5779941 ], [ 90.8495561, 26.5786938 ], [ 90.8497067, 26.5788051 ], [ 90.8507707, 26.5795921 ], [ 90.8513226, 26.5802376 ], [ 90.8521304, 26.5812305 ], [ 90.8528028, 26.582034 ], [ 90.853154, 26.5824222 ], [ 90.8530987, 26.5826116 ], [ 90.8527224, 26.5826387 ], [ 90.8519142, 26.5827107 ], [ 90.8508099, 26.5827331 ], [ 90.8505942, 26.5828052 ], [ 90.8505138, 26.5829993 ], [ 90.8507045, 26.5834867 ], [ 90.8512413, 26.5841411 ], [ 90.8516803, 26.5850547 ], [ 90.851738, 26.5851747 ], [ 90.8519535, 26.5860729 ], [ 90.852656, 26.5872598 ], [ 90.8530573, 26.5880857 ], [ 90.8537699, 26.5894758 ], [ 90.8541761, 26.5903017 ], [ 90.8541761, 26.5909561 ], [ 90.8540655, 26.5917096 ], [ 90.8535283, 26.5922646 ], [ 90.8535107, 26.5923184 ], [ 90.8533926, 26.5926799 ], [ 90.8536736, 26.5931267 ], [ 90.8542657, 26.5939977 ], [ 90.8546972, 26.5948462 ], [ 90.8557761, 26.5970531 ], [ 90.8561374, 26.5977483 ], [ 90.8564886, 26.5982807 ], [ 90.8569755, 26.598669 ], [ 90.8581852, 26.5988631 ], [ 90.8592645, 26.5988363 ], [ 90.8611771, 26.5989854 ], [ 90.8643848, 26.5992747 ], [ 90.8661769, 26.5995095 ], [ 90.8675775, 26.5995819 ], [ 90.8680092, 26.5997759 ], [ 90.8684911, 26.6002588 ], [ 90.8689529, 26.6007914 ], [ 90.8702729, 26.6028764 ], [ 90.8719294, 26.6058505 ], [ 90.8730989, 26.6080934 ], [ 90.8736261, 26.6089779 ], [ 90.8736511, 26.6096323 ], [ 90.873667, 26.6097859 ], [ 90.8737063, 26.6101647 ], [ 90.8740025, 26.6110133 ], [ 90.8742032, 26.6117488 ], [ 90.8744743, 26.612719 ], [ 90.8744742, 26.6137886 ], [ 90.8745546, 26.6147318 ], [ 90.8748356, 26.6157879 ], [ 90.8752675, 26.6165414 ], [ 90.8757243, 26.6173402 ], [ 90.876372, 26.6178999 ], [ 90.8763719, 26.6178998 ], [ 90.876481, 26.6179811 ], [ 90.8770196, 26.6183827 ], [ 90.8783401, 26.6190867 ], [ 90.8794045, 26.6198268 ], [ 90.8806446, 26.6205083 ], [ 90.8823417, 26.6213566 ], [ 90.8837827, 26.6219252 ], [ 90.8867753, 26.6228231 ], [ 90.8887034, 26.6237075 ], [ 90.8910885, 26.6245197 ], [ 90.8931924, 26.6253183 ], [ 90.8937849, 26.6259726 ], [ 90.8943223, 26.6267216 ], [ 90.8945634, 26.6269769 ], [ 90.8945925, 26.6270077 ], [ 90.8954838, 26.6242209 ], [ 90.8957299, 26.6222751 ], [ 90.8957417, 26.6221816 ], [ 90.8957487, 26.6221266 ], [ 90.8959214, 26.6206508 ] ] ] } }
]
}
